{"FTSE100": 0.6380178945937439, "DJIA": -0.37039570926482573, "GBPUSD": -0.0705329153604938, "Gold": 1.4545996127687013}
