{"FTSE100": 0.8954686261796692, "DJIA": 1.0707382911364858, "GBPUSD": 0.19990193489986355, "Gold": 2.2494887525562315}
