{"FTSE100": 0.43271441693392404, "DJIA": 0.38311696163922687, "GBPUSD": -0.27952741232156236, "Gold": -0.9099760335530155}
