{"FTSE100": 0.16871579445973245, "DJIA": 0.14637127657105953, "GBPUSD": 0.06295742504130887, "Gold": -0.09011328527291061}
