{"FTSE100": -0.049291435613065086, "DJIA": 0.27325301549328884, "GBPUSD": 0.08048937540245589, "Gold": -1.2617654540829282}
