{"FTSE100": 1.0691786084110022, "DJIA": 0.9981709717002313, "GBPUSD": -0.04061408496466127, "Gold": -0.3101326961207946}
