{"FTSE100": 0.33054137351955426, "DJIA": -0.1327064837658234, "GBPUSD": 0.8518028448561011, "Gold": 0.6222508314558597}
