{"FTSE100": -0.8115708717146358, "DJIA": 0.9191910869710501, "GBPUSD": -0.04746835443037452, "Gold": 1.6034603285564408}
