{"FTSE100": -0.024386761400182852, "DJIA": 0.19651595316745127, "GBPUSD": 0.4022526146419866, "Gold": 0.5203334175296884}
