{"FTSE100": 0.7331451682201894, "DJIA": 1.8092284028891692, "GBPUSD": 0.13306719893546418, "Gold": 0.0}
