{"FTSE100": -0.036075779752192186, "DJIA": 0.39148366026754317, "GBPUSD": 0.3481419813819844, "Gold": 0.47293746715712465}
