{"FTSE100": 0.02741623149267657, "DJIA": 0.2696752076129649, "GBPUSD": -0.3614902250092147, "Gold": 0.0}
