{"FTSE100": 1.1713678587893666, "DJIA": 0.27950749307636064, "GBPUSD": 0.8242193691551724, "Gold": 2.5576350703727897}
