{"FTSE100": 0.3901801388972524, "DJIA": 0.4039825866858529, "GBPUSD": 0.2722395708223114, "Gold": -0.21413276231263384}
