{"FTSE100": 0.5672487866723659, "DJIA": -0.02347478196479723, "GBPUSD": 0.11044493531082895, "Gold": 0.4395135481118064}
