{"FTSE100": 0.6730643397162146, "DJIA": 0.3832609447579742, "GBPUSD": 0.13471382933681678, "Gold": 0.6058339566193072}
