{"FTSE100": -1.000605484782717, "DJIA": -0.1725085233392555, "GBPUSD": 0.28481256254330206, "Gold": 0.22779043280181505}
