{"FTSE100": -0.6142855442543449, "DJIA": -0.9771354349678317, "GBPUSD": -0.3855535447320895, "Gold": -0.08774646433364537}
