{"FTSE100": 0.05069509400013112, "DJIA": 1.2291647572612365, "GBPUSD": 0.6147927431825974, "Gold": -0.195078031212485}
