{"FTSE100": 0.7874970521373037, "DJIA": 0.018343089715691697, "GBPUSD": -0.6053490846387988, "Gold": -3.1620868180008}
