{"FTSE100": 0.02607867789073665, "DJIA": -0.2683441114206481, "GBPUSD": 0.14559301153545512, "Gold": 0.810901441941283}
