{"FTSE100": 0.06364054205579107, "DJIA": -1.719878054908802, "GBPUSD": 0.10991798427327969, "Gold": -0.05512983075141959}
