{"FTSE100": 0.5181878411206118, "DJIA": 2.1208611690249506, "GBPUSD": -0.4097043701799569, "Gold": -0.6043843474697784}
