{"FTSE100": -0.7560343846819436, "DJIA": -0.0796429732748368, "GBPUSD": -0.20361813767719927, "Gold": -0.9827755650959499}
