{"FTSE100": -0.15186048699906807, "DJIA": 0.45454836168586543, "GBPUSD": 0.180547923698875, "Gold": 0.0}
