{"FTSE100": 0.37984595488806144, "DJIA": -0.031041116091428917, "GBPUSD": 0.10463618802318729, "Gold": -0.3088572282554571}
