{"FTSE100": 1.2035119103662582, "DJIA": 0.9766407151775038, "GBPUSD": 0.27857250414094537, "Gold": 1.327102803738329}
