{"FTSE100": 0.7831651222159733, "DJIA": 0.3680293300623806, "GBPUSD": -0.11054958938722724, "Gold": 0.3821656050955539}
