{"FTSE100": 0.48197451726669344, "DJIA": -0.4091173785115344, "GBPUSD": -0.03763643206623597, "Gold": -0.3524163011284854}
