{"FTSE100": -0.41777745028119384, "DJIA": 0.500786870169679, "GBPUSD": -0.07169600892217978, "Gold": 0.05092686901609289}
