{"FTSE100": 0.5439878535544713, "DJIA": 0.03385434040496158, "GBPUSD": 0.11915400655347377, "Gold": 0.0}
