{"FTSE100": 0.3619813897122644, "DJIA": 1.0382648478631822, "GBPUSD": -0.07000077778641213, "Gold": 0.05270199051363064}
