{"FTSE100": -0.35832994682632063, "DJIA": -0.9827720305481793, "GBPUSD": -0.5162703379223983, "Gold": -0.3258339798293227}
