{"FTSE100": 0.35729279251114304, "DJIA": -0.24950562125307807, "GBPUSD": -0.08322237017309336, "Gold": 0.5090558353874183}
