{"FTSE100": 0.3294792629708741, "DJIA": -0.49273896352205504, "GBPUSD": 0.4225002071079533, "Gold": -0.6072227548737664}
