{"FTSE100": -0.028608599408410883, "DJIA": 0.14228611672027702, "GBPUSD": -0.00785545954438248, "Gold": 0.0}
