{"FTSE100": 0.7293765539019883, "DJIA": -0.20392503099212234, "GBPUSD": -0.4713275726630012, "Gold": 0.0}
