{"FTSE100": 0.1243072525473594, "DJIA": 0.3853179154728225, "GBPUSD": -0.14952649941851004, "Gold": 0.04346881112801317}
