{"FTSE100": -1.4117172132931786, "DJIA": -0.7585480693412636, "GBPUSD": -0.14216236438458757, "Gold": -2.3451580289243443}
