{"FTSE100": 0.07016018500071018, "DJIA": 0.6104516361361215, "GBPUSD": 0.11695906432748981, "Gold": 0.5165204558497953}
