{"FTSE100": -0.4497615183884799, "DJIA": -0.7453123533346824, "GBPUSD": -0.18940953635841146, "Gold": 0.6197927250558852}
