{"FTSE100": -0.3145837511633318, "DJIA": 0.7519351131895838, "GBPUSD": -0.051557781542308535, "Gold": -0.10010599458250179}
