{"FTSE100": -0.09032789300551468, "DJIA": -0.46312157506553814, "GBPUSD": -0.03926187671770278, "Gold": 0.39764593605853343}
