{"FTSE100": 0.29651533029911326, "DJIA": -1.2995112806410898, "GBPUSD": -0.1428626587899075, "Gold": 0.3920517374258559}
