{"FTSE100": 0.18808873362609377, "DJIA": -1.141041489359408, "GBPUSD": -0.25867727114782935, "Gold": -0.044629063819551895}
