{"FTSE100": 0.5393341007225357, "DJIA": -0.1180876419364902, "GBPUSD": -0.09770395701024816, "Gold": -0.3074558032282859}
