{"FTSE100": 0.2683366991793018, "DJIA": 2.0037512141206406, "GBPUSD": 0.8388323453752363, "Gold": 1.2226917198597556}
