{"FTSE100": 0.08781624613601423, "DJIA": 0.007125584596024881, "GBPUSD": -0.17891870867366538, "Gold": 0.06109046479661039}
