{"FTSE100": 0.11939876358640458, "DJIA": 0.8252176808693757, "GBPUSD": -0.10265769362381372, "Gold": 2.1890523034966307}
