{"FTSE100": 0.020760984448134796, "DJIA": 0.10140534776691236, "GBPUSD": -0.3808443400048559, "Gold": -0.8629390391602814}
