{"FTSE100": 0.8305299215371881, "DJIA": 0.09218678301678193, "GBPUSD": 0.8084772370486637, "Gold": 1.0660888407367242}
