{"FTSE100": 0.6063365986397287, "DJIA": 0.5491341835612176, "GBPUSD": -0.08593954339946826, "Gold": 0.3433575296693293}
