{"FTSE100": 1.551162022394125, "DJIA": -0.1920660498819831, "GBPUSD": -0.15873015873015886, "Gold": 0.24973777533589728}
