{"FTSE100": 0.08064777118299113, "DJIA": 0.17919871512289484, "GBPUSD": -0.1719556041894622, "Gold": -0.2735912450801487}
