{"FTSE100": -0.8091212229410201, "DJIA": -0.6120663862601452, "GBPUSD": 0.2168513188502961, "Gold": -0.4752206381534249}
