{"FTSE100": 0.5423371878389607, "DJIA": 0.6814109996095002, "GBPUSD": -0.3002528445006341, "Gold": 0.0}
