{"FTSE100": 0.03612862309658357, "DJIA": 0.0, "GBPUSD": 0.3467843631778026, "Gold": 0.8140846451866086}
