{"FTSE100": -0.1578128056115949, "DJIA": 0.33350699889492147, "GBPUSD": 0.07130972189209436, "Gold": 0.0}
