{"FTSE100": -1.2844303095879832, "DJIA": -0.6509155777175725, "GBPUSD": -0.048386496445456464, "Gold": 1.3153590953693797}
