{"FTSE100": -0.19188190042825232, "DJIA": -0.862774881793168, "GBPUSD": -0.019611688566392116, "Gold": 0.45384615384616084}
