{"FTSE100": 1.1226221681783548, "DJIA": 0.22513954837170208, "GBPUSD": 0.30865345282809103, "Gold": 0.604040824828156}
