{"FTSE100": -0.05669498760543379, "DJIA": 0.03159185761286059, "GBPUSD": 0.0, "Gold": 0.5864181370752299}
