{"FTSE100": -0.7413885881859336, "DJIA": -0.7065868955328439, "GBPUSD": -0.3067484662576717, "Gold": 0.5338470005503603}
