{"FTSE100": 0.07795571058611643, "DJIA": 0.08395735299589233, "GBPUSD": -0.04775169120572494, "Gold": 0.4320956639702511}
