{"FTSE100": -0.20484223267119894, "DJIA": 0.1621433960007812, "GBPUSD": 0.05502712050940531, "Gold": -0.08676036786395973}
