{"FTSE100": -0.7816983586486494, "DJIA": -1.0818495645654784, "GBPUSD": -0.4600585529067251, "Gold": -0.9004322074595805}
