{"FTSE100": 0.2143701871232344, "DJIA": 0.16584699311056925, "GBPUSD": -0.5834220085862035, "Gold": -1.151610625237658}
