{"FTSE100": 0.19714967889111826, "DJIA": 1.3924567831376826, "GBPUSD": 1.7348102296791088, "Gold": 1.0434335646363497}
