{"FTSE100": 0.9562850746933247, "DJIA": -0.13071854331415794, "GBPUSD": 0.09672738997258325, "Gold": 0.0}
