{"FTSE100": 0.01217607948972666, "DJIA": 0.10779661931209204, "GBPUSD": -0.1415316873722302, "Gold": 0.0}
