{"FTSE100": -0.5372517674196313, "DJIA": 0.5119450288340508, "GBPUSD": -0.08067304367869044, "Gold": 0.35755561976307754}
