{"FTSE100": 0.2761676465639335, "DJIA": 0.0, "GBPUSD": -0.26195153896528073, "Gold": 0.6087768440709685}
