{"FTSE100": -0.12725608336493008, "DJIA": -0.11532443600612123, "GBPUSD": 0.046845721424104765, "Gold": -1.4904751936361695}
