{"FTSE100": -0.783478215344955, "DJIA": -1.9139007114799262, "GBPUSD": -0.11177347242921436, "Gold": -0.16619828966850994}
