{"FTSE100": 0.2324647576175572, "DJIA": -0.15992842934450152, "GBPUSD": -0.07891414141415024, "Gold": 0.34455208229301226}
