{"FTSE100": -0.3530156642265132, "DJIA": -0.9733856435851889, "GBPUSD": -0.055768005098782894, "Gold": 0.05372011818424604}
