{"FTSE100": -0.25261976047904283, "DJIA": -0.7150329221274481, "GBPUSD": -0.21892103205630456, "Gold": -1.1131535947712394}
