{"FTSE100": 0.1136540229309846, "DJIA": 0.3912338112330981, "GBPUSD": 0.4779957145211824, "Gold": -0.6248998557923433}
