{"FTSE100": -0.6139928408721129, "DJIA": -0.30078761994280434, "GBPUSD": 0.23715415019761987, "Gold": 0.6277253342277976}
