{"FTSE100": -1.2891557396872788, "DJIA": -0.2212937402074206, "GBPUSD": -0.07446632467318574, "Gold": -0.5573770491803179}
