{"FTSE100": -1.180794371669336, "DJIA": 0.15029883245794498, "GBPUSD": 0.37080867850098037, "Gold": 0.052235687421646464}
