{"FTSE100": 0.1136540229309846, "DJIA": 0.3459584676963842, "GBPUSD": 0.09018611133886209, "Gold": 0.18275639647388148}
