{"FTSE100": 1.0923464854115446, "DJIA": 1.2000869491721617, "GBPUSD": -0.030599755201971997, "Gold": 0.825381487297196}
