{"FTSE100": -0.035031114994597226, "DJIA": 0.5957007172818777, "GBPUSD": -0.20805468866102952, "Gold": -0.05393622041934594}
