{"FTSE100": 0.1057317482835206, "DJIA": -2.4827916038508784, "GBPUSD": -0.05606428704915182, "Gold": 1.5559861429158592}
