{"FTSE100": 1.524159340758762, "DJIA": 1.0262393264666687, "GBPUSD": -0.31289111389236574, "Gold": 2.252189628805779}
