{"FTSE100": -0.38310577915251737, "DJIA": 0.04394360175220667, "GBPUSD": -0.24744819053511377, "Gold": 0.434782608695656}
