{"FTSE100": 0.3106952127875216, "DJIA": -0.13424903271818125, "GBPUSD": 0.101697567081286, "Gold": 0.49997881445702225}
