{"FTSE100": 0.15761885947584298, "DJIA": -0.10881495213253649, "GBPUSD": -0.2967799376762133, "Gold": 1.2600494743351909}
