{"FTSE100": -0.30481308194746504, "DJIA": 0.5605149421433138, "GBPUSD": 0.3882674047591588, "Gold": 0.4108411095894803}
