{"FTSE100": -0.014598523496216985, "DJIA": 0.023032329668518616, "GBPUSD": -0.03964792641344421, "Gold": 0.24559967253376372}
