{"FTSE100": -0.4708482961607364, "DJIA": 1.167011821649671, "GBPUSD": 0.18171305856116127, "Gold": 1.4226159458051164}
