{"FTSE100": -0.09495903907747794, "DJIA": 0.2732530154932672, "GBPUSD": 0.32974103265240406, "Gold": 0.7206465228805271}
