{"FTSE100": 0.28425517854626114, "DJIA": 0.3636407946585871, "GBPUSD": 0.06268118780851946, "Gold": 0.27950978284239947}
