{"FTSE100": -0.12833032934622268, "DJIA": 0.00935948058503119, "GBPUSD": -0.13465346534651984, "Gold": -0.589622641509434}
