{"FTSE100": 0.5238081493858082, "DJIA": 1.117045217631898, "GBPUSD": -0.1491980604252146, "Gold": -0.08532423208192803}
