{"FTSE100": 0.5808539883829273, "DJIA": -0.8277072151929433, "GBPUSD": 1.1915204678362559, "Gold": 0.003937240388208321}
