{"FTSE100": 0.4925915151356773, "DJIA": 0.2177541895813179, "GBPUSD": -0.10412792859799687, "Gold": -0.9796281865746486}
