{"FTSE100": 0.29238314662380954, "DJIA": 0.14570875935731448, "GBPUSD": 0.11238480557429062, "Gold": 0.2512849800114359}
