{"FTSE100": 0.6035260956872499, "DJIA": 0.021506984612458535, "GBPUSD": -0.007872156183577816, "Gold": 0.6573257221933843}
