{"FTSE100": 0.3611183002652636, "DJIA": 0.14570875935731448, "GBPUSD": 0.007492320371618265, "Gold": -0.1789453645535815}
