{"FTSE100": 0.692065148740339, "DJIA": 0.5228724792609903, "GBPUSD": -0.0736738703339801, "Gold": 0.79551820728292}
