{"FTSE100": -0.48290103463548606, "DJIA": 0.5830496679569971, "GBPUSD": 0.20793346129239906, "Gold": 0.546088891136166}
