{"FTSE100": -0.11116147553367517, "DJIA": 0.3845165591580607, "GBPUSD": 0.0927265309150399, "Gold": 0.0}
