{"FTSE100": 0.04091117365974995, "DJIA": 1.0462668361610967, "GBPUSD": 0.4103508918850937, "Gold": 0.20725388601037262}
