{"FTSE100": -0.3740003094439075, "DJIA": -1.13277373767396, "GBPUSD": -0.34759579574610633, "Gold": -1.2831103034308031}
