{"FTSE100": 0.10972036776552858, "DJIA": 0.6245428473104351, "GBPUSD": 0.4186625429034938, "Gold": 1.1293227115953972}
