{"FTSE100": -0.888614005317937, "DJIA": 0.015204443568876227, "GBPUSD": 0.12230919765164992, "Gold": 2.3936716663242197}
