{"FTSE100": -0.05669498760543379, "DJIA": 0.15159441518735248, "GBPUSD": -0.10232997481107185, "Gold": 0.28629431055124666}
