{"FTSE100": -0.2010299683563906, "DJIA": -0.002566084251074419, "GBPUSD": 0.1993208327181564, "Gold": 1.150152048896511}
