{"FTSE100": 0.3795401065901314, "DJIA": -0.0538175891257752, "GBPUSD": -0.4199296334127752, "Gold": -0.2092698806386642}
