{"FTSE100": 0.3454870254746392, "DJIA": 0.3644906216491603, "GBPUSD": 0.14166535495041901, "Gold": 0.0}
