{"FTSE100": -0.4253515780387581, "DJIA": -0.13193663020235258, "GBPUSD": 0.2889270654380788, "Gold": 0.9175162187210464}
