{"FTSE100": 0.02363261447736768, "DJIA": 0.0667048861043186, "GBPUSD": 0.8773973134560205, "Gold": 1.1808367071524966}
