{"FTSE100": -0.7437503773344916, "DJIA": -0.7681128539340597, "GBPUSD": -0.2590673575129608, "Gold": -1.0868999947995261}
