{"FTSE100": -0.025518195954679933, "DJIA": 1.780109015993295, "GBPUSD": 0.007403568520025838, "Gold": -0.033342426722450476}
