{"FTSE100": -0.050621446576147776, "DJIA": 1.1832258371956732, "GBPUSD": 0.02369855438817971, "Gold": -0.23765905827597933}
