{"FTSE100": -0.5014987618923441, "DJIA": -0.7037259141428169, "GBPUSD": 0.676818950930623, "Gold": 1.9204597005897428}
