{"FTSE100": 0.19467540728740648, "DJIA": -1.7916514808127648, "GBPUSD": 0.12533176054261536, "Gold": -0.5741431569130413}
