{"FTSE100": 0.7247419387090557, "DJIA": 0.5228724792609903, "GBPUSD": 0.040929927963322274, "Gold": 0.9710550887021475}
