{"FTSE100": -0.3512493201126408, "DJIA": -0.47165272273494824, "GBPUSD": -0.02368545712931999, "Gold": 0.3115022194533136}
