{"FTSE100": -1.5054893005607046, "DJIA": -0.6167640873375843, "GBPUSD": 0.14245014245014434, "Gold": 0.024679170779861797}
