{"FTSE100": 1.3511889084732938, "DJIA": 1.200804218695769, "GBPUSD": -0.3421309872922761, "Gold": -0.27283751010508606}
