{"FTSE100": -0.14529526454955943, "DJIA": 0.3320383874025073, "GBPUSD": 0.04759260728166367, "Gold": 0.0}
