{"FTSE100": 0.029615291067906776, "DJIA": -0.17799227168379333, "GBPUSD": 0.5963266279716993, "Gold": 1.5037593984962405}
