{"FTSE100": -0.5928423738757361, "DJIA": -0.32940003991154093, "GBPUSD": -0.31094987784111805, "Gold": -0.033342426722450476}
