{"FTSE100": -0.1668005437056126, "DJIA": 0.526500436470395, "GBPUSD": 0.04002561639448807, "Gold": 0.0}
