{"FTSE100": -0.15280316674767475, "DJIA": -0.14190121399148084, "GBPUSD": 0.00774893452150244, "Gold": -0.0914913083257015}
