{"FTSE100": 0.654023280625951, "DJIA": 1.7620722613699078, "GBPUSD": 0.13336471326585178, "Gold": -0.05367021715796308}
