{"FTSE100": -0.7572758501794128, "DJIA": -0.586720229114011, "GBPUSD": 0.10529726227116934, "Gold": 0.0}
