{"FTSE100": -0.7725403471947059, "DJIA": 0.0068479909630821695, "GBPUSD": 0.49689440993788864, "Gold": -0.4055683437465795}
