{"FTSE100": -0.04204370924799138, "DJIA": -0.5112606051573205, "GBPUSD": -0.05920663114268146, "Gold": 0.8435405592789461}
