{"FTSE100": -0.45749296281253754, "DJIA": 0.3817162424390318, "GBPUSD": 0.4635514018691576, "Gold": 1.3963406245700836}
