{"FTSE100": 0.10091717179626754, "DJIA": 0.6665297139947374, "GBPUSD": 0.12090126396777076, "Gold": -0.16807178291631159}
