{"FTSE100": 0.3708885018656819, "DJIA": -0.5693647936888472, "GBPUSD": -0.45123997762447215, "Gold": -0.6598770639990384}
