{"FTSE100": 0.1341729103565396, "DJIA": -0.3470569860364145, "GBPUSD": -0.3367267032106303, "Gold": -0.16681494661921706}
