{"FTSE100": -0.07738089551668564, "DJIA": 0.30517210382592697, "GBPUSD": -0.16436554898093372, "Gold": 0.24045686804929137}
