{"FTSE100": -0.40543335408832304, "DJIA": -0.7029059355094077, "GBPUSD": -0.6402427741386363, "Gold": 0.0}
