{"FTSE100": 0.46850615466303636, "DJIA": 0.6528563581075048, "GBPUSD": 0.32835820895522083, "Gold": 0.8606535670780149}
