{"FTSE100": 0.08414293943650121, "DJIA": 0.296148682139683, "GBPUSD": -0.2657495701109949, "Gold": -0.2735912450801487}
