{"FTSE100": -0.19187652889338358, "DJIA": -0.24956904248889447, "GBPUSD": -0.05516154452325807, "Gold": 0.36832412523018965}
