{"FTSE100": -1.2796921168021325, "DJIA": -0.6233529806759759, "GBPUSD": -0.7378863654997045, "Gold": -1.006439045506203}
