{"FTSE100": -0.8057585009616577, "DJIA": 0.058458450398123266, "GBPUSD": 0.008041817450742983, "Gold": -0.03777861730261054}
