{"FTSE100": -1.7117632144437442, "DJIA": -1.0732178718770156, "GBPUSD": -0.5969258319653789, "Gold": 0.0}
