{"FTSE100": 0.2054876202882369, "DJIA": 0.0, "GBPUSD": -0.6303208906352358, "Gold": 0.21341939513819733}
