{"FTSE100": -0.17838220381148134, "DJIA": -0.2343375431877598, "GBPUSD": 0.0, "Gold": 0.0}
