{"FTSE100": 0.24831759358119782, "DJIA": 0.3088765210829189, "GBPUSD": 0.48028507243008617, "Gold": -0.9813664596273216}
