{"FTSE100": 0.6057456707069105, "DJIA": -0.02809406082031541, "GBPUSD": -0.00387041839221918, "Gold": 0.041629307032156455}
