{"FTSE100": -0.035595793804609, "DJIA": -1.4853557629860334, "GBPUSD": -0.13610888710969052, "Gold": -0.24002793052282445}
