{"FTSE100": -0.19762824223577408, "DJIA": 0.49671196814062585, "GBPUSD": -0.6032345212982569, "Gold": 0.0}
