{"FTSE100": 0.26544700249943387, "DJIA": 0.11376013625401434, "GBPUSD": 0.17462165308498176, "Gold": 0.0}
