{"FTSE100": 0.010321142344036985, "DJIA": 0.0, "GBPUSD": -0.13616339607529312, "Gold": -0.24140012070005806}
