{"FTSE100": -0.37863655867117585, "DJIA": 0.2391547951362262, "GBPUSD": -0.06877579092158803, "Gold": -0.29590327024131186}
