{"FTSE100": -0.322650878633434, "DJIA": 0.500786870169679, "GBPUSD": -0.07966223213575335, "Gold": 0.05601955591769754}
