{"FTSE100": -0.1162782781556136, "DJIA": -0.8593684557940648, "GBPUSD": 0.16576875259013688, "Gold": 0.13495276653170918}
