{"FTSE100": 0.1136540229309846, "DJIA": 0.32282899660717385, "GBPUSD": 0.5192022416350727, "Gold": -0.5020562943972702}
