{"FTSE100": 0.5124798821218574, "DJIA": 1.237817360522537, "GBPUSD": -0.1681883709754918, "Gold": 0.0}
