{"FTSE100": 0.07341913389572946, "DJIA": 0.42169345508682693, "GBPUSD": 0.2955432084170643, "Gold": 0.4507746505549487}
