{"FTSE100": -0.25894691524551466, "DJIA": -1.3964262175675364, "GBPUSD": 0.4231770833333228, "Gold": -0.13632550335569993}
