{"FTSE100": 0.40897067709590607, "DJIA": 0.15258027701585236, "GBPUSD": -0.23183308018227872, "Gold": -0.4211511464670169}
