{"FTSE100": 0.09754517356875979, "DJIA": 0.4700706241372538, "GBPUSD": 0.6096631611034908, "Gold": 1.762791607111153e-14}
