{"FTSE100": 0.33397598594297856, "DJIA": -0.6120663862601452, "GBPUSD": -0.18488651115218538, "Gold": -0.21176826501285392}
