{"FTSE100": 0.14542536920492688, "DJIA": 0.5062228344885726, "GBPUSD": -0.17720023626697856, "Gold": -0.6111671512490465}
