{"FTSE100": 0.08461472337613857, "DJIA": 1.045956616328452, "GBPUSD": 0.05230516326682529, "Gold": 0.5004289390906491}
