{"FTSE100": -0.8116900403582253, "DJIA": -0.2213974377498522, "GBPUSD": 0.21585720215856666, "Gold": 0.0}
