{"FTSE100": 0.38588626188716757, "DJIA": 0.20374432896980163, "GBPUSD": 0.06225196482763301, "Gold": 0.7228198477826437}
