{"FTSE100": -0.8091212229410201, "DJIA": -0.6435640846636307, "GBPUSD": 0.32724835390134255, "Gold": -0.4752206381534249}
