{"FTSE100": 1.0508559495046033, "DJIA": 1.6529306306701488, "GBPUSD": -0.1428626587899075, "Gold": 0.19099956438695231}
