{"FTSE100": -0.980375476394172, "DJIA": -0.31033208775128, "GBPUSD": -0.03924646781789207, "Gold": 0.2555218709398047}
