{"FTSE100": 0.06353700815657969, "DJIA": -0.8112025629070879, "GBPUSD": 0.4191114836546503, "Gold": -0.7996058814612668}
