{"FTSE100": -0.3871248574659442, "DJIA": 0.49099745223167707, "GBPUSD": -0.22053601465256295, "Gold": 0.8925432600289014}
