{"FTSE100": 0.09878753422282925, "DJIA": 0.4808528181597732, "GBPUSD": -0.06852965811315943, "Gold": -0.3317680685994283}
