{"FTSE100": -0.06687678690611014, "DJIA": 1.6964902336858947, "GBPUSD": 0.15572494057864214, "Gold": 0.17123287671232187}
