{"FTSE100": -0.03409022854272481, "DJIA": 0.32786053620697897, "GBPUSD": 0.3104866878832573, "Gold": -0.3668655283549431}
