{"FTSE100": 0.8939828970430925, "DJIA": 0.6386246022945836, "GBPUSD": -0.16393442622950835, "Gold": 0.14771828013717658}
