{"FTSE100": 0.1372185233571794, "DJIA": 0.3383867628390842, "GBPUSD": -0.2718504450154494, "Gold": 0.658061834722575}
