{"FTSE100": 0.9331461133680483, "DJIA": 0.9070057793018563, "GBPUSD": 0.6652977412731003, "Gold": 0.5025890953396214}
