{"FTSE100": 0.21822248735334973, "DJIA": 0.5847392676162565, "GBPUSD": 0.5213376033365694, "Gold": 0.20570670205707103}
