{"FTSE100": -0.2219815351128397, "DJIA": 0.49489847801770126, "GBPUSD": -0.08214901831922203, "Gold": 2.0488953084042127}
