{"FTSE100": 0.24819273315893442, "DJIA": 0.35072101489270047, "GBPUSD": 0.32966209635123694, "Gold": 0.37312012183514875}
