{"FTSE100": -0.40417840502239993, "DJIA": -0.14174079553189226, "GBPUSD": 0.16258960904590952, "Gold": -0.6119899201660131}
