{"FTSE100": 0.6368329694713715, "DJIA": 0.11728246345459253, "GBPUSD": -0.525964886287881, "Gold": 0.0}
