{"FTSE100": -0.7556952658840322, "DJIA": -0.8377119719489592, "GBPUSD": 0.084142889925809, "Gold": -0.5891778626895017}
