{"FTSE100": 0.29856413687873773, "DJIA": 0.009816050040251186, "GBPUSD": -0.007726184037702927, "Gold": 0.009921619208245762}
