{"FTSE100": -1.2939385188879837, "DJIA": -0.10569661546246616, "GBPUSD": 0.12623274161736062, "Gold": -0.08880066861680137}
