{"FTSE100": 0.2828570335931999, "DJIA": 0.6707738238767136, "GBPUSD": 0.26337448559669707, "Gold": 0.0}
