{"FTSE100": 0.08619108992915467, "DJIA": 0.10634532228582921, "GBPUSD": 0.22793878215564256, "Gold": 0.0}
