{"FTSE100": 0.23693775208183124, "DJIA": 1.1388703134055618, "GBPUSD": 0.33651149747616227, "Gold": 1.491869312248247}
