{"FTSE100": -0.20484223267119894, "DJIA": 0.09314675459335262, "GBPUSD": 0.047166103293778475, "Gold": -0.08676036786395973}
