{"FTSE100": 0.2509619105862338, "DJIA": -0.10753075007499042, "GBPUSD": 0.4545085626166747, "Gold": 0.0}
