{"FTSE100": 0.6951133567598085, "DJIA": 0.5228724792609903, "GBPUSD": -0.040929927963322274, "Gold": 0.9523809523809523}
