{"FTSE100": 0.15340307143292378, "DJIA": -0.3743057045706011, "GBPUSD": 0.039688839498328694, "Gold": 0.08475421278293177}
