{"FTSE100": -0.10955751827008553, "DJIA": 0.2779895816260505, "GBPUSD": -0.11860637509264817, "Gold": -0.45521690633385675}
