{"FTSE100": 0.42294439398127454, "DJIA": 1.6957526960512054e-14, "GBPUSD": 0.08376211559173687, "Gold": 0.026796309765333922}
