{"FTSE100": 0.1850628202445275, "DJIA": 0.7756100194817952, "GBPUSD": 0.04110827920742784, "Gold": 0.09474182851728706}
