{"FTSE100": 0.053373346559178726, "DJIA": 0.300331145994214, "GBPUSD": 0.44384892387571057, "Gold": 0.20725388601037262}
