{"FTSE100": -0.24838621516968692, "DJIA": -0.613484191855639, "GBPUSD": -0.08864223224264726, "Gold": 0.274233061537899}
