{"FTSE100": 0.19714967889111826, "DJIA": 1.3877098375641668, "GBPUSD": 1.72666558071348, "Gold": 1.0434335646363497}
