{"FTSE100": -0.40765315671581287, "DJIA": -0.6814304864022132, "GBPUSD": -0.0552094013723419, "Gold": -0.5536480686695318}
