{"FTSE100": 0.05406820032601157, "DJIA": 0.18198354268416897, "GBPUSD": -0.05607177186798486, "Gold": 0.1726573536336501}
