{"FTSE100": 0.2995262545537507, "DJIA": 0.14570875935731448, "GBPUSD": 0.06743088334458103, "Gold": 0.37312012183514875}
