{"FTSE100": 1.2142841466358774, "DJIA": 1.362731512187237, "GBPUSD": -0.06548788474131564, "Gold": 1.1241830065359613}
