{"FTSE100": -0.04155618685045135, "DJIA": -1.6946282708172697, "GBPUSD": -0.011875074219203773, "Gold": -0.22467320261439144}
