{"FTSE100": 1.0259769748947516, "DJIA": 0.052355364199798686, "GBPUSD": -0.03211045998233571, "Gold": -0.37112177742589936}
