{"FTSE100": 0.7440360222801333, "DJIA": 1.0031848348753987, "GBPUSD": 0.024305274244526373, "Gold": 0.015429717636164918}
