{"FTSE100": 0.7966326247385376, "DJIA": 0.49099745223167707, "GBPUSD": 0.07861340920151202, "Gold": 0.5403923718525953}
