{"FTSE100": -0.9494076334360907, "DJIA": 0.1525168228928394, "GBPUSD": 0.1577909270216964, "Gold": 0.0}
