{"FTSE100": 0.26544401544401547, "DJIA": -0.434599829936005, "GBPUSD": 0.3055767761650287, "Gold": 0.2055042914131589}
