{"FTSE100": -0.15135289962862367, "DJIA": -0.6178036614045734, "GBPUSD": 0.7518237308322332, "Gold": 0.8497391889618089}
