{"FTSE100": -1.7214510696727725, "DJIA": 0.0, "GBPUSD": 0.9559748427672833, "Gold": 0.0}
