{"FTSE100": 0.6113375535762694, "DJIA": 0.41205379340648773, "GBPUSD": -0.10713860561086785, "Gold": -1.1965871254162042}
