{"FTSE100": 0.3621527111591128, "DJIA": -0.4821998217510103, "GBPUSD": -0.1884631018809395, "Gold": -0.42540344714019096}
