{"FTSE100": 0.44588087537157534, "DJIA": 0.6486379955549604, "GBPUSD": 0.10031638243692251, "Gold": -0.025539056514276993}
