{"FTSE100": 0.9002437854296645, "DJIA": -0.0606378799878433, "GBPUSD": 0.07064364207222315, "Gold": -0.00423764725823837}
