{"FTSE100": 0.3605710601843784, "DJIA": 0.40257879785867146, "GBPUSD": -0.28208744710860945, "Gold": 0.12953367875646932}
