{"FTSE100": 0.12115364254982951, "DJIA": -0.5310252474825794, "GBPUSD": -0.37872810478143565, "Gold": -0.6809302325581293}
