{"FTSE100": -0.22070253306871218, "DJIA": 1.8471231770240168, "GBPUSD": 0.06170458927883794, "Gold": 1.2302501645819655}
