{"FTSE100": 0.2601494524273627, "DJIA": -0.4664386391070086, "GBPUSD": 0.2989536621823472, "Gold": 0.33659240262862394}
