{"FTSE100": -0.4294047711935159, "DJIA": 0.0973853341541174, "GBPUSD": 0.04721063813045352, "Gold": -0.2322700526478786}
