{"FTSE100": -0.8475798233592735, "DJIA": 0.5167383733865915, "GBPUSD": -0.1924261083743972, "Gold": 0.6793703396851736}
