{"FTSE100": 1.804609528971547, "DJIA": 0.4073022577007924, "GBPUSD": -0.9743747122909433, "Gold": -0.2124216063119586}
