{"FTSE100": -0.31921814053826025, "DJIA": -0.16537795202167066, "GBPUSD": -0.07133232939683767, "Gold": 0.0}
