{"FTSE100": -0.3422605654627961, "DJIA": -1.008917915594655, "GBPUSD": -0.08009611533841504, "Gold": 0.0}
