{"FTSE100": -0.07325720971987616, "DJIA": 0.5766969525483872, "GBPUSD": -0.07128712871286344, "Gold": 0.5511666360462979}
