{"FTSE100": 0.23487517520930717, "DJIA": -1.0586608038636016, "GBPUSD": 0.031478712520654435, "Gold": -0.2605501452246866}
