{"FTSE100": -0.39608881205769386, "DJIA": 0.324012006674884, "GBPUSD": 0.033339507316174216, "Gold": 0.23487272834033057}
