{"FTSE100": -0.20603747919858945, "DJIA": 0.48625231895093135, "GBPUSD": 0.0, "Gold": 0.0}
