{"FTSE100": 0.3264473280252734, "DJIA": 0.5418783057353993, "GBPUSD": -0.20464384100747232, "Gold": 0.8173981967700386}
