{"FTSE100": 0.03144645949101112, "DJIA": 0.3946297498344916, "GBPUSD": -0.039249548630186426, "Gold": -0.5145320539563301}
