{"FTSE100": 0.3485898232794104, "DJIA": 1.384455960368138, "GBPUSD": -0.003723146803686326, "Gold": -0.2270611475670398}
