{"FTSE100": 1.014254569847397, "DJIA": 0.8194790170702327, "GBPUSD": 0.007874015748030629, "Gold": 0.21245774987928975}
