{"FTSE100": 0.03487049704988102, "DJIA": -0.10753075007499042, "GBPUSD": 0.2921840759678636, "Gold": 0.0}
