{"FTSE100": -0.18498952490777343, "DJIA": 0.6663545364751647, "GBPUSD": 0.07098351605017138, "Gold": 0.0}
