{"FTSE100": 0.260212456410624, "DJIA": -0.7234589976680329, "GBPUSD": -0.5942006021232642, "Gold": 0.9470551095878055}
