{"FTSE100": 0.021920326918422325, "DJIA": 0.03159185761286059, "GBPUSD": 0.007879599716333542, "Gold": 0.24977884165061948}
