{"FTSE100": -0.3078299236392954, "DJIA": 0.2747659142932337, "GBPUSD": 0.78816149268136, "Gold": 1.1787718124260096}
