{"FTSE100": 0.10480882922217677, "DJIA": -0.6804313792889797, "GBPUSD": 0.3885188709165798, "Gold": -0.22112516712948443}
