{"FTSE100": 0.3516418271188427, "DJIA": -0.7096213059205019, "GBPUSD": 0.07979572294924113, "Gold": 0.009873130275956236}
