{"FTSE100": -0.7372395799189793, "DJIA": -0.10753075007499042, "GBPUSD": 0.06492979465953526, "Gold": 0.0}
