{"FTSE100": -0.5058672196991568, "DJIA": 0.150298832457945, "GBPUSD": 0.22090729783036794, "Gold": -0.0731299623903098}
