{"FTSE100": 0.5677337591918912, "DJIA": 0.42586322437532315, "GBPUSD": 0.2111136243685543, "Gold": 1.3704658326522885}
