{"FTSE100": 0.06680295856526243, "DJIA": 0.28269037535719965, "GBPUSD": -0.14007782101167499, "Gold": 0.24994899000204504}
