{"FTSE100": 0.9885345643013022, "DJIA": -0.13071854331415794, "GBPUSD": 0.14509108495887485, "Gold": 0.0}
