{"FTSE100": 0.6253169238845753, "DJIA": 0.17129686989054763, "GBPUSD": 0.03992972368632543, "Gold": 0.31731057844861243}
