{"FTSE100": 0.3376258113643175, "DJIA": 0.4896193646091157, "GBPUSD": -0.14169881130441817, "Gold": 0.23784812316208268}
