{"FTSE100": -0.9080126797819582, "DJIA": -0.01572613853908431, "GBPUSD": 0.3312629399585924, "Gold": -0.10413241258358494}
