{"FTSE100": -0.1874768687520255, "DJIA": -0.10787758797451098, "GBPUSD": -0.19595518911523047, "Gold": 1.6895058697495828}
