{"FTSE100": -1.0094295852072552, "DJIA": -0.7236679238247973, "GBPUSD": -0.2819624587126447, "Gold": 0.7507660878447419}
