{"FTSE100": 0.31225756871977184, "DJIA": 0.7554268883858702, "GBPUSD": 0.8373590982286606, "Gold": -0.26843100189035574}
