{"FTSE100": 0.08779032154352968, "DJIA": 0.4322749834951116, "GBPUSD": -0.21804086247273882, "Gold": -0.09594505882947486}
