{"FTSE100": -0.1988487089483929, "DJIA": 0.5957521958965001, "GBPUSD": 0.022418173666116196, "Gold": 0.0}
