{"FTSE100": 0.08845393577015513, "DJIA": 0.382927044853433, "GBPUSD": -0.15922299180001606, "Gold": -0.17481026690542803}
