{"FTSE100": -2.295616602913129, "DJIA": -2.4422167003965574, "GBPUSD": -0.09376465072668307, "Gold": -1.4140248175784382}
