{"FTSE100": 0.3249682110971851, "DJIA": 0.22123926011348727, "GBPUSD": 1.0857846912059141, "Gold": 0.15335855229526632}
