{"FTSE100": 0.38207835219426506, "DJIA": -0.507374573065161, "GBPUSD": 0.15710919088766706, "Gold": 0.0}
