{"FTSE100": 0.48197451726669344, "DJIA": -0.4091173785115344, "GBPUSD": -0.6990915548244772, "Gold": 0.8269792496490924}
