{"FTSE100": 1.7465480789715262, "DJIA": -0.6005744960082198, "GBPUSD": -0.07091639744701937, "Gold": 0.016754628466117572}
