{"FTSE100": -0.6933418882599897, "DJIA": -0.5079523690565482, "GBPUSD": -0.1227450251069317, "Gold": 0.9087433461753401}
