{"FTSE100": 0.4991077577135675, "DJIA": 0.10751297283731569, "GBPUSD": -0.48005036594001516, "Gold": -0.83307501549907}
