{"FTSE100": 2.7064117744816962, "DJIA": -0.8428946203931843, "GBPUSD": 0.46999843333855595, "Gold": -0.08758927368278902}
