{"FTSE100": 0.7245382478211536, "DJIA": 1.1541387126260585, "GBPUSD": 0.163639338897071, "Gold": 0.37772948359722414}
