{"FTSE100": -1.0143036312711065, "DJIA": -0.13071854331415794, "GBPUSD": 0.03224246332419441, "Gold": 0.0}
