{"FTSE100": -0.5699923701808791, "DJIA": -0.31161725858526357, "GBPUSD": 0.2288862163944608, "Gold": 1.3075573504584725}
