{"FTSE100": -1.2986147131886854, "DJIA": -0.8585878386325305, "GBPUSD": -0.10690789473683034, "Gold": 0.0}
