{"FTSE100": -1.2119457409229017, "DJIA": -1.141041489359408, "GBPUSD": -0.26639898073433094, "Gold": -0.030897044182776303}
