{"FTSE100": -0.014003018428399003, "DJIA": 0.19864097480567916, "GBPUSD": 0.18617813523981, "Gold": 0.0}
