{"FTSE100": -0.08191685439279986, "DJIA": 0.34919893722060835, "GBPUSD": -0.07088288572102866, "Gold": 0.3544179177947352}
