{"FTSE100": 0.13103871915925971, "DJIA": -0.024509001882573527, "GBPUSD": 0.08497432297631687, "Gold": 0.2038858239385862}
