{"FTSE100": -0.32627274247910093, "DJIA": 0.5286449358552803, "GBPUSD": -0.6188436046724572, "Gold": -1.1482806275912527}
