{"FTSE100": -0.1362636231455053, "DJIA": 0.5639552145101138, "GBPUSD": 0.44642857142857634, "Gold": 1.0987302409950788}
