{"FTSE100": -0.796681479478907, "DJIA": -0.19135326700728678, "GBPUSD": 0.23511273848525704, "Gold": -0.09843596193808808}
