{"FTSE100": 0.7825143435670526, "DJIA": 1.3564904820566428, "GBPUSD": 0.33627729943461465, "Gold": 0.0}
