{"FTSE100": 0.5058644298012057, "DJIA": 0.17853596885692224, "GBPUSD": 0.12755102040816693, "Gold": 1.1526750761200522}
