{"FTSE100": -0.2810613288343915, "DJIA": 0.23680502814688342, "GBPUSD": 0.008006405124098398, "Gold": 0.45823514008902855}
