{"FTSE100": 0.4941718256138932, "DJIA": 0.07634675873089147, "GBPUSD": 0.2942315137437108, "Gold": 0.24186601285533518}
