{"FTSE100": 0.7225418605051318, "DJIA": 0.2779895816260505, "GBPUSD": -0.14825796886582668, "Gold": -0.8169786862018137}
