{"FTSE100": 0.8265196734517891, "DJIA": 1.1120995521899237, "GBPUSD": 0.04120313143798475, "Gold": 0.11879691128030916}
