{"FTSE100": -0.5038198816835934, "DJIA": -0.8465484710618884, "GBPUSD": -0.24261562752722798, "Gold": -0.09838933022375455}
