{"FTSE100": -0.20863894975692235, "DJIA": -0.44005717100652697, "GBPUSD": -0.4238863687067776, "Gold": 0.07502478497360003}
