{"FTSE100": 0.09486550266955325, "DJIA": -0.36046938133046713, "GBPUSD": 0.04845743821677887, "Gold": 0.12943308309603935}
