{"FTSE100": -0.8327437723745018, "DJIA": -0.32340194087650515, "GBPUSD": 0.08653241032094704, "Gold": 0.17692667950252852}
