{"FTSE100": -0.14436015981582298, "DJIA": -0.03771410985065024, "GBPUSD": 0.1573316551290121, "Gold": 0.17154441960804462}
