{"FTSE100": 1.1489555182050009, "DJIA": 0.7393922940140031, "GBPUSD": -0.06831638074995453, "Gold": -0.004864049807865608}
