{"FTSE100": -0.6343721795108805, "DJIA": -0.2491820970875275, "GBPUSD": 0.18071815824624565, "Gold": -0.6381519962027391}
