{"FTSE100": 0.05517038231746642, "DJIA": -0.58458580466997, "GBPUSD": -0.09929728078216306, "Gold": -1.0245574868441962}
