{"FTSE100": -0.004503791846303332, "DJIA": 0.3677349324238231, "GBPUSD": 0.007917656373712507, "Gold": 0.39488017429193584}
