{"FTSE100": -1.1439046433088464, "DJIA": 0.5265449583207908, "GBPUSD": -0.5686563009504108, "Gold": -1.6878437322207471}
