{"FTSE100": -0.03056639065670376, "DJIA": 0.3769688105201904, "GBPUSD": -0.020211002869951207, "Gold": -0.11323473904540307}
