{"FTSE100": -3.089388525240575, "DJIA": -1.7158548797402662, "GBPUSD": -0.6909031090639878, "Gold": 0.7029692582100562}
