{"FTSE100": 0.6889564871672589, "DJIA": 0.8555562168373527, "GBPUSD": 0.2029056083110274, "Gold": 0.27276002264422594}
