{"FTSE100": 0.4799710424710504, "DJIA": 0.1589310816153905, "GBPUSD": -0.03790750568613851, "Gold": 0.3470560076591598}
