{"FTSE100": 0.18306404772600274, "DJIA": 0.7756100194817952, "GBPUSD": 0.9948203568198634, "Gold": -0.6959880479539375}
