{"FTSE100": -0.41777266367666255, "DJIA": 0.07761973277970954, "GBPUSD": 0.014759058372090622, "Gold": -0.0749400479616307}
