{"FTSE100": 0.11939876358640458, "DJIA": 0.7128406883998432, "GBPUSD": -0.06463632561499695, "Gold": 0.0}
