{"FTSE100": 0.7243325677410822, "DJIA": -0.43107519378210224, "GBPUSD": -0.1183712121212166, "Gold": -0.873946123791898}
