{"FTSE100": -1.1854162464340208, "DJIA": -0.1778695111194024, "GBPUSD": -0.1091497609996576, "Gold": 1.3060278207109808}
