{"FTSE100": 0.7820041783733064, "DJIA": 2.3511125378888456, "GBPUSD": -0.17253019278373483, "Gold": -3.584450717478243}
