{"FTSE100": -0.32360414806674664, "DJIA": 0.2921090752797617, "GBPUSD": 0.8398744113029774, "Gold": 0.9482894116414384}
