{"FTSE100": -0.5126278278891573, "DJIA": 0.5823202104488487, "GBPUSD": 0.1231621892079167, "Gold": 0.31570954721656436}
