{"FTSE100": 0.1072755533108636, "DJIA": 0.12561002805738813, "GBPUSD": 0.3007756846604421, "Gold": 0.53899025861642}
