{"FTSE100": -0.4332474003213635, "DJIA": 0.08840731681389256, "GBPUSD": 0.5047716696900356, "Gold": 0.28399353669880656}
