{"FTSE100": 0.21772084271841088, "DJIA": -0.3743057045706011, "GBPUSD": -0.08735011514334161, "Gold": 0.21874223216505548}
