{"FTSE100": -0.13086949693765376, "DJIA": -0.2386402058404856, "GBPUSD": 0.2745702787076339, "Gold": 1.83311690272702}
