{"FTSE100": 0.6268747137136788, "DJIA": 0.6236661777908974, "GBPUSD": -0.08782435129741323, "Gold": 0.04782816644201526}
