{"FTSE100": 0.8484255900519785, "DJIA": -0.7029059355094077, "GBPUSD": -0.03330742755634961, "Gold": 0.0}
