{"FTSE100": -0.37863655867117585, "DJIA": 0.3138888574961386, "GBPUSD": -0.015283509093686228, "Gold": -0.29590327024131186}
