{"FTSE100": 0.7341192212004529, "DJIA": 0.23961705115342558, "GBPUSD": -0.200907805640295, "Gold": 0.5236308065712336}
