{"FTSE100": -0.08685202094944072, "DJIA": 0.05755475619835973, "GBPUSD": -0.9103751373410636, "Gold": -0.871894788114947}
