{"FTSE100": -0.3867573218666852, "DJIA": 0.818491519272986, "GBPUSD": 1.3851323661995032, "Gold": 0.17123287671232187}
