{"FTSE100": -0.25551119511628323, "DJIA": 1.4850418872501856, "GBPUSD": 0.7878424315136904, "Gold": 1.3424890054779617}
