{"FTSE100": -0.1578128056115949, "DJIA": 0.33350699889492147, "GBPUSD": 0.007923302432452975, "Gold": 0.0}
