{"FTSE100": 0.28397894651545813, "DJIA": 0.10269608271864503, "GBPUSD": 0.07060484819956858, "Gold": 0.18990999917430057}
