{"FTSE100": -0.3647802569818008, "DJIA": 0.28637393690556295, "GBPUSD": -0.14032496307237907, "Gold": -0.38822947576656325}
