{"FTSE100": 0.3480816627785886, "DJIA": 0.7376287462247397, "GBPUSD": 0.13366881585155171, "Gold": -0.05220841599665866}
