{"FTSE100": 0.3696453672070246, "DJIA": 0.5370553617606709, "GBPUSD": -0.40861228980039854, "Gold": 0.09903570497785202}
