{"FTSE100": 0.25395517150343966, "DJIA": -0.7681128539340597, "GBPUSD": 0.0080958549222789, "Gold": -0.05720526288418061}
