{"FTSE100": 0.18818697286335725, "DJIA": -0.32585965313005105, "GBPUSD": 0.314313346228241, "Gold": 1.0324559161768487}
