{"FTSE100": 0.009780867807487324, "DJIA": 0.0, "GBPUSD": -0.0576321422690717, "Gold": 0.9565363315992692}
