{"FTSE100": 0.09389096637249444, "DJIA": 0.011504511724362943, "GBPUSD": 0.3089353612167312, "Gold": -1.4552732453611075}
