{"FTSE100": 0.48197451726669344, "DJIA": -0.3157796511469916, "GBPUSD": -0.714045384874197, "Gold": 0.9521641819354313}
