{"FTSE100": 0.6295077818549852, "DJIA": -0.507374573065161, "GBPUSD": -0.7934014139827177, "Gold": 0.0}
