{"FTSE100": -0.08388990690182499, "DJIA": -1.6771277337664294, "GBPUSD": -0.09267124874506663, "Gold": 0.7905913100294111}
