{"FTSE100": 0.8305299215371881, "DJIA": -0.02939550555882022, "GBPUSD": 0.7456828885400364, "Gold": 0.7973997833152802}
