{"FTSE100": -0.4543833238041856, "DJIA": -0.16675153961106876, "GBPUSD": -0.25499712100023697, "Gold": 0.0}
