{"FTSE100": 0.30992881265455663, "DJIA": 0.14637127657105956, "GBPUSD": -0.28308563340410847, "Gold": 0.133024373498108}
