{"FTSE100": -0.443323355400266, "DJIA": -0.5169346533361571, "GBPUSD": -0.04714386736859872, "Gold": 0.0}
