{"FTSE100": 0.3039148573421302, "DJIA": 0.3445162992953167, "GBPUSD": 0.0, "Gold": 0.0}
