{"FTSE100": 0.20249738722792698, "DJIA": -0.0034158052630498073, "GBPUSD": -0.1166685484174431, "Gold": -0.4348967120308892}
