{"FTSE100": 3.044086318344477, "DJIA": -2.498962654324392, "GBPUSD": 0.42021666216893133, "Gold": 1.502281947261666}
