{"FTSE100": 0.3249682110971851, "DJIA": 0.21343663849084973, "GBPUSD": 0.9163714769752057, "Gold": 0.15335855229526632}
