{"FTSE100": 0.2165645147388922, "DJIA": 0.7658620647418893, "GBPUSD": 0.1148633126579414, "Gold": 1.1524078455315505}
