{"FTSE100": 0.5573388009766329, "DJIA": -0.17708745813466303, "GBPUSD": -0.21462403789223675, "Gold": 1.4005084354056012}
