{"FTSE100": 0.4799710424710504, "DJIA": 0.8219532048658909, "GBPUSD": 0.8174178762414175, "Gold": 0.6971027924406731}
