{"FTSE100": 1.5621599755415934, "DJIA": 2.1651119411449598, "GBPUSD": -0.63872255489022, "Gold": -1.4004044489383123}
