{"FTSE100": -0.03077894301180947, "DJIA": -0.026109023409683876, "GBPUSD": -0.1890061426996344, "Gold": 0.0}
