{"FTSE100": -0.08388990690182499, "DJIA": -1.6922105830537704, "GBPUSD": -0.06183335909722614, "Gold": 0.27215292402397834}
