{"FTSE100": -0.16479289772240632, "DJIA": 0.08337352620218463, "GBPUSD": -0.11896795300764545, "Gold": -0.5373949704581326}
