{"FTSE100": -0.03976343153623035, "DJIA": -0.5516723226797723, "GBPUSD": 0.047025628967782264, "Gold": 0.5253940455341402}
