{"FTSE100": 0.16335241586556581, "DJIA": 1.3574657648704092, "GBPUSD": -0.16469531366970952, "Gold": -0.22148663778416888}
