{"FTSE100": -0.3550857506970134, "DJIA": 0.678356749431481, "GBPUSD": 0.2039535613429507, "Gold": -0.10311404413281088}
