{"FTSE100": -0.43949139142353677, "DJIA": 0.0821108760636917, "GBPUSD": 0.26768049035961927, "Gold": 1.3075573504584725}
