{"FTSE100": -0.2916674748336951, "DJIA": -0.38453006172271775, "GBPUSD": 0.2305279467896147, "Gold": 2.267996396060521}
