{"FTSE100": -0.32056748076653796, "DJIA": 0.16882887112459685, "GBPUSD": 0.16908769502730012, "Gold": -0.003716090672609032}
