{"FTSE100": 0.0979608896590308, "DJIA": -0.20163508038452232, "GBPUSD": -0.17350215954814519, "Gold": 1.3501453781270716}
