{"FTSE100": 0.08627508188724416, "DJIA": 0.08377085725195982, "GBPUSD": -0.2953337271116364, "Gold": -0.4539251171898232}
