{"FTSE100": 0.7791711231328015, "DJIA": 0.29258762146241046, "GBPUSD": 0.032195750160993075, "Gold": 0.728252194732637}
