{"FTSE100": 0.3621168554270947, "DJIA": 0.09267068427050526, "GBPUSD": -0.0237379332172786, "Gold": 0.04302000430200043}
