{"FTSE100": 0.03770626223210844, "DJIA": 0.4426726906979775, "GBPUSD": -0.13604353393086066, "Gold": -0.09076763485476785}
