{"FTSE100": -0.44108886856057067, "DJIA": -0.877506493180549, "GBPUSD": 0.22246941045607307, "Gold": 0.1644173460300124}
