{"FTSE100": 0.12657895703558916, "DJIA": 1.2343433963699235, "GBPUSD": 0.1988831943700878, "Gold": 0.208501974636348}
