{"FTSE100": -0.11720626628491379, "DJIA": -0.16919160145741743, "GBPUSD": -0.09509469847054978, "Gold": -0.19153324820743853}
