{"FTSE100": -0.22972399884605896, "DJIA": -0.15277998533845463, "GBPUSD": -0.48336421493595466, "Gold": -0.010214504596517779}
