{"FTSE100": 0.0, "DJIA": -1.006827257503534, "GBPUSD": -0.06096167034976087, "Gold": 1.8309270478981525e-14}
