{"FTSE100": -0.6473127226396937, "DJIA": 0.07576690339000201, "GBPUSD": 0.13953488372093206, "Gold": 0.0}
