{"FTSE100": -2.131696414918697, "DJIA": -1.513607747799949, "GBPUSD": -0.398499765588364, "Gold": 0.17726841736404858}
