{"FTSE100": 0.34235689652620077, "DJIA": -0.5047579644187093, "GBPUSD": 0.09644751647645795, "Gold": 0.2062564455139223}
