{"FTSE100": 0.18012467637523225, "DJIA": 0.7756100194817952, "GBPUSD": 0.10141576406636431, "Gold": -0.5101483074007943}
