{"FTSE100": 0.7748155130140193, "DJIA": 0.8484399095769032, "GBPUSD": -0.03992972368630769, "Gold": 0.31731057844861243}
