{"FTSE100": -1.255400288015368, "DJIA": 0.2669033880751663, "GBPUSD": -0.5209605209605358, "Gold": -0.4162905005517194}
