{"FTSE100": -0.4021342088067037, "DJIA": 1.7349133347044125e-14, "GBPUSD": -0.729269092100961, "Gold": -0.15506738046888752}
