{"FTSE100": -0.733783215803488, "DJIA": -0.31598738653389236, "GBPUSD": -0.21636349066431002, "Gold": 0.15482663018039758}
