{"FTSE100": -0.1002906677111419, "DJIA": 0.8603362734405032, "GBPUSD": 1.0444259441459196, "Gold": 0.0}
