{"FTSE100": -0.8475798233592735, "DJIA": 0.5270381416418123, "GBPUSD": -0.21551724137932077, "Gold": 0.6793703396851736}
