{"FTSE100": -0.33049076807265043, "DJIA": -0.2550589971080233, "GBPUSD": -0.1660577881102625, "Gold": -0.32205240174671745}
