{"FTSE100": 0.3968702007417635, "DJIA": -0.7293146846869221, "GBPUSD": -0.6467531496504577, "Gold": 0.9521641819354313}
