{"FTSE100": 0.17123934311806185, "DJIA": 0.3407046627031629, "GBPUSD": 0.5499253672715763, "Gold": 0.39994419383341434}
