{"FTSE100": -0.6551542749182507, "DJIA": -0.2298144176141193, "GBPUSD": -0.1562011871290223, "Gold": 0.2165421195652135}
