{"FTSE100": 0.9327432704107037, "DJIA": -0.2226392059964714, "GBPUSD": -0.03240440699936633, "Gold": -0.1449275362318817}
