{"FTSE100": 0.35272399180061376, "DJIA": 0.5418783057353993, "GBPUSD": -0.1652892561983464, "Gold": 0.8619835529574885}
