{"FTSE100": 0.09289391301037522, "DJIA": 0.0501329395860629, "GBPUSD": -0.007510890791647061, "Gold": -0.3107482330002382}
