{"FTSE100": 0.6040249022730521, "DJIA": 0.646095484870066, "GBPUSD": -0.0676640854071048, "Gold": -0.6489272518396649}
