{"FTSE100": 0.6624458496457737, "DJIA": 0.9590019299776511, "GBPUSD": 0.23370134579739724, "Gold": 0.0}
