{"FTSE100": -0.07387665404217175, "DJIA": -0.2878280428684172, "GBPUSD": -1.0447985568250169, "Gold": -3.441866043053299}
