{"FTSE100": 0.43100323816880587, "DJIA": 0.0501329395860629, "GBPUSD": 0.25537028691601676, "Gold": -0.3107482330002382}
