{"FTSE100": -0.48109150535750067, "DJIA": -1.2178825136449931, "GBPUSD": 0.37313432835820387, "Gold": 0.0}
