{"FTSE100": 0.40803075654748544, "DJIA": 1.4689919001806955, "GBPUSD": 0.198066867374439, "Gold": 0.24532652961091211}
