{"FTSE100": -0.26022038200050446, "DJIA": 0.252313724339245, "GBPUSD": -0.041528239202653236, "Gold": 0.33014017427072234}
