{"FTSE100": 0.4875570127152024, "DJIA": -0.48245583865285674, "GBPUSD": -0.007890791446381202, "Gold": 0.0}
