{"FTSE100": 0.232191529763226, "DJIA": 0.6210782430528998, "GBPUSD": 0.1399797806983454, "Gold": 0.11428571428571664}
