{"FTSE100": 0.6845226633804379, "DJIA": 0.4568543166973077, "GBPUSD": -0.07855459544384225, "Gold": 1.149546509175277}
