{"FTSE100": 0.03605039714428418, "DJIA": 0.18047203113283147, "GBPUSD": 0.3174603174603186, "Gold": 0.4782375067168238}
