{"FTSE100": -0.07318348144276056, "DJIA": 0.26549897307000325, "GBPUSD": 0.649504950495066, "Gold": 1.5359379660005896}
