{"FTSE100": 0.4252016790989109, "DJIA": 0.28146191685943783, "GBPUSD": -0.2544947048682276, "Gold": -0.04956220056170994}
