{"FTSE100": -0.019491637034114197, "DJIA": -0.30450221864447835, "GBPUSD": -0.06677548597715706, "Gold": 1.6465677179962916}
