{"FTSE100": 0.6035260956872499, "DJIA": 0.01750988315570096, "GBPUSD": -0.04723293710146689, "Gold": 0.6573257221933843}
