{"FTSE100": -1.2236021557649626, "DJIA": -0.862774881793168, "GBPUSD": -0.05099039027260556, "Gold": 0.41923076923077274}
