{"FTSE100": 0.6856566945343117, "DJIA": 0.6288946278938743, "GBPUSD": -0.3373607406245073, "Gold": 0.0}
