{"FTSE100": -0.2238196236337149, "DJIA": 0.5195106735117557, "GBPUSD": 0.055235540124668414, "Gold": 0.3213975120051423}
