{"FTSE100": -1.3168326144502223, "DJIA": -0.3772102594914932, "GBPUSD": 0.5195214105793577, "Gold": 0.0}
