{"FTSE100": -0.1329574653082452, "DJIA": -0.4072126934658467, "GBPUSD": -0.2902643759315946, "Gold": 0.20230928648968266}
