{"FTSE100": -0.10723354496009274, "DJIA": -0.020688040356507696, "GBPUSD": 0.04070004070003621, "Gold": 0.7254164427727029}
