{"FTSE100": 0.30278171559240685, "DJIA": 0.17266205352600647, "GBPUSD": 0.22642098688319037, "Gold": -0.19677621938454337}
