{"FTSE100": 0.30843847288218573, "DJIA": 0.4049701256653451, "GBPUSD": -0.007920792079207048, "Gold": -0.35377358490566263}
