{"FTSE100": 0.29333002372416866, "DJIA": 0.5928974953895598, "GBPUSD": 0.12529900899874163, "Gold": 0.13095757768166125}
