{"FTSE100": -0.8061405330751009, "DJIA": -0.761685837208147, "GBPUSD": 0.15692104393789336, "Gold": -0.18648253616249408}
