{"FTSE100": 0.283558180178515, "DJIA": 0.28411192371671634, "GBPUSD": 0.1421913263290958, "Gold": 0.20795167599148612}
