{"FTSE100": 0.6585374998070389, "DJIA": 1.2158689271364103, "GBPUSD": -0.007531254707033362, "Gold": 0.020744428639173567}
