{"FTSE100": 0.1716878205554294, "DJIA": 0.09780114652453248, "GBPUSD": -0.15430356403597045, "Gold": -1.0235069171071938}
