{"FTSE100": 0.42211250437397235, "DJIA": 0.09898491425418575, "GBPUSD": -0.06227334334591138, "Gold": -0.039824771007566706}
