{"FTSE100": 0.11239130929847632, "DJIA": 0.8469044252918984, "GBPUSD": 0.0, "Gold": -0.030985333608753822}
