{"FTSE100": -0.03299855314035703, "DJIA": 0.7227088649545987, "GBPUSD": 0.4115226337448614, "Gold": 1.762791607111153e-14}
