{"FTSE100": 0.27118840916350123, "DJIA": 1.5872095191140503, "GBPUSD": 0.08197943061558197, "Gold": 0.0}
