{"FTSE100": -0.19022749056198285, "DJIA": -0.04156872397805242, "GBPUSD": 0.11868966608641057, "Gold": 0.10755001075500108}
