{"FTSE100": 0.7297150285340208, "DJIA": -0.9940968742929026, "GBPUSD": -0.28927458834000996, "Gold": 1.1764705882353046}
