{"FTSE100": -0.6551088296068391, "DJIA": 0.3612942024034004, "GBPUSD": 0.23912003825919745, "Gold": -0.24520842716309316}
