{"FTSE100": 0.045929166726812, "DJIA": 0.4322749834951116, "GBPUSD": -0.024226762496968986, "Gold": -0.1817906377821611}
