{"FTSE100": -0.2594963803612494, "DJIA": -0.0185074923346298, "GBPUSD": 0.3150350476490512, "Gold": 0.2912205567451898}
