{"FTSE100": 1.2586746404316809, "DJIA": 0.005179498229663735, "GBPUSD": 0.44333387070770897, "Gold": -0.1814607591108377}
