{"FTSE100": 0.205134858356995, "DJIA": 1.117045217631898, "GBPUSD": -0.1641178664677344, "Gold": -1.7157088829443903}
