{"FTSE100": 0.33774406953954955, "DJIA": 1.117045217631898, "GBPUSD": -0.1342782543826948, "Gold": -1.8748270454755136}
