{"FTSE100": 0.8583890580483499, "DJIA": -0.0606378799878433, "GBPUSD": 0.0548718350709354, "Gold": -0.00423764725823837}
