{"FTSE100": -0.3530156642265132, "DJIA": -0.6162511766666451, "GBPUSD": -0.2782415136338388, "Gold": -0.3704552398411174}
