{"FTSE100": 0.09471230696645645, "DJIA": 0.7756100194817952, "GBPUSD": -0.6450042594620827, "Gold": -0.5939583864737886}
