{"FTSE100": 0.8954686261796692, "DJIA": 1.0707382911364858, "GBPUSD": 0.13201071172633352, "Gold": 1.2147849708512706}
