{"FTSE100": 0.008323455814575246, "DJIA": 0.5128147804844863, "GBPUSD": -0.1780679626057247, "Gold": 1.2677798392084059}
