{"FTSE100": -0.08403295450981592, "DJIA": 0.45454836168586543, "GBPUSD": 0.13344846534265128, "Gold": 0.0}
