{"FTSE100": -0.10475436660649659, "DJIA": 0.5789231921862223, "GBPUSD": -0.1725896289323136, "Gold": 0.45396230139149535}
