{"FTSE100": -0.46920107361859426, "DJIA": -0.6062904203220859, "GBPUSD": -0.06337844387279704, "Gold": 0.0}
