{"FTSE100": 0.4179509952458172, "DJIA": 0.8469044252918984, "GBPUSD": 0.1028643772748915, "Gold": 0.09295600082627321}
