{"FTSE100": -0.733783215803488, "DJIA": -0.11829892783743225, "GBPUSD": 1.1374215745800542, "Gold": 0.6695378379356519}
