{"FTSE100": -0.004503791846303332, "DJIA": 0.0764253125056181, "GBPUSD": -0.055423594616005135, "Gold": 0.39488017429193584}
