{"FTSE100": 0.05517038231746642, "DJIA": -0.434599829936005, "GBPUSD": -0.05728032993470259, "Gold": -1.3397471575097326}
