{"FTSE100": 0.43266812007378835, "DJIA": -0.035631941239834874, "GBPUSD": 0.015845349389952305, "Gold": -0.01962612236887743}
