{"FTSE100": -0.26704867241896213, "DJIA": 0.0051794982296637345, "GBPUSD": 0.08025038118931963, "Gold": -0.27755349212757363}
