{"FTSE100": 0.29020645066490197, "DJIA": 0.9686424484211156, "GBPUSD": 0.16480929210484938, "Gold": -0.793960058451045}
