{"FTSE100": 0.3366269106971222, "DJIA": 0.518734233630401, "GBPUSD": 0.06704410011919866, "Gold": 1.443948542924652}
