{"FTSE100": 0.2781658631017697, "DJIA": 0.9075225928154418, "GBPUSD": -0.01818644745934321, "Gold": -0.23076692540534877}
