{"FTSE100": 0.1576491719719164, "DJIA": 0.9075225928154418, "GBPUSD": -0.3528170807114392, "Gold": -0.2157820601192877}
