{"FTSE100": -1.785274927701444, "DJIA": -0.6941836620043264, "GBPUSD": -0.20145044319097072, "Gold": 0.0861894139119877}
