{"FTSE100": 0.260212456410624, "DJIA": 0.11893839247808574, "GBPUSD": -0.07922674694976152, "Gold": 1.5378371065211467}
