{"FTSE100": 0.4676622131889073, "DJIA": 0.2443989976357884, "GBPUSD": -0.4576659038901623, "Gold": 0.6088123000722296}
