{"FTSE100": -0.16917430862686303, "DJIA": 0.6772529895076904, "GBPUSD": -0.2185880829015483, "Gold": 0.26002392220084247}
