{"FTSE100": -0.36806652123511535, "DJIA": -0.24510511070658333, "GBPUSD": 0.25066645446225966, "Gold": -1.6029255955432546}
