{"FTSE100": 0.1616615489998225, "DJIA": -0.09527044719809025, "GBPUSD": 0.23134328358208062, "Gold": 1.337323234998146}
