{"FTSE100": 0.5668676932540258, "DJIA": -0.15037407075014741, "GBPUSD": 0.45177141951335803, "Gold": 1.7539073157422924}
