{"FTSE100": -1.9582761707855845, "DJIA": -0.6313017103653832, "GBPUSD": -0.34649476228847464, "Gold": 0.0861894139119877}
