{"FTSE100": 0.5991939555897718, "DJIA": 0.40257879785867146, "GBPUSD": -0.3733510329378535, "Gold": -0.1673143350604564}
