{"FTSE100": -0.04321666558840843, "DJIA": -0.3743057045706011, "GBPUSD": 0.3335186214563632, "Gold": 0.8699975142928164}
