{"FTSE100": 0.5707796630405667, "DJIA": 0.28146191685943783, "GBPUSD": -0.4515228634758918, "Gold": -0.04956220056170994}
