{"FTSE100": 0.40159752274299826, "DJIA": 0.07592685525913377, "GBPUSD": 0.23638767578831127, "Gold": 0.8726737461886268}
