{"FTSE100": 0.44825388719322834, "DJIA": 0.431484600114922, "GBPUSD": 0.07761966364814027, "Gold": 0.2525183213021112}
