{"FTSE100": 1.0259769748947516, "DJIA": 0.007675601026439037, "GBPUSD": -0.17686309188841384, "Gold": -0.5690533920530456}
