{"FTSE100": 0.6125770104179306, "DJIA": 0.5588561862912659, "GBPUSD": -0.2599555438345291, "Gold": 0.0}
