{"FTSE100": -0.85870824992097, "DJIA": -0.3470569860364145, "GBPUSD": -0.13312451057163766, "Gold": 0.08896797153023561}
