{"FTSE100": 0.5910717063306848, "DJIA": 0.0, "GBPUSD": -0.3594249201277914, "Gold": -0.8034095919267178}
