{"FTSE100": -0.12186377218153886, "DJIA": 0.1736011829388842, "GBPUSD": 0.11926532559434339, "Gold": 0.7386112339672832}
