{"FTSE100": -0.4295496108535665, "DJIA": -0.10260363817761509, "GBPUSD": -0.40964235071688143, "Gold": -0.5018558210047523}
