{"FTSE100": 0.3640686348097449, "DJIA": 0.08154302873818876, "GBPUSD": 0.4982483456598041, "Gold": 1.766292892673452}
