{"FTSE100": 0.18259022903003938, "DJIA": 1.117045217631898, "GBPUSD": -0.1641178664677344, "Gold": -2.0962088368231835}
