{"FTSE100": 0.6810651932324506, "DJIA": 0.0, "GBPUSD": -0.039770919503654543, "Gold": -1.8457031249999978}
