{"FTSE100": -0.2765333077424344, "DJIA": -1.719878054908802, "GBPUSD": 0.04227614779740804, "Gold": -0.05512983075141959}
