{"FTSE100": 0.6253169238845753, "DJIA": 0.31756058227226364, "GBPUSD": -0.023954008304053576, "Gold": 0.31731057844861243}
