{"FTSE100": 0.16311661347994294, "DJIA": 0.09979463818425847, "GBPUSD": -0.04866908764179847, "Gold": 0.0}
