{"FTSE100": 0.49785611587956313, "DJIA": 0.12792479124971945, "GBPUSD": -0.6283805281578124, "Gold": -0.37686548414652526}
