{"FTSE100": 0.586571281619679, "DJIA": 2.813908960571047, "GBPUSD": -0.9546001202645771, "Gold": -3.1600407747196764}
