{"FTSE100": 0.6379612965195579, "DJIA": 0.4876883247824595, "GBPUSD": -0.05594182050666689, "Gold": 0.7768907202334925}
