{"FTSE100": -0.6989346105491917, "DJIA": -0.4267107831152267, "GBPUSD": -0.2039535613429681, "Gold": -0.28356362136522995}
