{"FTSE100": 0.29856413687873773, "DJIA": 0.009816050040251186, "GBPUSD": 0.13154840207382457, "Gold": 0.3617536756164626}
