{"FTSE100": 0.29392886726255385, "DJIA": -0.3704681377960019, "GBPUSD": 0.014873205919534317, "Gold": 0.15272902655341009}
