{"FTSE100": -0.216343979692132, "DJIA": 0.5017275560169973, "GBPUSD": 0.08570983325540586, "Gold": 0.5862785862785825}
