{"FTSE100": -0.5014987618923441, "DJIA": -0.721909815586668, "GBPUSD": 0.6607042140037052, "Gold": 2.0263118100710744}
