{"FTSE100": -0.09850320569794789, "DJIA": -0.17851534406947844, "GBPUSD": -0.15952779771875264, "Gold": -0.010003501225431173}
