{"FTSE100": 0.4071017788801906, "DJIA": -0.3698159508653571, "GBPUSD": -0.17030377440691483, "Gold": 0.3155777500346757}
