{"FTSE100": 0.27419220068640815, "DJIA": 0.6099885466374421, "GBPUSD": 0.007555152614081972, "Gold": 0.24891543986914158}
