{"FTSE100": 0.5231922066386476, "DJIA": -0.21515362484016504, "GBPUSD": 0.18050541516245242, "Gold": 0.9777912529371532}
