{"FTSE100": 0.9832992324709422, "DJIA": -0.16537795202167066, "GBPUSD": -0.055480700641984855, "Gold": 0.0}
