{"FTSE100": 0.38087756013132773, "DJIA": 0.5418783057353993, "GBPUSD": -0.2125147579692975, "Gold": 0.5944714158327553}
