{"FTSE100": 0.3262692187846666, "DJIA": -0.7587942618356444, "GBPUSD": -0.1340376882440915, "Gold": 0.021583354916688252}
