{"FTSE100": -0.019291926388704316, "DJIA": -0.3856438103780603, "GBPUSD": 0.1478224614335078, "Gold": 0.5757696921231544}
