{"FTSE100": 0.6477476778800438, "DJIA": 0.3651388146977632, "GBPUSD": 0.03992972368632543, "Gold": 0.31731057844861243}
