{"FTSE100": -0.709438817360842, "DJIA": -1.1580811139910039, "GBPUSD": -0.7050063371356075, "Gold": 0.07387343018960847}
