{"FTSE100": 0.9832992324709422, "DJIA": -0.16537795202167066, "GBPUSD": 0.11096140128398731, "Gold": 0.3568950133835652}
