{"FTSE100": 0.24718182272941328, "DJIA": -0.27362807286722257, "GBPUSD": 0.0036636746656974186, "Gold": -0.6749979668735963}
