{"FTSE100": 0.21426816840846663, "DJIA": 0.08154302873818876, "GBPUSD": 0.2866217367727798, "Gold": -0.037267080745345384}
