{"FTSE100": 0.13420007660703479, "DJIA": -0.107157370322774, "GBPUSD": 0.20385761329778387, "Gold": 0.06338139755980658}
