{"FTSE100": 0.35466872694390655, "DJIA": 0.3255163196505304, "GBPUSD": -0.46411138673281804, "Gold": 0.781735159817355}
