{"FTSE100": -0.1447904753526223, "DJIA": 1.0223330286687726, "GBPUSD": -1.0734549915657117, "Gold": -0.21165565813962636}
