{"FTSE100": 0.9091702125597194, "DJIA": 1.2586047789201302, "GBPUSD": 0.49950806024371164, "Gold": 0.6729684521725493}
