{"FTSE100": 0.5231922066386476, "DJIA": -0.5389256699666518, "GBPUSD": 0.0, "Gold": 0.2739314796052453}
