{"FTSE100": 0.5479165627145963, "DJIA": 0.8309222600707675, "GBPUSD": -0.34596927197647565, "Gold": -0.46804680468046533}
