{"FTSE100": -0.46605788644643725, "DJIA": 0.3686789966002319, "GBPUSD": 0.37786349681178755, "Gold": 0.10512483574244415}
