{"FTSE100": -0.12396904674955661, "DJIA": 0.27324097869162856, "GBPUSD": -0.6270748801180341, "Gold": 0.762960726733807}
