{"FTSE100": 1.1651445249976462, "DJIA": 0.2055601563437402, "GBPUSD": 0.04517391959041815, "Gold": 1.2679127725856782}
