{"FTSE100": -0.5361238796208385, "DJIA": 0.7844244525698305, "GBPUSD": 0.7082579867389882, "Gold": 0.30798240100566254}
