{"FTSE100": -0.19169303501967352, "DJIA": -0.2822960572432656, "GBPUSD": 0.21593090211133611, "Gold": 1.1124032967588613}
