{"FTSE100": -0.8862646270158855, "DJIA": -0.07182535692740982, "GBPUSD": 0.09316191540897882, "Gold": -0.7342677400233386}
