{"FTSE100": -0.20987080495533103, "DJIA": 0.31756058227224515, "GBPUSD": 0.1916779809919479, "Gold": -0.7814810121235162}
