{"FTSE100": -0.43611338685891565, "DJIA": -0.10859065872127777, "GBPUSD": -0.06336633663365639, "Gold": -0.2063679245283041}
