{"FTSE100": 0.6845226633804379, "DJIA": 0.41783286277191956, "GBPUSD": -0.12568735271013712, "Gold": 1.1073613161780214}
