{"FTSE100": -0.36989610766646575, "DJIA": -1.2671628247783644, "GBPUSD": -0.07121943499247455, "Gold": 0.0638977635782837}
