{"FTSE100": -0.2260717475439027, "DJIA": -0.11368596484266662, "GBPUSD": -0.04726642508271103, "Gold": -0.3032045585237051}
