{"FTSE100": 0.5279730054489413, "DJIA": 0.31749278250615887, "GBPUSD": 0.0, "Gold": 0.13339447246653957}
