{"FTSE100": -0.7725403471947059, "DJIA": 0.3853358454754037, "GBPUSD": 0.05771767810025749, "Gold": 0.0}
