{"FTSE100": 0.7181447249803296, "DJIA": 0.7838949668673242, "GBPUSD": 0.3570835409400407, "Gold": 0.36864882192659565}
