{"FTSE100": 0.3968774670398065, "DJIA": 1.3564904820566428, "GBPUSD": -0.12523942831883106, "Gold": 0.3052049822651134}
