{"FTSE100": 0.15966430379543176, "DJIA": 0.21783524633285034, "GBPUSD": 0.633825417201542, "Gold": 0.1824437030859049}
