{"FTSE100": 0.6725496336962511, "DJIA": 0.2339464801008847, "GBPUSD": -0.04723293710146689, "Gold": -0.025947067981314176}
