{"FTSE100": 0.6368329694713715, "DJIA": -0.01444620658617093, "GBPUSD": -0.5333728424327798, "Gold": 0.035756853396909205}
