{"FTSE100": 0.06466749424943236, "DJIA": 0.5515321384034096, "GBPUSD": -0.13997654447091948, "Gold": 0.05425515423965629}
