{"FTSE100": -2.9207903895187717, "DJIA": 0.48082657224923836, "GBPUSD": 0.023499921666942584, "Gold": 3.3957687643174834}
