{"FTSE100": 3.044086318344477, "DJIA": -3.776209138738364, "GBPUSD": 0.9324645936561294, "Gold": 3.203009978733849}
