{"FTSE100": -0.2436133036435679, "DJIA": -0.6116234251628423, "GBPUSD": 0.08126477541370263, "Gold": -0.374598644309679}
