{"FTSE100": -0.5220479955505859, "DJIA": 0.2251046591263844, "GBPUSD": -0.05774624649398984, "Gold": -0.3643768084878338}
