{"FTSE100": 0.028824058176754763, "DJIA": -0.9255577868149343, "GBPUSD": -0.4901173067652075, "Gold": -0.32274678111586735}
