{"FTSE100": 0.638230076069146, "DJIA": 0.9678664521249756, "GBPUSD": -0.2601178180705431, "Gold": 1.3316943249334152}
