{"FTSE100": -0.1960441392541857, "DJIA": -0.0025749426324333025, "GBPUSD": -0.24243780537837106, "Gold": -0.3116266416046276}
