{"FTSE100": 0.6362398305118172, "DJIA": -0.7324066261955087, "GBPUSD": -1.0370862026051568, "Gold": -0.1673143350604564}
