{"FTSE100": 0.5002498539357302, "DJIA": -0.4821998217510103, "GBPUSD": -0.21063523151398833, "Gold": -0.42540344714019096}
