{"FTSE100": -0.6933418882599897, "DJIA": -0.5079523690565482, "GBPUSD": 0.64385715355244, "Gold": 0.5793606446489962}
