{"FTSE100": 0.16335241586556581, "DJIA": 1.2928433847263459, "GBPUSD": -0.24376523532720606, "Gold": -0.36995570267244976}
