{"FTSE100": 0.7247355648152329, "DJIA": 0.8373737289924894, "GBPUSD": -0.22214938635782625, "Gold": -1.8926782446983985}
