{"FTSE100": 0.062378315029391944, "DJIA": 0.22115950520776653, "GBPUSD": 0.3901767271057977, "Gold": 0.8399918049580051}
