{"FTSE100": 1.009863567485155, "DJIA": 0.6420607733242925, "GBPUSD": -0.03934529430281452, "Gold": 0.27269572115622986}
