{"FTSE100": 0.6416603089560576, "DJIA": -0.016439369874694403, "GBPUSD": -0.16308376575240768, "Gold": -0.7687437822194084}
