{"FTSE100": 0.3582632944730669, "DJIA": 0.993441695519574, "GBPUSD": 0.27930731785173235, "Gold": -2.5646702830362744}
