{"FTSE100": 0.27181270592536094, "DJIA": -0.2878280428684172, "GBPUSD": -0.21046301864100372, "Gold": -1.4810817293278193}
