{"FTSE100": -0.16917430862686303, "DJIA": 0.6769564040075818, "GBPUSD": -0.1700129533678749, "Gold": 0.322429663529047}
