{"FTSE100": -0.06302232828033019, "DJIA": 0.24853563639921888, "GBPUSD": -0.14914828479472586, "Gold": 0.14369814119500807}
