{"FTSE100": 0.1616615489998225, "DJIA": -0.14147856014914667, "GBPUSD": 0.23880597014926055, "Gold": 0.0}
