{"FTSE100": -0.8043053383673874, "DJIA": -1.1819083437757547, "GBPUSD": -0.0418076089848222, "Gold": 0.0}
