{"FTSE100": -0.5915914905075969, "DJIA": -0.7956158518677132, "GBPUSD": -0.05390835579514231, "Gold": 0.28276596526017467}
