{"FTSE100": 0.5842243694164169, "DJIA": -0.13997541234926147, "GBPUSD": -0.28650949574329226, "Gold": 0.24465150174379496}
