{"FTSE100": 0.8186377524696333, "DJIA": 0.556274082461023, "GBPUSD": -0.32908268202385876, "Gold": 0.33126736482154545}
