{"FTSE100": -0.03224482969797292, "DJIA": 0.23839424343233565, "GBPUSD": 0.05407911001237214, "Gold": -0.45625550308172935}
