{"FTSE100": 0.48197451726669344, "DJIA": -0.4091173785115344, "GBPUSD": -0.6617069797001776, "Gold": 0.9483706991388793}
