{"FTSE100": 0.10484100702434361, "DJIA": 0.24705009466526712, "GBPUSD": -0.3187699231202015, "Gold": 0.3212773207418541}
