{"FTSE100": 0.8198838219137874, "DJIA": 0.11332995823084009, "GBPUSD": 0.183013060477496, "Gold": 0.0}
