{"FTSE100": -0.6992653404566124, "DJIA": -0.8251075242674387, "GBPUSD": -0.3161872445438415, "Gold": -0.08223684210526316}
