{"FTSE100": -2.1714301070934328, "DJIA": -1.149301926235633, "GBPUSD": 0.18891687657432146, "Gold": -0.5782454678057999}
