{"FTSE100": 0.4692873142568793, "DJIA": 2.1208611690249506, "GBPUSD": -0.6346401028277648, "Gold": -0.4046301987297731}
