{"FTSE100": 1.6541006385849697, "DJIA": 0.7505318084320595, "GBPUSD": -0.5280627640313909, "Gold": 0.9705063995548217}
