{"FTSE100": -0.2260717475439027, "DJIA": -0.04943114502259641, "GBPUSD": -0.05514416259649621, "Gold": -0.33457054733650954}
