{"FTSE100": 0.08670502558960207, "DJIA": -0.4952893059790675, "GBPUSD": 0.21661766981279096, "Gold": -0.05477251150222741}
