{"FTSE100": -0.2485327265767849, "DJIA": 0.29920841251814084, "GBPUSD": 0.04726642508271103, "Gold": -0.015682994406396283}
