{"FTSE100": 0.06749726942864336, "DJIA": 0.9628022998631793, "GBPUSD": -0.07143424081275505, "Gold": 0.08341153164425692}
