{"FTSE100": 1.6417134328761411, "DJIA": 1.200804218695769, "GBPUSD": -0.19550342130986947, "Gold": -0.27283751010508606}
