{"FTSE100": 0.2241257868364337, "DJIA": 0.5190625735796204, "GBPUSD": 0.16398330351820228, "Gold": 0.20059279662285012}
