{"FTSE100": -0.30965222922794045, "DJIA": -1.459043581062493, "GBPUSD": -0.5428134556574835, "Gold": -0.3980416351550372}
