{"FTSE100": 0.3708885018656819, "DJIA": -0.52988554472234, "GBPUSD": -0.5183665858661205, "Gold": -0.28926117873930063}
