{"FTSE100": -0.6025577711612377, "DJIA": 0.11058008354845203, "GBPUSD": -0.2546850648116444, "Gold": 0.5298278059630575}
