{"FTSE100": -0.18371434668915587, "DJIA": -0.16919160145741743, "GBPUSD": 0.09509469847056738, "Gold": 0.0}
