{"FTSE100": 0.5320646975133888, "DJIA": 0.6663545364751647, "GBPUSD": 0.2926057730328222, "Gold": 0.6130202037644542}
