{"FTSE100": -1.2405487260345316, "DJIA": -0.8229843389829582, "GBPUSD": 0.2021260667764579, "Gold": 0.0}
