{"FTSE100": 0.3735818895240006, "DJIA": -0.40458977250116795, "GBPUSD": -0.163580935385529, "Gold": 0.05069935283766717}
