{"FTSE100": 0.5677337591918912, "DJIA": 0.6450966991081891, "GBPUSD": 0.248812485862933, "Gold": 1.3704658326522885}
