{"FTSE100": -0.1406547538902329, "DJIA": 0.1023721454592989, "GBPUSD": -0.03850596842510165, "Gold": 0.8042304726230999}
