{"FTSE100": 0.5765722372634214, "DJIA": 1.237817360522537, "GBPUSD": -0.39243953227615935, "Gold": 0.0}
