{"FTSE100": -0.17620342776830633, "DJIA": -0.15920665509372017, "GBPUSD": -0.05519634127108681, "Gold": 0.3648015775203397}
