{"FTSE100": -0.534036583339034, "DJIA": 0.5270381416418123, "GBPUSD": -0.10026222427887219, "Gold": 0.18572784679516283}
