{"FTSE100": -0.08352251951269482, "DJIA": -0.6804313792889797, "GBPUSD": -0.11847405418212106, "Gold": -1.1916329974939999}
