{"FTSE100": -0.0002593569503711017, "DJIA": -0.8275391460364453, "GBPUSD": -0.13721850028251148, "Gold": 0.2339242085564277}
