{"FTSE100": 1.0923464854115446, "DJIA": 1.0916483436405784, "GBPUSD": -0.3048083517488382, "Gold": 0.7126464548858669}
