{"FTSE100": -0.01665734029123987, "DJIA": -0.28275448479532655, "GBPUSD": -0.023655574830465775, "Gold": 0.3648015775203397}
