{"FTSE100": 0.24080005983913577, "DJIA": 0.4269146106869218, "GBPUSD": 0.03230234999597658, "Gold": -0.13634297833661796}
