{"FTSE100": 0.13105315172086654, "DJIA": -0.7654102166605894, "GBPUSD": -0.044596402556872, "Gold": -0.20748117849309383}
