{"FTSE100": 0.3329640734033298, "DJIA": -1.0856999866524848, "GBPUSD": 0.07980209081477055, "Gold": -0.5803285683806234}
