{"FTSE100": -0.422521764708918, "DJIA": 0.3871303102434526, "GBPUSD": -0.14417300760913285, "Gold": -0.24140012070005806}
