{"FTSE100": -0.22043049963407965, "DJIA": -1.088158395222252, "GBPUSD": 0.12749003984064108, "Gold": 1.5783590431477836}
