{"FTSE100": 0.3298598185830959, "DJIA": -0.04318568243076875, "GBPUSD": 0.3676888669876063, "Gold": -0.25839793281653745}
