{"FTSE100": -0.09582925828942755, "DJIA": -0.4819215016781777, "GBPUSD": -0.16066838046272505, "Gold": 0.48658061872567093}
