{"FTSE100": 1.0934655884198952, "DJIA": -0.004928097210777162, "GBPUSD": 0.10617445279321128, "Gold": 0.7741935483870968}
