{"FTSE100": -0.12724806944420594, "DJIA": 1.02572767302188, "GBPUSD": 0.09563520905856496, "Gold": 0.06523407521106189}
