{"FTSE100": 0.01589270952000691, "DJIA": 0.3644906216491603, "GBPUSD": 0.023610892491751065, "Gold": 0.5198534508367164}
