{"FTSE100": 0.6043094487217797, "DJIA": -0.5345518355592952, "GBPUSD": -0.03743355543909148, "Gold": 0.0}
