{"FTSE100": 0.612780415295247, "DJIA": 0.71200223359167, "GBPUSD": 0.20433510957973272, "Gold": 0.37500438089229376}
