{"FTSE100": -0.39883352951391887, "DJIA": -0.06511451369650686, "GBPUSD": -0.3023070803500242, "Gold": 0.3362885967594077}
