{"FTSE100": -0.44058074256793633, "DJIA": 0.2992084125181408, "GBPUSD": -0.3938868756893111, "Gold": -0.3084322233258451}
