{"FTSE100": 0.3958749469003334, "DJIA": 0.0, "GBPUSD": -0.07258064516128233, "Gold": 0.0}
