{"FTSE100": -0.3375627183649866, "DJIA": 0.3817162424390318, "GBPUSD": 0.2841121495327122, "Gold": 1.3963406245700836}
