{"FTSE100": -0.6110735367262512, "DJIA": 0.5007868701697007, "GBPUSD": 0.11949334820362119, "Gold": 0.15278060704827867}
