{"FTSE100": 0.5273560024013673, "DJIA": 0.030969331005083863, "GBPUSD": 0.5524406332453766, "Gold": -0.10998075336816057}
