{"FTSE100": 0.12032149393883282, "DJIA": -0.7558810385678244, "GBPUSD": 0.17160337237931572, "Gold": 2.056549115372636}
