{"FTSE100": -0.3180522898207606, "DJIA": 0.15976816467024268, "GBPUSD": -0.01577411467781197, "Gold": -0.353183557343277}
