{"FTSE100": 0.40831096373493003, "DJIA": 0.9508382612683213, "GBPUSD": 0.4777201219009989, "Gold": -0.53958700840511}
