{"FTSE100": 0.009315827969385945, "DJIA": -0.028891600975112, "GBPUSD": 0.23711666139739895, "Gold": 1.1107775442809809}
