{"FTSE100": 0.019285907144785733, "DJIA": 0.1440814014874075, "GBPUSD": 0.047896543466107916, "Gold": 0.0}
