{"FTSE100": -0.2594963803612494, "DJIA": 0.011084016847710078, "GBPUSD": -0.015698587127156827, "Gold": -1.2398785425101062}
