{"FTSE100": -0.21895619110402612, "DJIA": 0.3497367967820414, "GBPUSD": -0.2663065901504026, "Gold": -2.26928895612708}
