{"FTSE100": 0.19218013020006994, "DJIA": -0.055655564422970025, "GBPUSD": 0.21907518973477316, "Gold": -0.1583409949943884}
