{"FTSE100": 0.6540813811027487, "DJIA": 0.5951261895306096, "GBPUSD": -0.394706292082647, "Gold": -2.574883720930226}
