{"FTSE100": -0.613267760443965, "DJIA": -0.3772102594914932, "GBPUSD": 0.09445843828716073, "Gold": 0.0}
