{"FTSE100": -0.8615028991371605, "DJIA": -0.8856748254826043, "GBPUSD": -0.40752351097177675, "Gold": 0.1910665760869565}
