{"FTSE100": 0.3814751670246007, "DJIA": 0.8285256107914414, "GBPUSD": 0.6042296072507403, "Gold": -0.6418219461697723}
