{"FTSE100": 0.5714915341389097, "DJIA": 0.12941582381601738, "GBPUSD": 0.047025628967782264, "Gold": 0.041116730397598784}
