{"FTSE100": -0.4815066932985343, "DJIA": -0.9621477201328661, "GBPUSD": -0.762278978388984, "Gold": -0.9625250403087919}
