{"FTSE100": -0.1406547538902329, "DJIA": -0.12955491991911633, "GBPUSD": -0.046207162110121984, "Gold": 0.6353053505196182}
