{"FTSE100": -1.1854162464340208, "DJIA": 0.0908264781194285, "GBPUSD": -0.0675624953081526, "Gold": 0.07252185197908664}
