{"FTSE100": 1.0408036635541282, "DJIA": 0.3261876944602121, "GBPUSD": -0.07629602859093333, "Gold": 1.971261462921507}
