{"FTSE100": 0.0, "DJIA": -2.5846549704372133, "GBPUSD": 0.2584801367956573, "Gold": -0.9937417030153544}
