{"FTSE100": 0.5273560024013673, "DJIA": -0.050227063150569254, "GBPUSD": 0.4452506596305944, "Gold": -0.10998075336816057}
