{"FTSE100": -0.08685202094944072, "DJIA": 0.15576388686972736, "GBPUSD": -0.8161983989954453, "Gold": -0.871894788114947}
