{"FTSE100": -0.111912224520121, "DJIA": 0.0, "GBPUSD": -0.5127800568002485, "Gold": -0.6187326648175805}
