{"FTSE100": 0.02600603176549318, "DJIA": -0.7132645240390648, "GBPUSD": 0.024865312888517774, "Gold": 0.13495276653170918}
