{"FTSE100": -0.3014950997172074, "DJIA": -0.2543230923250356, "GBPUSD": 0.047558655675327674, "Gold": -0.48223600039365977}
