{"FTSE100": 0.21197706859751705, "DJIA": 1.4299348501031526, "GBPUSD": 0.049367713515363947, "Gold": 0.4637681159420246}
