{"FTSE100": 0.23434421715099968, "DJIA": -0.20163508038452232, "GBPUSD": 0.22957861216026829, "Gold": 0.682269626047149}
