{"FTSE100": -1.3783564086427538, "DJIA": -0.2921131563027652, "GBPUSD": 0.33195692656465003, "Gold": 0.7251967288998564}
