{"FTSE100": 0.7164923984535534, "DJIA": 0.563246032839169, "GBPUSD": 0.9042196918955057, "Gold": 0.3482202078266612}
