{"FTSE100": 0.15856586239996073, "DJIA": 0.12871979236174882, "GBPUSD": 0.5126681031280115, "Gold": 1.7270211924959769}
