{"FTSE100": 0.4844131105242977, "DJIA": 0.48569867360609764, "GBPUSD": 0.15018575606671508, "Gold": -0.126394700139474}
