{"FTSE100": 0.72151274877875, "DJIA": 0.5515321384034098, "GBPUSD": 0.056747247758485865, "Gold": 0.05425515423965629}
