{"FTSE100": -0.4079549486859249, "DJIA": 0.5228858866842576, "GBPUSD": 0.0077399380804945035, "Gold": 0.18934829758666985}
