{"FTSE100": 0.3242899559716863, "DJIA": 0.38292704485341394, "GBPUSD": -0.3502905819600318, "Gold": -1.5434467468235618}
