{"FTSE100": 0.11015079948587381, "DJIA": 0.24695381320185536, "GBPUSD": -0.6205744291510883, "Gold": -0.38732035470389914}
