{"FTSE100": -1.1659198734844525, "DJIA": -0.7453123533346824, "GBPUSD": -0.24705591698922122, "Gold": 0.0}
