{"FTSE100": -1.2236021557649626, "DJIA": -0.5191775790060426, "GBPUSD": -1.0140254089125456, "Gold": -0.5438112745098144}
