{"FTSE100": -0.19174264787140516, "DJIA": 0.2771280948387882, "GBPUSD": -0.06427767957576024, "Gold": -1.3939914163090097}
