{"FTSE100": -0.033035194809040436, "DJIA": -1.018285870998693, "GBPUSD": -0.20799286881591988, "Gold": -0.14163688660332957}
