{"FTSE100": 0.13105315172086654, "DJIA": 1.8895401413403847, "GBPUSD": -0.14416146083612882, "Gold": -0.023707918444752462}
