{"FTSE100": 0.0839997968376983, "DJIA": 0.5210389894994409, "GBPUSD": 0.015586034912716486, "Gold": 0.0}
