{"FTSE100": -0.5942373748496911, "DJIA": -0.8367720635315004, "GBPUSD": -0.18830914083954162, "Gold": 0.40337561700546193}
