{"FTSE100": 0.5320646975133888, "DJIA": 0.672484753002079, "GBPUSD": 0.2688809806247584, "Gold": 0.5741668105681308}
