{"FTSE100": -0.40870349706797426, "DJIA": -0.49200584247563706, "GBPUSD": 0.0472292191435891, "Gold": -0.3821027979785604}
