{"FTSE100": 0.4038340077989297, "DJIA": 0.8120616239471143, "GBPUSD": -0.22110399512047305, "Gold": 0.438430720387025}
