{"FTSE100": 1.6213580551808802, "DJIA": 0.6675547037887289, "GBPUSD": 0.0, "Gold": 0.0}
