{"FTSE100": -0.5900503297263875, "DJIA": 0.02711714794929295, "GBPUSD": -0.03154822935562394, "Gold": 0.10772168633402623}
