{"FTSE100": 0.1136540229309846, "DJIA": 0.5098021565847117, "GBPUSD": 0.5027196307895165, "Gold": -0.4433050259039781}
