{"FTSE100": -0.22076414651027687, "DJIA": 0.526500436470395, "GBPUSD": 0.40826128722381383, "Gold": -0.3902341404842883}
