{"FTSE100": 0.6898354911194534, "DJIA": -0.13114792119699958, "GBPUSD": -0.01894872475081377, "Gold": 0.44071804794152425}
