{"FTSE100": -0.40796993740448806, "DJIA": -0.31661186361566174, "GBPUSD": 0.015604275571504874, "Gold": -0.22977941176470587}
