{"FTSE100": 0.07630560460084744, "DJIA": -1.037809090216601, "GBPUSD": -0.04723293710146689, "Gold": 0.0}
