{"FTSE100": -0.1637839141632251, "DJIA": -0.8275391460364453, "GBPUSD": -0.016143352974411006, "Gold": 0.2339242085564277}
