{"FTSE100": 0.40055484081440246, "DJIA": 0.20374432896980163, "GBPUSD": 0.07003346043108713, "Gold": 0.7143160848675616}
