{"FTSE100": 0.0405200639461288, "DJIA": 0.03857636442923924, "GBPUSD": 0.17244210872064303, "Gold": 0.7437457741717353}
