{"FTSE100": -0.3425460025766262, "DJIA": 0.5036677750515509, "GBPUSD": -0.07068715353993872, "Gold": 0.0}
