{"FTSE100": -0.03884043972992919, "DJIA": 0.7590352114147928, "GBPUSD": 0.00741289844329051, "Gold": -1.3948930774108086}
