{"FTSE100": -0.35743887863020696, "DJIA": -0.1045580090866439, "GBPUSD": -0.063331222292575, "Gold": -0.536904832143484}
