{"FTSE100": -0.0026263687421736056, "DJIA": 1.1808025691264488, "GBPUSD": -0.3840158168890916, "Gold": -0.09496444920618574}
