{"FTSE100": -0.634337662994314, "DJIA": 0.07634675873089147, "GBPUSD": -0.2515577228220887, "Gold": 0.24186601285533518}
