{"FTSE100": 0.5479165627145963, "DJIA": 0.6036652953855893, "GBPUSD": -0.2864476767977314, "Gold": -0.33003300330033003}
