{"FTSE100": 0.9091702125597194, "DJIA": 1.0427413855832555, "GBPUSD": 0.3632785892681554, "Gold": 0.20227953475706295}
