{"FTSE100": 0.2778333293788143, "DJIA": 0.9295036541013243, "GBPUSD": 0.2506635210852307, "Gold": -0.8772441128468147}
