{"FTSE100": -0.0032867893734798382, "DJIA": 0.7735517288974445, "GBPUSD": -0.23439789041897668, "Gold": -0.6603433785568494}
