{"FTSE100": -1.3646873933234094, "DJIA": -0.6941836620043264, "GBPUSD": -0.024174053182914337, "Gold": 0.0861894139119877}
