{"FTSE100": 1.0674876279090175, "DJIA": 0.9339390297073944, "GBPUSD": -0.03093102381688493, "Gold": 0.24335939522600414}
