{"FTSE100": 0.33343708134295474, "DJIA": -0.31818228450353336, "GBPUSD": -0.23951106706310907, "Gold": 0.20664281034221604}
