{"FTSE100": 0.5372182193351956, "DJIA": 0.7978554537875318, "GBPUSD": 0.032943501894247725, "Gold": 0.37874746612610205}
