{"FTSE100": -0.507542556387868, "DJIA": -0.7552689855293765, "GBPUSD": 0.16585057652819388, "Gold": 0.3637793727263834}
