{"FTSE100": -0.31037584900944204, "DJIA": 0.36800301822922377, "GBPUSD": 0.26990553306343334, "Gold": 0.0}
