{"FTSE100": -0.062273654197133675, "DJIA": -0.33306053892433907, "GBPUSD": -0.35778175313058547, "Gold": 0.24786560176260403}
