{"FTSE100": -0.24838621516968692, "DJIA": -0.4000532397421384, "GBPUSD": -0.026978070682533658, "Gold": 0.274233061537899}
