{"FTSE100": 0.7647478528489451, "DJIA": 0.3272824659842892, "GBPUSD": -0.35745492096275877, "Gold": -0.14551658387275282}
