{"FTSE100": 0.4844131105242977, "DJIA": -1.1082844286600029, "GBPUSD": -0.03161805390877843, "Gold": 0.37046722454672243}
