{"FTSE100": -0.7372395799189793, "DJIA": -0.10753075007499042, "GBPUSD": -0.3801358783565309, "Gold": 0.0}
