{"FTSE100": -0.4386243527191379, "DJIA": 0.08574954147668495, "GBPUSD": -0.11405976731807899, "Gold": -0.43694440259153455}
