{"FTSE100": 0.3437529346760179, "DJIA": -0.059160372481007695, "GBPUSD": -0.14070947196919298, "Gold": 0.09657753365124261}
