{"FTSE100": 0.24384221248225296, "DJIA": -0.061504421705966046, "GBPUSD": 0.1230516817063213, "Gold": 0.7266321699878919}
