{"FTSE100": -0.039749270662675765, "DJIA": -0.06674616616787857, "GBPUSD": 0.09379807151166439, "Gold": -0.18281969704164058}
