{"FTSE100": 1.5621599755415934, "DJIA": 2.1208611690249506, "GBPUSD": -0.6147704590818395, "Gold": -1.547017189079874}
