{"FTSE100": 0.6100469296860547, "DJIA": 0.5562740824610231, "GBPUSD": -0.24681201151788495, "Gold": 0.15494763838426284}
