{"FTSE100": -0.8569770086992015, "DJIA": -0.027544844268255538, "GBPUSD": -0.44649851167161336, "Gold": 0.6501822480543811}
