{"FTSE100": 0.4170432305289069, "DJIA": 0.4716513738212854, "GBPUSD": 0.08802816901409258, "Gold": 0.7002074688796799}
