{"FTSE100": -0.20314729793430933, "DJIA": -0.5139098012988401, "GBPUSD": -0.18037800956787456, "Gold": -0.24503005085528096}
