{"FTSE100": 0.31007481427291456, "DJIA": 0.6675547037887289, "GBPUSD": 0.15385861203336404, "Gold": -1.1791441557327844}
