{"FTSE100": 0.058592993007612955, "DJIA": 0.12871979236174882, "GBPUSD": 0.5200980756371123, "Gold": 2.0401958101492874}
