{"FTSE100": -0.1856530328428965, "DJIA": -0.9417440188201537, "GBPUSD": -0.3296220334016956, "Gold": 0.05102653379756927}
