{"FTSE100": 0.08013797248515114, "DJIA": -0.12173146939566765, "GBPUSD": -0.07776654483240453, "Gold": 0.31962318109176163}
