{"FTSE100": 0.5926560607240813, "DJIA": 0.4658403495534576, "GBPUSD": 0.01596806387225373, "Gold": 0.12133468149646567}
