{"FTSE100": 1.677463477649649, "DJIA": 0.2707021460312158, "GBPUSD": -0.49308867512731336, "Gold": -2.739326217478311}
