{"FTSE100": -0.1856530328428965, "DJIA": -0.9417440188201537, "GBPUSD": 0.2242729512114414, "Gold": -0.08102754936679289}
