{"FTSE100": -0.004503791846303332, "DJIA": 0.3646263403213083, "GBPUSD": 0.007917656373712507, "Gold": 0.39488017429193584}
