{"FTSE100": 1.171617550136535, "DJIA": -0.15475309088682992, "GBPUSD": 0.30894431467108674, "Gold": 2.5155481295832227}
