{"FTSE100": -0.1155695380428815, "DJIA": -0.16905891385368224, "GBPUSD": -0.24837374334713078, "Gold": 0.4339385634349524}
