{"FTSE100": -0.8456228056081614, "DJIA": -0.20408175406198337, "GBPUSD": 0.3708587440250493, "Gold": 0.05875126849329215}
