{"FTSE100": -0.10637221230514614, "DJIA": 0.0, "GBPUSD": -0.10774660969719126, "Gold": -0.083747083806895}
