{"FTSE100": -0.01485288399534807, "DJIA": -0.3081788779435541, "GBPUSD": -0.003940576112218424, "Gold": 0.8560930338270354}
