{"FTSE100": 0.26277923894247185, "DJIA": 0.8519050843143435, "GBPUSD": -0.06542739483508582, "Gold": 0.1466666666666697}
