{"FTSE100": -0.09429685374920332, "DJIA": 0.7735517288974445, "GBPUSD": -0.1354765479110913, "Gold": 0.02701404730458747}
