{"FTSE100": -0.10656241119800317, "DJIA": -0.28001073244478997, "GBPUSD": 0.1728921233565274, "Gold": 0.6442577030812356}
