{"FTSE100": -0.0706372996220523, "DJIA": -0.06746792892504647, "GBPUSD": 0.5640157924421799, "Gold": 1.4264831896768966}
