{"FTSE100": 0.8797672038569124, "DJIA": 1.1630741322677893, "GBPUSD": 0.5349251879990624, "Gold": 0.6463864441441703}
