{"FTSE100": 0.9365080833973423, "DJIA": 0.9981709717002313, "GBPUSD": 0.19494760783039214, "Gold": 0.14235599166200388}
