{"FTSE100": 0.6540813811027487, "DJIA": 0.7149516276686507, "GBPUSD": -0.43340298738488114, "Gold": -2.500465116279063}
