{"FTSE100": -0.5465406983313196, "DJIA": -0.4549979429701898, "GBPUSD": 0.26642307985080754, "Gold": 0.0}
