{"FTSE100": 0.3007814291047958, "DJIA": -1.0210169772739706, "GBPUSD": -0.4955484629598535, "Gold": 0.02725092653150207}
