{"FTSE100": 1.5621599755415934, "DJIA": 2.1208611690249506, "GBPUSD": 0.008033419023135362, "Gold": -0.18951034624052682}
