{"FTSE100": -1.1762999968537127, "DJIA": -0.8367720635315004, "GBPUSD": -0.4315417810906111, "Gold": 0.40337561700546193}
