{"FTSE100": -0.7798032158443922, "DJIA": 0.3612942024034004, "GBPUSD": 0.1912960306073615, "Gold": -0.24520842716309316}
