{"FTSE100": 0.6416603089560576, "DJIA": 0.18152001635408738, "GBPUSD": -0.18532246108227923, "Gold": -0.738596967230412}
