{"FTSE100": 0.4785843455160138, "DJIA": -0.9753276832691349, "GBPUSD": -0.14385039558858975, "Gold": 0.12084070605499038}
