{"FTSE100": 0.8955566508449941, "DJIA": 1.0096927401075702, "GBPUSD": 0.4333960258402044, "Gold": -1.2562433782352096}
