{"FTSE100": 0.8954686261796692, "DJIA": 0.9184683280007753, "GBPUSD": -0.5025879528917507, "Gold": -3.6432604093154577}
