{"FTSE100": 0.5238081493858082, "DJIA": 1.186474913407727, "GBPUSD": -0.1340882002383808, "Gold": 0.14066967991881407}
