{"FTSE100": 0.5943109294945202, "DJIA": 1.237817360522537, "GBPUSD": -0.4565112926477685, "Gold": 0.0}
