{"FTSE100": -1.2315050897220476, "DJIA": -1.9266148953714364, "GBPUSD": 0.7457414239736293, "Gold": -0.14784394250512972}
