{"FTSE100": 0.41253146705679467, "DJIA": 0.11058167555724675, "GBPUSD": -0.23588614562037202, "Gold": -0.17750861438864418}
