{"FTSE100": -0.03625849892500021, "DJIA": 1.6964902336858947, "GBPUSD": 0.9015654454553005, "Gold": 0.17123287671232187}
