{"FTSE100": -0.4877628425840124, "DJIA": -0.682834275202848, "GBPUSD": 0.024063527713160098, "Gold": 0.0}
