{"FTSE100": -0.5992767727537989, "DJIA": -1.0212708612955381, "GBPUSD": -0.2240939649176959, "Gold": -2.1575984990619173}
