{"FTSE100": 0.07495617796366731, "DJIA": 1.1832258371956732, "GBPUSD": 0.27648313452879836, "Gold": 0.3317324355102265}
