{"FTSE100": -0.32168500927009946, "DJIA": 0.03857636442923924, "GBPUSD": 0.22171128264083978, "Gold": 0.7437457741717353}
