{"FTSE100": 0.9832992324709422, "DJIA": 1.613481632009917, "GBPUSD": 0.517021953547562, "Gold": -1.7578125}
