{"FTSE100": 0.6146874846081869, "DJIA": -0.0606378799878433, "GBPUSD": 0.007849293563578413, "Gold": 1.5392553100008481}
