{"FTSE100": 0.23123050463965433, "DJIA": 0.0995878516447659, "GBPUSD": -0.054411193159729726, "Gold": -0.2489457907839298}
