{"FTSE100": 0.68780946838933, "DJIA": 0.08805943319369763, "GBPUSD": 0.1742850352531078, "Gold": 1.6522461749034538}
