{"FTSE100": 0.5223926376678445, "DJIA": 0.08233753137203556, "GBPUSD": -0.14395393474086707, "Gold": 0.393054595715269}
