{"FTSE100": 0.2662023331069746, "DJIA": 1.4532723122439446, "GBPUSD": -0.07101476359559009, "Gold": 0.8631319358816302}
