{"FTSE100": 1.070496890653408, "DJIA": 1.42650082838567, "GBPUSD": -0.2000480115227612, "Gold": 0.0}
