{"FTSE100": -1.442539871813982, "DJIA": -0.9646810192555927, "GBPUSD": -0.37484069270560877, "Gold": -9.023280238053573}
