{"FTSE100": -1.007148419102206, "DJIA": -1.192592695962823, "GBPUSD": 0.5038407532832241, "Gold": 3.1318394997394545}
