{"FTSE100": 1.213727729696392, "DJIA": 2.012366574041311, "GBPUSD": 0.1556299120690998, "Gold": 1.479654747225655}
