{"FTSE100": 0.33939536082404387, "DJIA": -1.0836312961629802, "GBPUSD": -0.06349710294467116, "Gold": 0.0}
