{"FTSE100": -0.12672495264434186, "DJIA": 0.47947084903889636, "GBPUSD": 0.09195402298851264, "Gold": 0.0}
