{"FTSE100": -0.05365892755501151, "DJIA": -0.4948898040914321, "GBPUSD": 0.09879795817552015, "Gold": 0.8110980589584382}
