{"FTSE100": -0.19223844745023524, "DJIA": -0.1707605734446902, "GBPUSD": 0.12625266314211675, "Gold": -0.04159261920066204}
