{"FTSE100": -0.25894691524551466, "DJIA": -1.810305551173148, "GBPUSD": -0.11339705167666189, "Gold": 0.0}
