{"FTSE100": 0.7288846376247659, "DJIA": -0.2700494572774037, "GBPUSD": -0.13027194268033088, "Gold": -0.3074558032282859}
