{"FTSE100": -0.6652909490064568, "DJIA": -1.3355971700710638, "GBPUSD": -0.0880540064572841, "Gold": -3.0641217761653055}
