{"FTSE100": 0.20694783146751064, "DJIA": -0.6683535979045157, "GBPUSD": 0.6018916595012929, "Gold": 0.3392095389834063}
