{"FTSE100": 0.03612862309658357, "DJIA": -0.04913866970017493, "GBPUSD": 0.05516589171722932, "Gold": 0.0}
