{"FTSE100": 0.04129307059788094, "DJIA": -0.03975865797091425, "GBPUSD": -0.11807304785892907, "Gold": 0.4372494924782605}
