{"FTSE100": -0.11628062942177077, "DJIA": 0.8603362734405032, "GBPUSD": -0.08612619359670357, "Gold": -0.2905246112447269}
