{"FTSE100": 0.006896734661392994, "DJIA": -0.03706468446607502, "GBPUSD": 0.2387525180929711, "Gold": 0.9600421365127115}
