{"FTSE100": 0.2534250073571097, "DJIA": 0.08154302873818876, "GBPUSD": 0.271128669920198, "Gold": -0.037267080745345384}
