{"FTSE100": -0.4133473384809005, "DJIA": -0.6455332822050884, "GBPUSD": -0.9436425347804878, "Gold": 0.179915363758455}
