{"FTSE100": 0.5423412104789638, "DJIA": 0.3612942024034004, "GBPUSD": 0.007970667941972659, "Gold": -1.2949923679157114}
