{"FTSE100": -0.9960209414516383, "DJIA": 1.1420242096903337, "GBPUSD": -0.06980532071667749, "Gold": -0.3944705519157548}
