{"FTSE100": -0.3640964455690949, "DJIA": -0.7732145109847156, "GBPUSD": -0.1941119378841944, "Gold": 0.0}
