{"FTSE100": 0.6057456707069105, "DJIA": -0.23727577130102045, "GBPUSD": -0.03483376553004137, "Gold": -0.08325861406429835}
