{"FTSE100": 0.8309984748298236, "DJIA": 0.8202803915162938, "GBPUSD": 0.6958100136136814, "Gold": -1.0192973775358734}
