{"FTSE100": 0.36091675315842553, "DJIA": -0.6251422152067638, "GBPUSD": -0.08889547373880212, "Gold": 0.5303933253873714}
