{"FTSE100": -0.796681479478907, "DJIA": -0.36454083119177816, "GBPUSD": -0.07298989666167312, "Gold": 0.31060387171337434}
