{"FTSE100": 0.5842243694164169, "DJIA": 0.24269859177144432, "GBPUSD": -0.13916175507531392, "Gold": 0.24465150174379496}
