{"FTSE100": 0.6362398305118172, "DJIA": -0.784375726072066, "GBPUSD": -1.0121961337426357, "Gold": -0.1673143350604564}
