{"FTSE100": 0.18412314733330623, "DJIA": 0.6092074879444653, "GBPUSD": -0.2337578591004453, "Gold": 0.0}
