{"FTSE100": 0.05069509400013112, "DJIA": 1.0085700427984527, "GBPUSD": 0.4563798891110105, "Gold": 1.5016939840673875}
