{"FTSE100": 1.4673083065163324, "DJIA": 0.0, "GBPUSD": -0.44831880448319394, "Gold": 0.9616969830191789}
