{"FTSE100": -2.9207903895187717, "DJIA": 7.870403943728889, "GBPUSD": 0.0624317153113713, "Gold": 0.5103876983477953}
