{"FTSE100": 0.49939005794450436, "DJIA": 2.1208611690249506, "GBPUSD": -0.4980719794344459, "Gold": -0.7273099774636368}
