{"FTSE100": -0.02230154413412734, "DJIA": 0.0, "GBPUSD": -0.12632243802303994, "Gold": 0.3115022194533136}
