{"FTSE100": -0.5928423738757361, "DJIA": -0.17074579069117307, "GBPUSD": -0.3035463093210922, "Gold": -0.033342426722450476}
