{"FTSE100": 0.0155194843752604, "DJIA": 0.1664131657039827, "GBPUSD": -0.38214488982843536, "Gold": -0.24913565182022018}
