{"FTSE100": 0.7546856858517086, "DJIA": 0.5675081001318061, "GBPUSD": -0.19979221609525666, "Gold": 0.13305863164219714}
