{"FTSE100": 1.5845041051490267, "DJIA": 0.760779113820951, "GBPUSD": -0.39212482640306473, "Gold": -0.3022138071657343}
