{"FTSE100": 0.5279730054489413, "DJIA": 0.256406883221689, "GBPUSD": 0.015481074386560722, "Gold": 0.2755165936130206}
