{"FTSE100": 0.6130167554339202, "DJIA": -0.31606337655783, "GBPUSD": -0.894398242585898, "Gold": 0.0}
