{"FTSE100": 0.16729625013940472, "DJIA": -0.613484191855639, "GBPUSD": 0.12346631684543914, "Gold": -0.1751249589550778}
