{"FTSE100": 0.28397894651545813, "DJIA": 0.12999889217014268, "GBPUSD": 0.05491488193299779, "Gold": 0.15688217323093578}
