{"FTSE100": -0.27231537175414194, "DJIA": 0.03998756396987386, "GBPUSD": 0.007923930269412757, "Gold": -0.24337244676227332}
