{"FTSE100": 1.154394661731637, "DJIA": 1.0537205422430127, "GBPUSD": 0.03659786268481517, "Gold": 2.2368848025960095}
