{"FTSE100": -1.1145347319651486, "DJIA": -0.6526720275650322, "GBPUSD": -0.034162080091103546, "Gold": -0.026910656620030428}
