{"FTSE100": -0.5766540581277096, "DJIA": -0.9812022814735234, "GBPUSD": -0.37355104555780794, "Gold": -0.9620290066321728}
