{"FTSE100": -0.45641132123690215, "DJIA": 0.0, "GBPUSD": 0.015832805573145817, "Gold": 0.054345141050338865}
