{"FTSE100": 0.12934370562164024, "DJIA": 2.813908960571047, "GBPUSD": 0.1973284760169957, "Gold": 0.8540372670807453}
