{"FTSE100": 0.49785611587956313, "DJIA": 0.8041113741553874, "GBPUSD": -0.08749602290805765, "Gold": 0.0}
