{"FTSE100": 0.7947850034561933, "DJIA": -1.1185536979590924, "GBPUSD": 0.0659957102788246, "Gold": 0.7591754650578248}
