{"FTSE100": 0.6380178945937439, "DJIA": -0.48068177418697255, "GBPUSD": -0.18025078369905712, "Gold": 1.3801320558010204}
