{"FTSE100": 0.9168543252280954, "DJIA": -0.16108124706283264, "GBPUSD": -0.0037420948246741363, "Gold": 1.5423209142432464}
