{"FTSE100": 0.3938600679910001, "DJIA": 0.69170284787349, "GBPUSD": 0.09899175068743996, "Gold": -0.5973715651135006}
