{"FTSE100": 0.3314090868303859, "DJIA": 0.08524701629661285, "GBPUSD": -0.2222562844880367, "Gold": 0.5638058738990944}
