{"FTSE100": -0.5546187626402312, "DJIA": -0.05452120254254874, "GBPUSD": -0.5973433938536374, "Gold": 0.36365399534522885}
