{"FTSE100": 0.3772528266829342, "DJIA": -0.37717947116818773, "GBPUSD": 0.09367155007682532, "Gold": 0.0}
