{"FTSE100": 0.0, "DJIA": -0.09677257692693851, "GBPUSD": -0.023685457129337516, "Gold": 0.0}
