{"FTSE100": -0.25444582838612917, "DJIA": -0.22419281713781605, "GBPUSD": 0.0, "Gold": 0.0043380183931940415}
