{"FTSE100": -0.04538552409258128, "DJIA": -0.3743057045706011, "GBPUSD": 0.14287982219400094, "Gold": 0.08475421278293177}
