{"FTSE100": 0.2805292323412319, "DJIA": -0.0003567419206231758, "GBPUSD": -0.024111879119110027, "Gold": -0.2855284082694843}
