{"FTSE100": 0.049568322473228295, "DJIA": -0.5310252474825794, "GBPUSD": -0.09468202619536767, "Gold": -0.9302325581395349}
