{"FTSE100": 0.7424378029869353, "DJIA": 0.43875467638212845, "GBPUSD": 0.5929656404841267, "Gold": 0.8287152371752481}
