{"FTSE100": 0.0688925874701439, "DJIA": 0.16084333565598227, "GBPUSD": -0.4392386530014699, "Gold": 0.0}
