{"FTSE100": 0.05517038231746642, "DJIA": -0.39845450617001726, "GBPUSD": -0.05728032993470259, "Gold": -1.3036198373465084}
