{"FTSE100": -0.43264359842641953, "DJIA": -0.02677167784613725, "GBPUSD": 0.40186209366171954, "Gold": -1.1176048395365465}
