{"FTSE100": 0.612780415295247, "DJIA": 0.7351640765202601, "GBPUSD": 0.18029568492328102, "Gold": 0.3399572424911442}
