{"FTSE100": -2.2401785973885446, "DJIA": -0.8428946203931843, "GBPUSD": 0.5561648127839657, "Gold": 1.9707586578628216}
