{"FTSE100": 1.0259769748947516, "DJIA": 0.007675601026439037, "GBPUSD": 0.16917747522758322, "Gold": -0.6411849495501809}
