{"FTSE100": 0.056816978308617, "DJIA": 0.25396836964239194, "GBPUSD": -0.3412433810551148, "Gold": -0.5884615384615279}
