{"FTSE100": 0.19395757671456104, "DJIA": 0.11640997004562277, "GBPUSD": 0.11531175356231513, "Gold": -0.8872055618968511}
