{"FTSE100": 0.269251226955689, "DJIA": 0.5758306421718188, "GBPUSD": 0.011164452383617617, "Gold": -0.9661533324986284}
