{"FTSE100": -0.5232296112772521, "DJIA": -1.5065052926780242, "GBPUSD": 0.007625438462727698, "Gold": 0.15278838808251305}
