{"FTSE100": 0.1616615489998225, "DJIA": -0.14513282832356797, "GBPUSD": 0.20895522388059057, "Gold": 1.2764154440972357}
