{"FTSE100": -0.36757892462779795, "DJIA": 1.2928433847263459, "GBPUSD": -0.5212825801612609, "Gold": 0.48921773840236216}
