{"FTSE100": -0.1938427936243773, "DJIA": -0.006857032564133123, "GBPUSD": 0.05426356589146689, "Gold": 0.50456143927424}
