{"FTSE100": 0.10937749492461217, "DJIA": 0.2771280948387882, "GBPUSD": -0.04820825968182018, "Gold": -0.3605150214592275}
