{"FTSE100": 0.13265683631943295, "DJIA": 0.39589525184366636, "GBPUSD": -0.1114206128133582, "Gold": 0.4320956639702511}
