{"FTSE100": 1.8507436286720824, "DJIA": 0.4838642504311921, "GBPUSD": 0.5859891875543568, "Gold": -0.38258906171599083}
