{"FTSE100": 0.12647205456636781, "DJIA": 0.28146191685943783, "GBPUSD": -0.1395616123470826, "Gold": 0.0770967564293238}
