{"FTSE100": 0.30075032688850145, "DJIA": 1.0014658993795054, "GBPUSD": 0.363108206245457, "Gold": 0.0}
