{"FTSE100": -0.06347737602979418, "DJIA": -0.3116462119855216, "GBPUSD": 0.09422850412250411, "Gold": 0.39764593605853343}
