{"FTSE100": -1.3492470511445749, "DJIA": 0.0743451223590785, "GBPUSD": 0.16561514195583524, "Gold": -0.5233957918978331}
