{"FTSE100": -1.632310530627468, "DJIA": 0.0743451223590785, "GBPUSD": 0.23659305993691748, "Gold": -0.38207892808541577}
