{"FTSE100": 0.16007302930173095, "DJIA": 0.1440814014874075, "GBPUSD": -0.031931028977423004, "Gold": 0.0}
