{"FTSE100": 0.5944715058733104, "DJIA": -0.8574188729116689, "GBPUSD": 0.023862551702192723, "Gold": -1.7773437499999933}
