{"FTSE100": 0.8011122532352859, "DJIA": 0.703255820321089, "GBPUSD": -0.6647599907242746, "Gold": -0.45006321112515113}
