{"FTSE100": -0.4056844318296288, "DJIA": 0.0, "GBPUSD": -0.29961365607506313, "Gold": -0.802900802900799}
