{"FTSE100": 1.0259769748947516, "DJIA": 0.007675601026439037, "GBPUSD": -0.016112140497863366, "Gold": -0.949351359411497}
