{"FTSE100": 0.20556291257345038, "DJIA": 1.0462668361610967, "GBPUSD": 0.3014822879155703, "Gold": 0.20725388601037262}
