{"FTSE100": 0.9404194125741158, "DJIA": -0.2765231969381284, "GBPUSD": 0.06361561201960989, "Gold": 1.5423209142432464}
