{"FTSE100": -0.5479745023139304, "DJIA": -0.5895971182497137, "GBPUSD": 0.023609034390490825, "Gold": -1.8953627616963327}
