{"FTSE100": -0.18544705832711644, "DJIA": -0.54765403945716, "GBPUSD": 0.06283496581040396, "Gold": 0.0}
