{"FTSE100": 0.014658148213694435, "DJIA": 0.34293820621750776, "GBPUSD": 0.07920164739425707, "Gold": -0.32125735185093657}
