{"FTSE100": -0.16342072088295762, "DJIA": -0.5089684453440293, "GBPUSD": -0.09124781385446656, "Gold": 0.04499662525311056}
