{"FTSE100": 0.5001414129455267, "DJIA": 0.16348673482176437, "GBPUSD": 0.008198737394440353, "Gold": -0.05912706944742577}
