{"FTSE100": 1.90992669678485, "DJIA": 1.5635078949508472, "GBPUSD": 0.6804281345565678, "Gold": -0.19241512010428502}
