{"FTSE100": -0.2049177688563612, "DJIA": -0.16919160145741743, "GBPUSD": 0.023773674617637446, "Gold": -0.19153324820743853}
