{"FTSE100": -0.26741229099808556, "DJIA": -0.31301195247437186, "GBPUSD": -0.17253548741275035, "Gold": 1.3791050699474132}
