{"FTSE100": 0.9311211712695668, "DJIA": 1.6383344263575952, "GBPUSD": -0.4272840273461824, "Gold": 0.2815126050420283}
