{"FTSE100": 0.8908656270607832, "DJIA": -0.7542049013101592, "GBPUSD": -0.3289222060735676, "Gold": -0.22920267528368185}
