{"FTSE100": -0.1019652968537923, "DJIA": 0.3306540522333854, "GBPUSD": 0.41690986408739394, "Gold": -0.05428881650380022}
