{"FTSE100": 0.34235689652620077, "DJIA": -0.5047579644187093, "GBPUSD": 0.0482237582382379, "Gold": 0.2062564455139223}
