{"FTSE100": 0.2778333293788143, "DJIA": 0.7519351131895838, "GBPUSD": -0.10311556308461707, "Gold": -0.3238723354139677}
