{"FTSE100": 0.37283427151108345, "DJIA": 0.10690723826673144, "GBPUSD": -0.5383877867099405, "Gold": -0.2515360983102814}
