{"FTSE100": 0.16406570177519997, "DJIA": 0.0, "GBPUSD": -0.3403289846851942, "Gold": -0.8276140492531333}
