{"FTSE100": -0.8475798233592735, "DJIA": 0.5777370009174757, "GBPUSD": -0.18472906403942269, "Gold": 0.774647887323955}
