{"FTSE100": 0.3022517161749895, "DJIA": -0.7096213059205019, "GBPUSD": 0.07181615065431701, "Gold": 0.009873130275956236}
