{"FTSE100": -0.016994000775562648, "DJIA": 0.3769688105201904, "GBPUSD": -0.08488621205384174, "Gold": -0.10294067185945166}
