{"FTSE100": 0.0007250229590542158, "DJIA": -1.0744556445158242, "GBPUSD": 0.1548162972472988, "Gold": -0.3937954668430338}
