{"FTSE100": 0.15614991818173565, "DJIA": -0.10293798031067991, "GBPUSD": 0.2229654403567555, "Gold": 0.11985788279612097}
