{"FTSE100": -0.7523173945536326, "DJIA": -0.1323783716545597, "GBPUSD": -0.0970559689420972, "Gold": 0.0}
