{"FTSE100": 0.031495108374792025, "DJIA": -0.31661186361566174, "GBPUSD": -0.13291634089132406, "Gold": -0.22977941176470587}
