{"FTSE100": 0.3677859437796629, "DJIA": 0.24915926353200255, "GBPUSD": -0.7480674923115199, "Gold": -0.07618218425204677}
