{"FTSE100": 0.16911754490328998, "DJIA": -0.07898022162281497, "GBPUSD": -0.05540604717428549, "Gold": 0.09196247930844215}
