{"FTSE100": 0.14367613249482128, "DJIA": 0.2512947992615201, "GBPUSD": 0.2887605508662827, "Gold": -0.027486875017179294}
