{"FTSE100": 0.16911754490328998, "DJIA": -0.07964156969438005, "GBPUSD": -0.04752475247524229, "Gold": 0.02755833180231072}
