{"FTSE100": -0.4845090456505364, "DJIA": 0.4262846506250717, "GBPUSD": 0.10183299389002655, "Gold": 0.5713722785932488}
