{"FTSE100": 0.1895583003201259, "DJIA": -0.31661186361566174, "GBPUSD": 0.02340641335725731, "Gold": 0.010212418300655916}
