{"FTSE100": 0.40325255897519346, "DJIA": -0.004053979349273996, "GBPUSD": 0.1801211724250843, "Gold": 0.0}
