{"FTSE100": -0.1386767276103286, "DJIA": -0.1836735133319315, "GBPUSD": -0.40437766648116896, "Gold": -0.47317388493858376}
