{"FTSE100": 0.5623651886390344, "DJIA": 0.188335429096739, "GBPUSD": 0.13700838168923554, "Gold": 0.17889087656529518}
