{"FTSE100": 0.24965452594513704, "DJIA": -0.25280291383128867, "GBPUSD": 0.09469696969695926, "Gold": 0.35953260761010913}
