{"FTSE100": 0.7233699754521118, "DJIA": 0.6814109996095004, "GBPUSD": -0.5926042983565156, "Gold": 0.0}
