{"FTSE100": 0.6843164742557141, "DJIA": 0.6288946278938743, "GBPUSD": -0.3059783461477948, "Gold": 0.0}
