{"FTSE100": 0.9327432704107037, "DJIA": 0.5790647299228465, "GBPUSD": 0.20177562550443476, "Gold": 0.0}
