{"FTSE100": -0.10460276344779944, "DJIA": -0.3306836771535578, "GBPUSD": -0.026978070682533658, "Gold": -0.285202383999405}
