{"FTSE100": 0.2130921753592748, "DJIA": -1.7916514808127648, "GBPUSD": 0.11058684753760371, "Gold": -0.5741431569130413}
