{"FTSE100": 0.23205311162126618, "DJIA": 0.138268833150563, "GBPUSD": 0.31743688173630374, "Gold": 1.9510432661909547}
