{"FTSE100": -0.1102145711264015, "DJIA": 0.6565085988838859, "GBPUSD": 0.3705163579030468, "Gold": 0.20991993751221352}
