{"FTSE100": -0.24721316448016342, "DJIA": 0.19651595316745127, "GBPUSD": -0.5928537093414398, "Gold": -0.02010959730531853}
