{"FTSE100": 0.6501305287564214, "DJIA": 0.17665574821006988, "GBPUSD": 0.2565914246402272, "Gold": 1.11695480108311}
