{"FTSE100": -0.032898641221612755, "DJIA": -1.008917915594655, "GBPUSD": -0.31237484981978486, "Gold": 0.0}
