{"FTSE100": 0.27244632939887165, "DJIA": 0.4752378317991603, "GBPUSD": -0.3184459836000321, "Gold": 0.2831428860349837}
