{"FTSE100": 0.3928324377703325, "DJIA": 0.1359618973639427, "GBPUSD": 0.030553009471429568, "Gold": -0.17142401530855234}
