{"FTSE100": 0.9215530548139054, "DJIA": 0.21424992212786886, "GBPUSD": -0.18534934321862911, "Gold": 1.5589579046489666}
