{"FTSE100": 1.4217533888066052, "DJIA": 0.6621923568740486, "GBPUSD": -0.02992891881780441, "Gold": 0.0}
