{"FTSE100": -1.151261938030597, "DJIA": -0.7519028174464846, "GBPUSD": -0.9039548022598949, "Gold": -0.5475555555555426}
