{"FTSE100": -0.03409022854272481, "DJIA": 0.07395650634066768, "GBPUSD": 0.11643250795622578, "Gold": -0.3668655283549431}
