{"FTSE100": -0.7345311242989868, "DJIA": -0.12675099445595261, "GBPUSD": -0.015850372483751624, "Gold": 0.03452527743526735}
