{"FTSE100": 0.2611787184041065, "DJIA": -0.0022271575264168684, "GBPUSD": 0.14179104477612034, "Gold": 1.1651925215825432}
