{"FTSE100": -0.024367705138992553, "DJIA": 0.3497367967820414, "GBPUSD": -0.33382093694910653, "Gold": -2.26928895612708}
