{"FTSE100": -0.5489098600715923, "DJIA": -0.24956904248889447, "GBPUSD": 0.30039525691699803, "Gold": 1.4231635440126416}
