{"FTSE100": -0.9823883655525013, "DJIA": 0.04056162329261397, "GBPUSD": 0.13322884012539457, "Gold": 0.0}
