{"FTSE100": 0.2490543485080674, "DJIA": 0.4670862221125936, "GBPUSD": -0.313315926892949, "Gold": 0.35716906818014793}
