{"FTSE100": 1.171617550136535, "DJIA": 1.3851018429090824, "GBPUSD": -0.011301563382925029, "Gold": -0.21349670472477772}
