{"FTSE100": 0.01438604027280869, "DJIA": -0.041431396256527295, "GBPUSD": -0.11115227862171595, "Gold": 0.37755845532223736}
