{"FTSE100": 0.16239862888670376, "DJIA": -0.05522153997539943, "GBPUSD": 0.23673892135829636, "Gold": 0.6357829383320317}
