{"FTSE100": 0.6380178945937439, "DJIA": -0.5253636735362835, "GBPUSD": -0.09404388714732506, "Gold": 1.6730377798738925}
