{"FTSE100": 0.0004044363976546105, "DJIA": 0.10140534776691236, "GBPUSD": -0.2505252949733395, "Gold": -0.6377102686417182}
