{"FTSE100": 0.03920836915876833, "DJIA": -1.1808622622220266, "GBPUSD": 0.17529880478087487, "Gold": 1.5783590431477836}
