{"FTSE100": 0.30495832501042985, "DJIA": 1.0598836382265129, "GBPUSD": -0.32791717328028186, "Gold": -1.077386814695434}
