{"FTSE100": -0.013904365576339449, "DJIA": 0.17398569450957196, "GBPUSD": -0.022284950230275363, "Gold": -0.5538301153269769}
