{"FTSE100": -0.27152499844472316, "DJIA": 0.8692896823256527, "GBPUSD": 0.015762925598989435, "Gold": 0.0}
