{"FTSE100": 0.5389581042705277, "DJIA": -0.3844905831802866, "GBPUSD": 0.24736147757255042, "Gold": -0.10998075336816057}
