{"FTSE100": 0.21986497703763958, "DJIA": 0.7756100194817952, "GBPUSD": 1.1099235386006614, "Gold": -0.6959880479539375}
