{"FTSE100": -0.28231657497359697, "DJIA": 0.6900935969219066, "GBPUSD": 0.18937899471316638, "Gold": 0.2987106288047828}
