{"FTSE100": 0.22292212485810556, "DJIA": -0.37717947116818773, "GBPUSD": 0.10116527408296935, "Gold": 0.0}
