{"FTSE100": 0.09175536179233082, "DJIA": 0.21744609405791324, "GBPUSD": 0.007502438292444218, "Gold": -0.09494647392532458}
