{"FTSE100": 0.14142815800722264, "DJIA": 0.2765969764780759, "GBPUSD": 0.2028720315048373, "Gold": 1.0452828749093994}
