{"FTSE100": 0.11733209341521987, "DJIA": 0.09462707680799434, "GBPUSD": 0.7597756474004493, "Gold": 0.7057566856140083}
