{"FTSE100": 0.516031880118995, "DJIA": -0.3557943102279252, "GBPUSD": 0.03917267314322838, "Gold": 0.024366471734889095}
