{"FTSE100": -0.24075683022502986, "DJIA": 0.14872222783215802, "GBPUSD": 0.14149538278224702, "Gold": 0.8034756209270139}
