{"FTSE100": -0.03691096788616015, "DJIA": 0.5789231921862223, "GBPUSD": -0.11767474699929839, "Gold": 0.0}
