{"FTSE100": -0.8115708717146358, "DJIA": 0.7955544708420131, "GBPUSD": -0.0395694840139241, "Gold": 0.0}
