{"FTSE100": -1.47984979936751, "DJIA": -0.6941836620043264, "GBPUSD": 0.08863819500401925, "Gold": 0.0861894139119877}
