{"FTSE100": 0.6253169238845753, "DJIA": 0.19902121877456197, "GBPUSD": 0.08784539210989466, "Gold": 0.31731057844861243}
