{"FTSE100": -0.4692016471998298, "DJIA": -0.038200877995528945, "GBPUSD": 0.36471392751310044, "Gold": 0.41726787037397406}
