{"FTSE100": 0.02483586346216863, "DJIA": -0.1124309771024681, "GBPUSD": 0.7585999699564366, "Gold": 0.06397757738240034}
