{"FTSE100": 0.13182683711556314, "DJIA": -0.17670802027971874, "GBPUSD": 0.06755615605471303, "Gold": 0.0}
