{"FTSE100": -0.7011113473089123, "DJIA": 0.0, "GBPUSD": -0.2613654364010835, "Gold": -0.8819740362699412}
