{"FTSE100": 0.09486550266955325, "DJIA": -0.8347894397865108, "GBPUSD": 0.04845743821677887, "Gold": 0.12943308309603935}
