{"FTSE100": 0.7940562048318781, "DJIA": 1.06403197348351, "GBPUSD": -0.5256293720112275, "Gold": -0.29190524306725724}
