{"FTSE100": 0.1056429135457557, "DJIA": 0.12816061230986897, "GBPUSD": -0.28335301062572416, "Gold": 0.4656692757356516}
