{"FTSE100": -0.08388990690182499, "DJIA": -1.7651661832116925, "GBPUSD": -0.08494864468297775, "Gold": 0.8297941849068962}
