{"FTSE100": -0.016245855682215465, "DJIA": 0.5004432764820844, "GBPUSD": 0.07003891050582886, "Gold": -0.1275249948990002}
