{"FTSE100": 0.6898354911194534, "DJIA": -0.13114792119699958, "GBPUSD": -0.2759611386232133, "Gold": -2.324803478842612}
