{"FTSE100": -1.8889641851882917, "DJIA": -1.6572149860968854, "GBPUSD": 0.4947589098532508, "Gold": 0.0}
