{"FTSE100": 2.179615507768124e-14, "DJIA": 0.02419950087924013, "GBPUSD": -0.2865977826382099, "Gold": 1.8023358205638465e-14}
