{"FTSE100": 0.0797783258731375, "DJIA": 0.2643493497092408, "GBPUSD": 0.39956126606080417, "Gold": 0.29645873944120293}
