{"FTSE100": 0.2297459434253884, "DJIA": 0.08089243940103692, "GBPUSD": -0.3440275222017738, "Gold": -0.059341311442985135}
