{"FTSE100": 0.2805292323412319, "DJIA": -0.305081231250134, "GBPUSD": -0.03614022406937634, "Gold": 0.06498664163478164}
