{"FTSE100": -0.10407454541533097, "DJIA": 0.1664131657039827, "GBPUSD": -0.06504593869419562, "Gold": 0.0}
