{"FTSE100": -0.5269909874136791, "DJIA": 0.6930911437743497, "GBPUSD": 0.018515089798191706, "Gold": -0.4437400950871632}
