{"FTSE100": -0.4959376180255501, "DJIA": 0.7844244525698305, "GBPUSD": 0.45961422543700975, "Gold": 0.30798240100566254}
