{"FTSE100": 0.03612862309658357, "DJIA": -0.07440311086810618, "GBPUSD": 0.0945775535939366, "Gold": 0.7699475258692582}
