{"FTSE100": -0.5710697679453913, "DJIA": 0.4034465362516642, "GBPUSD": 0.1653152798551516, "Gold": 0.0}
