{"FTSE100": -2.346270701746393, "DJIA": -0.44071246929431523, "GBPUSD": 1.2860644917970967, "Gold": -4.856950039878115}
