{"FTSE100": 0.824733941001972, "DJIA": -0.0606378799878433, "GBPUSD": 0.1569858712715857, "Gold": -0.2076447156538728}
