{"FTSE100": -0.075727463000732, "DJIA": 0.004712636104631466, "GBPUSD": 0.23605783416936185, "Gold": 0.34252205842056227}
