{"FTSE100": 0.23895180234741875, "DJIA": 1.117045217631898, "GBPUSD": -0.1566579634464745, "Gold": -0.23752421363343282}
