{"FTSE100": 0.013306076038173407, "DJIA": 0.3191148516912623, "GBPUSD": -0.1675169420543653, "Gold": -0.02552062066149449}
