{"FTSE100": -0.02076560353070374, "DJIA": 0.2510403830314156, "GBPUSD": 0.17711381487757513, "Gold": 0.06645537266127975}
