{"FTSE100": -0.12396904674955661, "DJIA": 0.3746010720720886, "GBPUSD": 0.022278330610423804, "Gold": 0.3922102682827207}
