{"FTSE100": -0.8634122665849269, "DJIA": -0.5618624186262472, "GBPUSD": -0.04775929316245594, "Gold": -0.17651334233204566}
