{"FTSE100": 0.03501382856623348, "DJIA": 0.7955544708420131, "GBPUSD": -0.0791389680278482, "Gold": 0.5245732467644071}
