{"FTSE100": -0.007523810799859041, "DJIA": 0.39148366026754317, "GBPUSD": 0.015136607886187847, "Gold": 0.0}
