{"FTSE100": 0.39092447150497306, "DJIA": 0.0, "GBPUSD": -0.36836935166993684, "Gold": 0.21341939513819733}
