{"FTSE100": -0.526922399671307, "DJIA": 0.5830496679569971, "GBPUSD": 0.22392834293027317, "Gold": 0.546088891136166}
