{"FTSE100": -0.5848023497853544, "DJIA": -0.5189894358707692, "GBPUSD": 0.1046885515591001, "Gold": -0.5407858412434361}
