{"FTSE100": 0.1571834302364875, "DJIA": -0.7699569309741626, "GBPUSD": 0.4111284077755149, "Gold": -0.8488706988024893}
