{"FTSE100": 0.48420561610486296, "DJIA": 0.13471522132174218, "GBPUSD": 0.2037138603776665, "Gold": 0.6622231778112273}
