{"FTSE100": 0.13103871915925971, "DJIA": -0.024509001882573527, "GBPUSD": -0.03695218387406289, "Gold": 0.0}
