{"FTSE100": -0.33590748777385754, "DJIA": -0.7732145109847156, "GBPUSD": 0.008087997411839937, "Gold": 0.0}
