{"FTSE100": 0.12342378306713195, "DJIA": 0.14637127657105953, "GBPUSD": 0.17313291886361687, "Gold": -0.06436663233779609}
