{"FTSE100": 0.3612417913335709, "DJIA": -0.6952911068033695, "GBPUSD": 0.27018913239267844, "Gold": 0.018802647412755714}
