{"FTSE100": 1.1721332215249718, "DJIA": 1.0016926918829345, "GBPUSD": -0.05746654626056341, "Gold": -0.1830831197363603}
