{"FTSE100": -1.8224776003605432, "DJIA": 0.16923231441487935, "GBPUSD": -0.12857602057214915, "Gold": 0.9806407980387106}
