{"FTSE100": 0.151824190654379, "DJIA": -0.11367148199528888, "GBPUSD": 0.22434099831745338, "Gold": 0.9647421552538709}
