{"FTSE100": 0.49785611587956313, "DJIA": 0.8041113741553874, "GBPUSD": -0.3340757238307335, "Gold": -0.5828852821466326}
