{"FTSE100": 0.8259377652318122, "DJIA": -0.13071854331415794, "GBPUSD": -0.1853941641141537, "Gold": 0.0}
