{"FTSE100": -0.10858219445907567, "DJIA": 0.16537861885727062, "GBPUSD": 0.25081144880494594, "Gold": 0.34252205842056227}
