{"FTSE100": -0.32360414806674664, "DJIA": -0.11387802581551068, "GBPUSD": 0.6750392464678132, "Gold": 1.1683344684864019}
