{"FTSE100": -0.733783215803488, "DJIA": -0.31598738653389236, "GBPUSD": -0.20033656542991798, "Gold": 0.15482663018039758}
