{"FTSE100": -0.6427400360785586, "DJIA": 1.7820305357421973e-14, "GBPUSD": 0.15680575209393868, "Gold": 1.8159386266530795e-14}
