{"FTSE100": -0.8600621048008841, "DJIA": -0.16617483850439813, "GBPUSD": -0.03962593120937905, "Gold": 0.0}
