{"FTSE100": 0.4240838721893824, "DJIA": 0.02326781680191176, "GBPUSD": -0.022237046920166554, "Gold": 0.2867145530271021}
