{"FTSE100": -0.17807892499429448, "DJIA": -1.2671628247783644, "GBPUSD": -0.18991849331328303, "Gold": 0.0638977635782837}
