{"FTSE100": -0.12701434892197216, "DJIA": -0.18820178107195323, "GBPUSD": -0.07098351605015386, "Gold": 0.6167164636481999}
