{"FTSE100": -0.03193334639697429, "DJIA": -0.2903057689133329, "GBPUSD": -0.161393236497382, "Gold": 0.15451541588418477}
