{"FTSE100": 0.42362216563758537, "DJIA": 0.7732504727616141, "GBPUSD": -0.029777413831621972, "Gold": 0.0}
