{"FTSE100": 0.31323820266776675, "DJIA": 0.3293076217979727, "GBPUSD": 0.08324315325065444, "Gold": 0.0}
