{"FTSE100": 0.2128865800465088, "DJIA": -0.2431794345622935, "GBPUSD": 0.05742945748306049, "Gold": -0.37521151629595556}
