{"FTSE100": -1.0421998718001886, "DJIA": -0.27556613968992016, "GBPUSD": -0.07228915662651589, "Gold": -0.2964113059741025}
