{"FTSE100": -0.7389455799471698, "DJIA": 0.0, "GBPUSD": 0.25888981953857226, "Gold": 0.5779659404433277}
