{"FTSE100": -0.7757819490021293, "DJIA": -0.7453123533346824, "GBPUSD": -0.18117433912543865, "Gold": 0.6807559439138432}
