{"FTSE100": 0.1390705226165685, "DJIA": -0.21613541412862727, "GBPUSD": 0.084823898211321, "Gold": 0.7469986660738187}
