{"FTSE100": 1.3503497420131283, "DJIA": 0.7756100194817952, "GBPUSD": 0.4193044479158005, "Gold": 0.2660059031447065}
