{"FTSE100": -2.211576924441356, "DJIA": -1.513607747799949, "GBPUSD": -0.4297546491639366, "Gold": -0.09481799068310927}
