{"FTSE100": -0.21792585306890816, "DJIA": 0.2656173735332766, "GBPUSD": 0.3079109426811773, "Gold": 1.5042016806722764}
