{"FTSE100": -0.035031114994597226, "DJIA": 0.48934527007058937, "GBPUSD": -0.2674988854213143, "Gold": -0.05393622041934594}
