{"FTSE100": 0.31225756871977184, "DJIA": -0.08796659562721659, "GBPUSD": 0.7890499194847046, "Gold": -0.31758034026463655}
