{"FTSE100": 0.7503620859939789, "DJIA": 0.10203563588618289, "GBPUSD": 0.17228837244918146, "Gold": -0.801922652475667}
