{"FTSE100": -0.20785027137903772, "DJIA": 0.017492201393551565, "GBPUSD": -0.33694937541091324, "Gold": 0.24045686804929137}
