{"FTSE100": -0.08081338413766773, "DJIA": -0.03881444113513089, "GBPUSD": -0.05628366969525793, "Gold": 0.0}
