{"FTSE100": -0.113255775847936, "DJIA": 0.4049701256653451, "GBPUSD": -0.04752475247524229, "Gold": 0.07370283018867925}
