{"FTSE100": 1.3721615323537302, "DJIA": 1.099608169359311, "GBPUSD": 0.17283950617283875, "Gold": 0.1364463311097543}
