{"FTSE100": -0.03875195824444966, "DJIA": -0.13625368641594268, "GBPUSD": -0.06402048655569077, "Gold": 0.0}
