{"FTSE100": 0.1860086534460426, "DJIA": 0.3491989372206274, "GBPUSD": -0.03937938095612703, "Gold": 0.4725572237263173}
