{"FTSE100": 0.19714967889111826, "DJIA": 1.42650082838567, "GBPUSD": 1.8162567193353956, "Gold": 1.0434335646363497}
