{"FTSE100": -0.7554321087280778, "DJIA": -0.06001681702517092, "GBPUSD": -0.2128833872112217, "Gold": -0.03440817931577101}
