{"FTSE100": -0.5928423738757361, "DJIA": -0.34437276899842056, "GBPUSD": -0.3405641519212214, "Gold": -0.033342426722450476}
