{"FTSE100": -0.18544705832711644, "DJIA": -0.4821998217510103, "GBPUSD": -0.033258194449581426, "Gold": 0.0}
