{"FTSE100": -1.011235686509755, "DJIA": -1.2115235026794196, "GBPUSD": -0.047099458356223714, "Gold": -0.0899243817698679}
