{"FTSE100": 0.5596128422245505, "DJIA": -0.1707605734446902, "GBPUSD": -0.11047108024935436, "Gold": 0.0453737664007191}
