{"FTSE100": 0.27016669178095987, "DJIA": 0.3210630280199732, "GBPUSD": 0.2542103590721218, "Gold": 0.5608906263278584}
