{"FTSE100": -0.10594524151410999, "DJIA": 0.421693455086827, "GBPUSD": -0.3140456936484261, "Gold": -0.9032743695897629}
