{"FTSE100": -0.2155608300396861, "DJIA": 0.007125584596024881, "GBPUSD": 0.20225593154414123, "Gold": 0.0}
