{"FTSE100": -0.1490057738280976, "DJIA": -0.021363331743288926, "GBPUSD": 0.2128428577165609, "Gold": 0.5187197854546833}
