{"FTSE100": 0.1297867345929277, "DJIA": -1.197099874144723, "GBPUSD": 0.4398122482167202, "Gold": 0.5533385444522079}
