{"FTSE100": -0.16219128968751306, "DJIA": -1.2951036178770259, "GBPUSD": -0.5958785069933041, "Gold": -0.7985021201608018}
