{"FTSE100": -0.005320170836587546, "DJIA": 0.625096404177658, "GBPUSD": 0.11851851851852191, "Gold": 0.9106095176010393}
