{"FTSE100": -0.9823883655525013, "DJIA": -0.5127901754389765, "GBPUSD": -0.125598555616614, "Gold": -0.2918336053816028}
