{"FTSE100": 0.6730643397162146, "DJIA": 0.3772253393287183, "GBPUSD": 0.10392209691697489, "Gold": 0.34405385190726523}
