{"FTSE100": 0.2924708109488317, "DJIA": 0.1440814014874075, "GBPUSD": -0.3831723477289165, "Gold": 0.0}
