{"FTSE100": 1.3735047116512433, "DJIA": -0.641802864491015, "GBPUSD": -0.606060606060613, "Gold": 0.9616969830191789}
