{"FTSE100": 0.2790654877713757, "DJIA": -0.007643980424765937, "GBPUSD": 0.32216977597961866, "Gold": 0.9518370454978108}
