{"FTSE100": 1.411054861242592, "DJIA": 0.055817685915220336, "GBPUSD": 0.15921152388174473, "Gold": 0.36507738392410816}
