{"FTSE100": 0.19303553526823575, "DJIA": 1.0014658993795054, "GBPUSD": -0.14524328249818638, "Gold": -0.2803156146179449}
