{"FTSE100": -2.577581033381304, "DJIA": -0.0005014158730711299, "GBPUSD": 1.2969737279680793, "Gold": 2.583243823845335}
