{"FTSE100": -0.12379024614284051, "DJIA": -0.4537555597081431, "GBPUSD": 0.6808301205807541, "Gold": -0.5369057547956606}
