{"FTSE100": 0.174453596442074, "DJIA": 0.14637127657105953, "GBPUSD": 0.16526324073345325, "Gold": -0.06436663233779609}
