{"FTSE100": -0.05669498760543379, "DJIA": 0.03159185761286059, "GBPUSD": 0.03939799858166771, "Gold": 0.0}
