{"FTSE100": 0.027284836505812034, "DJIA": -0.34004394023717777, "GBPUSD": -0.011184431271676882, "Gold": 0.0}
