{"FTSE100": 0.2651969346685293, "DJIA": 0.11376013625401434, "GBPUSD": 0.2993514052885454, "Gold": 0.0}
