{"FTSE100": -0.10048650318945142, "DJIA": -0.5516723226797723, "GBPUSD": 0.015675209655927422, "Gold": 0.5368156552196721}
