{"FTSE100": -0.020458237961189975, "DJIA": 0.06696301649918032, "GBPUSD": 0.04806151874400481, "Gold": 0.1726573536336501}
