{"FTSE100": -0.4161655801000015, "DJIA": -0.09087056634996377, "GBPUSD": -0.17974366989684032, "Gold": -1.1772260273972603}
