{"FTSE100": -0.8115708717146358, "DJIA": 0.8554555304586013, "GBPUSD": -0.055379746835436935, "Gold": 1.6034603285564408}
