{"FTSE100": -0.2662976163393204, "DJIA": -0.9145869864267276, "GBPUSD": -0.6088767825668826, "Gold": 0.502739932632849}
