{"FTSE100": -0.899426598073594, "DJIA": -1.0782721567498783, "GBPUSD": 0.2808087291399277, "Gold": 0.1390061063396691}
