{"FTSE100": 0.0926535014390351, "DJIA": 0.8552295089589758, "GBPUSD": 0.06556302245534618, "Gold": 0.2431269870955676}
