{"FTSE100": -1.8312229218855907, "DJIA": 0.4147902052589931, "GBPUSD": 1.3249475890985354, "Gold": 2.01169846389329}
