{"FTSE100": 0.3131765446033916, "DJIA": -0.5594208652753211, "GBPUSD": 0.24961752153958472, "Gold": -0.3577754162238721}
