{"FTSE100": 0.549562684160187, "DJIA": 0.25199130394292024, "GBPUSD": -0.19985610360541758, "Gold": -0.2183746685384519}
