{"FTSE100": -0.1447904753526223, "DJIA": 1.0449914582266608, "GBPUSD": 0.5132162840054058, "Gold": 0.2521837652132464}
