{"FTSE100": 0.8939828970430925, "DJIA": 0.6002117563324422, "GBPUSD": 0.5518036567287042, "Gold": 0.7734983463138803}
