{"FTSE100": -0.31467461017680004, "DJIA": -0.09081750954431816, "GBPUSD": -0.1901140684410613, "Gold": 0.1428219650332475}
