{"FTSE100": 0.36618269195287795, "DJIA": -0.37717947116818773, "GBPUSD": 0.12364644610140144, "Gold": 0.0}
