{"FTSE100": -0.1211109884318451, "DJIA": -0.03661090452083062, "GBPUSD": -0.7892918197359186, "Gold": 0.31168519795007316}
