{"FTSE100": 0.8538398860297982, "DJIA": 0.6679126218229057, "GBPUSD": 0.48987961872935604, "Gold": 0.5144927536231928}
