{"FTSE100": 0.6913795488415616, "DJIA": 0.24052178317833575, "GBPUSD": 0.03211045998233571, "Gold": -0.2919491315750453}
