{"FTSE100": -0.19935319781920374, "DJIA": -0.3356002814142429, "GBPUSD": -0.5354330708661352, "Gold": -0.9077740222114788}
