{"FTSE100": 0.7416059948992823, "DJIA": 1.4242348819290567, "GBPUSD": 0.25535866284918984, "Gold": -0.23563771530982586}
