{"FTSE100": 0.6040725983845732, "DJIA": 0.6675547037887289, "GBPUSD": 0.016195643371931166, "Gold": -1.5307435039876627}
