{"FTSE100": 0.12143381856887177, "DJIA": 0.3853179154728225, "GBPUSD": -0.01661819692563174, "Gold": 0.1412736361660459}
