{"FTSE100": -0.3065101612415323, "DJIA": -0.9503520074694343, "GBPUSD": -0.2291825821237423, "Gold": 0.26260504201680673}
