{"FTSE100": -0.4815066932985343, "DJIA": -0.798526746216986, "GBPUSD": -0.7465618860510681, "Gold": -0.9674109542189844}
