{"FTSE100": 0.769800956000139, "DJIA": -1.0164411980366876, "GBPUSD": 0.15070328198258737, "Gold": 0.154764536811848}
