{"FTSE100": 0.45122830696757454, "DJIA": -1.2290685590938644, "GBPUSD": 0.13556258472661722, "Gold": 0.6721032350569047}
