{"FTSE100": -0.368947358466611, "DJIA": 0.0038638849914597153, "GBPUSD": 0.715460526315802, "Gold": -0.18158890290037372}
