{"FTSE100": -0.047450949378454, "DJIA": 0.02419950087924013, "GBPUSD": -0.22626140734596226, "Gold": 1.8023358205638465e-14}
