{"FTSE100": 1.4474901571479712, "DJIA": 0.9800716895676744, "GBPUSD": 0.3684296708694898, "Gold": 0.0}
