{"FTSE100": 1.0923464854115446, "DJIA": 1.375026304107443, "GBPUSD": -0.17526480225557942, "Gold": 0.7448564641462518}
