{"FTSE100": 0.08845393577015513, "DJIA": 0.382927044853433, "GBPUSD": 0.5685002802466077, "Gold": 0.26980728051392644}
