{"FTSE100": 0.1222000357776634, "DJIA": -0.13850873405808226, "GBPUSD": 0.3530585616701157, "Gold": -0.2588300880022299}
