{"FTSE100": 0.6362398305118172, "DJIA": -1.0210169772739706, "GBPUSD": -1.1947233054011424, "Gold": -0.1673143350604564}
