{"FTSE100": 0.09486550266955325, "DJIA": -0.40252077298314365, "GBPUSD": 0.07268615732515935, "Gold": 0.12943308309603935}
