{"FTSE100": 0.5502116571251503, "DJIA": 1.711388020962844e-14, "GBPUSD": 0.37922761396177745, "Gold": -0.007368110816379977}
