{"FTSE100": 0.4622611716406141, "DJIA": 0.9745683806109167, "GBPUSD": 0.10707519973643678, "Gold": -0.53958700840511}
