{"FTSE100": -0.3477753703699092, "DJIA": -0.17294897296891318, "GBPUSD": 0.1525087692542492, "Gold": -0.1447468939728965}
