{"FTSE100": 0.01365784018007077, "DJIA": 0.0, "GBPUSD": -0.32242463324197995, "Gold": 0.0}
