{"FTSE100": -0.0651228319072198, "DJIA": -0.5294831262183918, "GBPUSD": 0.7185185185185216, "Gold": 0.5541069100391097}
