{"FTSE100": -0.6297667567894708, "DJIA": -0.9463571393726505, "GBPUSD": 0.6840060800540445, "Gold": 0.15998234677553322}
