{"FTSE100": -0.2833156729821062, "DJIA": 0.47947084903889636, "GBPUSD": 0.5670498084291244, "Gold": 0.6833655754591317}
