{"FTSE100": 0.6063365986397287, "DJIA": 0.5987464508668604, "GBPUSD": -0.05604752830398733, "Gold": 0.3433575296693293}
