{"FTSE100": 0.90719838699851, "DJIA": -0.16482025758510593, "GBPUSD": -0.1309733188638939, "Gold": 0.6132119297593663}
