{"FTSE100": -0.5992767727537989, "DJIA": -0.8554526716081846, "GBPUSD": -0.20863920871647668, "Gold": -2.1575984990619173}
