{"FTSE100": 2.7064117744816962, "DJIA": -0.8428946203931843, "GBPUSD": 0.4677856833995143, "Gold": 0.16507209270988044}
