{"FTSE100": -0.06302232828033019, "DJIA": 0.19542928964835954, "GBPUSD": -0.015714622456211205, "Gold": 0.14369814119500807}
