{"FTSE100": -0.8944105120840414, "DJIA": -0.8024158270873926, "GBPUSD": 0.03183699458772509, "Gold": 0.5816819481415731}
