{"FTSE100": 0.17123934311806185, "DJIA": 0.48252698775639985, "GBPUSD": 0.5734935972974987, "Gold": 0.39994419383341434}
