{"FTSE100": 0.4063044868647663, "DJIA": -0.4349428450335762, "GBPUSD": 0.7041100376616949, "Gold": 1.8575851393188854}
