{"FTSE100": -0.03519120114922095, "DJIA": -0.7096213059205019, "GBPUSD": 0.007979572294924112, "Gold": -0.5648052649673395}
