{"FTSE100": -0.3733834952143292, "DJIA": -0.6974816690793706, "GBPUSD": -0.3673022819631077, "Gold": 0.0}
