{"FTSE100": -0.12125071954341811, "DJIA": 1.8471231770240168, "GBPUSD": 0.15426147319706918, "Gold": -0.08528265107212106}
