{"FTSE100": 0.03964717694915051, "DJIA": -0.14992069262634208, "GBPUSD": -0.05519634127108681, "Gold": -0.19301707128763831}
