{"FTSE100": -0.227870873171862, "DJIA": 0.0808074333682199, "GBPUSD": 0.04012519059466872, "Gold": -0.27755349212757363}
