{"FTSE100": 0.16984165000875118, "DJIA": 0.3219571845942602, "GBPUSD": 0.007486711087818296, "Gold": 1.5273412947831666}
