{"FTSE100": 0.14020311141047018, "DJIA": 0.46766783006063156, "GBPUSD": -0.16323357947920644, "Gold": 0.0}
