{"FTSE100": 0.3972656669410389, "DJIA": -0.6251422152067638, "GBPUSD": -0.12593525446329615, "Gold": 0.5810488676996425}
