{"FTSE100": -1.4470142269797392, "DJIA": -0.2745653958069089, "GBPUSD": -0.5411166680331179, "Gold": -0.6547264758400593}
