{"FTSE100": 0.568026804629197, "DJIA": -0.4070782389884091, "GBPUSD": -1.4872637633525065, "Gold": -1.0409924487594366}
