{"FTSE100": 1.7053289842446864, "DJIA": 1.200804218695769, "GBPUSD": -0.19550342130986947, "Gold": -0.27283751010508606}
