{"FTSE100": -0.5299360843533034, "DJIA": 0.2779480746709941, "GBPUSD": 0.47850467289719334, "Gold": 1.5476681799422203}
