{"FTSE100": 0.6608720552178279, "DJIA": 0.43775020463209446, "GBPUSD": 0.015971889474523077, "Gold": 0.31731057844861243}
