{"FTSE100": 0.8955566508449941, "DJIA": 0.8681186182688219, "GBPUSD": 0.4661051598658956, "Gold": -1.2562433782352096}
