{"FTSE100": 0.8951957608572814, "DJIA": 0.29007204771637435, "GBPUSD": 0.46281519310565167, "Gold": 0.44922742755591333}
