{"FTSE100": 0.012697156772472667, "DJIA": -0.17851534406947844, "GBPUSD": -0.015952779771873492, "Gold": -0.010003501225431173}
