{"FTSE100": 0.18848560337187717, "DJIA": -0.10753075007499042, "GBPUSD": 0.43827611395179544, "Gold": 0.0}
