{"FTSE100": -1.0651665879167873, "DJIA": -0.7580271592361629, "GBPUSD": -0.09686011784648396, "Gold": 0.0}
