{"FTSE100": 0.2193815230931031, "DJIA": 0.54620390196769, "GBPUSD": 0.21765235664966412, "Gold": 0.09401323706377857}
