{"FTSE100": 0.12473317231120273, "DJIA": -0.07893158932107848, "GBPUSD": 0.023430178069368087, "Gold": -0.09765625000000772}
