{"FTSE100": 0.8507366749429691, "DJIA": 0.6603035397948065, "GBPUSD": -0.3066141042487779, "Gold": 0.07926184863018526}
