{"FTSE100": 0.40803075654748544, "DJIA": 0.9418177938618914, "GBPUSD": -0.5671971009926023, "Gold": -0.5226906355331955}
