{"FTSE100": -1.1378653658453957, "DJIA": -0.6509155777175725, "GBPUSD": 0.026054267316788064, "Gold": 0.4649315452549074}
