{"FTSE100": 0.5320646975133888, "DJIA": 0.747554362887869, "GBPUSD": 0.3321470937129461, "Gold": 0.6130202037644542}
