{"FTSE100": -0.1856530328428965, "DJIA": -1.2016900844172163, "GBPUSD": -0.4468209786111921, "Gold": 0.05102653379756927}
