{"FTSE100": -0.15202537025533908, "DJIA": -1.0198689054094496, "GBPUSD": 0.11952191235058443, "Gold": 0.9881511289961954}
