{"FTSE100": 0.11850689038434367, "DJIA": -0.3587979125765355, "GBPUSD": 0.1298701298701336, "Gold": -0.10883648613630002}
