{"FTSE100": 0.019628845823868393, "DJIA": 0.7160162255064161, "GBPUSD": 0.4846400375205177, "Gold": 0.7606516934779233}
