{"FTSE100": -0.14672226839450078, "DJIA": 0.30623296387359294, "GBPUSD": -0.27522935779816876, "Gold": -0.06766707797634908}
