{"FTSE100": -0.3122128964948002, "DJIA": 0.05448291952806269, "GBPUSD": 0.0, "Gold": -0.6769351515746077}
