{"FTSE100": -0.3376262925417625, "DJIA": -0.040679947954192774, "GBPUSD": -0.2449624654286924, "Gold": -1.2532925482198995}
