{"FTSE100": 0.13495361598898534, "DJIA": -0.028891600975112, "GBPUSD": 0.2766361049636467, "Gold": 1.1107775442809809}
