{"FTSE100": -1.2393003302175174, "DJIA": -1.2979087681378585, "GBPUSD": -0.20006402048655142, "Gold": 1.512554199858828}
