{"FTSE100": -0.026443331806380903, "DJIA": -0.24319894236616166, "GBPUSD": -0.2675901149063315, "Gold": 0.13367660164371808}
