{"FTSE100": -2.036524843083113, "DJIA": -2.602066674954433, "GBPUSD": 0.0, "Gold": -0.7420538401286226}
