{"FTSE100": 0.260771723747699, "DJIA": -0.02677975402722428, "GBPUSD": -0.6166906935768092, "Gold": 0.0}
