{"FTSE100": 0.0954993065092999, "DJIA": 0.2059983747253402, "GBPUSD": 0.01646632636258669, "Gold": 0.9565363315992692}
