{"FTSE100": -0.24491924432310597, "DJIA": -0.9421358745932237, "GBPUSD": -0.1560410164957639, "Gold": -0.7034814465196814}
