{"FTSE100": 0.6979616833043613, "DJIA": -0.11556168001931068, "GBPUSD": 0.2476205215507306, "Gold": -0.23563771530982586}
