{"FTSE100": 1.016623396346971, "DJIA": -1.2671628247783644, "GBPUSD": 0.07121943499249211, "Gold": 0.0}
