{"FTSE100": -0.39726187182543926, "DJIA": -1.2097967969386347, "GBPUSD": 0.03726337755253725, "Gold": 0.24117023914172084}
