{"FTSE100": -0.3065101612415323, "DJIA": -0.6952546984052415, "GBPUSD": -0.3739294760966444, "Gold": 0.24509803921568626}
