{"FTSE100": -0.08708863762903254, "DJIA": 0.6567554437059103, "GBPUSD": 0.21819945046063718, "Gold": 0.0}
