{"FTSE100": 0.13812317893628032, "DJIA": -0.6971788622179217, "GBPUSD": -0.5929517061346353, "Gold": -0.5483909846932571}
