{"FTSE100": -0.41128354687049146, "DJIA": 1.5743560346611192, "GBPUSD": -0.2242332025306427, "Gold": -0.4171063872556387}
