{"FTSE100": 0.20981012785178765, "DJIA": 0.21987940545026316, "GBPUSD": 0.4252246469833186, "Gold": 0.3492493744787346}
