{"FTSE100": 0.004718405556399287, "DJIA": -0.1690234532872829, "GBPUSD": -0.4051535531966529, "Gold": -0.8276140492531333}
