{"FTSE100": -0.2379715871416722, "DJIA": -0.5761716627504442, "GBPUSD": 0.11430437622467715, "Gold": -0.2681779082123251}
