{"FTSE100": -1.2758075397650364, "DJIA": 1.1541387126260585, "GBPUSD": 0.008182636445461827, "Gold": -1.4662457998167169}
