{"FTSE100": 0.02424785225938767, "DJIA": 0.6679126218229057, "GBPUSD": -0.1963746223564906, "Gold": 0.5329876116393145}
