{"FTSE100": -0.7904982154023531, "DJIA": 0.08418570347223452, "GBPUSD": -0.11850974001926122, "Gold": -0.7183972156530235}
