{"FTSE100": -0.20314729793430933, "DJIA": -0.47327304047792695, "GBPUSD": -0.13332287663712922, "Gold": -0.24503005085528096}
