{"FTSE100": 0.35039998737297773, "DJIA": 1.0374542405632976, "GBPUSD": 0.5923702709106755, "Gold": -0.13297192246714756}
