{"FTSE100": 0.40702393598278985, "DJIA": 0.24052178317833575, "GBPUSD": -0.024082844986751784, "Gold": -0.2919491315750453}
