{"FTSE100": -0.25526663002164257, "DJIA": 0.29459318295798814, "GBPUSD": 0.29211295034079954, "Gold": 0.050540299872432776}
