{"FTSE100": -0.5533169022251219, "DJIA": -0.479044950158632, "GBPUSD": -0.28244155029027346, "Gold": 1.035185862916294}
