{"FTSE100": 0.6268747137136788, "DJIA": 0.8505066446738597, "GBPUSD": 0.15960418162955883, "Gold": 0.03479471120388514}
