{"FTSE100": -0.15594216404092104, "DJIA": 0.15975801488197997, "GBPUSD": 0.12216973448444834, "Gold": 0.0}
