{"FTSE100": 0.13182683711556314, "DJIA": -0.17670802027971874, "GBPUSD": 0.0930075251542977, "Gold": -0.13231159380341204}
