{"FTSE100": -0.31635514490049305, "DJIA": -0.07964156969438005, "GBPUSD": 0.06336633663367398, "Gold": 0.7211096821605648}
