{"FTSE100": -0.31985001334516205, "DJIA": -0.20163508038452232, "GBPUSD": 0.14070947196919298, "Gold": 0.7887842934047296}
