{"FTSE100": -0.03162285278160872, "DJIA": 0.6190211921964884, "GBPUSD": -0.06537015852262722, "Gold": 0.8523658616544715}
