{"FTSE100": -0.4253515780387581, "DJIA": -0.17699822254187136, "GBPUSD": -0.08555650618340988, "Gold": 0.06426145230882635}
