{"FTSE100": 0.19945673576418066, "DJIA": 0.13890413343880204, "GBPUSD": -0.12944490976928613, "Gold": -0.1888525928950615}
