{"FTSE100": 0.33047599527929805, "DJIA": 0.20196444060096233, "GBPUSD": 0.5459724639974781, "Gold": 0.31501755835570694}
