{"FTSE100": 0.8413241190208588, "DJIA": -0.44721173462843405, "GBPUSD": 0.039227993095886315, "Gold": 0.22348110805051474}
