{"FTSE100": 0.44924608119497944, "DJIA": -0.48245583865285674, "GBPUSD": 0.03945395723190601, "Gold": 0.6088123000722296}
