{"FTSE100": -0.34370464419240676, "DJIA": -0.5547281146282906, "GBPUSD": -0.03918495297805211, "Gold": 0.1910665760869565}
