{"FTSE100": 0.5385704132522795, "DJIA": 1.5083119312081201, "GBPUSD": 0.015699819452074572, "Gold": -0.1205389814456146}
