{"FTSE100": -1.360972684202796, "DJIA": -0.00872379049172674, "GBPUSD": 0.030571690614487616, "Gold": -1.3422565033272835}
