{"FTSE100": -0.39399111146187127, "DJIA": -0.12749456266418618, "GBPUSD": -0.35491758025080433, "Gold": 0.33325672259250044}
