{"FTSE100": 0.24820676306500147, "DJIA": -0.3856438103780602, "GBPUSD": -0.04169351476329837, "Gold": 0.603758496601374}
