{"FTSE100": -0.6933418882599897, "DJIA": -0.6237396228191208, "GBPUSD": 0.3668488433031297, "Gold": -0.008822750933746489}
