{"FTSE100": 0.3722565400313323, "DJIA": 0.24052178317833575, "GBPUSD": -0.3360268821505706, "Gold": 0.004945109286921987}
