{"FTSE100": -0.1159543245472034, "DJIA": 0.03570612081713786, "GBPUSD": -0.04830020434702132, "Gold": -0.083747083806895}
