{"FTSE100": 0.43271441693392404, "DJIA": 0.3269463908926365, "GBPUSD": -0.06355377771131761, "Gold": 0.2117762734939269}
