{"FTSE100": 1.4508972127475153, "DJIA": 0.45927173403042, "GBPUSD": 0.12277242456937769, "Gold": 1.6399882156535401}
