{"FTSE100": 0.4907138903137083, "DJIA": -0.0808103696944254, "GBPUSD": -0.008319467554075623, "Gold": 0.6069221936683202}
