{"FTSE100": 0.9853299195105863, "DJIA": 1.3075754985224037, "GBPUSD": 0.007445461990932249, "Gold": 0.0}
