{"FTSE100": 0.0447764332478722, "DJIA": -0.594814317186683, "GBPUSD": -0.33415546185058326, "Gold": -0.4945410278845056}
