{"FTSE100": 0.07616318812811254, "DJIA": -0.31982783445779017, "GBPUSD": 0.3398672146696151, "Gold": 1.308058498091521}
