{"FTSE100": -0.2931444638070942, "DJIA": -0.9048379691083416, "GBPUSD": -0.015849116411758297, "Gold": -0.32904429820253633}
