{"FTSE100": -0.3618831094382344, "DJIA": 0.31749278250615887, "GBPUSD": -0.13918960717599935, "Gold": -0.13795986622072437}
