{"FTSE100": -0.2176814731683389, "DJIA": -0.11328302823798174, "GBPUSD": -0.5590551181102271, "Gold": -1.989377112506027}
