{"FTSE100": -0.03519120114922095, "DJIA": -0.49220761817146597, "GBPUSD": -0.7205067300079261, "Gold": -0.5942733657482508}
