{"FTSE100": 0.23964479343302592, "DJIA": 0.14637127657105953, "GBPUSD": 0.15739356260328966, "Gold": -0.06436663233779609}
