{"FTSE100": 1.0246139442942763, "DJIA": 0.6356516925864065, "GBPUSD": -0.19512956603184098, "Gold": -0.7422680412371051}
