{"FTSE100": 0.12469090612236634, "DJIA": -0.40462268926918377, "GBPUSD": 0.5629559150015766, "Gold": 0.5502416949501205}
