{"FTSE100": 0.4655054292799085, "DJIA": 0.20315749627711183, "GBPUSD": -0.031279324366607596, "Gold": 0.6243935366831087}
