{"FTSE100": 0.7243325677410822, "DJIA": -0.43107519378210224, "GBPUSD": -0.18150252525252278, "Gold": -0.6683117417232161}
