{"FTSE100": 0.5677337591918912, "DJIA": 0.646095484870066, "GBPUSD": 0.08270054883092255, "Gold": 0.22976371596237125}
