{"FTSE100": 1.171617550136535, "DJIA": 1.3851018429090824, "GBPUSD": 0.09042272624518632, "Gold": 0.9437173179863239}
