{"FTSE100": -0.32385712433098557, "DJIA": 0.6189623624281557, "GBPUSD": -0.353489771359802, "Gold": 0.16683856094157615}
