{"FTSE100": 0.5149840209568297, "DJIA": 1.6034830108244549, "GBPUSD": 0.05793263262434187, "Gold": -0.027534555867613855}
