{"FTSE100": -0.03409022854272481, "DJIA": 0.5228858866842576, "GBPUSD": 0.027086638548161783, "Gold": 0.18590560126691535}
