{"FTSE100": -0.05018362645132914, "DJIA": 0.3769688105201904, "GBPUSD": -0.06063300860988952, "Gold": -0.0754898260302583}
