{"FTSE100": 0.31225756871977184, "DJIA": 0.8174645167465489, "GBPUSD": 0.7246376811594298, "Gold": -0.26843100189035574}
