{"FTSE100": 0.12796462154579852, "DJIA": -0.09636628643139203, "GBPUSD": 0.04808077570319384, "Gold": -1.141396320167062}
