{"FTSE100": 0.05517038231746642, "DJIA": -0.5460438356204557, "GBPUSD": -0.09165902841430566, "Gold": -1.0245574868441962}
