{"FTSE100": -0.733783215803488, "DJIA": -0.39340227671582184, "GBPUSD": 1.032179720704314, "Gold": 0.6695378379356519}
