{"FTSE100": -1.5535843726186247, "DJIA": -3.2593477089101914, "GBPUSD": 0.7034944066428317, "Gold": -1.2707411064046654}
