{"FTSE100": -0.02809848785071606, "DJIA": 0.4963888132733647, "GBPUSD": 0.0477973392814414, "Gold": 0.10111223458038422}
