{"FTSE100": 0.6294548945121892, "DJIA": -0.873352531767609, "GBPUSD": 0.19063406547865466, "Gold": -0.5138586110246076}
