{"FTSE100": 0.7046063582994846, "DJIA": 0.3680293300623806, "GBPUSD": -0.08686039166139284, "Gold": 0.3821656050955539}
