{"FTSE100": -0.25167147727550765, "DJIA": 0.09817706494376903, "GBPUSD": 0.07132102385292995, "Gold": -0.06875552499753775}
