{"FTSE100": -0.3425460025766262, "DJIA": 0.5036677750515509, "GBPUSD": -0.00744324525493033, "Gold": -0.9754960066846702}
