{"FTSE100": -0.055047976825698085, "DJIA": -0.32585965313005105, "GBPUSD": 0.14464802314368563, "Gold": 0.09096881791074718}
