{"FTSE100": -0.7530563360758433, "DJIA": -0.13974245276658268, "GBPUSD": -0.0634014899350065, "Gold": 0.03452527743526735}
