{"FTSE100": 0.15051957817319883, "DJIA": 0.03159185761286059, "GBPUSD": 0.10243479631233604, "Gold": 0.3850757142113801}
