{"FTSE100": -0.16283373116338376, "DJIA": 0.3853179154728225, "GBPUSD": 0.40704435952817136, "Gold": -0.315148880678111}
