{"FTSE100": -0.2651939409097364, "DJIA": -0.5169346533361571, "GBPUSD": -0.12571697964956752, "Gold": 0.0}
