{"FTSE100": 0.20965504803554585, "DJIA": 0.749024662705076, "GBPUSD": 0.667302192564344, "Gold": 1.2790005948839938}
