{"FTSE100": -0.19899465488296703, "DJIA": 0.993441695519574, "GBPUSD": 0.05568814638028202, "Gold": 0.9018648731274804}
