{"FTSE100": -0.16917430862686303, "DJIA": 1.0942522026663541, "GBPUSD": -0.28335492227979747, "Gold": 0.23922200842477034}
