{"FTSE100": 0.23565853129494618, "DJIA": 0.16485852314223115, "GBPUSD": 0.2562674094707651, "Gold": 0.32792004996876545}
