{"FTSE100": 0.19579485439272573, "DJIA": -0.5738126324801933, "GBPUSD": -0.4078368652539067, "Gold": -0.026067462593191176}
