{"FTSE100": 0.5303078623282231, "DJIA": 0.02711714794929295, "GBPUSD": -0.04732234403343591, "Gold": 0.10772168633402623}
