{"FTSE100": 0.2096871864860313, "DJIA": -0.026760439831406593, "GBPUSD": -0.33870967741935337, "Gold": -0.21120956109622444}
