{"FTSE100": -0.5804636255217607, "DJIA": -0.39334954497294666, "GBPUSD": -0.16624445851804864, "Gold": -0.2766661726199366}
