{"FTSE100": 0.130045624945531, "DJIA": -0.3306836771535578, "GBPUSD": -0.03083564600679756, "Gold": 0.043877289846073815}
