{"FTSE100": 0.5602659994415988, "DJIA": -0.04355574198433744, "GBPUSD": 0.26799085678252127, "Gold": -0.20259919948608535}
