{"FTSE100": -0.020458237961189975, "DJIA": 0.12936562066778784, "GBPUSD": 0.09612303748799182, "Gold": 0.1726573536336501}
