{"FTSE100": -1.360972684202796, "DJIA": 0.3006370750608393, "GBPUSD": -0.04578754578754075, "Gold": -0.03059273422561098}
