{"FTSE100": 0.0, "DJIA": 0.2512947992615201, "GBPUSD": 0.17348935070688232, "Gold": 0.14842912509275819}
