{"FTSE100": 0.3415721999749951, "DJIA": 0.3140668240888696, "GBPUSD": -0.6470448986033287, "Gold": 0.015478278815393381}
