{"FTSE100": 0.26441886461827874, "DJIA": -0.30817887794355414, "GBPUSD": -0.26420600181393133, "Gold": 0.20076518049926823}
