{"FTSE100": 0.5553569006547386, "DJIA": -0.8971670233218855, "GBPUSD": 0.07752538956509124, "Gold": 0.26293685863491284}
