{"FTSE100": 0.638230076069146, "DJIA": 1.0599285535638696, "GBPUSD": -0.14577259475218757, "Gold": -0.010115314586285933}
