{"FTSE100": -0.8116900403582253, "DJIA": -0.5563381977556221, "GBPUSD": 0.18254231662794387, "Gold": 0.15388843088761647}
