{"FTSE100": 0.24691741667669753, "DJIA": 0.03785071379263308, "GBPUSD": -0.6647445138555338, "Gold": 0.0}
