{"FTSE100": 1.171617550136535, "DJIA": 1.3851018429090824, "GBPUSD": -0.08288749905810419, "Gold": 0.33726291036232836}
