{"FTSE100": 0.19397301092543792, "DJIA": -0.15034594813596913, "GBPUSD": -0.1235723647257015, "Gold": -0.23267961441664328}
