{"FTSE100": -0.25551119511628323, "DJIA": 1.176177736463645, "GBPUSD": 0.6358728254349051, "Gold": 1.4080703649409767}
