{"FTSE100": -0.09615517908429658, "DJIA": 0.18049417108499813, "GBPUSD": -0.015902043412576766, "Gold": 0.7828394515701138}
