{"FTSE100": -0.029735297167134602, "DJIA": -0.36495681001377683, "GBPUSD": 0.06575102279369688, "Gold": -0.7955196334245528}
