{"FTSE100": 1.3250358998253389, "DJIA": 0.9078897269876526, "GBPUSD": -0.14285714285714474, "Gold": 0.16982168722840335}
