{"FTSE100": -1.6084665951792623, "DJIA": -0.7772540949364005, "GBPUSD": 0.4968454258675057, "Gold": -0.8164974353606268}
