{"FTSE100": -0.36658330214769214, "DJIA": -0.024714038446104074, "GBPUSD": 0.45756575020888246, "Gold": -0.4648142451895112}
