{"FTSE100": -0.19022749056198285, "DJIA": -0.012639139047374275, "GBPUSD": 0.015825288811519067, "Gold": -0.008604000860392261}
