{"FTSE100": -0.48125239590132324, "DJIA": 0.0676580292569238, "GBPUSD": 0.08720469319802432, "Gold": 0.0}
