{"FTSE100": 0.3611183002652636, "DJIA": -0.01286154981436627, "GBPUSD": 0.2627430373095157, "Gold": 0.07252185197908664}
