{"FTSE100": 0.27493106800759615, "DJIA": 0.5251890552815912, "GBPUSD": 0.3146385589554002, "Gold": 0.5279503105590085}
