{"FTSE100": -0.46215580832442377, "DJIA": -0.48245583865285674, "GBPUSD": -0.07890791446382954, "Gold": 0.0}
