{"FTSE100": -0.10485165088126094, "DJIA": -0.1941338524261538, "GBPUSD": 0.23091010430767772, "Gold": 0.20684560453090595}
