{"FTSE100": -0.11109815636026846, "DJIA": 0.12657353376762573, "GBPUSD": 0.07080481472739365, "Gold": 0.2709603459955211}
