{"FTSE100": -0.3177595777485519, "DJIA": 0.4935505202151697, "GBPUSD": 0.6130841121495315, "Gold": 1.9764295868299127}
