{"FTSE100": 0.7288016384888125, "DJIA": 0.5666329255401317, "GBPUSD": -0.395584523226461, "Gold": 0.0}
