{"FTSE100": -0.037341382475764365, "DJIA": 0.19864097480567916, "GBPUSD": 0.14149538278224702, "Gold": 0.0}
