{"FTSE100": -0.11228009565400064, "DJIA": -0.27365412882181483, "GBPUSD": -0.09756890804129342, "Gold": -0.971120601993092}
