{"FTSE100": -0.4877628425840124, "DJIA": -0.010080275376436123, "GBPUSD": 0.5157962604771084, "Gold": 0.085255767301908}
