{"FTSE100": 0.3848898049785846, "DJIA": 0.532632109861804, "GBPUSD": 0.12733784321528419, "Gold": 0.7787770687836004}
