{"FTSE100": 0.4311026875349299, "DJIA": 0.6189623624281557, "GBPUSD": 0.11700320815247708, "Gold": 0.791724807377295}
