{"FTSE100": -0.895183199164811, "DJIA": -0.9635100492310391, "GBPUSD": -0.8239042074041512, "Gold": -0.2900399061998676}
