{"FTSE100": 0.451388379417012, "DJIA": 0.06020704067538804, "GBPUSD": -0.3277640099128621, "Gold": -0.4211511464670169}
