{"FTSE100": 0.4541340412219707, "DJIA": 0.32606973017053337, "GBPUSD": 0.10997643362135473, "Gold": 0.37133467070723536}
