{"FTSE100": -0.44080331127104844, "DJIA": 0.993441695519574, "GBPUSD": 0.0318217979315973, "Gold": 0.9018648731274804}
