{"FTSE100": 0.6741497871138544, "DJIA": 0.8916094686420544, "GBPUSD": -0.4566210045662113, "Gold": -2.571162790697671}
