{"FTSE100": 0.078817928609521, "DJIA": 0.483009517089941, "GBPUSD": 0.5075005597432583, "Gold": 1.9486448566910897}
