{"FTSE100": 0.06232898729115251, "DJIA": 0.01750522268031231, "GBPUSD": 0.12114359554192028, "Gold": 0.12943308309603935}
