{"FTSE100": -0.1490057738280976, "DJIA": 0.30194559396477405, "GBPUSD": 0.012019712328225851, "Gold": 0.46262222689516763}
