{"FTSE100": -0.1856543145298976, "DJIA": -0.3631236432873432, "GBPUSD": -0.05568962316686887, "Gold": -1.011668189836568}
