{"FTSE100": 0.6841055792435422, "DJIA": 0.16443408723057817, "GBPUSD": 0.32716246409192407, "Gold": 0.4985930789356833}
