{"FTSE100": -0.15199945260646805, "DJIA": -0.6125483595503677, "GBPUSD": 0.20451475979162967, "Gold": 0.2521837652132464}
