{"FTSE100": 0.29747516439239985, "DJIA": 1.0718486615506309, "GBPUSD": 1.1809741000162859, "Gold": 0.0}
