{"FTSE100": 0.6380178945937439, "DJIA": -0.31301195247437186, "GBPUSD": 0.054897655085869565, "Gold": 1.3791050699474132}
