{"FTSE100": 0.19734903892047434, "DJIA": -0.7891159532283742, "GBPUSD": 0.7220795892169544, "Gold": 0.4616988531996204}
