{"FTSE100": 0.8702181166509788, "DJIA": 0.7968650026319785, "GBPUSD": 0.36473200126862804, "Gold": -0.23046302116068842}
