{"FTSE100": 0.2386680292749212, "DJIA": 0.311207987848183, "GBPUSD": -0.47446722959388954, "Gold": -0.1888930865130336}
