{"FTSE100": -1.7765040982844857, "DJIA": -3.7095752027456452, "GBPUSD": 1.203244531580359, "Gold": -0.4235803688015455}
