{"FTSE100": 0.40600522366029623, "DJIA": -0.03282323571336199, "GBPUSD": 0.5849908072873052, "Gold": 0.9784203946295591}
