{"FTSE100": -0.6652909490064568, "DJIA": -1.0496314947308012, "GBPUSD": -0.029351335485761368, "Gold": 0.0}
