{"FTSE100": -0.6737029865295593, "DJIA": -1.2763162832588946, "GBPUSD": -0.5200292516453839, "Gold": 1.1923392205082346}
