{"FTSE100": 0.007429189044112612, "DJIA": 0.036799553944801375, "GBPUSD": -0.36956029866505047, "Gold": 1.8023358205638465e-14}
