{"FTSE100": 0.11015079948587381, "DJIA": 0.5595277945542726, "GBPUSD": 0.32771161377987307, "Gold": 0.2710581496445535}
