{"FTSE100": -0.46215580832442377, "DJIA": -0.3384327536869751, "GBPUSD": -0.4324579336373691, "Gold": -0.18001337242195134}
