{"FTSE100": -0.4529647165603309, "DJIA": 0.03709168617075849, "GBPUSD": 0.3841028454965826, "Gold": 0.7966776845495265}
