{"FTSE100": 0.2529931993046062, "DJIA": 0.8056524606107004, "GBPUSD": -0.4615930879393941, "Gold": -1.542257865515114}
