{"FTSE100": 0.43271441693392404, "DJIA": 0.26124413190623635, "GBPUSD": -0.27952741232156236, "Gold": -0.9923606950269622}
