{"FTSE100": 0.30206345855357414, "DJIA": 0.8357554944813419, "GBPUSD": -0.2440176322418042, "Gold": -0.1561605330279527}
