{"FTSE100": 0.021980618938648194, "DJIA": -0.13625368641594268, "GBPUSD": -0.22407170294493547, "Gold": 0.0}
