{"FTSE100": -0.15819045788301586, "DJIA": -0.14190121399148084, "GBPUSD": 0.0, "Gold": -0.0914913083257015}
