{"FTSE100": 0.6362398305118172, "DJIA": -1.0210169772739706, "GBPUSD": 0.15958340332605514, "Gold": 0.0}
