{"FTSE100": -0.38928645426580777, "DJIA": -0.18884705514233294, "GBPUSD": -0.1258554235821636, "Gold": -0.031055900621113304}
