{"FTSE100": 0.5273560024013673, "DJIA": -0.043767573057889406, "GBPUSD": 0.5194591029023723, "Gold": -0.10998075336816057}
