{"FTSE100": 0.7440360222801333, "DJIA": 1.0031848348753987, "GBPUSD": -0.024305274244508384, "Gold": 0.1491539371496098}
