{"FTSE100": 0.16234235648398626, "DJIA": -0.107157370322774, "GBPUSD": 0.2665830327740371, "Gold": 0.06338139755980658}
