{"FTSE100": -0.5371901767036885, "DJIA": -0.0032250019349976847, "GBPUSD": 0.3055369252552345, "Gold": -0.06985997630836138}
