{"FTSE100": -0.5371901767036885, "DJIA": 0.16125009675005805, "GBPUSD": 0.022354694485839564, "Gold": -0.43815912730788986}
