{"FTSE100": 0.23308370515426877, "DJIA": -0.32585965313005105, "GBPUSD": -0.008036001285759322, "Gold": 0.09096881791074718}
