{"FTSE100": 0.3256835834348527, "DJIA": 1.2370817306818849, "GBPUSD": 0.2312279420713171, "Gold": 0.061946580184375544}
