{"FTSE100": 0.4662697131343446, "DJIA": 0.3445162992953167, "GBPUSD": 0.17730496453900543, "Gold": 0.0}
