{"FTSE100": 0.1312326443015156, "DJIA": -0.09437444554044437, "GBPUSD": -0.007849909726037286, "Gold": 0.6500495070816612}
