{"FTSE100": 0.4561968732335323, "DJIA": 0.0007063751896450416, "GBPUSD": 0.15555919436712073, "Gold": 0.0}
