{"FTSE100": -0.1668005437056126, "DJIA": 0.5278114151473243, "GBPUSD": -0.4706070032703211, "Gold": -0.41514530085530843}
