{"FTSE100": -0.11686052185005806, "DJIA": 1.0707382911364858, "GBPUSD": 0.3205974427639337, "Gold": 1.3063516771968433}
