{"FTSE100": -0.1490057738280976, "DJIA": 0.3590120280735248, "GBPUSD": 0.19677924581342623, "Gold": 0.6175235541127069}
