{"FTSE100": 0.013568025870957104, "DJIA": 0.4672725020022157, "GBPUSD": 0.21510161697076863, "Gold": 1.2057003933350463}
