{"FTSE100": 0.3140554993057995, "DJIA": 0.2480929981925192, "GBPUSD": -0.015643332029720607, "Gold": 0.28036192175355185}
