{"FTSE100": 0.5553068705614823, "DJIA": 0.46261855986608275, "GBPUSD": 0.10258028880295564, "Gold": 0.6088123000722296}
