{"FTSE100": 0.15743363734869031, "DJIA": 0.3636407946585871, "GBPUSD": 0.03134059390426843, "Gold": 0.09030316061061747}
