{"FTSE100": -0.06986940172948226, "DJIA": 3.377230004916883, "GBPUSD": -1.0504523846035918, "Gold": -2.5836587234974338}
