{"FTSE100": -0.26178692367802653, "DJIA": 0.8844962512111914, "GBPUSD": -0.07883326763893496, "Gold": 0.14652321346339012}
