{"FTSE100": 0.3263483140214066, "DJIA": 0.03771429752306225, "GBPUSD": 0.22440609765535283, "Gold": -0.23563771530982586}
