{"FTSE100": 0.563391469812634, "DJIA": 1.6298268140291872e-14, "GBPUSD": 0.16480929210484938, "Gold": 0.9247328128552882}
