{"FTSE100": 0.3981113238735933, "DJIA": -0.45075311827355824, "GBPUSD": 0.03294892915981697, "Coffee": 0.0, "Gold": -0.21787709497205943}
