{"FTSE100": 0.2399375400689298, "DJIA": 0.4022461190330961, "GBPUSD": -0.06433453960594386, "Gold": -0.1888930865130336}
