{"FTSE100": -0.497031505514075, "DJIA": -0.31161725858526357, "GBPUSD": 0.2056096520153657, "Gold": 1.3075573504584725}
