{"FTSE100": -0.5014987618923441, "DJIA": -0.6440553373917366, "GBPUSD": 0.6445894770767873, "Gold": 1.8146075911084227}
