{"FTSE100": 0.7076184246130874, "DJIA": 0.11315754093525578, "GBPUSD": 0.34312160868177227, "Gold": 0.4344177321419734}
