{"FTSE100": -0.23105157129734094, "DJIA": -0.21835283908797154, "GBPUSD": 0.0949367088607666, "Gold": -0.22995714435037581}
