{"FTSE100": 0.35108503491847937, "DJIA": 0.9333153946699003, "GBPUSD": -0.33562540929927903, "Gold": -0.3539638748633571}
