{"FTSE100": 0.18551540595063076, "DJIA": 0.31749278250615887, "GBPUSD": -0.17012063099288427, "Gold": 0.434782608695656}
