{"FTSE100": -0.09702329641157725, "DJIA": 0.011084016847710078, "GBPUSD": 0.031330774653399854, "Gold": 1.0246516613076138}
