{"FTSE100": 1.2344023195643716, "DJIA": 1.536068721500495, "GBPUSD": 0.25376555337263446, "Gold": 1.1241830065359613}
