{"FTSE100": 0.7605533340010153, "DJIA": 0.5948067219996409, "GBPUSD": -0.16912669126691113, "Gold": 0.4562489815870872}
