{"FTSE100": 0.14194216212719485, "DJIA": -0.3743057045706011, "GBPUSD": 0.1349956324942456, "Gold": 0.4722843649018146}
