{"FTSE100": 0.09486550266955325, "DJIA": -0.7557409102855668, "GBPUSD": 0.008076239702793489, "Gold": 0.12943308309603935}
