{"FTSE100": -0.3711119730786636, "DJIA": -0.21207662095522664, "GBPUSD": 0.08293749528764992, "Gold": -1.2918840761928683}
