{"FTSE100": 0.6018747373526979, "DJIA": 1.4242348819290567, "GBPUSD": 0.09285769558152827, "Gold": -0.23563771530982586}
