{"FTSE100": 0.6268747137136788, "DJIA": 0.6626601543032234, "GBPUSD": -0.07185628742515951, "Gold": 0.04782816644201526}
