{"FTSE100": 0.2805292323412319, "DJIA": -0.305081231250134, "GBPUSD": 0.0482237582382379, "Gold": 0.17329771102607341}
