{"FTSE100": -0.4304225908218866, "DJIA": 0.04392633985883002, "GBPUSD": -0.6465685128924183, "Gold": -1.4209591474245116}
