{"FTSE100": -0.2649977667264424, "DJIA": 0.19660393016077043, "GBPUSD": 0.2278262235839345, "Gold": 0.13951541645351812}
