{"FTSE100": 0.7270610525835198, "DJIA": -0.6080214447008778, "GBPUSD": 0.6544611051279942, "Gold": 0.3036113774368832}
