{"FTSE100": -0.018234580682604543, "DJIA": -0.09503701511794728, "GBPUSD": 0.488073683381877, "Gold": -0.5614590398673635}
