{"FTSE100": 0.0003653969124040661, "DJIA": -0.3557943102279252, "GBPUSD": 0.2663741773738694, "Gold": -0.14619883040935303}
