{"FTSE100": 0.1008649743200889, "DJIA": 0.05379728251421858, "GBPUSD": -0.3866913719487566, "Gold": -0.8690440515432956}
