{"FTSE100": 0.14581767806114698, "DJIA": 0.11427637347122907, "GBPUSD": 0.39259674705553455, "Gold": 1.6808394251330228}
