{"FTSE100": -0.43069863429926214, "DJIA": -1.010952306389748, "GBPUSD": -0.4200420042004071, "Gold": 0.0}
