{"FTSE100": 1.7225403279653537, "DJIA": 0.8469044252918984, "GBPUSD": 0.031650577623038134, "Gold": 0.0}
