{"FTSE100": -0.5955635186558509, "DJIA": 0.2506696685980971, "GBPUSD": 0.41722427772967663, "Gold": 0.10512483574244415}
