{"FTSE100": 0.4835867710964704, "DJIA": 0.38975925625470204, "GBPUSD": 0.5675100496571193, "Gold": 0.46943716954093984}
