{"FTSE100": -0.05491580175276099, "DJIA": 0.08524701629661285, "GBPUSD": -0.18393623543837812, "Gold": 0.5638058738990944}
