{"FTSE100": 1.6733675029946526, "DJIA": 1.5635078949508472, "GBPUSD": 0.6116207951070342, "Gold": 0.13344919620134463}
