{"FTSE100": 0.35466872694390655, "DJIA": 0.3058802269914348, "GBPUSD": -0.02411381721726284, "Gold": -0.2855284082694843}
