{"FTSE100": -0.6435572842020716, "DJIA": -0.7513716738486176, "GBPUSD": -0.11609907120743473, "Gold": 0.05164044479636451}
