{"FTSE100": 0.0, "DJIA": -0.5937798212891447, "GBPUSD": 0.014753614635584092, "Gold": -0.20277305858497535}
