{"FTSE100": 0.4063044868647663, "DJIA": -0.2158129764193548, "GBPUSD": 0.122809890289836, "Gold": 0.0}
