{"FTSE100": 0.4398158459478591, "DJIA": 0.2242949695370386, "GBPUSD": -0.20461163138428878, "Gold": 0.35548533622988276}
