{"FTSE100": -0.4641011715765772, "DJIA": -0.736938343538724, "GBPUSD": -1.1416365912940891, "Gold": -0.23259922270639768}
