{"FTSE100": 0.5775987245589498, "DJIA": 0.710697632849694, "GBPUSD": 0.35274815422477196, "Gold": 0.8367279533193903}
