{"FTSE100": -0.3530156642265132, "DJIA": -0.6947305104808529, "GBPUSD": -0.24644248350424364, "Gold": -0.5957836846929387}
