{"FTSE100": 0.5863325133476636, "DJIA": -0.8586024389241369, "GBPUSD": -0.1413982717989021, "Gold": -0.08109607751078111}
