{"FTSE100": -0.2662976163393204, "DJIA": -1.017168800958807, "GBPUSD": 0.05641521598967786, "Gold": 0.19057171514544544}
