{"FTSE100": 0.05802035568778356, "DJIA": -0.11367148199528888, "GBPUSD": 0.21632881980611704, "Gold": 0.7359888607091329}
