{"FTSE100": 0.33505305895974563, "DJIA": 1.6034830108244549, "GBPUSD": 0.024828271124717943, "Gold": -0.08260366760284156}
