{"FTSE100": 0.3143203708942084, "DJIA": 0.31139895530674355, "GBPUSD": -0.34837927900635696, "Gold": 0.0}
