{"FTSE100": 1.2586746404316809, "DJIA": 0.005179498229663735, "GBPUSD": -0.05617526683251127, "Gold": -0.02524232633279483}
