{"FTSE100": 0.41253146705679467, "DJIA": 0.12470333134416214, "GBPUSD": -0.2752005032237819, "Gold": -0.17750861438864418}
