{"FTSE100": 0.6380178945937439, "DJIA": -0.31301195247437186, "GBPUSD": -0.06268855542059414, "Gold": 1.4545996127687013}
