{"FTSE100": -0.3014950997172074, "DJIA": -0.312655498210137, "GBPUSD": 0.08719086873811834, "Gold": -0.48223600039365977}
