{"FTSE100": 0.21043320056815765, "DJIA": -0.38992128472935983, "GBPUSD": 0.6835574708373485, "Gold": 2.584450728206999}
