{"FTSE100": 0.7297925167920493, "DJIA": 0.020301566271700242, "GBPUSD": -0.6948933419521607, "Gold": 1.2864405021267742}
