{"FTSE100": -0.8639171521255142, "DJIA": 0.1739632279079373, "GBPUSD": -0.2493765586034886, "Gold": -0.8948179991589008}
