{"FTSE100": 0.68780946838933, "DJIA": 0.2333292902240386, "GBPUSD": 0.24558345876575322, "Gold": 1.852666568900614}
