{"FTSE100": 0.1454694156088562, "DJIA": 0.013300861534378358, "GBPUSD": 0.007793017456358243, "Gold": 0.0}
