{"FTSE100": 0.2096871864860313, "DJIA": 0.4625140470082827, "GBPUSD": 0.06451612903226886, "Gold": -0.6284772305790256}
