{"FTSE100": -0.03485751331253758, "DJIA": 0.3250181204907131, "GBPUSD": 0.16632345952795743, "Gold": 0.3418888118125107}
