{"FTSE100": 0.1761113231772888, "DJIA": -0.005910146006960466, "GBPUSD": -0.025838839466970614, "Gold": -0.05772243753608652}
