{"FTSE100": -0.03293692319861566, "DJIA": -0.3743057045706011, "GBPUSD": 0.12700428639466946, "Gold": 0.08475421278293177}
