{"FTSE100": -0.8092278694009378, "DJIA": -0.2166786438583101, "GBPUSD": 0.18129218900675598, "Gold": -0.03586157432311279}
