{"FTSE100": -0.41777266367666255, "DJIA": 0.19923734047986166, "GBPUSD": 0.1071415376657887, "Gold": 0.005995203836938635}
