{"FTSE100": 0.8955566508449941, "DJIA": 0.7857611920019855, "GBPUSD": 0.35980047428244005, "Gold": -1.2562433782352096}
