{"FTSE100": -0.2243025101269552, "DJIA": -0.17628788591579794, "GBPUSD": -0.38634392493888703, "Gold": -0.802900802900799}
