{"FTSE100": 0.00223664926397181, "DJIA": 0.3497367967820414, "GBPUSD": 0.06376354975432409, "Gold": -2.6565809379727603}
