{"FTSE100": 0.24691741667669753, "DJIA": 0.3445162992953167, "GBPUSD": -0.04835589941974177, "Gold": 0.0}
