{"FTSE100": 0.08911827956989749, "DJIA": -0.24737160418128915, "GBPUSD": 0.6110724871016195, "Gold": 0.159297887048773}
