{"FTSE100": 0.19793950563210758, "DJIA": 0.17510220875825913, "GBPUSD": 0.0466926070038859, "Gold": 0.37237298510507827}
