{"FTSE100": -0.019291926388704316, "DJIA": -0.5129149949697622, "GBPUSD": -0.550569424541827, "Gold": 1.8023358205638465e-14}
