{"FTSE100": -0.08514942433827873, "DJIA": -1.008917915594655, "GBPUSD": -0.2563075690829068, "Gold": 0.0}
