{"FTSE100": 0.6945991346665402, "DJIA": 1.2633361362158366, "GBPUSD": 0.12974375608174227, "Gold": -0.22854240731335704}
