{"FTSE100": 0.28375863711833504, "DJIA": 0.09898491425418575, "GBPUSD": -0.7667755072091462, "Gold": -1.8478693747510806}
