{"FTSE100": 0.057234379399305875, "DJIA": -0.3653062469511603, "GBPUSD": -0.06950343655879998, "Gold": 0.7285200914733807}
