{"FTSE100": 0.40803075654748544, "DJIA": 1.4689919001806955, "GBPUSD": 0.23768024084931974, "Gold": 0.2355134684264734}
