{"FTSE100": -0.5785611603407245, "DJIA": 0.05395023725516804, "GBPUSD": 0.1523540559622539, "Gold": 0.0681723872191648}
