{"FTSE100": 0.71916087170714, "DJIA": 0.45195322141059757, "GBPUSD": -0.07192519779430376, "Gold": 0.7768907202334925}
