{"FTSE100": 0.5230879747395247, "DJIA": -0.3887199300610592, "GBPUSD": -0.8002510591558126, "Gold": 0.0}
