{"FTSE100": 0.374227791145947, "DJIA": 0.7637096540677056, "GBPUSD": 0.22858884486437928, "Gold": 0.7078607743449497}
