{"FTSE100": -0.4262773565975039, "DJIA": 0.3501992547077668, "GBPUSD": 0.015756716300321275, "Gold": 0.40686274509804815}
