{"FTSE100": 0.7440360222801333, "DJIA": 1.0031848348753987, "GBPUSD": 0.040482552020074884, "Gold": -0.10286478424111505}
