{"FTSE100": -0.49085041312539157, "DJIA": -0.3897840805689054, "GBPUSD": 0.019271535941420965, "Gold": -0.09843596193808808}
