{"FTSE100": -1.2127928763207205, "DJIA": -1.7955302336152206, "GBPUSD": 0.7064918753434428, "Gold": 1.4004106776180847}
