{"FTSE100": -0.2122636428496299, "DJIA": -1.017168800958807, "GBPUSD": 0.5077369439071544, "Gold": 0.085255767301908}
