{"FTSE100": 0.2790654877713757, "DJIA": 0.19838740499920998, "GBPUSD": 0.029824038174765574, "Gold": 0.4186783343391637}
