{"FTSE100": -0.11061018828804306, "DJIA": 2.4677603503015355, "GBPUSD": 0.02939231390990932, "Gold": 1.1673937631281157}
