{"FTSE100": 0.11065101304170773, "DJIA": -0.2268697775314359, "GBPUSD": 0.07645259938838776, "Gold": 0.5214345420530951}
