{"FTSE100": 0.024132859755833243, "DJIA": -0.5064832108151335, "GBPUSD": 0.015729453401492566, "Gold": -0.753390256152687}
