{"FTSE100": 0.22401677167076772, "DJIA": 0.8120616239471143, "GBPUSD": -0.343092406221405, "Gold": 0.12850555597551178}
