{"FTSE100": 0.3197593030935179, "DJIA": 0.8469044252918984, "GBPUSD": 0.0791264440576129, "Gold": 0.0258211113406321}
