{"FTSE100": -1.7189341680675465, "DJIA": -0.6941836620043264, "GBPUSD": -0.11281224818695147, "Gold": 0.0861894139119877}
