{"FTSE100": -0.3758326475377669, "DJIA": -0.5478995472740098, "GBPUSD": 0.0401606425702767, "Gold": 0.288600288600277}
