{"FTSE100": 0.42362216563758537, "DJIA": 0.7732504727616141, "GBPUSD": -0.09669021941241032, "Gold": 0.0}
