{"FTSE100": -0.05289082049256354, "DJIA": 0.5128147804844863, "GBPUSD": -0.4006529158628929, "Gold": 1.357967429395996}
