{"FTSE100": 0.29261058639259796, "DJIA": 0.8120616239471143, "GBPUSD": -0.343092406221405, "Gold": 0.33638219064177527}
