{"FTSE100": 0.42294439398127454, "DJIA": 0.06644797576185728, "GBPUSD": -0.03592384145611795, "Gold": -0.03789601333939669}
