{"FTSE100": -0.42235874440431104, "DJIA": -0.3704681377960019, "GBPUSD": -0.052056220718370114, "Gold": 0.5198145816028411}
