{"FTSE100": 0.3611183002652636, "DJIA": 0.14570875935731448, "GBPUSD": 0.05993856297296276, "Gold": 0.37312012183514875}
