{"FTSE100": 0.14367613249482128, "DJIA": -0.06030722766043943, "GBPUSD": 0.26654820079964814, "Gold": 0.7694010849108747}
