{"FTSE100": -0.2522244243906596, "DJIA": -0.8978656012165883, "GBPUSD": -0.4456606724003157, "Gold": -1.3837826797385573}
