{"FTSE100": 0.5406368665599224, "DJIA": 0.9715049069623176, "GBPUSD": 0.6649367499189089, "Gold": 0.7516505840528279}
