{"FTSE100": 1.2242138828351, "DJIA": 0.6420607733242925, "GBPUSD": 0.1888574126534433, "Gold": 0.27269572115622986}
