{"FTSE100": 0.16470038094229286, "DJIA": -0.09081750954431816, "GBPUSD": -0.3010139416983368, "Gold": 0.1428219650332475}
