{"FTSE100": 0.260212456410624, "DJIA": -0.6042097229734193, "GBPUSD": 0.0, "Gold": 1.542346892757275}
