{"FTSE100": 0.7243325677410822, "DJIA": -0.43107519378210224, "GBPUSD": -0.0868055555555635, "Gold": -0.20906162176982346}
