{"FTSE100": 0.15080231824399684, "DJIA": -0.20583182580650172, "GBPUSD": -0.286669851887247, "Gold": 0.492273447198322}
