{"FTSE100": -1.4545334109286279, "DJIA": -1.6099292133409195, "GBPUSD": -0.029944602485398705, "Gold": 1.0996387183384955}
