{"FTSE100": -0.8116900403582253, "DJIA": -0.9558770408900534, "GBPUSD": 0.14105542648523356, "Gold": 0.15388843088761647}
