{"FTSE100": 0.2715904923021817, "DJIA": 0.2971982623153109, "GBPUSD": 0.3717472118959057, "Gold": 0.22063985558118998}
