{"FTSE100": -0.04206875828196529, "DJIA": -0.570609798596754, "GBPUSD": 0.17037037037036803, "Gold": 0.5541069100391097}
