{"FTSE100": 0.11168406936854054, "DJIA": 1.2139763189649497, "GBPUSD": -0.08558776467085806, "Gold": 0.2500210101689141}
