{"FTSE100": -0.7032884730986363, "DJIA": -1.2290685590938644, "GBPUSD": 0.0037652020030954116, "Gold": 0.34053230576216775}
