{"FTSE100": 0.7209663892335708, "DJIA": 0.42650914563390147, "GBPUSD": -0.06966483473952324, "Gold": 0.2755165936130206}
