{"FTSE100": -1.0264126737814834, "DJIA": -1.6099292133409195, "GBPUSD": -0.04491690372809806, "Gold": 0.7521765739442947}
