{"FTSE100": -0.30129702912350853, "DJIA": 0.23760217068305511, "GBPUSD": -0.657435633745915, "Gold": 1.0943831524150374}
