{"FTSE100": 0.2585389269025923, "DJIA": 1.0014658993795054, "GBPUSD": -0.2501412087468815, "Gold": -0.2803156146179449}
