{"FTSE100": -0.3733834952143292, "DJIA": -0.35258272093663195, "GBPUSD": -0.08626774370638388, "Gold": 0.0}
