{"FTSE100": 0.3961355152861562, "DJIA": 0.3445162992953385, "GBPUSD": 0.298194713088333, "Gold": 0.0}
