{"FTSE100": 0.3256835834348527, "DJIA": 1.0675860349895518, "GBPUSD": 0.06896271956513061, "Gold": 0.061946580184375544}
