{"FTSE100": -0.03607717776001661, "DJIA": 1.2263825465964013, "GBPUSD": 0.7894325465061746, "Gold": 0.11685455045365808}
