{"FTSE100": 0.021430900166215083, "DJIA": 0.08377085725195982, "GBPUSD": -0.18458357944476866, "Gold": -0.22547914317926668}
