{"FTSE100": -0.7725403471947059, "DJIA": 0.3853358454754037, "GBPUSD": 0.5217391304347803, "Gold": -0.4055683437465795}
