{"FTSE100": -0.522835478751533, "DJIA": 0.02487581986640328, "GBPUSD": 0.2100231749710403, "Gold": 4.645900897503576}
