{"FTSE100": 0.4629498286183017, "DJIA": -0.026689074681673242, "GBPUSD": 0.3612426748013124, "Gold": 0.0}
