{"FTSE100": 0.8891412362235261, "DJIA": 0.3282592306685272, "GBPUSD": -0.21758401160449242, "Gold": 1.7019495692812117}
