{"FTSE100": 0.6413451409450536, "DJIA": 0.03794789956680398, "GBPUSD": -0.480541988340948, "Gold": -0.3907967368472473}
