{"FTSE100": -0.3038022164073703, "DJIA": -0.11037908316372663, "GBPUSD": -0.7354723995797388, "Gold": 0.0}
