{"FTSE100": 1.4668569087091865, "DJIA": 0.5898960655036961, "GBPUSD": 0.2533507682249185, "Gold": 0.32981886996486276}
