{"FTSE100": 0.0481405388057564, "DJIA": -0.6804313792889797, "GBPUSD": -0.007898270278808071, "Gold": -1.0279752467652092}
