{"FTSE100": -0.2441344917806655, "DJIA": 0.5265004364703949, "GBPUSD": 0.31915742439958533, "Gold": 0.09541026413578843}
