{"FTSE100": 0.28154312654513836, "DJIA": 0.0, "GBPUSD": -0.04462625511342015, "Gold": -0.6150506512300987}
