{"FTSE100": 0.3279298772153357, "DJIA": -0.2386402058404856, "GBPUSD": 0.06394102380862958, "Gold": 1.6881587292000146}
