{"FTSE100": 0.05956088800342185, "DJIA": 0.5789231921862223, "GBPUSD": -0.11767474699929839, "Gold": 0.0}
