{"FTSE100": 0.328492346370066, "DJIA": -0.40707833905014884, "GBPUSD": 0.265337299991966, "Gold": 0.10693008809002032}
