{"FTSE100": 0.0, "DJIA": 0.3366242464768863, "GBPUSD": 0.23284265361695475, "Gold": 1.5042016806722764}
