{"FTSE100": 0.8006231093883155, "DJIA": 1.3863842059128055, "GBPUSD": 0.20231888568982456, "Gold": 0.024458847988274583}
