{"FTSE100": 0.06680295856526243, "DJIA": 0.0474064765538105, "GBPUSD": -0.11673151750973204, "Gold": 0.3162619873495228}
