{"FTSE100": 0.689151258836653, "DJIA": 1.724992891149623, "GBPUSD": -0.4091864194345076, "Gold": -1.9502913545011404}
