{"FTSE100": -2.577581033381304, "DJIA": -0.28361335320611575, "GBPUSD": 1.3136015962753604, "Gold": 2.706766917293238}
