{"FTSE100": 0.3161319323931163, "DJIA": 0.0, "GBPUSD": -0.3357582540570774, "Gold": -0.4211511464670169}
