{"FTSE100": 0.5730197059622005, "DJIA": -0.7542049013101592, "GBPUSD": -0.43601315688822895, "Gold": -0.22920267528368185}
