{"FTSE100": -0.6306387453928376, "DJIA": -0.13794097521170054, "GBPUSD": -0.2578930915911285, "Gold": -1.4940068493150724}
