{"FTSE100": -0.7620901404139699, "DJIA": -1.0852419984274448, "GBPUSD": -0.42964145849967167, "Gold": -0.21610372979030296}
