{"FTSE100": 0.20445174199747346, "DJIA": 0.1525168228928394, "GBPUSD": 0.10256410256410878, "Gold": 0.0}
