{"FTSE100": 0.6644124175293339, "DJIA": 0.691345975644746, "GBPUSD": 0.2630357419155245, "Gold": -0.12415102607171878}
