{"FTSE100": -0.729718319968958, "DJIA": -0.2166786438583101, "GBPUSD": -0.4648303945295908, "Gold": 0.0}
