{"FTSE100": -0.04233412938732164, "DJIA": -0.5937798212891447, "GBPUSD": 0.19179699026260957, "Gold": -0.3096399408121808}
