{"FTSE100": 3.8904977941214827, "DJIA": -2.0996368982317657, "GBPUSD": 0.7217822168468029, "Gold": 1.969573041060045}
