{"FTSE100": -0.138865027068992, "DJIA": -1.06440752573788, "GBPUSD": -0.8951204055766687, "Gold": 0.07387343018960847}
