{"FTSE100": 1.8740250005064931, "DJIA": 0.5597840009080596, "GBPUSD": -0.6761159986966417, "Gold": -1.222716248989493}
