{"FTSE100": -0.4294924168756617, "DJIA": 0.17847060149560529, "GBPUSD": 0.03154822935562394, "Gold": 0.28399353669880656}
