{"FTSE100": 0.05069509400013112, "DJIA": 1.0739884822139423, "GBPUSD": 0.5167276430430372, "Gold": 1.5016939840673875}
