{"FTSE100": -0.219030095151786, "DJIA": 0.19660393016077043, "GBPUSD": 0.1728336868567821, "Gold": 0.13951541645351812}
