{"FTSE100": -0.05695711165769535, "DJIA": -0.3306836771535578, "GBPUSD": 0.026978070682550776, "Gold": -0.285202383999405}
