{"FTSE100": 0.8267468958459228, "DJIA": 0.691345975644746, "GBPUSD": 0.2436666022046015, "Gold": -0.12415102607171878}
