{"FTSE100": 0.7566439749769166, "DJIA": 1.6540415087346056, "GBPUSD": -0.3430251551780449, "Gold": 0.7741935483870968}
