{"FTSE100": -0.13789625678597203, "DJIA": 0.5789231921862223, "GBPUSD": -0.1255197301325838, "Gold": 0.45396230139149535}
