{"FTSE100": 0.00024378560032126744, "DJIA": 0.459596194319011, "GBPUSD": 0.24203622735789196, "Gold": -0.19677621938454337}
