{"FTSE100": 0.6157926622042966, "DJIA": 0.21269921423708238, "GBPUSD": -0.40718562874252323, "Gold": -0.3087090743075746}
