{"FTSE100": -0.2985978496374631, "DJIA": -0.9527554900341394, "GBPUSD": 0.6316134853580543, "Gold": -0.5369057547956606}
