{"FTSE100": -0.748120723614151, "DJIA": 0.5823202104488487, "GBPUSD": 0.0923716419059418, "Gold": 0.31570954721656436}
