{"FTSE100": 0.45410859210471666, "DJIA": 0.9981709717002313, "GBPUSD": 0.31678986272439397, "Gold": 0.01016828511871704}
