{"FTSE100": -0.0637028437718782, "DJIA": -0.0025957097828106066, "GBPUSD": -0.1254612546125323, "Gold": -0.7502776027130037}
