{"FTSE100": 0.12961788488979825, "DJIA": 0.39589525184368535, "GBPUSD": -0.12733784321526653, "Gold": 0.0}
