{"FTSE100": 1.1675903396077147, "DJIA": 0.9339390297073944, "GBPUSD": -0.09279307145067196, "Gold": 0.24335939522600414}
