{"FTSE100": 0.8939828970430925, "DJIA": 0.6219054478834781, "GBPUSD": 0.5353319057815804, "Gold": 0.7734983463138803}
