{"FTSE100": 0.05956088800342185, "DJIA": -0.11597147395338638, "GBPUSD": 0.306700220195031, "Gold": -0.4700352526439438}
