{"FTSE100": -0.38085015249487203, "DJIA": 0.2990717960120223, "GBPUSD": -0.1682018422106698, "Gold": -0.24140012070005806}
