{"FTSE100": -0.8621297063175357, "DJIA": -0.8671788511741362, "GBPUSD": -0.4430838636912962, "Gold": 0.6384065372829418}
