{"FTSE100": 0.5256055338236223, "DJIA": 0.927072116360002, "GBPUSD": 0.30635881342000987, "Gold": 0.8006863025450255}
