{"FTSE100": 0.39425517376024366, "DJIA": -0.6120663862601452, "GBPUSD": -0.19275402226506141, "Gold": 0.045378913931336896}
