{"FTSE100": -0.3776273873214866, "DJIA": 0.2615040911995162, "GBPUSD": -0.13195098963241608, "Gold": -1.2006264137810965}
