{"FTSE100": -0.5928423738757361, "DJIA": -0.5784810709515997, "GBPUSD": -0.24863621182320586, "Gold": -0.8224832316610492}
