{"FTSE100": 0.3222280609563831, "DJIA": -0.7124813051707788, "GBPUSD": -0.018717478381302097, "Gold": 0.9321531005835296}
