{"FTSE100": 0.6047667017720583, "DJIA": 0.940872817102252, "GBPUSD": 0.010925379656949962, "Gold": -1.5177419838627406}
