{"FTSE100": -1.0612097258940516, "DJIA": -0.22749413323719186, "GBPUSD": -0.06293266205161531, "Gold": 0.17692667950252852}
