{"FTSE100": 1.4177867545213159, "DJIA": 1.583701432144301, "GBPUSD": 0.4279835390946396, "Gold": 0.1364463311097543}
