{"FTSE100": -0.9852659660432042, "DJIA": 0.03463890967223469, "GBPUSD": -0.02980625931445275, "Gold": -0.803795364578609}
