{"FTSE100": -0.042470915942976, "DJIA": 0.4049701256653451, "GBPUSD": -0.2138613861386079, "Gold": -0.5994496855345934}
