{"FTSE100": -0.1938427936243773, "DJIA": 0.03084253741809385, "GBPUSD": 0.11627906976744626, "Gold": 0.50456143927424}
