{"FTSE100": -0.9208670781751537, "DJIA": -0.24293463149809844, "GBPUSD": -0.21144960451093636, "Gold": -0.9465680442766348}
