{"FTSE100": 1.7445936682039123, "DJIA": -0.9115523324370807, "GBPUSD": 0.1533079130469058, "Gold": 1.6873919967472022}
