{"FTSE100": 0.7955447106879341, "DJIA": 0.483009517089941, "GBPUSD": 0.18658108814090205, "Gold": -0.3852749259514995}
