{"FTSE100": -0.08054263540337715, "DJIA": 0.29514217405861104, "GBPUSD": -0.06323228566113412, "Gold": 1.1234302855630331}
