{"FTSE100": -0.0352282965461638, "DJIA": -0.14992069262634208, "GBPUSD": -0.11827787415232888, "Gold": -0.19301707128763831}
