{"FTSE100": 0.24212186379928982, "DJIA": 0.6247901758928076, "GBPUSD": 0.5378901533170032, "Gold": 0.159297887048773}
