{"FTSE100": -0.06347737602979418, "DJIA": -0.27266145053456864, "GBPUSD": 0.1648998822143691, "Gold": 0.39764593605853343}
