{"FTSE100": 0.06973686763821241, "DJIA": 0.07021197149384689, "GBPUSD": -0.9377254147631677, "Gold": 0.7603417773929995}
