{"FTSE100": 1.6213580551808802, "DJIA": 0.15566097340099977, "GBPUSD": -0.37183736157141195, "Gold": -2.372414943295534}
