{"FTSE100": -0.5992767727537989, "DJIA": -0.9282916865650261, "GBPUSD": -0.038702685966401806, "Gold": 0.14193279064913758}
