{"FTSE100": -0.42851092757786574, "DJIA": -0.07893158932107848, "GBPUSD": -0.03905029678225125, "Gold": 0.3609035326086956}
