{"FTSE100": 0.43375863142271154, "DJIA": -0.2535668695780367, "GBPUSD": 0.15764168046031382, "Gold": 0.12353609724761574}
