{"FTSE100": 1.016623396346971, "DJIA": -1.2671628247783644, "GBPUSD": -0.015826541109438787, "Gold": 0.0638977635782837}
