{"FTSE100": -0.1792684177409882, "DJIA": -0.2343375431877598, "GBPUSD": 0.016079755587713296, "Gold": 0.14033680834001375}
