{"FTSE100": 0.48975618459859055, "DJIA": 0.9686424484211156, "GBPUSD": 0.054936430701628076, "Gold": 0.034096444227972374}
