{"FTSE100": -0.41994763347301284, "DJIA": 0.039785602364751205, "GBPUSD": 0.0, "Gold": 0.2978760145052707}
