{"FTSE100": -0.10955751827008553, "DJIA": 0.2779895816260505, "GBPUSD": 0.051901831393204194, "Gold": -0.04823490398240522}
