{"FTSE100": 0.418491163009423, "DJIA": 0.34027004965234975, "GBPUSD": -0.5387484459179437, "Gold": 0.0}
