{"FTSE100": 0.3454870254746392, "DJIA": 0.3644906216491603, "GBPUSD": 0.11018416496144089, "Gold": 0.0}
