{"FTSE100": 0.7825978430840018, "DJIA": 1.1395257562875882, "GBPUSD": 0.49599389545976136, "Gold": 0.0}
