{"FTSE100": 0.2601494524273627, "DJIA": -0.60925107204474, "GBPUSD": 0.3487792725460871, "Gold": 0.45413260672116257}
