{"FTSE100": -0.0028021800961064366, "DJIA": -1.1420705304931666, "GBPUSD": 0.6429036458333347, "Gold": 0.0}
