{"FTSE100": 0.331977539947271, "DJIA": -0.023643137848942092, "GBPUSD": 0.07699358386801065, "Gold": 0.137395459976116}
