{"FTSE100": 0.8267468958459228, "DJIA": 0.6318681450243812, "GBPUSD": 0.2403287076517639, "Gold": -0.113208925245587}
