{"FTSE100": 0.06221895707408549, "DJIA": 0.6679126218229057, "GBPUSD": -0.12082766953632727, "Gold": -0.08162873331411784}
