{"FTSE100": 1.2586746404316809, "DJIA": 0.005179498229663735, "GBPUSD": 0.26482625792473163, "Gold": 0.0}
