{"FTSE100": 0.8642462222397898, "DJIA": 0.4908468992803543, "GBPUSD": 0.48987961872935604, "Gold": 0.5072463768115942}
