{"FTSE100": -0.4877628425840124, "DJIA": -0.07548277212343885, "GBPUSD": 0.5802707930367402, "Gold": 0.085255767301908}
