{"FTSE100": -0.01665734029123987, "DJIA": -0.24781650419012533, "GBPUSD": 0.031538279586862575, "Gold": 0.3648015775203397}
