{"FTSE100": -0.8116900403582253, "DJIA": -0.2213974377498522, "GBPUSD": 0.27397260273971424, "Gold": 0.0}
