{"FTSE100": 0.37028589485970803, "DJIA": 0.04240687770158971, "GBPUSD": 0.03213883978788011, "Gold": 0.5354808786945995}
