{"FTSE100": 0.3655941944660868, "DJIA": 0.5418783057353993, "GBPUSD": -0.2125147579692975, "Gold": 0.6093332012285719}
