{"FTSE100": -0.11109815636026846, "DJIA": -0.04992968631169498, "GBPUSD": 0.04720320981826244, "Gold": 0.2709603459955211}
