{"FTSE100": 1.6135610581127582, "DJIA": 0.49035358748113406, "GBPUSD": -0.5400975900473035, "Gold": 0.4762457892902776}
