{"FTSE100": 0.5522837784327466, "DJIA": -0.5468671780450398, "GBPUSD": 0.05225830533782344, "Gold": 0.6310925790274438}
