{"FTSE100": 0.10239548476042905, "DJIA": 0.2961486821397024, "GBPUSD": 0.13287478505549746, "Gold": -0.2735912450801487}
