{"FTSE100": -0.3118552159927078, "DJIA": 0.1042566928628082, "GBPUSD": 0.24188228395514774, "Gold": 0.9212998121427788}
