{"FTSE100": 0.2565472175543888, "DJIA": 0.5562740824610231, "GBPUSD": 0.016454134101191113, "Gold": 0.15494763838426284}
