{"FTSE100": 0.07489646149328864, "DJIA": 0.2973710194088548, "GBPUSD": -0.028414856910886986, "Gold": -0.682902153490392}
