{"FTSE100": -0.6933418882599897, "DJIA": -0.7168536640997578, "GBPUSD": 0.35936213221531144, "Gold": 0.020586418845390645}
