{"FTSE100": 0.20778168029699262, "DJIA": 0.14637127657105953, "GBPUSD": 0.07869678130163608, "Gold": -0.09011328527291061}
