{"FTSE100": 0.1271055959221515, "DJIA": -0.07631359503334861, "GBPUSD": 0.12589794860401649, "Gold": 0.11405588738481036}
