{"FTSE100": 0.07341913389572946, "DJIA": 0.42169345508682693, "GBPUSD": 0.3191866650904448, "Gold": 0.5416871851206554}
