{"FTSE100": -0.057722611809502174, "DJIA": 0.5595277945542726, "GBPUSD": 0.4715850051954293, "Gold": 0.3733442438500462}
