{"FTSE100": 1.8152187405318323, "DJIA": 0.4729107430072869, "GBPUSD": 0.2860411899313549, "Gold": 0.5028386050283958}
