{"FTSE100": -0.2342316585201514, "DJIA": -0.31301195247437186, "GBPUSD": -0.27448827542938264, "Gold": 1.3791050699474132}
