{"FTSE100": 0.35676181517909483, "DJIA": 0.08233753137203556, "GBPUSD": -0.11196417146511883, "Gold": 0.393054595715269}
