{"FTSE100": -0.21792585306890816, "DJIA": 0.13704752870500292, "GBPUSD": 0.3079109426811773, "Gold": 0.9243697478991597}
