{"FTSE100": -0.6551542749182507, "DJIA": -0.13424903271818125, "GBPUSD": 0.023468669326446607, "Gold": 0.27117495021397786}
