{"FTSE100": -0.32051433848776567, "DJIA": 0.8844962512111914, "GBPUSD": -0.07883326763893496, "Gold": 0.14652321346339012}
