{"FTSE100": -0.16285443352479725, "DJIA": -0.355019731839814, "GBPUSD": -0.14060534300301863, "Gold": 0.894574275890198}
