{"FTSE100": -0.32385712433098557, "DJIA": 1.3950732561219452, "GBPUSD": -0.13537906137182626, "Gold": -1.8158159342284288}
