{"FTSE100": -0.100169251493903, "DJIA": 0.03159185761286059, "GBPUSD": -0.1101321585903137, "Gold": 0.1457043242961937}
