{"FTSE100": -0.0144771867557066, "DJIA": 0.9247514478540337, "GBPUSD": 0.3521554341226534, "Gold": 0.5392493937968091}
