{"FTSE100": 1.154394661731637, "DJIA": 1.0537205422430127, "GBPUSD": 0.1756311745334766, "Gold": 3.623580313683072}
