{"FTSE100": -0.322650878633434, "DJIA": 0.500786870169679, "GBPUSD": -0.007966223213573567, "Gold": 0.05601955591769754}
