{"FTSE100": 1.411054861242592, "DJIA": -0.17715082545770347, "GBPUSD": 0.11372251705838188, "Gold": 0.36507738392410816}
