{"FTSE100": 0.08957227546295565, "DJIA": -0.2920278814541137, "GBPUSD": 0.3986416654362964, "Gold": 2.246108451509948}
