{"FTSE100": -0.08925295171489367, "DJIA": 0.20141762959104867, "GBPUSD": -0.2930158376914727, "Gold": -0.17411320309272532}
