{"FTSE100": 0.2960337375815494, "DJIA": -0.07631359503334861, "GBPUSD": 0.029623046730352952, "Gold": 0.09904853378154477}
