{"FTSE100": 0.5775987245589498, "DJIA": 0.869606700811641, "GBPUSD": -0.2287955548292134, "Gold": 1.0217462572396483}
