{"FTSE100": 0.7243325677410822, "DJIA": -0.43453681653583465, "GBPUSD": 0.1658243840808584, "Gold": 0.33052160440696726}
