{"FTSE100": 0.7689402408079936, "DJIA": 0.7895128595095471, "GBPUSD": 0.3859267863164757, "Gold": 0.0}
