{"FTSE100": -0.5992767727537989, "DJIA": -0.9568420229475008, "GBPUSD": -0.18545707441464784, "Gold": -2.1575984990619173}
