{"FTSE100": 0.9853299195105863, "DJIA": 1.3075754985224037, "GBPUSD": 0.2985965959988225, "Gold": -0.20637773783370353}
