{"FTSE100": 0.06371448130453919, "DJIA": 0.8552295089589758, "GBPUSD": -0.4015735125389202, "Gold": 0.08602954927997689}
