{"FTSE100": 0.9007018028506132, "DJIA": 0.3459584676963842, "GBPUSD": 0.32794949577765053, "Gold": 0.5428940012900403}
