{"FTSE100": 0.2608776670082936, "DJIA": 0.0, "GBPUSD": -0.07268028749090696, "Gold": 0.0}
