{"FTSE100": -1.5633611322787027, "DJIA": 0.0, "GBPUSD": 0.11250401800064834, "Gold": 0.23670639952658334}
