{"FTSE100": 0.7623678869824249, "DJIA": 0.587001988807588, "GBPUSD": -0.5874623173842507, "Gold": -0.37926675094816686}
