{"FTSE100": 0.6263456134954986, "DJIA": 0.9590019299776511, "GBPUSD": 0.14505600773632232, "Gold": 0.0}
