{"FTSE100": 0.11780128433605384, "DJIA": -0.4091173785115344, "GBPUSD": 0.011290504685566558, "Gold": -0.5136280133468233}
