{"FTSE100": -0.6685784550428564, "DJIA": -0.7428935919073757, "GBPUSD": -0.1930721181147115, "Gold": -0.20648609255435993}
