{"FTSE100": 0.6426717936996532, "DJIA": -1.006827257503534, "GBPUSD": -0.1600243846681392, "Gold": 1.8309270478981525e-14}
