{"FTSE100": 0.1681878731668347, "DJIA": 0.14637127657105953, "GBPUSD": -0.10222536761815514, "Gold": 0.3733264675592095}
