{"FTSE100": -0.2838988011014951, "DJIA": 0.38307347429567085, "GBPUSD": -0.19687910164796169, "Gold": 0.08858478174542844}
