{"FTSE100": -0.3530156642265132, "DJIA": -0.6263925487896427, "GBPUSD": -0.302090786231022, "Gold": -0.378093492208986}
