{"FTSE100": 0.49785611587956313, "DJIA": 0.57378667871256, "GBPUSD": 0.6086329782974156, "Gold": 0.0050253781597019475}
