{"FTSE100": 0.2504966319935469, "DJIA": 0.2971260727736474, "GBPUSD": 0.23220433981903293, "Gold": -0.11991434689506326}
