{"FTSE100": 0.19734903892047434, "DJIA": 0.13602683487048717, "GBPUSD": 0.7621951219512246, "Gold": 1.032616789951842}
