{"FTSE100": 0.49168685010835317, "DJIA": 0.04053127880320813, "GBPUSD": -0.3775842087554674, "Gold": 0.4059026592314334}
