{"FTSE100": 0.3294792629708741, "DJIA": -0.3212170251798297, "GBPUSD": 0.4556374782536708, "Gold": -0.6072227548737664}
