{"FTSE100": -0.15042315180003796, "DJIA": -0.07964156969438005, "GBPUSD": 0.023762376237638733, "Gold": 0.1286055484107903}
