{"FTSE100": -0.012047934716252881, "DJIA": -1.2890422287925116, "GBPUSD": 0.05797101449276563, "Gold": -0.169900252110059}
