{"FTSE100": 0.10018077819523324, "DJIA": 0.5356288403867635, "GBPUSD": 0.17873100983021892, "Gold": 0.1564991436839227}
