{"FTSE100": -0.15635345756365057, "DJIA": -0.2343375431877598, "GBPUSD": -0.08039877793856648, "Gold": 0.14033680834001375}
