{"FTSE100": 0.596564151261859, "DJIA": -0.6691410778060849, "GBPUSD": -0.6948933419521607, "Gold": -0.3890445066915655}
