{"FTSE100": 0.5863325133476636, "DJIA": -0.8007743706417634, "GBPUSD": 0.2203509876445985, "Gold": -0.08969759097900067}
