{"FTSE100": -0.1989866841277584, "DJIA": -0.27556346269602683, "GBPUSD": -0.4199350289200428, "Gold": -0.7217238890607278}
