{"FTSE100": 0.04993787888525364, "DJIA": 0.534221643848813, "GBPUSD": 0.0414662464753829, "Gold": 0.6155567991046447}
