{"FTSE100": 0.4684129268337407, "DJIA": 0.12162051830827923, "GBPUSD": 0.015844094113917292, "Gold": -0.13198416190057416}
