{"FTSE100": -0.024177837292453343, "DJIA": -0.6358626836531823, "GBPUSD": 0.13525698827772947, "Gold": -1.830077461963404}
