{"FTSE100": 0.3029454156067686, "DJIA": 0.29167046719296, "GBPUSD": 0.2148466439472442, "Gold": 0.36134782739618776}
