{"FTSE100": 0.43271441693392404, "DJIA": 0.45654889815344385, "GBPUSD": -0.24971115500726504, "Gold": -1.0185739964050262}
