{"FTSE100": -0.13751600142449122, "DJIA": -0.09151953859032659, "GBPUSD": -0.44184945557835326, "Gold": -0.9599999999999899}
