{"FTSE100": -0.368947358466611, "DJIA": -0.5761716627504442, "GBPUSD": 0.7236842105263274, "Gold": -0.4842370744010042}
