{"FTSE100": 0.15862884351762482, "DJIA": -0.16395113228478883, "GBPUSD": -0.41583366653339404, "Gold": 0.1094833428913982}
