{"FTSE100": 0.8019225657620229, "DJIA": 0.0, "GBPUSD": 0.6630648330058936, "Gold": 1.1241830065359613}
