{"FTSE100": 0.19992572492354227, "DJIA": 0.3210630280199732, "GBPUSD": 0.198601843025099, "Gold": 0.4504121696269189}
