{"FTSE100": 0.19543240327366732, "DJIA": -0.30817887794355414, "GBPUSD": -0.09858432903503699, "Gold": -0.359862115989242}
