{"FTSE100": -0.0383825038447728, "DJIA": -0.22007768571863462, "GBPUSD": -0.3888932099245464, "Gold": 0.24786560176260403}
