{"FTSE100": -0.4476247182409649, "DJIA": 0.29920841251814084, "GBPUSD": 0.0, "Gold": -0.05227664802132887}
