{"FTSE100": 0.5794244034681542, "DJIA": 1.2617376505069284, "GBPUSD": 0.10171348094828878, "Gold": 0.1838798651547609}
