{"FTSE100": -0.31639164264705555, "DJIA": -0.1045580090866439, "GBPUSD": 0.018626830086062175, "Gold": -0.49855448699038557}
