{"FTSE100": 0.23209209841504538, "DJIA": 0.5613164347543534, "GBPUSD": 0.663980901223525, "Gold": 1.4822546972860207}
