{"FTSE100": 0.032336614356480886, "DJIA": 0.1774080328516768, "GBPUSD": -0.015820281601010757, "Gold": -0.012888258796244442}
