{"FTSE100": 0.06395035420878606, "DJIA": -1.0104511581288504, "GBPUSD": -0.18549946718238736, "Gold": -0.45918367346938777}
