{"FTSE100": -0.03424228166838054, "DJIA": 0.6567554437059103, "GBPUSD": 0.19395506707612395, "Gold": 0.0}
