{"FTSE100": 0.7440360222801333, "DJIA": 1.0031848348753987, "GBPUSD": 0.08101758081504594, "Gold": 0.01028647842410215}
