{"FTSE100": -0.8661054288988841, "DJIA": -1.1123313970746949, "GBPUSD": -1.184982834360803, "Gold": 1.943172985577338}
