{"FTSE100": -0.3530156642265132, "DJIA": -0.9733856435851889, "GBPUSD": -0.07967492630070208, "Gold": 0.17650895974827935}
