{"FTSE100": -0.4269749293321561, "DJIA": -0.047402089280861384, "GBPUSD": 0.5386658795749767, "Gold": 0.09321243962375297}
