{"FTSE100": 0.10937749492461217, "DJIA": 0.30471947526455173, "GBPUSD": 0.5456970774889878, "Gold": -0.0446076244724353}
