{"FTSE100": 0.38510382444060853, "DJIA": -2.602066674954433, "GBPUSD": -0.13309324356063842, "Gold": -0.08743806470418301}
