{"FTSE100": 1.0439684098535111, "DJIA": -0.4060910426223834, "GBPUSD": -1.2190133355150237, "Gold": -2.7761832698429285}
