{"FTSE100": 0.4335509589127163, "DJIA": 0.19660393016077043, "GBPUSD": 0.007856076675307485, "Gold": 0.0}
