{"FTSE100": 1.0600029225735523, "DJIA": -0.08562044902757175, "GBPUSD": -0.1420454545454389, "Gold": -0.8405507697308803}
