{"FTSE100": -0.9449613595293888, "DJIA": -1.327488239802903, "GBPUSD": -0.30324585376810204, "Gold": -2.5714857028594174}
