{"FTSE100": 0.5155949787811847, "DJIA": -0.1628355855503548, "GBPUSD": 0.10298661174047999, "Gold": -0.13198416190057416}
