{"FTSE100": 0.006484751046733586, "DJIA": -0.06931504474708237, "GBPUSD": -0.15578190533252617, "Gold": 0.14453065571275395}
