{"FTSE100": -0.3091477420729684, "DJIA": 0.8844962512111914, "GBPUSD": -0.14189988175008292, "Gold": 0.14652321346339012}
