{"FTSE100": 0.12001996208304712, "DJIA": 0.9339390297073944, "GBPUSD": 0.14692236313022058, "Gold": 0.3624501631025734}
