{"FTSE100": -1.1583798550246887, "DJIA": 0.0, "GBPUSD": -0.2824637112593037, "Gold": 0.40337561700546193}
