{"FTSE100": -0.24838621516968692, "DJIA": -0.7076449060233607, "GBPUSD": -0.011562030292509535, "Gold": 0.0548466123075798}
