{"FTSE100": 0.046500331360622774, "DJIA": 0.17266205352600647, "GBPUSD": 0.031240237425818336, "Gold": -0.09765625000000772}
