{"FTSE100": -0.40286074239426, "DJIA": 0.2870374500384993, "GBPUSD": -0.25660377358489417, "Gold": 0.0}
