{"FTSE100": -0.2446123253195928, "DJIA": 0.9075225928154418, "GBPUSD": -1.0366275051831284, "Gold": -0.2157820601192877}
