{"FTSE100": 0.1386342235400416, "DJIA": -0.12079694235055477, "GBPUSD": 0.1446247790454605, "Gold": 0.4427204115191634}
