{"FTSE100": 0.2071442767223419, "DJIA": 1.238543593431139, "GBPUSD": 0.3745941896278988, "Gold": 0.4533392304290036}
