{"FTSE100": -0.13490209167779352, "DJIA": -0.25346833985594025, "GBPUSD": 0.1287830006439187, "Gold": -0.6525854338945855}
