{"FTSE100": -0.0857548704215146, "DJIA": 0.22079399611891287, "GBPUSD": 0.08621365310761822, "Gold": 0.015228812914019499}
