{"FTSE100": 0.21098740832246757, "DJIA": 0.32945334552794114, "GBPUSD": 0.016358580075247663, "Gold": 1.5721772272510746}
