{"FTSE100": 0.528317268615575, "DJIA": -0.07958550927016221, "GBPUSD": 0.24144406545816777, "Gold": 1.5852784195013216}
