{"FTSE100": -0.548856681380956, "DJIA": -0.009848843509162396, "GBPUSD": -0.014779781259235736, "Gold": 0.0}
