{"FTSE100": -0.11073888522047116, "DJIA": 0.9651360103565872, "GBPUSD": -0.03061380682687555, "Gold": -0.08654425045154206}
