{"FTSE100": -3.0506280956755667, "DJIA": -1.513607747799949, "GBPUSD": -0.23441162681668162, "Gold": -2.403429937749935}
