{"FTSE100": 0.232191529763226, "DJIA": 0.6210782430528998, "GBPUSD": 0.18663970759778814, "Gold": 0.19740259740260685}
