{"FTSE100": -0.6217992088162032, "DJIA": -0.015629512992758544, "GBPUSD": -0.25031771094079047, "Gold": -0.09838933022375455}
