{"FTSE100": 0.05956088800342185, "DJIA": 0.5789231921862223, "GBPUSD": 0.24378735451400618, "Gold": -0.798080689385035}
