{"FTSE100": 0.2386680292749212, "DJIA": 0.543475671191138, "GBPUSD": -0.46642541214314653, "Gold": 0.734584225328464}
