{"FTSE100": -0.1989866841277584, "DJIA": -0.16057312607514976, "GBPUSD": -0.30900879486570115, "Gold": -0.7217238890607278}
