{"FTSE100": -0.1585118440211183, "DJIA": -0.7936904281136352, "GBPUSD": -0.4537132850433667, "Gold": -0.21285432457688241}
