{"FTSE100": -0.1950681316681412, "DJIA": 0.06181876644172818, "GBPUSD": 0.003712641544466718, "Gold": -0.6490058410525694}
