{"FTSE100": 0.4465695229507295, "DJIA": 0.4039825866858529, "GBPUSD": 0.2642325246216557, "Gold": 0.042826552462526764}
