{"FTSE100": 1.0376858762903716, "DJIA": -0.5700223821083189, "GBPUSD": 0.2523003858711836, "Gold": 2.004312241485531}
