{"FTSE100": 0.27307866349694504, "DJIA": -0.037144707738037616, "GBPUSD": -0.2286304299727194, "Gold": -0.9408602150537635}
