{"FTSE100": 0.1703564076881101, "DJIA": -0.5777173623608186, "GBPUSD": 0.17594018033868172, "Gold": 2.1502351191672355}
