{"FTSE100": 0.3722565400313323, "DJIA": 0.24052178317833575, "GBPUSD": -0.11238660993819281, "Gold": -0.34638032559750603}
