{"FTSE100": -0.08434553707823601, "DJIA": -0.5784810709515997, "GBPUSD": -0.07793075295951277, "Gold": -0.5159488907098849}
