{"FTSE100": 0.3533085433407055, "DJIA": -0.12079694235055477, "GBPUSD": 0.1446247790454605, "Gold": -0.1391407007631733}
