{"FTSE100": -0.1019652968537923, "DJIA": 0.32528263027553195, "GBPUSD": 0.40857166680564716, "Gold": -0.05428881650380022}
