{"FTSE100": -1.3649401860357164, "DJIA": -1.082101155521022, "GBPUSD": -0.4617672380057929, "Gold": -0.2782501159375413}
