{"FTSE100": 1.2586746404316809, "DJIA": -0.04901922910179025, "GBPUSD": 0.2095760116072816, "Gold": -0.20666364232067688}
