{"FTSE100": 0.7729350430819587, "DJIA": 0.3838898348154038, "GBPUSD": -0.6961670800992182, "Gold": 0.05097359567743908}
