{"FTSE100": 0.29898927695181426, "DJIA": -0.6125483595503677, "GBPUSD": 0.18136214547559903, "Gold": 0.01461934870800176}
