{"FTSE100": 1.0285518092796067, "DJIA": 0.456591842729084, "GBPUSD": -0.15922299180001606, "Gold": 0.11629910406617303}
