{"FTSE100": -0.4224165088144852, "DJIA": -0.515123332840141, "GBPUSD": 0.6283524904214718, "Gold": 0.0}
