{"FTSE100": -0.03632820235727326, "DJIA": -0.31301195247437186, "GBPUSD": -0.11763783232688077, "Gold": 1.3791050699474132}
