{"FTSE100": -1.2726049384885136, "DJIA": -1.0699665852762297, "GBPUSD": -0.07606876616460444, "Gold": 0.0}
