{"FTSE100": 0.0667222504010867, "DJIA": -0.20163508038452232, "GBPUSD": 0.1851440420647224, "Gold": 0.6966635000143886}
