{"FTSE100": 0.1259054392203422, "DJIA": 0.5128147804844863, "GBPUSD": -0.40807241430479746, "Gold": 1.3218923933209694}
