{"FTSE100": 0.4425787884014902, "DJIA": 1.4242348819290567, "GBPUSD": 0.03869070649231347, "Gold": -0.23563771530982586}
