{"FTSE100": -0.13657259477620837, "DJIA": 0.39148366026754317, "GBPUSD": 0.49950806024371164, "Gold": 0.317680217837868}
