{"FTSE100": -1.2758075397650364, "DJIA": 0.9832721290076637, "GBPUSD": -0.040913182227309136, "Gold": -1.4662457998167169}
