{"FTSE100": 0.042293479057408934, "DJIA": -1.0699665852762297, "GBPUSD": -0.23581317511029062, "Gold": 1.2779159382463654}
