{"FTSE100": -0.3245434038591059, "DJIA": -0.7516768231996587, "GBPUSD": 0.9847005208333333, "Gold": 0.0}
