{"FTSE100": 1.0259769748947516, "DJIA": 0.007675601026439037, "GBPUSD": 0.1369531942318565, "Gold": -0.6411849495501809}
