{"FTSE100": -0.46043995254715786, "DJIA": -0.31301195247437186, "GBPUSD": -0.5579567779960617, "Gold": -0.3859871989055486}
