{"FTSE100": 0.20077430194605533, "DJIA": 0.5595277945542726, "GBPUSD": 0.3596834785388816, "Gold": 0.38868715798086784}
