{"FTSE100": 0.17818575750706342, "DJIA": -0.3698159508653571, "GBPUSD": 0.07151370679381192, "Gold": 0.3779997225689983}
