{"FTSE100": 1.1104114367219637e-14, "DJIA": 0.3006370750608393, "GBPUSD": -0.15643481246899046, "Gold": -0.03059273422561098}
