{"FTSE100": 0.0, "DJIA": 1.0537205422430127, "GBPUSD": 0.16831320892791574, "Gold": 6.089778258518118}
