{"FTSE100": -0.019899274945207303, "DJIA": 0.3644906216491603, "GBPUSD": 0.15740594994490806, "Gold": 0.5198534508367164}
