{"FTSE100": 0.9908729547667002, "DJIA": -0.2349271504824085, "GBPUSD": -0.20871798988519993, "Gold": -0.5740016824187198}
