{"FTSE100": 0.5230879747395247, "DJIA": -0.1370305546598287, "GBPUSD": -0.8551702494900291, "Gold": 0.0}
