{"FTSE100": 0.10928498300752318, "DJIA": 0.9651360103565872, "GBPUSD": -0.20664319608142698, "Gold": -0.08654425045154206}
