{"FTSE100": 1.5981085281030958, "DJIA": 1.0992775866742686, "GBPUSD": 0.23045267489711221, "Gold": 0.30321406913280774}
