{"FTSE100": -0.8081753060959522, "DJIA": -0.22895124848186924, "GBPUSD": 0.0074515648286131875, "Gold": -0.43815912730788986}
