{"FTSE100": 0.21228944584838572, "DJIA": 0.2521465933535974, "GBPUSD": 0.32028184802626336, "Gold": -0.13704496788007786}
