{"FTSE100": -0.7032884730986363, "DJIA": -1.1977073701966394, "GBPUSD": 0.26878667423811786, "Gold": 0.03883263135883523}
