{"FTSE100": 0.070111395321934, "DJIA": -0.305081231250134, "GBPUSD": -0.004015580452145001, "Gold": 0.5993212506318113}
