{"FTSE100": 0.003251440388084039, "DJIA": 0.14308455936887354, "GBPUSD": -0.022200843632055572, "Gold": 0.4384206164621619}
