{"FTSE100": 0.283558180178515, "DJIA": 0.15976816467024268, "GBPUSD": -0.1656282041170432, "Gold": 0.0}
