{"FTSE100": 0.2249889593438085, "DJIA": -0.3256629419526956, "GBPUSD": -0.47416217953867995, "Gold": -0.5678421996413673}
