{"FTSE100": 0.40841039746384095, "DJIA": -0.028891600975112, "GBPUSD": 0.12662234884457468, "Gold": 0.576170615298604}
