{"FTSE100": -0.0856597051729152, "DJIA": -0.5064832108151335, "GBPUSD": 0.0471883602044777, "Gold": -0.753390256152687}
