{"FTSE100": -0.5509513652104107, "DJIA": 0.03159185761286059, "GBPUSD": -0.10226557583386396, "Gold": 0.2810011968569543}
