{"FTSE100": 0.44409784514906564, "DJIA": -0.11003251448037732, "GBPUSD": 0.07114062129475146, "Gold": -0.12203626220363414}
