{"FTSE100": -0.7560343846819436, "DJIA": -0.01416725966909566, "GBPUSD": -0.2353679585752308, "Gold": 0.0}
