{"FTSE100": -0.23598472176427257, "DJIA": -0.038200877995528945, "GBPUSD": 0.2051515842261169, "Gold": 0.0}
