{"FTSE100": -1.237782735508304, "DJIA": -1.8498080572579005, "GBPUSD": 0.6986419656174055, "Gold": 1.4004106776180847}
