{"FTSE100": -0.19795838216131095, "DJIA": 0.06879682005810449, "GBPUSD": -0.30050083472453254, "Gold": 0.03646118186316876}
