{"FTSE100": -0.4243262831916725, "DJIA": 1.3863842059128055, "GBPUSD": 0.4357637537934656, "Gold": 0.5258652317475884}
