{"FTSE100": -0.22385556765976364, "DJIA": 0.33703171538278354, "GBPUSD": 0.15617679212868982, "Gold": 0.0}
