{"FTSE100": -0.5489098600715923, "DJIA": -0.24956904248889447, "GBPUSD": 0.0, "Gold": -0.08971997922274594}
