{"FTSE100": 0.8258516019126889, "DJIA": 0.3459584676963842, "GBPUSD": 0.5493154054275765, "Gold": 0.3386368522898277}
