{"FTSE100": 0.6062104483822665, "DJIA": -0.1180876419364902, "GBPUSD": -0.07327796775768612, "Gold": -0.3074558032282859}
