{"FTSE100": -0.03510435991501068, "DJIA": -0.6358626836531823, "GBPUSD": 0.0150285542530792, "Gold": -0.5184705119896362}
