{"FTSE100": 1.0439684098535111, "DJIA": -0.3756687185095184, "GBPUSD": 0.07468259895443538, "Gold": 0.7354125288528662}
