{"FTSE100": 0.08501267933008877, "DJIA": 0.520281686321895, "GBPUSD": 0.18784281313398218, "Gold": 0.0}
