{"FTSE100": 0.48488152411342395, "DJIA": 0.11376013625401434, "GBPUSD": 0.13304506901713334, "Gold": 0.0}
