{"FTSE100": 1.5424558470588976, "DJIA": 0.13731230124464602, "GBPUSD": -0.5415892005496667, "Gold": -2.443295530353565}
