{"FTSE100": 0.6429994219513078, "DJIA": -0.10313620729345407, "GBPUSD": -0.18308921438082387, "Gold": 0.300075018754696}
