{"FTSE100": 0.5230879747395247, "DJIA": -0.21835283908797154, "GBPUSD": -0.15031645569620355, "Gold": -0.444235392495035}
