{"FTSE100": -0.014598523496216985, "DJIA": -0.25171687385286734, "GBPUSD": -0.22575151491148315, "Gold": 1.7894298793175163}
