{"FTSE100": 0.6875407797865803, "DJIA": 0.5943632125953557, "GBPUSD": 0.2656149388280812, "Gold": 0.15462889066240568}
