{"FTSE100": 1.1160339072593102, "DJIA": 2.70467384830369, "GBPUSD": -0.3525616982971965, "Gold": -3.8520348153375674}
