{"FTSE100": 0.13596210671342038, "DJIA": 0.14228611672027702, "GBPUSD": -0.031421838177547366, "Gold": -0.554510825015671}
