{"FTSE100": 0.17123934311806185, "DJIA": 0.27415189189118755, "GBPUSD": 0.5970618273234212, "Gold": 0.39994419383341434}
