{"FTSE100": -0.3425460025766262, "DJIA": 0.5036677750515509, "GBPUSD": 0.044659471529581975, "Gold": 0.0}
