{"FTSE100": 0.4297573961914733, "DJIA": 0.6947504891438475, "GBPUSD": 0.16204954085963352, "Gold": -0.025539056514276993}
