{"FTSE100": -0.5004008035386693, "DJIA": -1.2115235026794196, "GBPUSD": -0.2433472015071733, "Gold": 1.0677618069815196}
