{"FTSE100": 0.3249682110971851, "DJIA": 0.2350976477716091, "GBPUSD": 1.1165870937933298, "Gold": 0.15335855229526632}
