{"FTSE100": -0.4076079149711657, "DJIA": -0.02695126824661071, "GBPUSD": -0.17737333230507973, "Gold": -0.08223684210526316}
