{"FTSE100": 0.08501267933008877, "DJIA": 0.5196250057194669, "GBPUSD": 0.15027425050717574, "Gold": 0.0}
