{"FTSE100": 0.07093576472821499, "DJIA": 0.24580372744246395, "GBPUSD": -0.014817009927395017, "Gold": 0.42759492908549707}
