{"FTSE100": 0.03865809900459731, "DJIA": 0.11476075586237264, "GBPUSD": 0.04005126562000697, "Gold": 0.1726573536336501}
