{"FTSE100": 0.5640399818571542, "DJIA": 0.5562740824610231, "GBPUSD": -0.17276840806252494, "Gold": 0.15494763838426284}
