{"FTSE100": 0.5596128422245505, "DJIA": -0.12156670090661946, "GBPUSD": 0.13432364096081184, "Gold": 0.25807431022050864}
