{"FTSE100": 0.232191529763226, "DJIA": 0.47058119074382365, "GBPUSD": 0.03895294484262581, "Gold": -0.010383137784240758}
