{"FTSE100": 1.5028568495287322, "DJIA": -0.2929606902926661, "GBPUSD": 0.0873015873015953, "Gold": 0.2697167973627623}
