{"FTSE100": 0.5231922066386476, "DJIA": -0.5389256699666518, "GBPUSD": -0.015687504902343552, "Gold": -0.12007955270365935}
