{"FTSE100": -0.8266033986437725, "DJIA": -0.7681128539340597, "GBPUSD": -0.28335492227979747, "Gold": -0.9516875552550811}
