{"FTSE100": -0.23611220861319482, "DJIA": 0.5128147804844863, "GBPUSD": -0.21516545481526372, "Gold": 1.2677798392084059}
