{"FTSE100": -0.006120781650429338, "DJIA": 0.008237545289167418, "GBPUSD": 0.10351142606896081, "Gold": -0.03447426742180833}
