{"FTSE100": 1.2197007605780283, "DJIA": 0.17489325591528393, "GBPUSD": -0.262717936470015, "Gold": 0.11629910406617303}
