{"FTSE100": 0.09486550266955325, "DJIA": -0.7233936859373363, "GBPUSD": 0.0242287191083984, "Gold": 0.12943308309603935}
