{"FTSE100": -0.11501169836909804, "DJIA": -0.9367217246734277, "GBPUSD": 0.5988023952095877, "Gold": -0.5369057547956606}
