{"FTSE100": 0.052506133671077475, "DJIA": 1.0682591755424493, "GBPUSD": -0.2395568198832229, "Gold": 2.889911718101564}
