{"FTSE100": -0.03370011113602016, "DJIA": -0.3156966514486861, "GBPUSD": -0.22106426654033742, "Gold": 0.3115022194533136}
