{"FTSE100": -0.46118648294707143, "DJIA": -0.25230411749914206, "GBPUSD": 0.06702677128100125, "Gold": 0.01885796183148525}
