{"FTSE100": 0.06749726942864336, "DJIA": 0.6132069108507002, "GBPUSD": -0.1666798952297794, "Gold": 0.08341153164425692}
