{"FTSE100": -0.18247557318371077, "DJIA": 0.09292343123922794, "GBPUSD": 0.1255182381803605, "Gold": 0.47513589691967717}
