{"FTSE100": 0.21230147770474592, "DJIA": 0.01571270197369772, "GBPUSD": 0.5041507145293995, "Gold": -0.13118664281453896}
