{"FTSE100": 0.16140530910019682, "DJIA": -0.24390732778027233, "GBPUSD": -0.08036001285759321, "Gold": 0.09096881791074718}
