{"FTSE100": 0.20441724881927203, "DJIA": 0.22115950520776653, "GBPUSD": 0.14535995715706623, "Gold": 0.0}
