{"FTSE100": -0.9823883655525013, "DJIA": -0.045257115328460135, "GBPUSD": 0.08634900698642757, "Gold": -0.2918336053816028}
