{"FTSE100": -1.0237729310396335, "DJIA": -0.47556003243707184, "GBPUSD": -0.5441607367099197, "Gold": -0.1299902507311906}
