{"FTSE100": -1.3783564086427538, "DJIA": -0.15277998533845463, "GBPUSD": -0.04028035124465842, "Gold": 0.7509129249601352}
