{"FTSE100": -0.7554321087280778, "DJIA": -0.06001681702517092, "GBPUSD": 0.031593081115232284, "Gold": 0.0639449090014846}
