{"FTSE100": 1.834392490511528, "DJIA": 0.4022016600596324, "GBPUSD": 0.4794308691617679, "Gold": 1.3824884792626633}
