{"FTSE100": 0.10484100702434361, "DJIA": 0.4403964783910884, "GBPUSD": -0.12375773485842334, "Gold": 0.15222171213183325}
