{"FTSE100": 0.8951957608572814, "DJIA": 0.2516667483061452, "GBPUSD": 0.4707947654005758, "Gold": 0.5726415560053382}
