{"FTSE100": 1.0653344785648353, "DJIA": -0.1683424916475202, "GBPUSD": -1.1384062312762033, "Gold": 1.2893655864901905}
