{"FTSE100": 0.6338008900076867, "DJIA": -0.11108026269691053, "GBPUSD": 0.4012519059465625, "Gold": -0.8388900838890084}
