{"FTSE100": -0.3593047678516988, "DJIA": 1.197892654035771, "GBPUSD": 0.024028834601519177, "Gold": -0.24140012070005806}
