{"FTSE100": -0.3105280550557887, "DJIA": -0.0766533566852816, "GBPUSD": -0.13983713087110594, "Gold": 0.0}
