{"FTSE100": -0.12020443811865127, "DJIA": -0.16617483850439813, "GBPUSD": 0.03170074496750325, "Gold": 0.7954262987820034}
