{"FTSE100": 0.5591972993949778, "DJIA": 0.31354330313978207, "GBPUSD": 0.4729250413809415, "Gold": -0.20259919948608535}
