{"FTSE100": -0.04600998687361647, "DJIA": -0.19495265435535067, "GBPUSD": -0.21383337445513081, "Gold": 0.36962025316456615}
