{"FTSE100": 0.07630560460084744, "DJIA": -1.037809090216601, "GBPUSD": 0.10244286840030392, "Gold": 0.5383198753364327}
