{"FTSE100": -1.3302840223171977, "DJIA": -1.1659132161555137, "GBPUSD": -0.14024182238562008, "Gold": -2.784876639040826}
