{"FTSE100": -1.670435711765767, "DJIA": -0.5502116580261119, "GBPUSD": 0.9811320754717017, "Gold": 1.7493030120811237}
