{"FTSE100": 0.16066635086057207, "DJIA": 0.11640997004562277, "GBPUSD": 0.2223869532987519, "Gold": 0.0}
