{"FTSE100": 0.9091702125597194, "DJIA": 1.372668547650668, "GBPUSD": 0.5222129720729682, "Gold": 0.20227953475706295}
