{"FTSE100": 0.70338692988521, "DJIA": 1.2139763189649497, "GBPUSD": -0.06701913768708771, "Gold": -0.8257792127157505}
