{"FTSE100": 0.1710947382274984, "DJIA": -0.2268697775314359, "GBPUSD": 0.0688073394495337, "Gold": 0.37415913704573855}
