{"FTSE100": 0.7247355648152329, "DJIA": 0.9966847090039459, "GBPUSD": -0.18573145416801998, "Gold": -1.94067008608536}
