{"FTSE100": 0.26672649316981384, "DJIA": 0.14308455936887354, "GBPUSD": 0.014800562421386814, "Gold": 0.371588205416101}
