{"FTSE100": -0.15262139019599122, "DJIA": -0.29801232063427296, "GBPUSD": 0.4474448543841776, "Gold": 0.8997373972189974}
