{"FTSE100": 0.35888966102798725, "DJIA": -0.20337129924703878, "GBPUSD": -0.02402306213965142, "Gold": 0.0}
