{"FTSE100": -0.8661054288988841, "DJIA": -0.7412249192444826, "GBPUSD": -1.1333013400273155, "Gold": -0.07043443962359835}
