{"FTSE100": 0.05971613237668705, "DJIA": -0.13625368641594268, "GBPUSD": -0.20006402048655142, "Gold": 0.0}
