{"FTSE100": -0.11020954980914721, "DJIA": 0.0, "GBPUSD": -0.4726806601506182, "Gold": 0.010054798652659265}
