{"FTSE100": -0.14064547323261192, "DJIA": 0.46948262446271805, "GBPUSD": -0.3221130616846516, "Gold": 0.0}
