{"FTSE100": -0.1874768687520255, "DJIA": 0.596068610129017, "GBPUSD": -0.17754105636926587, "Gold": 0.11828772932196986}
