{"FTSE100": 0.13114788497805896, "DJIA": -0.06001681702517092, "GBPUSD": 0.07108443250929018, "Gold": 0.18199704869650987}
