{"FTSE100": -0.8160870492852645, "DJIA": -0.38453006172271775, "GBPUSD": 0.3590189335248125, "Gold": 2.6563519433311584}
