{"FTSE100": -0.4224165088144852, "DJIA": -0.5631671281520203, "GBPUSD": 0.6819923371647609, "Gold": 0.0}
