{"FTSE100": 0.07189049010274441, "DJIA": -0.1529386741280565, "GBPUSD": -0.0811748210464083, "Gold": 0.0}
