{"FTSE100": 0.7424378029869353, "DJIA": 0.2870014915519409, "GBPUSD": 0.6498253594346525, "Gold": 0.7778738115816745}
