{"FTSE100": 0.32100393738967986, "DJIA": -1.732940358136548, "GBPUSD": 0.11715354672914405, "Gold": 0.5531172969398075}
