{"FTSE100": -0.023939625658624317, "DJIA": -0.6358626836531823, "GBPUSD": 0.9714632665452279, "Gold": 0.9751552795031084}
