{"FTSE100": 0.3031042561499432, "DJIA": -0.6120663862601452, "GBPUSD": -0.18488651115218538, "Gold": 0.045378913931336896}
