{"FTSE100": -0.3604649350119794, "DJIA": -1.5270081147355825, "GBPUSD": 0.1496416476333002, "Gold": 1.5503211991434807}
