{"FTSE100": -0.8079972423302314, "DJIA": -2.0607987361459204, "GBPUSD": -0.14032191498143085, "Gold": 0.010911074740864456}
