{"FTSE100": -0.11086096329649099, "DJIA": -0.053478934491954844, "GBPUSD": -0.6278449223041914, "Gold": -0.9693132001948301}
