{"FTSE100": 3.044086318344477, "DJIA": -2.498962654324392, "GBPUSD": 0.13110202822549819, "Gold": 0.8525608519269805}
