{"FTSE100": 0.23791512075843882, "DJIA": 0.5518308325474981, "GBPUSD": 0.7773908818527858, "Gold": -0.7375010719492441}
