{"FTSE100": -0.4784352920585415, "DJIA": -0.4458590065254185, "GBPUSD": 0.7082579867389882, "Gold": 1.45505971087367}
