{"FTSE100": 0.19866976495333732, "DJIA": -1.140945596890982, "GBPUSD": -0.09048284938717437, "Gold": 0.0}
