{"FTSE100": -0.6803792730383141, "DJIA": 0.40141365725404654, "GBPUSD": 0.23021354290705126, "Gold": -0.004915212582939742}
