{"FTSE100": 0.10286003190404651, "DJIA": 0.10751297283731569, "GBPUSD": -0.3147871252065619, "Gold": -0.83307501549907}
