{"FTSE100": 1.0949292006360611, "DJIA": 0.0, "GBPUSD": -0.7729083665338679, "Gold": 1.6689315440801649}
