{"FTSE100": 0.2240058580438708, "DJIA": -0.15013914481377963, "GBPUSD": -0.29437504972551803, "Gold": -0.6695324685205579}
