{"FTSE100": -0.10225800909623578, "DJIA": 0.6099885466374421, "GBPUSD": -0.007555152614081972, "Gold": 0.8036412772917914}
