{"FTSE100": 0.15866352837703224, "DJIA": 0.3853179154728225, "GBPUSD": 0.04154549231407935, "Gold": 0.1195392306020455}
