{"FTSE100": 0.12449289853770516, "DJIA": 0.30194559396477405, "GBPUSD": 0.45274249769623426, "Gold": 0.6588862019416178}
