{"FTSE100": -0.03884043972992919, "DJIA": 0.8649690210199863, "GBPUSD": 0.14825796886582668, "Gold": 0.0}
