{"FTSE100": -0.796681479478907, "DJIA": -0.36454083119177816, "GBPUSD": 0.25823858161495195, "Gold": -0.09843596193808808}
