{"FTSE100": 0.9359387915232629, "DJIA": 1.1411733828527122, "GBPUSD": -0.2761108861318647, "Gold": 0.0}
