{"FTSE100": 0.1484168216229201, "DJIA": 1.2633361362158366, "GBPUSD": -0.30814142069413114, "Gold": -0.6094464195022854}
