{"FTSE100": -0.0825235051185361, "DJIA": -0.8881738456899331, "GBPUSD": 0.16272762495156845, "Gold": 0.6820261166098349}
