{"FTSE100": 0.37955361194769555, "DJIA": -0.0606378799878433, "GBPUSD": 0.0862271693972016, "Gold": -0.00423764725823837}
