{"FTSE100": -0.21764740387340878, "DJIA": 0.5270381416418123, "GBPUSD": 0.0, "Gold": 0.6644929629782454}
