{"FTSE100": 0.16387478317510623, "DJIA": -0.8950587659342351, "GBPUSD": -0.0681147354877697, "Gold": -1.1935932819097579}
