{"FTSE100": -0.16749577893494946, "DJIA": -0.8017971118058455, "GBPUSD": 0.12398295234405625, "Gold": 0.6820261166098349}
