{"FTSE100": 0.16581552081865047, "DJIA": 0.3636407946585871, "GBPUSD": 0.06268118780851946, "Gold": 0.09030316061061747}
