{"FTSE100": 0.19390035922455087, "DJIA": 0.5907852601178089, "GBPUSD": -0.27226760015558604, "Gold": 0.06109046479661039}
