{"FTSE100": -0.01665734029123987, "DJIA": -0.39688522143898136, "GBPUSD": 0.06308153288125957, "Gold": 0.3648015775203397}
