{"FTSE100": 0.18176885868291362, "DJIA": -0.8241023352035658, "GBPUSD": -0.12613322822229592, "Gold": -0.9470806483108812}
