{"FTSE100": 1.4514958362904762, "DJIA": 1.0599285535638696, "GBPUSD": -0.7902409083934306, "Gold": -0.010115314586285933}
