{"FTSE100": 0.2119302978965706, "DJIA": 0.4322749834951116, "GBPUSD": -0.19381409997576984, "Gold": -0.2726859566732359}
