{"FTSE100": -1.360972684202796, "DJIA": 0.3006370750608393, "GBPUSD": 0.10700091715072362, "Gold": -1.1569872958257679}
