{"FTSE100": -0.452590474835469, "DJIA": 0.5286449358552803, "GBPUSD": -0.5529312680801161, "Gold": -0.4349239899195298}
