{"FTSE100": 0.5058644298012057, "DJIA": 0.3345254692354404, "GBPUSD": 0.31887755102040843, "Gold": 1.0917790343627625}
