{"FTSE100": 0.06710898183460555, "DJIA": 0.0023053111151395194, "GBPUSD": 0.23730422401519646, "Gold": 0.0}
