{"FTSE100": 0.3637462420538052, "DJIA": -0.42086777752016297, "GBPUSD": -0.05639249174252178, "Gold": 0.03496154230346846}
