{"FTSE100": 2.661953716328185, "DJIA": 2.298083953318345, "GBPUSD": 1.2112548901595115, "Gold": 2.5659745335079767}
