{"FTSE100": -0.0460321985979176, "DJIA": 0.02326781680191176, "GBPUSD": 0.029649395893571864, "Gold": 0.2867145530271021}
