{"FTSE100": 0.7440360222801333, "DJIA": 1.0051381595713726, "GBPUSD": 0.21913805697590671, "Gold": 0.27276002264422594}
