{"FTSE100": -0.11062885214800633, "DJIA": -0.4769222082405631, "GBPUSD": 0.1651592607156894, "Gold": -0.753390256152687}
