{"FTSE100": 0.16239862888670376, "DJIA": -0.029750957439906488, "GBPUSD": 0.2885255604054329, "Gold": 0.6357829383320317}
