{"FTSE100": -1.1659198734844525, "DJIA": -0.17077042442791748, "GBPUSD": 0.19769357495882864, "Gold": 0.9666035902418996}
