{"FTSE100": 0.7929383800419546, "DJIA": 0.9981709717002313, "GBPUSD": 0.20307042482332438, "Gold": 0.3609741217143682}
