{"FTSE100": 0.2490543485080674, "DJIA": 0.5576730302240095, "GBPUSD": -0.2387168966803334, "Gold": 0.3498299777380856}
