{"FTSE100": -0.8130365672134872, "DJIA": -0.16617483850439813, "GBPUSD": -0.055476303693130675, "Gold": 0.0}
