{"FTSE100": 0.6827493494951584, "DJIA": 0.17665574821006988, "GBPUSD": 0.14502993566621683, "Gold": 1.11695480108311}
