{"FTSE100": 1.7465480789715262, "DJIA": 0.24775845525089282, "GBPUSD": 0.14185515013003575, "Gold": 0.22602653718974053}
