{"FTSE100": 0.25316518748295436, "DJIA": 0.10751297283731569, "GBPUSD": -0.49578972220035983, "Gold": -0.83307501549907}
