{"FTSE100": 0.24662287299583827, "DJIA": 0.6589621149668392, "GBPUSD": -0.06633743642661612, "Gold": 0.045595854922276025}
