{"FTSE100": 0.5041697393762331, "DJIA": 0.7968650026319785, "GBPUSD": 0.13479226133841063, "Gold": -0.4504504504504457}
