{"FTSE100": 0.1681472081218132, "DJIA": 0.14658261584031798, "GBPUSD": -0.12194642224931673, "Gold": 0.10210255634549512}
