{"FTSE100": 1.3335140517516821, "DJIA": -0.2213974377498522, "GBPUSD": -0.9630552096305566, "Gold": 0.9616969830191789}
