{"FTSE100": -0.13490209167779352, "DJIA": -0.20302190064169381, "GBPUSD": 0.1448808757244063, "Gold": -0.6525854338945855}
