{"FTSE100": 0.5780177219646814, "DJIA": 0.09267068427050526, "GBPUSD": 0.0791264440576129, "Gold": 0.44740804474080836}
