{"FTSE100": 0.3679314360376224, "DJIA": -0.002841649222789777, "GBPUSD": -0.031111456793960948, "Gold": -0.6243158876231438}
