{"FTSE100": -1.125512141869911, "DJIA": -0.2775373968829772, "GBPUSD": -0.7032130230389683, "Gold": -0.3906250000000104}
