{"FTSE100": -0.00783394510260116, "DJIA": -0.20854863501200582, "GBPUSD": -0.7115948095437399, "Gold": -0.1299902507311906}
