{"FTSE100": -0.1899701221191747, "DJIA": -0.0025749426324333025, "GBPUSD": -0.20513968147400755, "Gold": -0.3116266416046276}
