{"FTSE100": 0.5775987245589498, "DJIA": 0.869606700811641, "GBPUSD": -0.3513646020591576, "Gold": 1.0217462572396483}
