{"FTSE100": -0.633063566319113, "DJIA": -0.2087951162021743, "GBPUSD": -0.08591065292095273, "Gold": 0.2165421195652135}
