{"FTSE100": 0.5926560607240813, "DJIA": 0.4658403495534576, "GBPUSD": 0.0878243512973955, "Gold": 0.15672396359960244}
