{"FTSE100": 0.8651396157700642, "DJIA": 1.8690813991341593, "GBPUSD": 1.4362506299344777, "Gold": 1.8203618923043308}
