{"FTSE100": -0.8108332926222325, "DJIA": -1.1673210923005612, "GBPUSD": -0.2455251069222321, "Gold": -1.2981865028243011}
