{"FTSE100": 0.5303078623282231, "DJIA": 0.2478480606163014, "GBPUSD": 0.11056705101880177, "Gold": 0.506341559335363}
