{"FTSE100": 0.18119602243844968, "DJIA": 0.4584801601414813, "GBPUSD": -0.27434842249657626, "Gold": -0.5917774086378784}
