{"FTSE100": 0.18940405326946472, "DJIA": -0.21613541412862727, "GBPUSD": 0.12170385395538641, "Gold": 0.7469986660738187}
