{"FTSE100": -0.8022034135977755, "DJIA": -0.30055321172013205, "GBPUSD": 0.04698880100242257, "Gold": 0.0}
