{"FTSE100": -0.46627047172344577, "DJIA": -0.1558911315197585, "GBPUSD": 0.007579202667895334, "Gold": -0.40640208720084975}
