{"FTSE100": 0.08870638321966325, "DJIA": -0.008690209304862896, "GBPUSD": 0.13738483917892635, "Gold": 0.0}
