{"FTSE100": 0.3692689534100708, "DJIA": -0.20066982360349273, "GBPUSD": -0.09274717121127608, "Gold": 0.11290646326776393}
