{"FTSE100": 0.1701279559258629, "DJIA": -0.4110355938686693, "GBPUSD": 0.10289694475226205, "Gold": 0.36325179326835066}
