{"FTSE100": 0.2781658631017697, "DJIA": 0.9075225928154418, "GBPUSD": -0.04365223717715052, "Gold": 0.014984865286061078}
