{"FTSE100": 0.24214703706194834, "DJIA": 0.2971982623153109, "GBPUSD": 0.4444803620494634, "Gold": 0.22063985558118998}
