{"FTSE100": 0.9643732160855788, "DJIA": 0.1212983912016473, "GBPUSD": -0.20293474867313124, "Gold": -0.18327605956471935}
