{"FTSE100": 0.6146697869686436, "DJIA": 0.3228031369696783, "GBPUSD": 0.3811222834901011, "Gold": 0.2031488065007618}
