{"FTSE100": -0.1211109884318451, "DJIA": -0.023643137848942092, "GBPUSD": 0.054995417048581366, "Gold": 0.35842293906810035}
