{"FTSE100": -1.360972684202796, "DJIA": 0.27603884613332275, "GBPUSD": 0.038214613268109515, "Gold": -1.1569872958257679}
