{"FTSE100": 0.5294262352003659, "DJIA": -0.19923501477549774, "GBPUSD": 0.07335624107177378, "Gold": 0.7380960554773593}
