{"FTSE100": -0.2202430605589078, "DJIA": 0.9080974470150542, "GBPUSD": 0.11766551615938457, "Gold": -0.3866776654980408}
