{"FTSE100": 0.23565853129494618, "DJIA": 0.16033023810922156, "GBPUSD": 0.24141132776231736, "Gold": 0.32792004996876545}
