{"FTSE100": 0.04993787888525364, "DJIA": 0.5342216438488131, "GBPUSD": -0.26533996683249333, "Gold": 0.7906899047831196}
