{"FTSE100": 0.2922747719080012, "DJIA": 1.7642739747664254e-14, "GBPUSD": 0.2539706607027758, "Gold": -0.011926058437675498}
