{"FTSE100": 1.308840977178327, "DJIA": 1.0262393264666687, "GBPUSD": 0.0, "Gold": 2.1826776032253536}
