{"FTSE100": 0.2455676263767403, "DJIA": 1.137228315939286, "GBPUSD": 0.0, "Gold": 1.524545918739532}
