{"FTSE100": -3.832077840963411, "DJIA": -0.873352531767609, "GBPUSD": 0.008288437629505924, "Gold": -0.38928682653379004}
