{"FTSE100": -0.05376541493787293, "DJIA": -1.140945596890982, "GBPUSD": -0.1645142716130626, "Gold": 0.0}
