{"FTSE100": -0.8639171521255142, "DJIA": 0.6116567984498682, "GBPUSD": -0.018610190940565263, "Gold": 0.8281820568509943}
