{"FTSE100": -0.21281239151599668, "DJIA": -0.1045580090866439, "GBPUSD": 0.0335282941549053, "Gold": -0.6932562393061538}
