{"FTSE100": 0.03807434955202505, "DJIA": 1.0481573776022202, "GBPUSD": -0.07083825265642668, "Gold": 0.4656692757356516}
