{"FTSE100": 0.5344903229535234, "DJIA": -0.7096213059205019, "GBPUSD": 0.0638365783593929, "Gold": 0.009873130275956236}
