{"FTSE100": 0.2386680292749212, "DJIA": 0.5804044856729437, "GBPUSD": -0.3779654201849559, "Gold": 0.734584225328464}
