{"FTSE100": 0.39929541524534146, "DJIA": 0.8519050843143435, "GBPUSD": -0.026940691990922715, "Gold": 0.8900000000000091}
