{"FTSE100": 0.3294792629708741, "DJIA": -0.46475582056737097, "GBPUSD": 0.47220611382652955, "Gold": -0.6072227548737664}
