{"FTSE100": 0.68780946838933, "DJIA": 0.2333292902240386, "GBPUSD": 0.007905138339920077, "Gold": 0.0}
