{"FTSE100": 0.2375358451408112, "DJIA": -1.0836312961629802, "GBPUSD": -0.13493134375744384, "Gold": 0.0}
