{"FTSE100": 0.13596210671342038, "DJIA": -0.05452120254254874, "GBPUSD": -0.07856076675309229, "Gold": -0.0048390999274091}
