{"FTSE100": 0.07631054209231009, "DJIA": 0.0, "GBPUSD": 0.1696010337586812, "Gold": 0.12943308309603935}
