{"FTSE100": 0.2218015015030122, "DJIA": 1.0462668361610967, "GBPUSD": 0.3601038438991684, "Gold": 0.20725388601037262}
