{"FTSE100": 0.6273368489430089, "DJIA": 0.28712422587176006, "GBPUSD": 0.2978106889890564, "Gold": 0.02509620210807717}
