{"FTSE100": -0.15155355323253056, "DJIA": -0.19994937587458106, "GBPUSD": -0.7859781498074361, "Gold": -0.05333591931729582}
