{"FTSE100": -0.34546770653341596, "DJIA": 0.9247514478540337, "GBPUSD": 0.6031167779801805, "Gold": 0.600774492417933}
