{"FTSE100": 0.12001996208304712, "DJIA": 0.7219158388423292, "GBPUSD": 0.2799595613966908, "Gold": 0.3012987012987107}
