{"FTSE100": 0.03807434955202505, "DJIA": 1.0547228733598666, "GBPUSD": -0.06299212598424503, "Gold": 0.5653079440642712}
