{"FTSE100": -0.15369590796743943, "DJIA": -0.34588357768716044, "GBPUSD": -0.08840430234270429, "Gold": 0.0}
