{"FTSE100": 0.27419220068640815, "DJIA": 0.6099885466374421, "GBPUSD": -0.16621335750982016, "Gold": 0.05215371121067297}
