{"FTSE100": 0.536923407770369, "DJIA": 1.229352249857853, "GBPUSD": 0.09231564565564014, "Gold": 0.5183799499650656}
