{"FTSE100": -0.11462342524238792, "DJIA": 0.2543011603932995, "GBPUSD": -0.17286734310409385, "Gold": 0.9071788764158878}
