{"FTSE100": -0.3530156642265132, "DJIA": -0.9733856435851889, "GBPUSD": -0.0079668578712547, "Gold": 0.08825447987413096}
