{"FTSE100": 0.20372077250713563, "DJIA": 0.32945334552794114, "GBPUSD": -0.1963029609030083, "Gold": -0.3127606338615513}
