{"FTSE100": 0.8125747271744236, "DJIA": 1.0609770813348733, "GBPUSD": 0.6530475552578724, "Gold": 0.45876630554941156}
