{"FTSE100": -0.29417454112786723, "DJIA": -0.36454083119177816, "GBPUSD": -0.2420191310360713, "Gold": 0.4550707887893639}
