{"FTSE100": -0.12701434892197216, "DJIA": -0.30133949149104855, "GBPUSD": -0.04732234403343591, "Gold": 0.6550218340611318}
