{"FTSE100": 0.23565853129494618, "DJIA": 0.19887235364127936, "GBPUSD": 0.12256267409471877, "Gold": 0.5804796832110917}
