{"FTSE100": -0.12020443811865127, "DJIA": -0.2240862131319742, "GBPUSD": 0.18264114984514956, "Gold": 0.7954262987820034}
