{"FTSE100": 0.5283408643920712, "DJIA": 0.4401695119587762, "GBPUSD": 0.3895787679571575, "Gold": 0.27276002264422594}
