{"FTSE100": 0.46363201428381184, "DJIA": -0.0861115803609354, "GBPUSD": -0.10044269186413916, "Gold": -0.28964831506818917}
