{"FTSE100": -0.46990344432567227, "DJIA": -0.006318004675324216, "GBPUSD": -0.1035856573705242, "Gold": 1.2357737387463863}
