{"FTSE100": -1.6822476893074356, "DJIA": -0.6167640873375843, "GBPUSD": 0.06331117442227856, "Gold": 0.024679170779861797}
