{"FTSE100": -1.3649401860357164, "DJIA": -0.6774498830782836, "GBPUSD": -0.5791656883462528, "Gold": -0.19580563714123536}
