{"FTSE100": 0.7673706206961083, "DJIA": 0.5511257227108757, "GBPUSD": -0.10417441773942018, "Gold": 0.5236308065712336}
