{"FTSE100": -1.1439046433088464, "DJIA": 0.244171137624867, "GBPUSD": -0.36187219151388494, "Gold": -1.6878437322207471}
