{"FTSE100": -0.5368188713178932, "DJIA": -0.5047579644187093, "GBPUSD": 0.22903523928155414, "Gold": 0.2784462014438076}
