{"FTSE100": 0.6800097454254254, "DJIA": 0.922545954610712, "GBPUSD": 0.007446570854120857, "Gold": -0.8257792127157505}
