{"FTSE100": 0.33622598039272483, "DJIA": 1.1912137068953088, "GBPUSD": -0.0036725549965025135, "Gold": 0.1326339904744707}
