{"FTSE100": 0.06081228818191922, "DJIA": -0.7549222958185682, "GBPUSD": 0.37704856833538647, "Gold": 0.9602780233515227}
