{"FTSE100": -0.1610246981855068, "DJIA": 0.14637127657105953, "GBPUSD": 0.14952388447310858, "Gold": -0.06436663233779609}
