{"FTSE100": -0.28231657497359697, "DJIA": 0.8017576349055705, "GBPUSD": 0.14992503748126038, "Gold": 0.2987106288047828}
