{"FTSE100": -0.1723327410580982, "DJIA": -0.10034848906415303, "GBPUSD": -1.1748445058742143, "Gold": -0.07492432643030539}
