{"FTSE100": -0.8615028991371605, "DJIA": -0.8684817539815609, "GBPUSD": -0.423197492163015, "Gold": 0.1910665760869565}
