{"FTSE100": -1.8224776003605432, "DJIA": 0.34763380840813846, "GBPUSD": -0.08036001285759321, "Gold": 0.9806407980387106}
