{"FTSE100": 0.2754499517060412, "DJIA": 0.08233753137203556, "GBPUSD": -0.0399872040946853, "Gold": 0.393054595715269}
