{"FTSE100": 0.6043094487217797, "DJIA": -0.45526562997629083, "GBPUSD": -0.12727408849292765, "Gold": 0.0}
