{"FTSE100": 0.5842243694164169, "DJIA": 0.03857636442923924, "GBPUSD": -0.11496140581374986, "Gold": 0.7437457741717353}
