{"FTSE100": -0.02809848785071606, "DJIA": 0.4752378317991603, "GBPUSD": -0.07961149589999919, "Gold": 0.04044898371928175}
