{"FTSE100": -0.8771126103936367, "DJIA": -0.27362807286722257, "GBPUSD": -0.05495511998533112, "Gold": 0.0}
