{"FTSE100": 0.42726745731111687, "DJIA": 0.07492422732759449, "GBPUSD": -0.10993325480958523, "Gold": 0.0}
