{"FTSE100": 0.541075769911641, "DJIA": -0.13266117736287372, "GBPUSD": -0.29780506636272563, "Gold": -1.1794009963387606}
