{"FTSE100": 0.16158437226858136, "DJIA": 0.12528072324984169, "GBPUSD": 0.07143424081277268, "Gold": 0.08341153164425692}
