{"FTSE100": 0.5513100718718111, "DJIA": 0.26620799058668837, "GBPUSD": 0.3715370325498877, "Gold": 0.7239455029912957}
