{"FTSE100": 0.4564869709751964, "DJIA": 0.36977969385479104, "GBPUSD": -0.17780804297657113, "Gold": -0.2092698806386642}
