{"FTSE100": 0.8305299215371881, "DJIA": -0.2249698173452536, "GBPUSD": 0.5416012558869803, "Gold": 0.788732394366209}
