{"FTSE100": 1.7189870051637424, "DJIA": 1.5668617164093206, "GBPUSD": -0.7388555947787454, "Gold": 0.15970042403216536}
