{"FTSE100": 0.14542536920492688, "DJIA": 0.5394336620220338, "GBPUSD": -0.12551683402244793, "Gold": -0.5933661662611998}
