{"FTSE100": 0.07562930048963126, "DJIA": 0.10140534776691236, "GBPUSD": -0.3565351268130589, "Gold": -0.7771497779572109}
