{"FTSE100": 1.834392490511528, "DJIA": 0.31890096791085143, "GBPUSD": 0.44849984534488296, "Gold": 1.3824884792626633}
