{"FTSE100": -0.033035194809040436, "DJIA": -0.630749623917616, "GBPUSD": -0.245134452533062, "Gold": 0.2780009990660943}
