{"FTSE100": 0.08269521200759061, "DJIA": 0.07918711661318967, "GBPUSD": 0.2520623281393109, "Gold": -0.9488119917078507}
