{"FTSE100": 0.3140305014483338, "DJIA": -0.7088229132575934, "GBPUSD": -0.1428516273502882, "Gold": -0.0995571423667167}
