{"FTSE100": 0.7759427221629144, "DJIA": 0.5948067219996409, "GBPUSD": -0.06150061500614329, "Gold": 0.4562489815870872}
