{"FTSE100": 0.4799710424710504, "DJIA": 1.1355156783693054, "GBPUSD": 0.8861726508785375, "Gold": 1.0114034734254893}
