{"FTSE100": 0.34235689652620077, "DJIA": -0.5047579644187093, "GBPUSD": 0.3656527504319567, "Gold": 0.69783430732211}
