{"FTSE100": -0.2562114660000662, "DJIA": 0.47947084903889636, "GBPUSD": 0.2068965517241492, "Gold": 0.6205562394794316}
