{"FTSE100": 0.760844776069393, "DJIA": -0.4043943383032607, "GBPUSD": -1.0180995475113077, "Gold": -0.6328457308849489}
