{"FTSE100": 0.4164153549254903, "DJIA": 1.4242348819290567, "GBPUSD": -0.06190513038767406, "Gold": -0.23563771530982586}
