{"FTSE100": 0.20163176642715686, "DJIA": 0.3850146388146057, "GBPUSD": -0.7511430437622547, "Gold": -0.15179881596923542}
