{"FTSE100": 0.6921095320333321, "DJIA": 1.2633361362158366, "GBPUSD": 0.056762893285754366, "Gold": -0.22854240731335704}
