{"FTSE100": -0.18371434668915587, "DJIA": -0.16919160145741743, "GBPUSD": 0.015851628754852815, "Gold": 0.5428613729457632}
