{"FTSE100": -0.42618926475139396, "DJIA": -0.20408175406198337, "GBPUSD": -0.21386855309697586, "Gold": 0.0}
