{"FTSE100": -0.46958740632639895, "DJIA": -1.559389648539442, "GBPUSD": -0.0974293637113152, "Gold": 0.0}
