{"FTSE100": 0.4494738377809248, "DJIA": 0.6814109996095004, "GBPUSD": -0.584702907711763, "Gold": 0.0}
