{"FTSE100": 0.21057655104728656, "DJIA": 0.10346046483224362, "GBPUSD": 0.08081461128172877, "Gold": 0.0}
