{"FTSE100": 0.41253146705679467, "DJIA": 0.43190628687004057, "GBPUSD": 0.09435445824815929, "Gold": -0.05220841599665866}
