{"FTSE100": 0.2601494524273627, "DJIA": -0.3870691217445224, "GBPUSD": 0.3072579305763008, "Gold": 0.33659240262862394}
