{"FTSE100": 0.02269153028795254, "DJIA": -0.8497104115402505, "GBPUSD": -0.3275734993039066, "Gold": -0.6000208702911405}
