{"FTSE100": 0.6485527868227686, "DJIA": 0.5948067219996409, "GBPUSD": -0.1383763837638224, "Gold": 0.4562489815870872}
