{"FTSE100": -0.22144874962474434, "DJIA": -1.0856999866524848, "GBPUSD": 0.23940627244432938, "Gold": 0.042925824175824176}
