{"FTSE100": -0.22043049963407965, "DJIA": -1.0023795171968468, "GBPUSD": -0.03975510853144191, "Gold": 0.9155241043786057}
