{"FTSE100": -0.22043049963407965, "DJIA": -0.9133908815081165, "GBPUSD": 0.15139442231075798, "Gold": 1.6722557567628031}
