{"FTSE100": -0.48504446240906735, "DJIA": 0.7727769393462457, "GBPUSD": -0.09947081526279977, "Gold": 0.495574011415291}
