{"FTSE100": 0.0780795312612428, "DJIA": 0.46766783006063156, "GBPUSD": 0.1787796346677179, "Gold": 0.0}
