{"FTSE100": 0.32022921125956344, "DJIA": -0.09081750954431816, "GBPUSD": -0.3881495564004994, "Gold": 0.1428219650332475}
