{"FTSE100": -1.695423755933657, "DJIA": 0.2345917638122361, "GBPUSD": -0.6512006512006517, "Gold": 0.08024877119068657}
