{"FTSE100": 0.5385704132522795, "DJIA": 0.7364972443998371, "GBPUSD": -0.00785545954438248, "Gold": -0.9688847155234888}
