{"FTSE100": 0.5279730054489413, "DJIA": 0.31749278250615887, "GBPUSD": -0.03093102381688493, "Gold": 0.15050167224079888}
