{"FTSE100": -0.32056748076653796, "DJIA": 0.08524701629661285, "GBPUSD": -0.09196811771918055, "Gold": 0.5638058738990944}
