{"FTSE100": -0.11066869733286447, "DJIA": 0.12561002805738813, "GBPUSD": 0.49073927497229564, "Gold": 0.53899025861642}
