{"FTSE100": 0.02269153028795254, "DJIA": -1.1634410448709032, "GBPUSD": -0.40127753664729554, "Gold": -0.6000208702911405}
