{"FTSE100": -0.3357072167349112, "DJIA": -0.4172661061907049, "GBPUSD": -1.122064598861907, "Gold": -0.1204501825573182}
