{"FTSE100": 0.2976290263094765, "DJIA": 0.1440814014874075, "GBPUSD": -0.2714137463079803, "Gold": 0.0}
