{"FTSE100": -0.502652715625378, "DJIA": -1.2372630858564577, "GBPUSD": 0.2730923694778994, "Gold": -0.3777268483150874}
