{"FTSE100": 0.6404375810397994, "DJIA": -0.07845213468493706, "GBPUSD": -0.27087316762269514, "Gold": 0.8748704961436523}
