{"FTSE100": -1.235123764516024, "DJIA": -0.25196792685529656, "GBPUSD": 0.0865670518273331, "Gold": 0.6761978361669243}
