{"FTSE100": -0.47868872072503477, "DJIA": -0.7657609048544546, "GBPUSD": -0.4981606376456124, "Gold": 0.309540479787747}
