{"FTSE100": -0.1268123375961507, "DJIA": 0.43329442530001805, "GBPUSD": 0.23898669640722467, "Gold": 0.4954499494438919}
