{"FTSE100": 0.6116877805753594, "DJIA": 1.0048600540112893, "GBPUSD": -0.015482272797644988, "Gold": 0.39387728961189256}
