{"FTSE100": 0.619568673857173, "DJIA": 0.0, "GBPUSD": -0.16117334192924504, "Gold": 0.0}
