{"FTSE100": -0.6343721795108805, "DJIA": -0.8367720635315004, "GBPUSD": 0.14143160210574382, "Gold": -0.6381519962027391}
