{"FTSE100": 0.4676484494950305, "DJIA": -0.4267107831152267, "GBPUSD": 0.22811295524265732, "Gold": 0.4296066252588086}
