{"FTSE100": 1.3960826746785462, "DJIA": 0.9339390297073944, "GBPUSD": -0.17012063099288427, "Gold": 0.24335939522600414}
