{"FTSE100": 0.16279161833105035, "DJIA": -0.5090856097342151, "GBPUSD": 0.3936078091789432, "Gold": -0.8214635616851376}
