{"FTSE100": 0.06815578287896587, "DJIA": -0.6526720275650322, "GBPUSD": -0.015188335358443042, "Gold": -0.044035619923676037}
