{"FTSE100": -0.5047574917005759, "DJIA": 0.058458450398123266, "GBPUSD": 0.03216726980297193, "Gold": -0.03777861730261054}
