{"FTSE100": 0.056816978308617, "DJIA": 0.43068954507504803, "GBPUSD": -0.30986467934888395, "Gold": -0.6884615384615245}
