{"FTSE100": 0.12657895703558916, "DJIA": 1.0778702516553311, "GBPUSD": -0.038173766987322104, "Gold": -0.5494640272769664}
