{"FTSE100": 0.42294439398127454, "DJIA": 0.022723591399545474, "GBPUSD": 0.2113996250648192, "Gold": 0.07273284079164302}
