{"FTSE100": -0.285624637245938, "DJIA": 0.15975801488197997, "GBPUSD": 0.18732692620947783, "Gold": 0.0}
