{"FTSE100": -0.515994102924542, "DJIA": 0.12950275135830516, "GBPUSD": -0.26093144619277936, "Gold": -0.06444406255370339}
