{"FTSE100": -0.5110820263050553, "DJIA": -0.7654102166605894, "GBPUSD": 0.12262643528669699, "Gold": -0.017784101013691062}
