{"FTSE100": 0.285777821937713, "DJIA": 0.49099745223167707, "GBPUSD": -0.19063282622510017, "Gold": 0.8925432600289014}
