{"FTSE100": 1.1931841788192352, "DJIA": -0.9115523324370807, "GBPUSD": 0.23192735563506667, "Gold": 1.6535086233185436}
