{"FTSE100": -0.6128391947761697, "DJIA": -0.05424630225047354, "GBPUSD": -0.03154822935562394, "Gold": 0.28399353669880656}
