{"FTSE100": 0.6380178945937439, "DJIA": -0.44045480604875126, "GBPUSD": -0.141065830721005, "Gold": 1.6730377798738925}
