{"FTSE100": 0.3929433751302156, "DJIA": 0.5418783057353993, "GBPUSD": -0.19677292404564714, "Gold": 0.6093332012285719}
