{"FTSE100": -0.1654582026844677, "DJIA": -0.1361497929996175, "GBPUSD": -0.03063021670877984, "Gold": 0.6716019232236856}
