{"FTSE100": 0.2028919819698859, "DJIA": 0.4845276986185595, "GBPUSD": 0.4845884969812515, "Gold": 0.5608906263278584}
