{"FTSE100": 0.14250230677867604, "DJIA": -0.2243499850727235, "GBPUSD": 0.18429204407325211, "Gold": -0.19752725144487857}
