{"FTSE100": 0.1149165022976842, "DJIA": -0.5064141084995866, "GBPUSD": 0.27580772261622033, "Gold": 0.4249893752656183}
