{"FTSE100": 0.3848898049785846, "DJIA": 0.6090161244442504, "GBPUSD": 0.17508953442102682, "Gold": 0.7787770687836004}
