{"FTSE100": 0.6063365986397287, "DJIA": 0.4220483672684259, "GBPUSD": 0.04857452453013784, "Gold": -0.1696702893566411}
