{"FTSE100": 0.5746639401140972, "DJIA": 0.010985582068234486, "GBPUSD": 0.09446587420295126, "Gold": -0.025947067981314176}
