{"FTSE100": -0.1610083842956971, "DJIA": -0.5947715595797215, "GBPUSD": 0.3487994808565842, "Gold": 0.0}
