{"FTSE100": 0.4376855895783566, "DJIA": 0.22651403681420224, "GBPUSD": -0.4182119466582563, "Gold": 0.6088123000722296}
