{"FTSE100": -0.8781766631827652, "DJIA": 1.0048600540112893, "GBPUSD": -0.19322924717884887, "Gold": 1.4385225984124441}
