{"FTSE100": -0.43814924884805634, "DJIA": -1.192592695962823, "GBPUSD": 0.13141683778234461, "Gold": 1.54838054624835}
