{"FTSE100": 0.3203610586928227, "DJIA": 0.0764253125056181, "GBPUSD": 0.023764258555148052, "Gold": -0.396892703280295}
