{"FTSE100": -0.057813685272608537, "DJIA": 0.4896193646091157, "GBPUSD": -0.031488624734311264, "Gold": -0.38678069534573895}
