{"FTSE100": 0.20820975698682542, "DJIA": 0.6256291370527437, "GBPUSD": -0.2581311306143564, "Gold": -0.6701228878648163}
