{"FTSE100": 0.2972421344075901, "DJIA": 0.4970710810853615, "GBPUSD": 0.17322834645669133, "Gold": -0.28127313101405466}
