{"FTSE100": -1.626146259254469, "DJIA": -1.6572149860968854, "GBPUSD": 0.2264150943396163, "Gold": 0.0}
