{"FTSE100": 0.03310237357164377, "DJIA": 0.24411357638170253, "GBPUSD": -0.4900435594275025, "Gold": 0.6387801359983515}
