{"FTSE100": 0.09251439491742465, "DJIA": -0.6991176859152085, "GBPUSD": 0.03170325750970563, "Gold": 1.1458861129516345}
