{"FTSE100": -0.03741999862362754, "DJIA": 0.14872222783215802, "GBPUSD": 0.09681263032470054, "Gold": -0.48941348896856285}
