{"FTSE100": 0.06749726942864336, "DJIA": 0.42623934037715616, "GBPUSD": 0.15106941241949692, "Gold": 0.5441892104023789}
