{"FTSE100": 0.06208984504930414, "DJIA": 0.34919893722060835, "GBPUSD": -0.20477278097187804, "Gold": 0.2953482648289441}
