{"FTSE100": -0.47868872072503477, "DJIA": -0.7956158518677133, "GBPUSD": 0.05390835579515941, "Gold": -0.13220226947230596}
