{"FTSE100": -0.027821054974394337, "DJIA": -0.5587330707386889, "GBPUSD": -0.5498588200326997, "Gold": -0.28140028140029283}
