{"FTSE100": 0.4063044868647663, "DJIA": -1.6292390189370023, "GBPUSD": 0.4158512720156459, "Gold": 0.0}
