{"FTSE100": -0.6306387453928376, "DJIA": -0.2186390288748677, "GBPUSD": -0.31259768677711813, "Gold": -1.4940068493150724}
