{"FTSE100": 0.7966326247385376, "DJIA": 0.49099745223167707, "GBPUSD": 0.10107438325908452, "Gold": 0.0}
