{"FTSE100": -1.2808871311548526, "DJIA": -0.9409306361452374, "GBPUSD": 0.13757260776521124, "Gold": -0.5822746521476138}
