{"FTSE100": 0.38975994330765434, "DJIA": 0.6397583070397151, "GBPUSD": -0.03809814081072424, "Gold": 0.8877590926867529}
