{"FTSE100": 0.7519687764566908, "DJIA": -1.352230485666809, "GBPUSD": -0.39717213440305943, "Gold": -0.14551658387275282}
