{"FTSE100": 0.5273560024013673, "DJIA": -0.021883786528944703, "GBPUSD": 0.5277044854881234, "Gold": -0.10998075336816057}
