{"FTSE100": -0.2542499626102978, "DJIA": 0.2959066716599055, "GBPUSD": -0.2540567120144141, "Gold": 0.003740415186099263}
