{"FTSE100": 1.0934655884198952, "DJIA": -0.22324511730839183, "GBPUSD": -0.14701078079057514, "Gold": 1.3751152073732786}
