{"FTSE100": -0.431303422810313, "DJIA": 0.3136976038167829, "GBPUSD": 0.029167274318211745, "Gold": 0.3787763081528573}
