{"FTSE100": -0.49185893201608477, "DJIA": 0.17216607982417484, "GBPUSD": 0.19118935712578328, "Gold": -0.07639030352413934}
