{"FTSE100": 1.0408036635541282, "DJIA": 0.5587795369275463, "GBPUSD": -0.004015580452145001, "Gold": 1.8882229763881933}
