{"FTSE100": 0.5863325133476636, "DJIA": -0.8586024389241369, "GBPUSD": -0.01571091908876496, "Gold": 0.09390072132826062}
