{"FTSE100": -0.49199724588498067, "DJIA": -0.7111880143263246, "GBPUSD": -0.53401097484624, "Gold": 1.311267860372581}
