{"FTSE100": 1.0800851426842246, "DJIA": 0.7471625190743837, "GBPUSD": 0.16721137037318382, "Gold": 0.0}
