{"FTSE100": 0.5596128422245505, "DJIA": -0.1707605734446902, "GBPUSD": 0.007890791446381202, "Gold": 0.0453737664007191}
