{"FTSE100": 0.22870614567790004, "DJIA": 0.24892919798879912, "GBPUSD": -0.06275146727694034, "Gold": -0.23088975014430857}
