{"FTSE100": -0.03409022854272481, "DJIA": 0.5228858866842576, "GBPUSD": -0.011608559377771348, "Gold": 0.20311908286570352}
