{"FTSE100": -0.2790250508112311, "DJIA": 0.2034541341779799, "GBPUSD": 0.24568077349818535, "Gold": 0.2447289156626506}
