{"FTSE100": 0.19608994835696258, "DJIA": 0.24580372744246395, "GBPUSD": -0.14817009927396663, "Gold": 0.4848083350898825}
