{"FTSE100": 0.10526101795987555, "DJIA": -0.3729195547664761, "GBPUSD": 0.07726553589168073, "Gold": -0.12095554883580284}
