{"FTSE100": 0.4717102340930888, "DJIA": 1.0223330286687726, "GBPUSD": -1.3801564177273435, "Gold": -2.853702149399694}
