{"FTSE100": -0.038206429698955977, "DJIA": -0.5516723226797723, "GBPUSD": 0.07837604827965451, "Gold": 0.5253940455341402}
