{"FTSE100": 0.35319959915536225, "DJIA": -0.6251422152067638, "GBPUSD": -0.10371138602859974, "Gold": 0.5810488676996425}
