{"FTSE100": -1.3116657974541797, "DJIA": -1.513607747799949, "GBPUSD": 0.43949144561293746, "Gold": 0.21355236139631512}
