{"FTSE100": -0.7910346706517322, "DJIA": -0.3164130690433078, "GBPUSD": 0.1238850346878144, "Gold": -0.18648253616249408}
