{"FTSE100": 0.6057456707069105, "DJIA": -0.02809406082031541, "GBPUSD": -0.06577674598566806, "Gold": 0.26611946519606855}
