{"FTSE100": 0.4568265425598947, "DJIA": 0.33350699889492147, "GBPUSD": 0.30981887511916223, "Gold": 0.005158893933136043}
