{"FTSE100": 0.010991511966528438, "DJIA": -0.05452120254254874, "GBPUSD": -0.12575650396917581, "Gold": 0.5479053529868203}
