{"FTSE100": 1.0439684098535111, "DJIA": -0.6052163127085985, "GBPUSD": -1.3580953939294909, "Gold": -2.692689036163447}
