{"FTSE100": 0.23565853129494618, "DJIA": 0.1517905955584006, "GBPUSD": 0.12999071494894265, "Gold": 0.5804796832110917}
