{"FTSE100": -0.2367700989494635, "DJIA": -0.08495725869829347, "GBPUSD": -0.7938379313055095, "Gold": 0.09212567882079571}
