{"FTSE100": 0.5596128422245505, "DJIA": -0.1707605734446902, "GBPUSD": 0.07890791446381203, "Gold": 0.1436835936022886}
