{"FTSE100": 0.8006231093883155, "DJIA": 1.1645057449200067, "GBPUSD": 0.3430799220273046, "Gold": 0.6354021480691974}
