{"FTSE100": 0.31139247608448994, "DJIA": -0.2535668695780367, "GBPUSD": 0.2995191928745805, "Gold": 0.12353609724761574}
