{"FTSE100": 0.8008897585418993, "DJIA": 0.96291529147112, "GBPUSD": 0.658103393593401, "Gold": 0.03666457154829486}
