{"FTSE100": -0.4003966793097135, "DJIA": -1.5270081147355825, "GBPUSD": 0.165393400015751, "Gold": 1.5503211991434807}
