{"FTSE100": 0.7366472645412211, "DJIA": 0.7968650026319785, "GBPUSD": 0.1506501744370451, "Gold": -0.4504504504504457}
