{"FTSE100": 0.10480882922217677, "DJIA": -0.39813376078418733, "GBPUSD": 0.6422454804947665, "Gold": 0.617093489663684}
