{"FTSE100": -0.4332474003213635, "DJIA": 0.06882950315087095, "GBPUSD": -0.007864108210128104, "Gold": 0.0}
