{"FTSE100": 0.8704708914882708, "DJIA": 0.7606334038441698, "GBPUSD": 0.07092757506500913, "Gold": 0.07952785567787414}
