{"FTSE100": 0.031737769850388155, "DJIA": 0.36460255330324465, "GBPUSD": 0.24125452352232518, "Gold": -0.1888930865130336}
