{"FTSE100": -0.9501316276911657, "DJIA": 0.6914002799336821, "GBPUSD": -0.4234818757527452, "Gold": -0.6969975490196182}
