{"FTSE100": -1.4659413748990906, "DJIA": -0.6532618070496288, "GBPUSD": 0.16875602700098144, "Gold": 0.23670639952658334}
