{"FTSE100": -0.4190547582236219, "DJIA": 0.45454836168586543, "GBPUSD": 0.11774864589057672, "Gold": 0.0}
