{"FTSE100": 0.19604049004074553, "DJIA": 0.7183628674869791, "GBPUSD": 0.70549384569199, "Gold": 0.09401323706377857}
