{"FTSE100": -0.4427710722899442, "DJIA": -0.21835283908797154, "GBPUSD": -0.18196202531645322, "Gold": -0.893697083725301}
