{"FTSE100": 0.08035884756953318, "DJIA": 1.5083119312081201, "GBPUSD": -0.15699819452076313, "Gold": 0.06887941796891424}
