{"FTSE100": 0.08845393577015513, "DJIA": 0.382927044853433, "GBPUSD": 0.5845143726479191, "Gold": 0.26980728051392644}
