{"FTSE100": -0.5688359179251182, "DJIA": -1.1386453985079503, "GBPUSD": 0.5959002065787432, "Gold": 0.8357881756525344}
