{"FTSE100": 0.2164575289575351, "DJIA": -0.434599829936005, "GBPUSD": 0.23682200152789173, "Gold": 0.2055042914131589}
