{"FTSE100": -1.3649401860357164, "DJIA": -0.9771354349678317, "GBPUSD": -0.5243797448540289, "Gold": -0.345236254959553}
