{"FTSE100": -0.13490209167779352, "DJIA": -0.220769393550787, "GBPUSD": 0.16902768834515558, "Gold": -0.6525854338945855}
