{"FTSE100": -0.031361209695095725, "DJIA": 0.2765969764780759, "GBPUSD": 0.33812005250806215, "Gold": 0.9689848548430202}
