{"FTSE100": 0.19139599280130254, "DJIA": 0.07492422732759449, "GBPUSD": -0.06281900274832444, "Gold": 0.0}
