{"FTSE100": 0.7000001043997287, "DJIA": 1.011049412844147, "GBPUSD": -0.03004581987530654, "Gold": -0.34479409479411244}
