{"FTSE100": 0.4687686337825374, "DJIA": 0.9333153946699003, "GBPUSD": -0.3929273084479302, "Gold": -0.3539638748633571}
