{"FTSE100": 0.5406863519132605, "DJIA": 0.9818448252153352, "GBPUSD": 0.18120418416936018, "Gold": -0.53958700840511}
