{"FTSE100": 0.8538398860297982, "DJIA": 0.8747793842179821, "GBPUSD": 0.4746895530323067, "Gold": 0.5821256038647431}
