{"FTSE100": -0.5199178962485187, "DJIA": 0.0, "GBPUSD": -0.10272619517977707, "Gold": 0.008496898631991592}
