{"FTSE100": 0.42294439398127454, "DJIA": 0.018777269480157545, "GBPUSD": -0.36239098403088943, "Gold": 0.30152671755725535}
