{"FTSE100": 0.022452167122219657, "DJIA": 0.2716461948128738, "GBPUSD": -0.16128397781360962, "Gold": -0.291181364392672}
