{"FTSE100": -0.18957504390189373, "DJIA": 0.5516625720786568, "GBPUSD": 0.03809523809525082, "Gold": -0.9801976268899487}
