{"FTSE100": 0.1298207387200438, "DJIA": 0.41110402983016886, "GBPUSD": -0.1450191499646671, "Gold": 0.0}
