{"FTSE100": -2.440698202138052, "DJIA": -1.513607747799949, "GBPUSD": -0.5313330207844911, "Gold": -0.09481799068310927}
