{"FTSE100": 0.07143939799213692, "DJIA": 0.5190625735796204, "GBPUSD": 0.17143709004175545, "Gold": 0.278434777401866}
