{"FTSE100": 0.05655095381437855, "DJIA": -0.9701837419376065, "GBPUSD": -0.13499440737454532, "Gold": 1.5276785410499687}
