{"FTSE100": 0.8470392029931675, "DJIA": 0.0, "GBPUSD": 0.15673981191220843, "Gold": 0.7591754650578248}
