{"FTSE100": -0.2207464950277995, "DJIA": -0.08276006216652759, "GBPUSD": -0.5726184279021372, "Gold": 0.07502478497360003}
