{"FTSE100": 0.5088209326391392, "DJIA": -0.47165272273494824, "GBPUSD": -0.3541355158573974, "Gold": -0.17823930564165796}
