{"FTSE100": 0.048831666126789165, "DJIA": 0.205583596608488, "GBPUSD": 0.17652928083505784, "Gold": -0.29466810018715767}
