{"FTSE100": -0.6245208280092011, "DJIA": -0.11328302823798174, "GBPUSD": 0.08708043065230199, "Gold": -0.07904747789141527}
