{"FTSE100": -0.11501169836909804, "DJIA": -1.1420705304931666, "GBPUSD": -0.056966145833345125, "Gold": 0.0}
