{"FTSE100": -0.4224165088144852, "DJIA": -0.8427215658092136, "GBPUSD": 0.5977011494252896, "Gold": 0.0}
