{"FTSE100": 1.005185657491029, "DJIA": 0.1212983912016473, "GBPUSD": -0.19512956603184098, "Gold": -0.18327605956471935}
