{"FTSE100": -1.670435711765767, "DJIA": -0.40471420430905874, "GBPUSD": 0.9643605870020833, "Gold": 1.5907724266112668}
