{"FTSE100": -0.18317053929067445, "DJIA": 0.3233487548556891, "GBPUSD": 0.2253666826763215, "Gold": 0.19489086111777404}
