{"FTSE100": 0.4438639851947217, "DJIA": -0.3305199876299288, "GBPUSD": 0.4076199983362369, "Gold": -0.6446991404011486}
