{"FTSE100": -0.6367128028508534, "DJIA": -0.6013301246070568, "GBPUSD": -0.20224019912880645, "Gold": 0.8242324335462601}
