{"FTSE100": 0.25537068879555025, "DJIA": 0.08154302873818876, "GBPUSD": 0.3563405376094149, "Gold": -0.037267080745345384}
