{"FTSE100": 0.17123934311806185, "DJIA": 0.33703171538278354, "GBPUSD": -0.031235358425734498, "Gold": 0.0}
