{"FTSE100": 0.36214899809155215, "DJIA": 0.3224715003418129, "GBPUSD": -0.12251511678456628, "Gold": 0.28321123782191676}
