{"FTSE100": 0.5273560024013673, "DJIA": -0.030124164077094923, "GBPUSD": -0.09844134536506069, "Gold": 0.0}
