{"FTSE100": 0.760844776069393, "DJIA": -0.11445178124749743, "GBPUSD": -0.008181297553809296, "Gold": -0.2348275322235558}
