{"FTSE100": -0.06479237925137292, "DJIA": -0.5350095436311513, "GBPUSD": 0.36424343602974013, "Gold": 0.2592119955335961}
