{"FTSE100": -0.4294047711935159, "DJIA": -0.02800253496633646, "GBPUSD": -0.007868439688408922, "Gold": -0.28904717662846646}
