{"FTSE100": -0.06585267331303113, "DJIA": 1.0471000058129012, "GBPUSD": 0.40677464684565195, "Gold": 0.0}
