{"FTSE100": 0.6681029952706222, "DJIA": 0.4102561020604871, "GBPUSD": -0.26578819301463275, "Gold": 0.2739061931887088}
