{"FTSE100": -1.2847759014921338, "DJIA": -0.9771354349678317, "GBPUSD": -0.18097411283344012, "Gold": -0.08774646433364537}
