{"FTSE100": -0.46595678140510643, "DJIA": 0.0, "GBPUSD": 0.565782806958278, "Gold": 0.15998234677553322}
