{"FTSE100": 0.32100393738967986, "DJIA": -2.011743676329525, "GBPUSD": -0.041570613355508136, "Gold": 3.523161524839223}
