{"FTSE100": 0.7271350617477446, "DJIA": -0.30778961596335436, "GBPUSD": -0.17756255044390473, "Gold": 0.0}
