{"FTSE100": -0.3390525847541836, "DJIA": 0.3745557446196195, "GBPUSD": 0.37660441165168906, "Gold": -0.003716090672609032}
