{"FTSE100": 0.20672433758982986, "DJIA": -0.6683535979045157, "GBPUSD": 0.02345032439615156, "Gold": 0.0}
