{"FTSE100": -0.39306422485440745, "DJIA": -1.0023795171968468, "GBPUSD": 0.0, "Gold": 0.44228217602830605}
