{"FTSE100": -0.22675056713503008, "DJIA": -0.4497342195254305, "GBPUSD": 0.033779979732016775, "Gold": 0.16956438670233961}
