{"FTSE100": 0.22977705982471092, "DJIA": 0.4322749834951228, "GBPUSD": -0.040377937494948314, "Gold": -0.19189011765894973}
