{"FTSE100": 0.586571281619679, "DJIA": 2.194311769049636, "GBPUSD": -0.7591701743836439, "Gold": -2.953169035198177}
