{"FTSE100": 0.1222000357776634, "DJIA": 0.11304036711670466, "GBPUSD": 0.48353672576559764, "Gold": -0.06769402301596057}
