{"FTSE100": 0.8999963562900624, "DJIA": 1.167011821649671, "GBPUSD": 0.2643099033616808, "Gold": 0.0}
