{"FTSE100": -0.007523810799859041, "DJIA": 0.39148366026754317, "GBPUSD": 0.136229470975573, "Gold": 0.6998519084698844}
