{"FTSE100": -0.37151343837704165, "DJIA": 0.2199170427937952, "GBPUSD": 0.2984579671696091, "Gold": -0.4898183819482589}
