{"FTSE100": -0.12020443811865127, "DJIA": -0.16617483850439813, "GBPUSD": 0.11095260738627895, "Gold": 0.0}
