{"FTSE100": 0.07364655474583345, "DJIA": -0.3256629419526956, "GBPUSD": -0.442015591095382, "Gold": -0.9065550906555113}
