{"FTSE100": 0.4892602973276689, "DJIA": 0.18264004167473014, "GBPUSD": 0.24983881366859126, "Gold": 0.17889087656529518}
