{"FTSE100": -0.44303988871080097, "DJIA": 0.6231845012123792, "GBPUSD": -0.24683970379234488, "Gold": -0.7269742627660118}
