{"FTSE100": 0.9125644904767305, "DJIA": 0.05292414066123501, "GBPUSD": -0.45896121777708127, "Gold": -0.22920267528368185}
