{"FTSE100": -0.3887221495549497, "DJIA": 0.0, "GBPUSD": -0.2066936958422717, "Gold": -0.1871371830125302}
