{"FTSE100": -0.7560343846819436, "DJIA": -0.1951606290381168, "GBPUSD": -0.3210901401832557, "Gold": -0.9827755650959499}
