{"FTSE100": 0.31097278600053246, "DJIA": -0.026689074681673242, "GBPUSD": -0.016055229991167853, "Gold": 0.0}
