{"FTSE100": 0.5350212677608404, "DJIA": 0.17459712995045848, "GBPUSD": -0.2621127879269325, "Gold": 0.1576432336568326}
