{"FTSE100": 0.23565853129494618, "DJIA": 0.23443696668587716, "GBPUSD": 0.2265552460538696, "Gold": 0.32792004996876545}
