{"FTSE100": -0.02225143144795934, "DJIA": 0.8552295089589758, "GBPUSD": 0.11473528929684215, "Gold": 0.2431269870955676}
