{"FTSE100": 0.030468963646111357, "DJIA": 0.03570612081713786, "GBPUSD": -0.04086940367823358, "Gold": -0.21534964407488838}
