{"FTSE100": 0.6040487886599336, "DJIA": -0.2769677890096531, "GBPUSD": 0.032567985670100795, "Gold": -0.3074558032282859}
