{"FTSE100": 0.30850260451845, "DJIA": 0.0047202677312219695, "GBPUSD": 0.4252246469833186, "Gold": 0.044680534180601875}
