{"FTSE100": -0.12020443811865127, "DJIA": -0.16557941534104967, "GBPUSD": 0.23028666719605356, "Gold": 0.7954262987820034}
