{"FTSE100": 0.9249801308060912, "DJIA": -0.13071854331415794, "GBPUSD": -0.12896985329679556, "Gold": 0.0}
