{"FTSE100": -0.5587200406972466, "DJIA": -0.04751099466166427, "GBPUSD": 0.0, "Gold": 0.0}
