{"FTSE100": 0.7827917134826191, "DJIA": 0.5937661076064754, "GBPUSD": -0.22444083275287535, "Gold": -0.5879069767441759}
