{"FTSE100": 1.4177867545213159, "DJIA": 1.4410099240921987, "GBPUSD": 0.3127572016460926, "Gold": 0.1364463311097543}
