{"FTSE100": 0.5181439634443356, "DJIA": -0.4630074502588914, "GBPUSD": -0.6629392971245985, "Gold": -2.023220496742281}
