{"FTSE100": 0.6330683737465691, "DJIA": 0.1943430954406277, "GBPUSD": -0.11371943790106959, "Gold": 0.4485262708244267}
