{"FTSE100": -0.9466983729199469, "DJIA": -1.3712781636285667, "GBPUSD": -0.23760494218280637, "Gold": -1.2288177583985707}
