{"FTSE100": 0.07812992081137088, "DJIA": 1.0547228733598666, "GBPUSD": 0.03937007874015314, "Gold": -0.28127313101405466}
