{"FTSE100": 0.1302209426720277, "DJIA": -0.8949704722533333, "GBPUSD": -0.4258396271894473, "Gold": -0.6523605150214592}
