{"FTSE100": -0.44303988871080097, "DJIA": 0.3452448014891355, "GBPUSD": -0.4188794973445903, "Gold": -1.3689394383537496}
