{"FTSE100": 0.14577462382680564, "DJIA": 0.003788481949359941, "GBPUSD": -0.07232982399742031, "Gold": -1.3697947798366208}
