{"FTSE100": 0.31441142722910953, "DJIA": 0.09698634730649904, "GBPUSD": -0.054704595185989593, "Gold": 0.0}
