{"FTSE100": 0.04683969220837027, "DJIA": -0.19700194689063502, "GBPUSD": -0.4375231738969237, "Gold": 0.0}
