{"FTSE100": -0.24618591529049447, "DJIA": 1.3863842059128055, "GBPUSD": 0.23344486810364107, "Gold": -0.06930006930006188}
