{"FTSE100": 1.744803897995304, "DJIA": 1.1584028375035835, "GBPUSD": 0.17337851682559535, "Gold": 0.47298145745260484}
