{"FTSE100": 0.09654581924844624, "DJIA": 0.2971982623153109, "GBPUSD": 0.07273315015353975, "Gold": 0.22063985558118998}
