{"FTSE100": 0.7716678423322548, "DJIA": 0.30623296387359294, "GBPUSD": 0.05748668225194714, "Gold": 1.8113094514716168e-14}
