{"FTSE100": -0.368947358466611, "DJIA": -0.5761716627504442, "GBPUSD": 0.6825657894737004, "Gold": -0.469104665825975}
