{"FTSE100": -1.4086665966125367, "DJIA": 0.7450918837989947, "GBPUSD": -0.43277122817490127, "Gold": -2.2124366730082725}
