{"FTSE100": -0.3290135589832375, "DJIA": 0.005179498229663735, "GBPUSD": 0.19260091485435998, "Gold": -0.27755349212757363}
