{"FTSE100": 0.010315683633406693, "DJIA": 0.31756058227226364, "GBPUSD": 0.08785240795464427, "Gold": -0.3801799518438727}
