{"FTSE100": -0.0886112609369156, "DJIA": 0.03159185761286059, "GBPUSD": 0.27578599007169147, "Gold": 0.34864963313732866}
