{"FTSE100": 0.47477649722825055, "DJIA": -0.2206359220029495, "GBPUSD": -0.015881839116967996, "Gold": 0.26752539014119847}
