{"FTSE100": 0.040362278396728866, "DJIA": -0.5516723226797723, "GBPUSD": -0.007837604827963711, "Gold": 0.38072032285083374}
