{"FTSE100": 0.1590186278964143, "DJIA": 0.08011462491872585, "GBPUSD": 0.4627210985894457, "Gold": 0.07167213257173037}
