{"FTSE100": -0.9744960123720812, "DJIA": -2.5846549704372133, "GBPUSD": 0.36982542649222916, "Gold": -0.9937417030153544}
