{"FTSE100": -1.8224776003605432, "DJIA": 0.16923231441487935, "GBPUSD": 0.07244043786221209, "Gold": -0.2593274217835148}
