{"FTSE100": 0.3981113238735933, "DJIA": -0.7724071899359816, "GBPUSD": 0.15650741350906203, "Coffee": 0.0, "Gold": -0.005586592178765869}
