{"FTSE100": 0.1512158641259004, "DJIA": -0.3256629419526956, "GBPUSD": -0.2812826488788746, "Gold": -0.9065550906555113}
