{"FTSE100": 0.260212456410624, "DJIA": -0.6609077665769021, "GBPUSD": -0.6100459515132165, "Gold": 1.01921168936592}
