{"FTSE100": 0.14842560716055256, "DJIA": -0.20583182580650172, "GBPUSD": -0.08759356585442576, "Gold": 0.492273447198322}
