{"FTSE100": -0.3065101612415323, "DJIA": -0.9869126029691302, "GBPUSD": -0.20505809979492826, "Gold": 0.26260504201680673}
