{"FTSE100": 0.3722565400313323, "DJIA": 0.24052178317833575, "GBPUSD": -0.13646945492494458, "Gold": -0.3810183581572589}
