{"FTSE100": -0.17263980189431294, "DJIA": -0.5547281146282906, "GBPUSD": 0.007836990595610422, "Gold": 0.1910665760869565}
