{"FTSE100": 0.37283427151108345, "DJIA": -0.43001365138741715, "GBPUSD": -0.6563905892765048, "Gold": -0.5337941628264069}
