{"FTSE100": 0.1720367932133378, "DJIA": 0.14842744845988154, "GBPUSD": 0.428615960099738, "Gold": 0.07141764015711184}
