{"FTSE100": -0.14346524942141226, "DJIA": -0.3078819966269235, "GBPUSD": 0.1031535514294185, "Gold": -0.4794919976673519}
