{"FTSE100": 0.03568560977787236, "DJIA": -0.8377119719489592, "GBPUSD": 0.0994415971850439, "Gold": -0.43387156415629013}
