{"FTSE100": 0.08945985369558221, "DJIA": 0.3762949087976161, "GBPUSD": -0.2304147465437717, "Gold": 0.0}
