{"FTSE100": -0.19074918748517775, "DJIA": 0.22707409487753763, "GBPUSD": 0.0075142771265396, "Gold": -1.9134030799617319}
