{"FTSE100": -0.7466669894275476, "DJIA": -0.25230411749914206, "GBPUSD": -0.011828253755478019, "Gold": -0.5355661160141743}
