{"FTSE100": -0.30388405344836733, "DJIA": 0.3655179828558527, "GBPUSD": -0.11627906976742906, "Gold": 0.33014017427072234}
