{"FTSE100": -0.12759120242329075, "DJIA": -0.13539847915705555, "GBPUSD": -0.09640341119761638, "Gold": 0.42041281499304456}
