{"FTSE100": 0.33343708134295474, "DJIA": -0.17410258715840166, "GBPUSD": -0.27962825890285775, "Gold": 0.36962025316456615}
