{"FTSE100": -0.21104896359883252, "DJIA": 0.08524701629661285, "GBPUSD": -0.2222562844880367, "Gold": 0.4716807311051231}
