{"FTSE100": -0.22232076796114664, "DJIA": -0.03204021781275021, "GBPUSD": 0.23959747623992603, "Gold": -0.8321716723693774}
