{"FTSE100": 0.11015079948587381, "DJIA": 0.22912449176103108, "GBPUSD": -0.5171453576259186, "Gold": -0.34145347059423325}
