{"FTSE100": 0.27181270592536094, "DJIA": -0.2878280428684172, "GBPUSD": -0.19916575852089882, "Gold": -1.8078791149487237}
