{"FTSE100": -0.40443212709695786, "DJIA": 1.2928433847263459, "GBPUSD": -0.5287830489405588, "Gold": 0.48921773840236216}
