{"FTSE100": -0.0729038033708028, "DJIA": -0.37803443733533854, "GBPUSD": -0.19509582647948068, "Gold": 0.6446661550268681}
