{"FTSE100": -0.32360414806674664, "DJIA": -0.5523806491666671, "GBPUSD": -0.19476472421314636, "Gold": -0.3374519779877479}
