{"FTSE100": -0.7651389064974031, "DJIA": -0.31818228450353336, "GBPUSD": -0.23951106706310907, "Gold": 0.20664281034221604}
