{"FTSE100": -0.6575926670188705, "DJIA": -0.2984108115233772, "GBPUSD": 0.27668895549919664, "Gold": -0.003716090672609032}
