{"FTSE100": -0.36125881884982924, "DJIA": -0.31661186361566174, "GBPUSD": -0.10922992900055144, "Gold": -0.22977941176470587}
