{"FTSE100": 1.2258884320313603, "DJIA": 0.6707738238767136, "GBPUSD": 0.32921810699588505, "Gold": 0.4901960784313633}
