{"FTSE100": 0.026445921712832426, "DJIA": 0.6104516361361215, "GBPUSD": 0.21832358674464997, "Gold": 0.7214888907108268}
