{"FTSE100": 0.6845226633804379, "DJIA": 0.5132575243891319, "GBPUSD": -0.0942655145326072, "Gold": 1.149546509175277}
