{"FTSE100": -0.8661054288988841, "DJIA": -0.9623035564041421, "GBPUSD": -1.2588135405514997, "Gold": 0.0112695103397783}
