{"FTSE100": 0.5871443232368759, "DJIA": 2.4677603503015355, "GBPUSD": -0.14324016601167194, "Gold": 0.09694619486183696}
