{"FTSE100": -0.0651228319072198, "DJIA": -0.5777173623608186, "GBPUSD": 1.0444444444444445, "Gold": 0.0}
