{"FTSE100": -0.1897973080656752, "DJIA": 1.731892940539367e-14, "GBPUSD": 0.2019124538077842, "Gold": 0.011290504685549175}
