{"FTSE100": 0.5998825967035971, "DJIA": -0.38745249322509945, "GBPUSD": -0.9493174329201318, "Gold": 0.0}
