{"FTSE100": 0.7241545160877046, "DJIA": 0.057230935210279534, "GBPUSD": -0.5681363527246447, "Gold": 0.6027397260273972}
