{"FTSE100": -0.8396042620203993, "DJIA": 0.5937661076064754, "GBPUSD": -0.4966696184499339, "Gold": -0.45211977468128584}
