{"FTSE100": 0.3877237968771347, "DJIA": 0.940872817102252, "GBPUSD": 0.09832841691250115, "Gold": -1.4097603407420738}
