{"FTSE100": 0.2618154594478565, "DJIA": 1.117045217631898, "GBPUSD": -0.1566579634464745, "Gold": -2.75574209021308}
