{"FTSE100": 0.386437344939158, "DJIA": -0.42086777752016297, "GBPUSD": -0.06444856199145346, "Gold": 0.03496154230346846}
