{"FTSE100": 0.1808943457891921, "DJIA": 0.14228611672027702, "GBPUSD": -0.21209740769836186, "Gold": -0.554510825015671}
