{"FTSE100": 0.0, "DJIA": -0.14933259721931724, "GBPUSD": -0.48849610321811204, "Gold": 0.08121789060139357}
