{"FTSE100": -1.239597826372306, "DJIA": 0.29920841251814084, "GBPUSD": 0.18934911242603217, "Gold": -0.1149185123276246}
