{"FTSE100": 0.2143701871232344, "DJIA": 0.4471480054030744, "GBPUSD": -0.5687447253513319, "Gold": -1.064696615785752}
