{"FTSE100": 0.03864532404167928, "DJIA": 0.96468351757097, "GBPUSD": 0.7202076877983368, "Gold": 0.20725388601037262}
