{"FTSE100": 0.015862403481863588, "DJIA": 0.03104622192506316, "GBPUSD": 0.09658725048294349, "Gold": -0.13228186212159293}
