{"FTSE100": -0.03323188862071126, "DJIA": 0.3853179154728225, "GBPUSD": -0.09140008309097455, "Gold": 0.1195392306020455}
