{"FTSE100": -0.1115994473656629, "DJIA": 1.5743560346611192, "GBPUSD": -0.12813325858893615, "Gold": -0.4171063872556387}
