{"FTSE100": -0.02809848785071606, "DJIA": 0.4752378317991603, "GBPUSD": -0.11145609425999888, "Gold": -0.14157144301750338}
