{"FTSE100": 0.16911754490328998, "DJIA": 0.22773266479521825, "GBPUSD": -0.06332119677061199, "Gold": 0.09196247930844215}
