{"FTSE100": 0.18119602243844968, "DJIA": 0.6086802021483474, "GBPUSD": -0.20979585249737234, "Gold": -0.5917774086378784}
