{"FTSE100": 0.025993639356449477, "DJIA": 0.5789231921862223, "GBPUSD": -0.1019847807327276, "Gold": 0.45396230139149535}
