{"FTSE100": 0.18012467637523225, "DJIA": 0.7756100194817952, "GBPUSD": 1.0605936035517478, "Gold": -0.6559049666581641}
