{"FTSE100": -0.0807102502017761, "DJIA": 0.5789231921862223, "GBPUSD": -0.19612457833216979, "Gold": 0.45396230139149535}
