{"FTSE100": -0.5095179885621633, "DJIA": -1.010952306389748, "GBPUSD": -0.15751575157514017, "Gold": 0.0}
