{"FTSE100": -1.8224776003605432, "DJIA": 0.4090885119985144, "GBPUSD": -0.06428801028607457, "Gold": 0.9806407980387106}
