{"FTSE100": 0.6063365986397287, "DJIA": 0.3817162424390318, "GBPUSD": 0.1345794392523382, "Gold": 1.3436052643646408}
