{"FTSE100": -0.46867773396394496, "DJIA": -1.0023795171968468, "GBPUSD": 0.0, "Gold": 0.5351614329942463}
