{"FTSE100": -0.35793377960333367, "DJIA": 0.3612942024034004, "GBPUSD": 0.0956480153036719, "Gold": -0.24520842716309316}
