{"FTSE100": -0.219247990115074, "DJIA": -0.6459536137669861, "GBPUSD": 0.07080481472739365, "Gold": 0.19279870772758298}
