{"FTSE100": -0.33779183247340744, "DJIA": -0.7678719963641301, "GBPUSD": 0.1111022934687777, "Gold": 0.5467772577730495}
