{"FTSE100": 1.0065813067625584, "DJIA": -0.2477516561241665, "GBPUSD": 0.5297812760160537, "Gold": 0.20227953475706295}
