{"FTSE100": 0.33566845637231363, "DJIA": 1.2617376505069284, "GBPUSD": 0.9319958928994576, "Gold": 0.12274331304658433}
