{"FTSE100": -0.05090075483933871, "DJIA": 0.6823012854122892, "GBPUSD": 0.4479617739286418, "Gold": 0.7916622802400329}
