{"FTSE100": 1.8152187405318323, "DJIA": 0.4977882525186212, "GBPUSD": 0.2696959790781367, "Gold": 0.5028386050283958}
