{"FTSE100": -0.3859348198970734, "DJIA": -1.9548674094585623, "GBPUSD": -0.4003378998787934, "Gold": 1.6238279747996123}
