{"FTSE100": 0.5708096818917964, "DJIA": 0.6512884291800126, "GBPUSD": -0.39209410258461264, "Gold": 0.0182648401826484}
