{"FTSE100": 0.6974775555299391, "DJIA": 1.0319574947657308, "GBPUSD": 0.03283802643462589, "Gold": -0.20400690484908005}
