{"FTSE100": -0.24747768176232293, "DJIA": -0.31301195247437186, "GBPUSD": -0.05489765508588698, "Gold": 1.3791050699474132}
