{"FTSE100": 0.8815461709201255, "DJIA": -0.2477516561241665, "GBPUSD": 0.24975403012185582, "Gold": -0.18282957949197776}
