{"FTSE100": -0.12725608336493008, "DJIA": -0.07893158932107848, "GBPUSD": 0.0, "Gold": -0.09765625000000772}
