{"FTSE100": 0.33700222959216725, "DJIA": -1.0173645799345876, "GBPUSD": -0.11248593925758042, "Gold": -0.41201716738197425}
