{"FTSE100": -0.4742202235266289, "DJIA": 0.5286449358552803, "GBPUSD": -0.3625178512578278, "Gold": -0.9226892122591769}
