{"FTSE100": -0.3839749136389659, "DJIA": 0.7968650026319785, "GBPUSD": 0.0, "Gold": 0.0}
