{"FTSE100": -0.9860847160295316, "DJIA": 1.1420242096903166, "GBPUSD": -0.13961064143333776, "Gold": -0.1955201866017157}
