{"FTSE100": -0.610847132165943, "DJIA": -0.2882447172140889, "GBPUSD": 0.02360531906522676, "Gold": -0.10323113451016826}
