{"FTSE100": -0.10407454541533097, "DJIA": 0.1664131657039827, "GBPUSD": -0.1463533620619582, "Gold": 0.0508440105755542}
