{"FTSE100": 0.7502342442978776, "DJIA": 0.24052178317833575, "GBPUSD": -0.016055229991167853, "Gold": -0.2919491315750453}
