{"FTSE100": 1.0892879728473388, "DJIA": 0.0, "GBPUSD": -0.33562285357477134, "Gold": -0.7376861397479912}
