{"FTSE100": 0.6225744611212445, "DJIA": 2.325247070380213, "GBPUSD": -0.7892363199037848, "Gold": -2.7732805660490496}
