{"FTSE100": -0.03641613234663586, "DJIA": 0.006899296573587443, "GBPUSD": 0.03700140605344239, "Gold": 0.8902077151335238}
