{"FTSE100": -0.4882997300398188, "DJIA": -0.26015447984629114, "GBPUSD": -0.19594012069911018, "Gold": 0.4302139648214317}
