{"FTSE100": 0.07461159500866173, "DJIA": -1.3481846005376474, "GBPUSD": -0.014991379956523346, "Gold": -0.4150238638721726}
