{"FTSE100": -0.011055520145296196, "DJIA": -0.002566084251074419, "GBPUSD": 0.2879078694817669, "Gold": 1.150152048896511}
