{"FTSE100": 0.38975994330765434, "DJIA": 0.8527677479276509, "GBPUSD": 0.0914355379457551, "Gold": 0.7078607743449497}
