{"FTSE100": 1.0833065217650337, "DJIA": -0.15830066251674343, "GBPUSD": -0.32677068866922665, "Gold": -0.7609962132245882}
