{"FTSE100": -0.5635804670559257, "DJIA": -0.24781650419012533, "GBPUSD": -0.3942284948355983, "Gold": -0.47188360204482444}
