{"FTSE100": -0.43611338685891565, "DJIA": 0.12661153708526426, "GBPUSD": -0.06336633663365639, "Gold": -0.15231918238993264}
