{"FTSE100": 0.009880458953571394, "DJIA": -1.2372630858564577, "GBPUSD": 0.09638554216866407, "Gold": -0.0933706816059873}
