{"FTSE100": -0.09645963194358698, "DJIA": 0.02419950087924013, "GBPUSD": -0.3092239233728028, "Gold": 1.8023358205638465e-14}
