{"FTSE100": 1.9544272580750193, "DJIA": 0.9590019299776511, "GBPUSD": 0.08864533806107493, "Gold": 0.0}
