{"FTSE100": -0.2179408615207367, "DJIA": 0.12120043233245743, "GBPUSD": 0.32443224357372863, "Gold": 0.0}
