{"FTSE100": 0.07385639300698552, "DJIA": 0.4426726906979775, "GBPUSD": -0.20006402048655142, "Gold": -0.09076763485476785}
