{"FTSE100": 0.15859067486831538, "DJIA": 0.0, "GBPUSD": 0.5862581099038585, "Gold": 0.4420003083723152}
