{"FTSE100": 0.6898354911194534, "DJIA": 0.35525464431851494, "GBPUSD": -0.015112588786440678, "Gold": 0.0}
