{"FTSE100": 1.6213580551808802, "DJIA": 0.6675547037887289, "GBPUSD": 0.056684751801759074, "Gold": -1.4021095960895407}
