{"FTSE100": -0.10831705982571163, "DJIA": 0.3975897446652852, "GBPUSD": 0.5893763055804251, "Gold": 1.6104980614375186}
