{"FTSE100": -0.2810613288343915, "DJIA": 1.024727151950824, "GBPUSD": 0.05604483586868878, "Gold": 0.45823514008902855}
