{"FTSE100": -0.27540706136409343, "DJIA": 0.5289721853402737, "GBPUSD": 0.0, "Gold": 0.29923321488685245}
