{"FTSE100": -0.24839037742483117, "DJIA": -1.0023795171968468, "GBPUSD": -0.023853065118865147, "Gold": 1.1233967271119014}
