{"FTSE100": 0.12730032937689975, "DJIA": -0.054331002006913195, "GBPUSD": 0.4741443176766899, "Gold": 0.6775271763678521}
