{"FTSE100": 1.8507436286720824, "DJIA": 0.4838642504311921, "GBPUSD": -0.5862017135127032, "Gold": -1.9840274293360018}
