{"FTSE100": 0.2473172422361854, "DJIA": 0.26481057016599724, "GBPUSD": -0.17100660707345353, "Gold": -0.2489457907839298}
