{"FTSE100": 1.4002176391194672, "DJIA": 1.1716451417268094, "GBPUSD": 0.23045267489711221, "Gold": 0.1364463311097543}
