{"FTSE100": 0.0594974091582608, "DJIA": 0.25122059726733825, "GBPUSD": -0.1787600552530883, "Gold": 0.13786422237125784}
