{"FTSE100": -1.1854162464340208, "DJIA": 0.1792496357541792, "GBPUSD": 0.29733900410253455, "Gold": 1.3060278207109808}
