{"FTSE100": -3.832077840963411, "DJIA": -0.873352531767609, "GBPUSD": 0.05801906340654147, "Gold": -0.38928682653379004}
