{"FTSE100": -0.100169251493903, "DJIA": 0.03159185761286059, "GBPUSD": 0.16547159404302186, "Gold": 0.34864963313732866}
