{"FTSE100": 0.5209436222937588, "DJIA": -0.4017774769989621, "GBPUSD": -0.9022438412050717, "Gold": 0.0}
