{"FTSE100": -0.3890047402457864, "DJIA": -1.5270081147355825, "GBPUSD": 0.055131133338577845, "Gold": 1.5503211991434807}
