{"FTSE100": 0.9489594481284219, "DJIA": -0.6116234251628423, "GBPUSD": -0.1806318428134214, "Gold": -1.9770484005232487}
