{"FTSE100": 0.03612862309658357, "DJIA": 0.23797697371500903, "GBPUSD": 0.18914020017337516, "Gold": -0.14097515920468798}
