{"FTSE100": 0.9911404294117885, "DJIA": 0.9339390297073944, "GBPUSD": 0.007732755954221232, "Gold": 0.24335939522600414}
