{"FTSE100": 0.14542536920492688, "DJIA": 0.5062228344885726, "GBPUSD": 0.02219755826858801, "Gold": -0.005969792848196312}
