{"FTSE100": 0.0979608896590308, "DJIA": -0.20163508038452232, "GBPUSD": 0.2740131822557977, "Gold": 0.7571177706767921}
