{"FTSE100": 0.07517132300202807, "DJIA": -0.0012849274726820705, "GBPUSD": -0.29456253483003236, "Gold": 0.22246941045605537}
