{"FTSE100": 0.9091702125597194, "DJIA": 1.2579542251060856, "GBPUSD": 0.20700816741316966, "Gold": 0.13910355486863848}
