{"FTSE100": 0.19326164874552387, "DJIA": 0.6607350957123643, "GBPUSD": 0.4793442862892939, "Gold": 0.159297887048773}
