{"FTSE100": -0.39524401390911335, "DJIA": 1.7820305357421973e-14, "GBPUSD": 0.2332963628714573, "Gold": 1.8159386266530795e-14}
