{"FTSE100": -0.42619165357316785, "DJIA": -0.17535998460644436, "GBPUSD": -0.4912907548012625, "Gold": 0.0}
