{"FTSE100": -0.12571040217781823, "DJIA": -0.0018993724594530501, "GBPUSD": 0.03332716163673849, "Gold": -0.002113048071832104}
