{"FTSE100": 0.5007099115506795, "DJIA": 0.03794789956680398, "GBPUSD": -0.40964235071688143, "Gold": -0.3810268184260639}
