{"FTSE100": 1.2059202462169285, "DJIA": -0.28001073244478997, "GBPUSD": -0.13268465280848615, "Gold": 0.33963585434174626}
