{"FTSE100": 0.9829529412195994, "DJIA": 1.1066190676956655, "GBPUSD": -0.3429093957174387, "Gold": 0.33820509723398745}
