{"FTSE100": -0.20314729793430933, "DJIA": -0.5266071826053192, "GBPUSD": -0.1960630538781404, "Gold": -0.060101710587134864}
