{"FTSE100": 0.032336614356480886, "DJIA": 0.12858247914178203, "GBPUSD": 0.015820281601010757, "Gold": -0.012888258796244442}
