{"FTSE100": -0.4666361797695884, "DJIA": 0.30786354750260064, "GBPUSD": -0.26898734177213984, "Gold": -0.945960071077658}
