{"FTSE100": 0.43586881966723634, "DJIA": 0.8792199185999443, "GBPUSD": -0.0075035641929908446, "Gold": -1.226517997818444}
