{"FTSE100": 0.5058644298012057, "DJIA": 0.456591842729084, "GBPUSD": -0.08757264548999912, "Gold": 0.11629910406617303}
