{"FTSE100": 0.8247595403279298, "DJIA": -1.0164411980366876, "GBPUSD": 0.16744809109176167, "Gold": 0.016581914658410045}
