{"FTSE100": 0.12001996208304712, "DJIA": 0.9339390297073944, "GBPUSD": 0.5521424683101412, "Gold": 0.32207792207792446}
