{"FTSE100": 0.21937829090834696, "DJIA": 0.8110390815846202, "GBPUSD": 0.0296515937731785, "Gold": -1.3948930774108086}
