{"FTSE100": 0.6362398305118172, "DJIA": -1.0210169772739706, "GBPUSD": 0.07559213841759624, "Gold": 0.0}
