{"FTSE100": -0.1866923216932275, "DJIA": 0.07576690339000201, "GBPUSD": -0.06976744186045743, "Gold": 0.0}
