{"FTSE100": -0.8650500790722117, "DJIA": -0.9782146707198871, "GBPUSD": -0.16474464579901169, "Gold": -0.2710581496445651}
