{"FTSE100": 0.0, "DJIA": -0.5310252474825794, "GBPUSD": -0.3945084424806782, "Gold": -0.03348837209300972}
