{"FTSE100": 0.33873542633083564, "DJIA": 0.1123914246235394, "GBPUSD": 0.1779772498645801, "Gold": -0.23563771530982586}
