{"FTSE100": 0.9832992324709422, "DJIA": -0.18052299700838917, "GBPUSD": 0.1029295328582626, "Gold": 0.3568950133835652}
