{"FTSE100": -0.45165881120847645, "DJIA": 0.21744609405791324, "GBPUSD": -0.06376354975432409, "Gold": -0.36317026276437087}
