{"FTSE100": 0.5305719375438354, "DJIA": 0.11732253616243524, "GBPUSD": -0.16794625719769601, "Gold": 0.393054595715269}
