{"FTSE100": -0.3219721724907281, "DJIA": 0.0, "GBPUSD": 0.165393400015751, "Gold": 0.2912205567451898}
