{"FTSE100": -0.25551119511628323, "DJIA": 1.176177736463645, "GBPUSD": 0.5558888222355538, "Gold": 1.4080703649409767}
