{"FTSE100": -0.20314729793430933, "DJIA": -0.490648404370982, "GBPUSD": -0.039249548630186426, "Gold": 0.0}
