{"FTSE100": -0.2893318467088902, "DJIA": -0.09087056634996377, "GBPUSD": -0.21100343857454865, "Gold": -1.2714041095890334}
