{"FTSE100": 0.011032164628048107, "DJIA": 0.7756100194817952, "GBPUSD": -0.7261368707151851, "Gold": -0.5939583864737886}
