{"FTSE100": -0.14346524942141226, "DJIA": -0.3078819966269235, "GBPUSD": 0.0, "Gold": -1.0518585714594424}
