{"FTSE100": 1.1233957793824603, "DJIA": 0.456591842729084, "GBPUSD": -0.19902873975001567, "Gold": 0.11629910406617303}
