{"FTSE100": -0.10514042042841613, "DJIA": 0.46744696582967427, "GBPUSD": 0.3129764866383127, "Gold": -0.4895034315704504}
