{"FTSE100": -1.190926367054384, "DJIA": -0.9409306361452374, "GBPUSD": 0.053500458575370294, "Gold": -0.36675741076829316}
