{"FTSE100": -0.243379498174652, "DJIA": -1.2115235026794196, "GBPUSD": -0.11774864589057672, "Gold": 1.133470225872705}
