{"FTSE100": -0.7985129939315203, "DJIA": -0.02809406082031541, "GBPUSD": 0.08125362739409693, "Gold": 0.16351918945781874}
