{"FTSE100": 0.06466749424943236, "DJIA": 0.5515321384034096, "GBPUSD": -0.13241024476978916, "Gold": 0.05425515423965629}
