{"FTSE100": -0.03077894301180947, "DJIA": 0.5878335099737888, "GBPUSD": -0.0236090343905083, "Gold": 0.2518021131628275}
