{"FTSE100": -0.743348805101155, "DJIA": -0.5047579644187093, "GBPUSD": 0.47816128902639127, "Gold": 0.29563423856996784}
