{"FTSE100": -0.8068384116288329, "DJIA": -0.958846078340202, "GBPUSD": 0.23086088769735646, "Gold": 3.2451399180542153}
