{"FTSE100": 0.9832992324709422, "DJIA": 1.7749173351396903, "GBPUSD": 0.5567928730512166, "Gold": -1.7578125}
