{"FTSE100": 0.29767538493502704, "DJIA": -0.31161725858526357, "GBPUSD": -0.5330655129789792, "Gold": -0.04634380482637925}
