{"FTSE100": 0.12214483438171606, "DJIA": -0.3964342211841039, "GBPUSD": -0.4901384150884105, "Gold": -1.697271197600413}
