{"FTSE100": -0.30043115534586706, "DJIA": -0.16809445488531832, "GBPUSD": 0.3138778865555625, "Gold": 1.6955801586609551}
