{"FTSE100": -0.43055580513576774, "DJIA": 0.09180766934251322, "GBPUSD": 0.396856275776195, "Gold": 1.4226896579837793}
