{"FTSE100": 0.8445146693201764, "DJIA": 0.3523730113937778, "GBPUSD": 0.06455287640022915, "Gold": 0.44106959376487753}
