{"FTSE100": 0.1718976832758351, "DJIA": 0.31966902328543084, "GBPUSD": 0.18939393939393603, "Gold": 0.6990911814640967}
