{"FTSE100": 0.4762876120561472, "DJIA": 0.6211655801358724, "GBPUSD": -0.2422570906786907, "Gold": -0.2995805871779509}
