{"FTSE100": -0.40988111035157465, "DJIA": -0.1601575579645757, "GBPUSD": -0.03168316831682819, "Gold": 0.0}
