{"FTSE100": 0.48420118747016005, "DJIA": -0.1045580090866439, "GBPUSD": 0.17449415258957301, "Gold": -1.064959584636259}
