{"FTSE100": 0.5439878535544713, "DJIA": -0.105794813765503, "GBPUSD": 0.14149538278224702, "Gold": 0.5051165955664944}
