{"FTSE100": 0.24151197417928363, "DJIA": 0.5190625735796204, "GBPUSD": 0.11180679785331372, "Gold": 0.20059279662285012}
