{"FTSE100": 0.4174524247279919, "DJIA": -0.33782114825468745, "GBPUSD": -0.4954918365689216, "Gold": 0.43784707390003297}
