{"FTSE100": -0.44776644347070016, "DJIA": -0.22419281713781608, "GBPUSD": -0.11005424101877571, "Gold": -0.6376887038001159}
