{"FTSE100": 0.1834247539645138, "DJIA": 0.11376013625401434, "GBPUSD": 0.14136038583070304, "Gold": 0.23988659906226642}
