{"FTSE100": -1.1659198734844525, "DJIA": -0.47714129893647855, "GBPUSD": 0.21416803953872798, "Gold": 0.9666035902418996}
