{"FTSE100": 1.0508559495046033, "DJIA": 1.6529306306701488, "GBPUSD": 0.03093102381688493, "Gold": -0.11688094840540991}
