{"FTSE100": 0.6394262045340465, "DJIA": 0.6085558871527487, "GBPUSD": 0.14590692673936514, "Gold": 0.0}
