{"FTSE100": -0.2602922521869487, "DJIA": -1.017168800958807, "GBPUSD": 0.3465506125080569, "Gold": 0.085255767301908}
