{"FTSE100": -0.2607923756183723, "DJIA": -0.33733635634637527, "GBPUSD": -0.007300335815430497, "Gold": 1.4336113546913594}
