{"FTSE100": 0.1828036269283498, "DJIA": -0.27362807286722257, "GBPUSD": -0.06960981864808825, "Gold": -0.5394562064572119}
