{"FTSE100": -0.46939681495219115, "DJIA": 0.7519351131895838, "GBPUSD": -0.22832731825881128, "Gold": -0.3179837474973421}
