{"FTSE100": -0.09501663696643148, "DJIA": 0.0650584175309907, "GBPUSD": -0.0260950605778246, "Gold": 0.3922751961376015}
