{"FTSE100": -0.41571407258666476, "DJIA": 0.3311223620546374, "GBPUSD": -0.030567018187372456, "Gold": -0.31120861180552706}
