{"FTSE100": 0.25824498427141546, "DJIA": 0.5928974953895598, "GBPUSD": 0.16326840566504128, "Gold": 0.13095757768166125}
