{"FTSE100": -0.2176814731683389, "DJIA": -0.36186561090341207, "GBPUSD": -0.6062992125984283, "Gold": -2.3853211009174244}
