{"FTSE100": 0.05517038231746642, "DJIA": -0.434599829936005, "GBPUSD": -0.053467766575018706, "Gold": -1.0644235369159551}
