{"FTSE100": 0.03612862309658357, "DJIA": 0.11354294353464547, "GBPUSD": 0.1418663303909049, "Gold": 0.7699475258692582}
