{"FTSE100": 0.22882713704343277, "DJIA": -0.13625368641594268, "GBPUSD": 0.05601792573622942, "Gold": 0.0}
