{"FTSE100": 0.03660669638808124, "DJIA": -0.13539847915705555, "GBPUSD": -0.3559510567296934, "Gold": -0.05065214638470305}
