{"FTSE100": 0.0004044363976546105, "DJIA": 0.15149148653075847, "GBPUSD": 0.1131404557944131, "Gold": 0.0}
