{"FTSE100": 1.0439684098535111, "DJIA": -0.3756687185095184, "GBPUSD": -1.3744579890370732, "Gold": -2.7292177633982244}
