{"FTSE100": 0.9609057944912789, "DJIA": 1.7280739674248953, "GBPUSD": -0.42757482559446525, "Gold": -3.804987061867798}
