{"FTSE100": -0.6306387453928376, "DJIA": -0.1681898295137389, "GBPUSD": -0.08621365310760082, "Gold": 0.039127032431946616}
