{"FTSE100": 0.6063365986397287, "DJIA": 0.3817162424390318, "GBPUSD": 0.14953271028037396, "Gold": 1.3436052643646408}
