{"FTSE100": -0.980375476394172, "DJIA": -0.3934852387720151, "GBPUSD": 0.08641005498820728, "Gold": -0.043333188889370364}
