{"FTSE100": -1.1393919583954852, "DJIA": -2.5846549704372133, "GBPUSD": 0.30619954666561666, "Gold": -0.9937417030153544}
