{"FTSE100": -0.19623308439162046, "DJIA": -0.2343375431877598, "GBPUSD": -0.08843865573242313, "Gold": 0.14033680834001375}
