{"FTSE100": 0.29392886726255385, "DJIA": -0.3508322464107712, "GBPUSD": -0.6210261718172382, "Gold": 0.0}
