{"FTSE100": -0.31985001334516205, "DJIA": -0.20163508038452232, "GBPUSD": -0.007405761682588238, "Gold": 0.051817946282054494}
