{"FTSE100": 0.8321385330073924, "DJIA": 0.25122059726733825, "GBPUSD": -0.26001462582269197, "Gold": 0.13786422237125784}
