{"FTSE100": -0.8237363638664627, "DJIA": -0.1748216191647793, "GBPUSD": -0.3402207285702425, "Gold": 0.03757582264211957}
