{"FTSE100": 0.38117493129074337, "DJIA": 0.5919605188937349, "GBPUSD": -0.09317580410718745, "Gold": -0.3370281605751947}
