{"FTSE100": -0.04150565158296923, "DJIA": -0.3327706015378818, "GBPUSD": -0.24474972366965742, "Gold": 0.3115022194533136}
