{"FTSE100": -0.1019652968537923, "DJIA": 0.06113331068037085, "GBPUSD": 0.25848411573418684, "Gold": -0.8251900108577535}
