{"FTSE100": -1.5230145607765782, "DJIA": -0.5448330101774578, "GBPUSD": -0.4802604802604815, "Gold": 0.08024877119068657}
