{"FTSE100": -0.27329828451647964, "DJIA": 1.02572767302188, "GBPUSD": 0.019127041811719786, "Gold": 0.06523407521106189}
