{"FTSE100": -0.25551119511628323, "DJIA": 1.176177736463645, "GBPUSD": 0.5318936212757484, "Gold": 1.4080703649409767}
