{"FTSE100": -1.007148419102206, "DJIA": -1.192592695962823, "GBPUSD": 0.41067761806982467, "Gold": 3.5524256651017168}
