{"FTSE100": -4.381140611149868, "DJIA": -0.9115523324370807, "GBPUSD": -1.3653995345228904, "Gold": -1.4608233731739708}
