{"FTSE100": 0.39868227819136864, "DJIA": 0.14570875935731448, "GBPUSD": 0.22476961114858124, "Gold": 0.37312012183514875}
