{"FTSE100": -0.4860160961160257, "DJIA": -0.9940569573174595, "GBPUSD": 0.34929752386867735, "Gold": 0.03771514777480316}
