{"FTSE100": -0.06320216499927281, "DJIA": -0.26359822250028636, "GBPUSD": 0.18873859704309198, "Gold": -0.42596944770858036}
