{"FTSE100": 0.4781426639131293, "DJIA": 0.4039825866858529, "GBPUSD": 0.3122748018256077, "Gold": 0.2740899357601752}
