{"FTSE100": 0.682046993711801, "DJIA": -0.507374573065161, "GBPUSD": -0.7305577376276579, "Gold": 0.0}
