{"FTSE100": 0.09005450454518271, "DJIA": 0.11925550742015464, "GBPUSD": 0.1131404557944131, "Gold": 0.0}
