{"FTSE100": 0.14187942873840642, "DJIA": 0.6956153757010258, "GBPUSD": -0.13833272661083296, "Gold": 1.657357940747933}
