{"FTSE100": -0.05506655843954414, "DJIA": -0.33999338764675147, "GBPUSD": -0.1124678663239129, "Gold": -0.1374747604932024}
