{"FTSE100": 0.11687617697738029, "DJIA": -0.2628758738385836, "GBPUSD": 0.5693736889421674, "Gold": 2.356767575681768}
