{"FTSE100": 0.0968556922645928, "DJIA": -0.3470569860364145, "GBPUSD": -0.39937353171494777, "Gold": -0.16681494661921706}
