{"FTSE100": 0.31885286209025326, "DJIA": -1.037809090216601, "GBPUSD": 0.18893174840590252, "Gold": -0.1640496836184673}
