{"FTSE100": -0.7072780094449239, "DJIA": -0.788461904734932, "GBPUSD": -0.18025078369905712, "Gold": 0.1910665760869565}
