{"FTSE100": 0.2945603388976375, "DJIA": 1.3908810231385735, "GBPUSD": 0.2703347380138403, "Gold": 0.937676254935135}
