{"FTSE100": 0.2778333293788143, "DJIA": 0.5998892359054808, "GBPUSD": 0.19905632556767358, "Gold": -0.8772441128468147}
