{"FTSE100": 1.2059202462169285, "DJIA": -0.28001073244478997, "GBPUSD": -0.07639419404123553, "Gold": 0.3921568627451076}
