{"FTSE100": -0.09280742459395032, "DJIA": 0.625096404177658, "GBPUSD": 0.2222222222222142, "Gold": 0.9106095176010393}
