{"FTSE100": 0.2778333293788143, "DJIA": 0.7519351131895838, "GBPUSD": -0.07365397363186933, "Gold": -0.3179837474973421}
