{"FTSE100": 0.23209209841504538, "DJIA": 0.39675532489486937, "GBPUSD": 0.6415995225305835, "Gold": 0.011758135159766335}
