{"FTSE100": -0.26149403860444137, "DJIA": -0.11591766365673725, "GBPUSD": -0.22192280256795702, "Gold": 0.12337758476040071}
