{"FTSE100": -0.24235898653036672, "DJIA": 0.4838642504311921, "GBPUSD": -0.9093641966030362, "Gold": -3.347131627362424}
