{"FTSE100": 0.771447256661364, "DJIA": 0.0, "GBPUSD": -0.17729067612216776, "Gold": 1.1927597391273956}
