{"FTSE100": 0.12004895156878805, "DJIA": 0.2827195859853518, "GBPUSD": 0.24458938630300034, "Gold": 0.0}
