{"FTSE100": -0.7554321087280778, "DJIA": -0.21879580965099174, "GBPUSD": -0.19711424741779915, "Gold": -0.05406999606763218}
