{"FTSE100": -0.02742852664730076, "DJIA": 0.07114120694910918, "GBPUSD": 0.8851618914512056, "Gold": 1.1808367071524966}
