{"FTSE100": 0.16871579445973245, "DJIA": 0.14637127657105953, "GBPUSD": -0.07077140835101839, "Gold": 0.3733264675592095}
