{"FTSE100": -0.1594108887879181, "DJIA": -0.9521291484906536, "GBPUSD": -0.6096595407759334, "Gold": -0.7514365699130668}
