{"FTSE100": 0.25395517150343966, "DJIA": -0.32053017710242454, "GBPUSD": -0.30652577236428374, "Gold": -0.38353892401783407}
