{"FTSE100": -0.8108332926222325, "DJIA": -1.352230485666809, "GBPUSD": -0.00794344268806013, "Gold": -1.3180061440887874}
