{"FTSE100": 0.9651381216937495, "DJIA": 0.05357574185555428, "GBPUSD": -0.007845598619173779, "Gold": -0.2858479289018242}
