{"FTSE100": 0.0033058303447966587, "DJIA": -0.47655468751294316, "GBPUSD": 0.6389776357827431, "Gold": 2.6026939098178694}
