{"FTSE100": -0.5849979616795635, "DJIA": -0.7654102166605894, "GBPUSD": 0.16721786630003235, "Gold": -0.017784101013691062}
