{"FTSE100": -0.32706885523007656, "DJIA": 0.4838642504311921, "GBPUSD": -0.6763865925146473, "Gold": -3.4746613146011}
