{"FTSE100": -0.46990344432567227, "DJIA": -0.006318004675324216, "GBPUSD": 0.047808764940233776, "Gold": 1.456599286563603}
