{"FTSE100": 0.0007250229590542158, "DJIA": -1.328883554801312, "GBPUSD": 0.1548162972472988, "Gold": -0.3456983105873865}
