{"FTSE100": 4.587550198711373, "DJIA": 7.870403943728889, "GBPUSD": 0.394054075143381, "Gold": 1.5311630950433561}
