{"FTSE100": 1.0923464854115446, "DJIA": 1.2000869491721617, "GBPUSD": 0.01912265269438815, "Gold": 1.8159386266530795e-14}
