{"FTSE100": -0.2176814731683389, "DJIA": -0.11328302823798174, "GBPUSD": -0.09499683343889248, "Gold": 0.6175584210266291}
