{"FTSE100": 0.18818697286335725, "DJIA": -0.32585965313005105, "GBPUSD": 0.298194713088333, "Gold": 1.0324559161768487}
