{"FTSE100": 0.5853919658390317, "DJIA": 1.7620722613699078, "GBPUSD": 0.14120969639913716, "Gold": -0.05367021715796308}
