{"FTSE100": -0.022915846429711353, "DJIA": 0.17266205352600647, "GBPUSD": 0.007807620237350795, "Gold": -0.19677621938454337}
