{"FTSE100": 0.17123934311806185, "DJIA": 0.33703171538278354, "GBPUSD": 0.6284861340246686, "Gold": 0.39994419383341434}
