{"FTSE100": -1.6756003827225099, "DJIA": 0.2345917638122361, "GBPUSD": 0.008140008140007243, "Gold": -0.2909017955662645}
