{"FTSE100": 0.7580561594370081, "DJIA": -1.249963555503992, "GBPUSD": -1.3523604081971277, "Gold": -0.1673143350604564}
