{"FTSE100": 0.2557084359926424, "DJIA": 0.3526533589512941, "GBPUSD": -0.09966409508692646, "Gold": -0.23088975014430857}
