{"FTSE100": -0.28512764984843325, "DJIA": 1.5743560346611192, "GBPUSD": -0.16817490189797313, "Gold": -0.4171063872556387}
