{"FTSE100": 1.1236614992676441, "DJIA": 1.0223330286687726, "GBPUSD": -1.058119920257632, "Gold": -0.638616209904025}
