{"FTSE100": -0.06031941449955367, "DJIA": -0.6526720275650322, "GBPUSD": -0.030376670716886083, "Gold": -0.1736960563656024}
