{"FTSE100": -0.13382989995125194, "DJIA": -0.08971080232585285, "GBPUSD": -0.11754564689288119, "Gold": -0.18599845001291185}
