{"FTSE100": -0.08171332177153477, "DJIA": 0.500786870169679, "GBPUSD": -0.13542579463076831, "Gold": 0.05601955591769754}
