{"FTSE100": 0.9436794479140197, "DJIA": 0.0, "GBPUSD": -0.48480930833872055, "Gold": 0.9388940761489734}
