{"FTSE100": -0.2644421687577735, "DJIA": 1.5743560346611192, "GBPUSD": -0.2963081604869093, "Gold": -0.4171063872556387}
