{"FTSE100": 0.08845393577015513, "DJIA": 0.3659551366303859, "GBPUSD": 0.5925214188485748, "Gold": 0.4453961456102823}
