{"FTSE100": -0.07738089551668564, "DJIA": 0.3762949087976161, "GBPUSD": -0.0987491770901983, "Gold": 0.0}
