{"FTSE100": -0.1526867009763957, "DJIA": 0.5516625720786568, "GBPUSD": -0.07984487281852366, "Gold": -0.9801976268899487}
