{"FTSE100": -0.2609671414235045, "DJIA": 0.10740883121825397, "GBPUSD": 0.1838370468416756, "Gold": 0.35033403943295016}
