{"FTSE100": 0.5238081493858082, "DJIA": 1.1779450412107537, "GBPUSD": -0.1415375446960677, "Gold": 0.46582418596070047}
