{"FTSE100": 0.6898354911194534, "DJIA": -0.13114792119699958, "GBPUSD": 0.1971339752824443, "Gold": -0.7330968504783286}
