{"FTSE100": 0.02269153028795254, "DJIA": -1.140945596890982, "GBPUSD": -0.14806284445175816, "Gold": 0.0}
