{"FTSE100": 0.359561033465765, "DJIA": -0.19923501477549774, "GBPUSD": -0.15813630578160878, "Gold": 0.13269368173929555}
