{"FTSE100": 0.18930351491971698, "DJIA": 0.0, "GBPUSD": -0.4922133462438468, "Gold": -0.5917774086378784}
