{"FTSE100": -0.011888916170219204, "DJIA": 0.2078200474754232, "GBPUSD": 0.1257861635220162, "Gold": -0.09275147242962481}
