{"FTSE100": 0.07054820659739952, "DJIA": 0.056143739567236235, "GBPUSD": 0.048103904433571223, "Gold": 0.0}
