{"FTSE100": 0.42408360009622054, "DJIA": 0.3236031801521123, "GBPUSD": -0.13688702794106086, "Gold": 0.06021962451293917}
