{"FTSE100": -0.733783215803488, "DJIA": -0.26269452735068005, "GBPUSD": 1.113134992916426, "Gold": 0.6695378379356519}
