{"FTSE100": 0.49785611587956313, "DJIA": 0.24872309825514827, "GBPUSD": -0.19885459751829038, "Gold": 0.74870609517109}
