{"FTSE100": 0.1720367932133378, "DJIA": 0.19242477812129544, "GBPUSD": 0.13248129675810744, "Gold": -0.10712646023568516}
