{"FTSE100": -0.23420327564672108, "DJIA": -0.01416725966909566, "GBPUSD": -0.21967676133688324, "Gold": 0.313692685732211}
