{"FTSE100": 0.16239353594511027, "DJIA": 0.3762949087976161, "GBPUSD": -0.08229098090848336, "Gold": 0.0}
