{"FTSE100": -0.3422605654627961, "DJIA": -0.5144443844719049, "GBPUSD": -0.28737926079668297, "Gold": 0.0}
