{"FTSE100": 0.19041875101836161, "DJIA": 0.7753884489259107, "GBPUSD": 0.7648953301127266, "Gold": -0.26843100189035574}
