{"FTSE100": 1.1981518924007806, "DJIA": 0.5017275560169973, "GBPUSD": 0.10129343930184329, "Gold": 0.5488565488565602}
