{"FTSE100": -0.23118489592012303, "DJIA": -0.21835283908797154, "GBPUSD": 0.031645569620249676, "Gold": -0.5487613671997491}
