{"FTSE100": 0.19335672711019178, "DJIA": -0.27808507107693137, "GBPUSD": -0.13798541297063988, "Gold": 0.4339385634349524}
