{"FTSE100": -0.47868872072503477, "DJIA": -0.7569569305417303, "GBPUSD": -0.5594727161250661, "Gold": 0.33165051405829676}
