{"FTSE100": -0.46885937621527934, "DJIA": 0.17796855021226818, "GBPUSD": -0.0549882168106948, "Gold": -0.33366555444816365}
