{"FTSE100": 0.3874424270969596, "DJIA": -0.0025957097828106066, "GBPUSD": -0.40590405904057847, "Gold": -0.18606884547283312}
