{"FTSE100": -0.4944472468216976, "DJIA": 0.09301993314552731, "GBPUSD": 0.09910802775023685, "Gold": -0.18648253616249408}
