{"FTSE100": 0.4991476695147214, "DJIA": -0.7389898504917741, "GBPUSD": -0.21758401160449242, "Gold": 0.8691099476439862}
