{"FTSE100": 1.3735047116512433, "DJIA": -0.6299466773261664, "GBPUSD": -0.5230386052303837, "Gold": 0.9616969830191789}
