{"FTSE100": -0.37772466710992897, "DJIA": 1.3863842059128055, "GBPUSD": 0.3657302933623785, "Gold": -0.06930006930006188}
