{"FTSE100": 0.34822440033493396, "DJIA": 0.41442938284664826, "GBPUSD": 0.03153579312521113, "Gold": 0.7318123116659492}
