{"FTSE100": 0.68780946838933, "DJIA": 0.2333292902240386, "GBPUSD": 0.039525691699600386, "Gold": 1.9822818266359943}
