{"FTSE100": -0.31046825918619547, "DJIA": 0.6287188262150586, "GBPUSD": 0.28394612304332106, "Gold": 1.657357940747933}
