{"FTSE100": 0.6281380504622172, "DJIA": 0.1525168228928394, "GBPUSD": -0.14990138067061243, "Gold": 0.14348622037503653}
