{"FTSE100": 0.9331461133680483, "DJIA": 1.200804218695769, "GBPUSD": -0.19550342130986947, "Gold": 0.0}
