{"FTSE100": -0.3941778188568549, "DJIA": 0.2620410440469476, "GBPUSD": -0.15595501928917446, "Gold": -0.01601965077161075}
