{"FTSE100": 1.6213580551808802, "DJIA": 0.7859128530210835, "GBPUSD": -0.21016894349688267, "Gold": -2.789359573048703}
