{"FTSE100": -0.04155618685045135, "DJIA": -1.6946282708172697, "GBPUSD": -0.31969057110154214, "Gold": -0.30612244897959184}
