{"FTSE100": 0.06609853402894124, "DJIA": 0.12162051830827923, "GBPUSD": -0.323829081431166, "Gold": 0.49680275454993295}
