{"FTSE100": -0.26162125861109337, "DJIA": -0.4267107831152267, "GBPUSD": -0.13335425164731995, "Gold": -0.2629408125386748}
