{"FTSE100": -0.41791367295122134, "DJIA": 0.1572909870091696, "GBPUSD": -0.12580478058164826, "Gold": -0.08450375896031502}
