{"FTSE100": 0.23099078050966967, "DJIA": 1.0462668361610967, "GBPUSD": 0.44384892387571057, "Gold": 0.20725388601037262}
