{"FTSE100": 0.3131765446033916, "DJIA": -0.7519028174464846, "GBPUSD": -0.8956669087388129, "Gold": -0.11377777777777132}
