{"FTSE100": 1.5028568495287322, "DJIA": 0.09001081161382281, "GBPUSD": 0.1507936507936518, "Gold": 0.2697167973627623}
