{"FTSE100": -0.20862602278004536, "DJIA": -0.12173146939566765, "GBPUSD": -0.007776654483240453, "Gold": 0.30280090840271756}
