{"FTSE100": -0.7439395000012218, "DJIA": -0.13610122023980692, "GBPUSD": 0.08094045095394067, "Gold": -0.09843596193808808}
