{"FTSE100": -0.28887995026876623, "DJIA": -0.5666197307981464, "GBPUSD": -0.43175024908668985, "Gold": -0.4530567685589495}
