{"FTSE100": 0.19390035922455087, "DJIA": 0.5972858282788233, "GBPUSD": -0.17113963438350677, "Gold": 0.06109046479661039}
