{"FTSE100": -0.13579125933819475, "DJIA": -0.5169346533361571, "GBPUSD": 0.05500117859667815, "Gold": -0.12657560255261277}
