{"FTSE100": 0.19734903892047434, "DJIA": 0.14567518086195566, "GBPUSD": 0.6980102695763922, "Gold": 0.4319118304125412}
