{"FTSE100": 0.22742732288496695, "DJIA": -0.3698159508653571, "GBPUSD": 0.08740564163687731, "Gold": 0.4230822582882444}
