{"FTSE100": 0.4785843455160138, "DJIA": -0.9061145703222908, "GBPUSD": 0.42532702030335306, "Gold": -0.19789201978919807}
