{"FTSE100": -0.03884043972992919, "DJIA": 0.7590352114147928, "GBPUSD": 0.07413447994663147, "Gold": 0.0}
