{"FTSE100": 0.19390035922455087, "DJIA": 0.5210389894994409, "GBPUSD": -0.10910224438903271, "Gold": 0.0}
