{"FTSE100": -0.733783215803488, "DJIA": -0.13701313607270824, "GBPUSD": 1.1050394656952165, "Gold": 0.6695378379356519}
