{"FTSE100": -0.022819142000253763, "DJIA": 0.8120616239471145, "GBPUSD": 0.07624275693808248, "Gold": 0.09448937939375614}
