{"FTSE100": -0.5371901767036885, "DJIA": -0.0032250019349976847, "GBPUSD": 0.12672381662318558, "Gold": -0.06985997630836138}
