{"FTSE100": -0.4594136995247144, "DJIA": -0.34625990565577286, "GBPUSD": 0.2974769547174049, "Gold": 0.3707722915536318}
