{"FTSE100": 0.07341913389572946, "DJIA": 0.42169345508682693, "GBPUSD": -0.37685483237810435, "Gold": -0.7715468573579225}
