{"FTSE100": 0.07884631665135373, "DJIA": 0.10662853870690761, "GBPUSD": 0.08045052292839017, "Gold": 0.22733013387218995}
