{"FTSE100": -0.2672842732830181, "DJIA": -0.31301195247437186, "GBPUSD": -0.6522593320235737, "Gold": -0.3859871989055486}
