{"FTSE100": 0.35729279251114304, "DJIA": 0.7838949668673242, "GBPUSD": 0.09965122072744292, "Gold": 0.2564513543837129}
