{"FTSE100": 0.49328490581976064, "DJIA": 0.421693455086827, "GBPUSD": -0.47891968281384895, "Gold": -0.5005645464809834}
