{"FTSE100": -2.7456120577619294, "DJIA": -0.8250931708515912, "GBPUSD": -0.1459963313742295, "Gold": 0.4327054861573296}
