{"FTSE100": 0.05772002512120733, "DJIA": 0.24580372744246395, "GBPUSD": -0.05926803970959652, "Gold": 0.22885362401758286}
