{"FTSE100": 0.20394817773921825, "DJIA": 0.825796465777775, "GBPUSD": -0.04716981132074952, "Gold": 0.0}
