{"FTSE100": -0.01630967859666589, "DJIA": 0.3769688105201904, "GBPUSD": 0.020211002869969158, "Gold": -0.10980338331674219}
