{"FTSE100": -0.1288349902875381, "DJIA": -0.862774881793168, "GBPUSD": 0.05099039027260556, "Gold": 0.45384615384616084}
