{"FTSE100": 0.5863325133476636, "DJIA": -0.8276983700444891, "GBPUSD": 0.26756905642558015, "Gold": -0.09396890483513892}
