{"FTSE100": -0.11116147553367517, "DJIA": 0.21513463694075757, "GBPUSD": -0.1223990208078283, "Gold": 0.16525998937614084}
