{"FTSE100": 0.10484100702434361, "DJIA": 0.5970793343171004, "GBPUSD": -0.11625726607912547, "Gold": 0.3212773207418541}
