{"FTSE100": -0.04625031892391356, "DJIA": 0.1375768309590416, "GBPUSD": -0.01868250943465691, "Gold": 0.0}
