{"FTSE100": 1.6213580551808802, "DJIA": 0.6675547037887289, "GBPUSD": -0.008097821685965583, "Gold": -0.2015264557070694}
