{"FTSE100": 0.048615164133151686, "DJIA": -0.3256629419526956, "GBPUSD": 0.008036647110824479, "Gold": 0.0}
