{"FTSE100": -0.1856530328428965, "DJIA": -1.178133657293691, "GBPUSD": -0.30032229709932556, "Gold": 0.05102653379756927}
