{"FTSE100": 0.7058962374329087, "DJIA": 0.7760730376042843, "GBPUSD": 0.08339651250948453, "Gold": 0.3494757863205135}
