{"FTSE100": -1.011235686509755, "DJIA": -1.506361343091395, "GBPUSD": -0.9567517112632216, "Gold": 0.41211621677313004}
