{"FTSE100": 0.16912361683622054, "DJIA": -0.22434998507272352, "GBPUSD": -0.09018546837626823, "Gold": -0.49381812861218816}
