{"FTSE100": 0.1068594967415629, "DJIA": -0.1045580090866439, "GBPUSD": -0.03723562704795539, "Gold": -0.63485501683104}
