{"FTSE100": -0.08050136354100348, "DJIA": 1.0031848348753987, "GBPUSD": -0.056675572828104835, "Gold": -0.10286478424111505}
