{"FTSE100": -1.1362555552225937, "DJIA": -0.9782146707198871, "GBPUSD": -0.303826572507804, "Gold": 1.3470640245488164}
