{"FTSE100": 0.2841632911984733, "DJIA": -0.6683535979045157, "GBPUSD": -0.02345032439615156, "Gold": 0.1387675386750293}
