{"FTSE100": 0.5031439899899145, "DJIA": 0.0023053111151395194, "GBPUSD": -0.26035502958580514, "Gold": 0.5788926822027631}
