{"FTSE100": -0.019291926388704316, "DJIA": -0.61669555520539, "GBPUSD": -0.6109057998340747, "Gold": 1.8023358205638465e-14}
