{"FTSE100": -0.28522192289924014, "DJIA": -0.1529712740595642, "GBPUSD": -0.0552094013723419, "Gold": -0.6769351515746077}
