{"FTSE100": -0.2681900609221918, "DJIA": 1.3929247817014339, "GBPUSD": 0.1283388144701872, "Gold": -0.2667471941214935}
