{"FTSE100": -0.10955751827008553, "DJIA": 0.15596681132672385, "GBPUSD": 0.1744164470998682, "Gold": 0.6828735318219066}
