{"FTSE100": 0.20744455367852604, "DJIA": 0.020301566271700242, "GBPUSD": -0.03232062055591111, "Gold": 1.54061624649859}
