{"FTSE100": -0.3151204258007856, "DJIA": -1.2890422287925116, "GBPUSD": -0.14078674948240455, "Gold": -0.42749095692206257}
