{"FTSE100": -0.3508176968323576, "DJIA": 0.3104411713980244, "GBPUSD": -0.36369514264931285, "Gold": 0.5033469980800189}
