{"FTSE100": -0.4294047711935159, "DJIA": -0.18884705514233294, "GBPUSD": -0.03932981986942066, "Gold": 0.0}
