{"FTSE100": 0.8267468958459228, "DJIA": 0.691345975644746, "GBPUSD": 0.26687294527170397, "Gold": -0.12415102607171878}
