{"FTSE100": -0.05964934980914372, "DJIA": -0.3743057045706011, "GBPUSD": 0.0, "Gold": 0.4722843649018146}
