{"FTSE100": 0.3532384644994754, "DJIA": 1.0382648478631822, "GBPUSD": -0.14000155557284155, "Gold": 0.05270199051363064}
