{"FTSE100": 0.6882637846356571, "DJIA": 1.1541387126260585, "GBPUSD": 0.09000163639339723, "Gold": 0.37772948359722414}
