{"FTSE100": 0.4434679191275753, "DJIA": 0.3210048063824715, "GBPUSD": 0.1422812425895205, "Gold": 0.0392259414225981}
