{"FTSE100": -0.48504446240906735, "DJIA": 0.32326945025937354, "GBPUSD": 0.6469240969180609, "Gold": 0.5362667583362105}
