{"FTSE100": 0.11336011990982277, "DJIA": -0.05259540849812567, "GBPUSD": -0.13669782391841778, "Gold": 0.0}
