{"FTSE100": 0.3615044462680943, "DJIA": -0.03501054069787545, "GBPUSD": -0.11804517195245415, "Gold": -0.8834469931804162}
