{"FTSE100": 0.14021972597000457, "DJIA": 1.2814261645587044, "GBPUSD": 0.642978003384099, "Gold": 0.8912401105709568}
