{"FTSE100": 0.6988855516734854, "DJIA": -1.7904281640139363, "GBPUSD": 0.9064164745169815, "Gold": 1.8048505358149962}
