{"FTSE100": -0.1009375213850515, "DJIA": -0.2589137361225125, "GBPUSD": 0.31933384534541576, "Gold": -0.487252513468065}
