{"FTSE100": -0.02595388055780833, "DJIA": -0.19576191043155447, "GBPUSD": -0.30814924819007805, "Gold": -1.0892199263174838}
