{"FTSE100": 0.1068594967415629, "DJIA": -0.1045580090866439, "GBPUSD": -0.1303878106023856, "Gold": -0.7286565579090157}
