{"FTSE100": 0.2349550291442055, "DJIA": 1.094252202666376, "GBPUSD": 0.08116883116884026, "Gold": 0.025913449080072558}
