{"FTSE100": 0.7893926494828651, "DJIA": 1.0780238844902355, "GBPUSD": 0.19493177387915547, "Gold": 0.24186275313602076}
