{"FTSE100": 0.8715684704950288, "DJIA": 0.2814619168594378, "GBPUSD": -0.26270421147687956, "Gold": -0.04956220056170994}
