{"FTSE100": -0.8615028991371605, "DJIA": -1.0586608038636016, "GBPUSD": -0.1259148500826352, "Gold": -0.2776354006492397}
