{"FTSE100": -0.2183440756014765, "DJIA": 0.17266205352600647, "GBPUSD": 0.07810059356451983, "Gold": 0.3609035326086956}
