{"FTSE100": 0.6404375810397994, "DJIA": -0.20538486996559221, "GBPUSD": -0.3824091778202786, "Gold": 0.8748704961436523}
