{"FTSE100": -1.239597826372306, "DJIA": 0.29920841251814084, "GBPUSD": -0.04726642508271103, "Gold": 0.0}
