{"FTSE100": 0.5024583468195606, "DJIA": -0.11367148199528888, "GBPUSD": 0.05608524957937224, "Gold": 0.3282112486946098}
