{"FTSE100": -0.1713083844897724, "DJIA": 0.526500436470395, "GBPUSD": 0.19149445463974768, "Gold": 0.09541026413578843}
