{"FTSE100": -0.19298048578428895, "DJIA": 0.8120616239471143, "GBPUSD": -0.03049710277523299, "Gold": 0.09448937939375614}
