{"FTSE100": -0.026443331806380903, "DJIA": -0.3090379116152495, "GBPUSD": -0.34629308987879426, "Gold": 0.13367660164371808}
