{"FTSE100": -0.21567293799379714, "DJIA": 0.7173818611272302, "GBPUSD": 0.03714986254550449, "Gold": -1.3024887621971195}
