{"FTSE100": -0.27148247107133294, "DJIA": -1.719878054908802, "GBPUSD": -0.016910459118963217, "Gold": -0.07166877997684296}
