{"FTSE100": -0.529232281538091, "DJIA": -0.20163508038452232, "GBPUSD": -1.2883458230277949, "Gold": 0.9269654834902212}
