{"FTSE100": -0.17794979292871296, "DJIA": -0.816979205949841, "GBPUSD": -0.3199343724364245, "Gold": 0.03853352416602694}
