{"FTSE100": 0.5287310332469698, "DJIA": -0.31033208775128, "GBPUSD": -0.007849293563578413, "Gold": 0.2600216684723727}
