{"FTSE100": 0.08686227945746888, "DJIA": -0.18884705514233294, "GBPUSD": -0.07079367576497465, "Gold": 0.005175983436860063}
