{"FTSE100": 0.07818967340402241, "DJIA": -0.30817887794355414, "GBPUSD": 0.019716865807017904, "Gold": -0.007576044547135046}
