{"FTSE100": 0.5238081493858082, "DJIA": 1.0570979686130988, "GBPUSD": -0.08194278903455593, "Gold": 3.6397050048927175}
