{"FTSE100": 0.18845250092719298, "DJIA": -0.8241023352035658, "GBPUSD": -0.1655498620417809, "Gold": -0.9470806483108812}
