{"FTSE100": -0.41791367295122134, "DJIA": 0.04165456862611233, "GBPUSD": 0.16669753658085462, "Gold": 0.5519509115997688}
