{"FTSE100": -0.6297667567894708, "DJIA": -1.6669105810039548, "GBPUSD": 0.5742273264651171, "Gold": 0.8440447950570946}
