{"FTSE100": -1.749979067236031, "DJIA": -0.7732145109847156, "GBPUSD": -0.35455278001611273, "Gold": -0.16223889677550424}
