{"FTSE100": -0.900266260730389, "DJIA": -1.127934616261267, "GBPUSD": 0.37994548608242645, "Gold": 1.4226159458051164}
