{"FTSE100": 0.4676484494950305, "DJIA": 0.7621843434881341, "GBPUSD": 0.511287658302521, "Gold": 0.4865424430641869}
