{"FTSE100": 0.7424378029869353, "DJIA": 0.4322749834951116, "GBPUSD": 0.0, "Gold": 0.721948243428748}
