{"FTSE100": 0.21998150243619818, "DJIA": 0.3023118509650154, "GBPUSD": 0.4523059526694168, "Gold": 0.6435071137700444}
