{"FTSE100": 1.014254569847397, "DJIA": 0.8194790170702327, "GBPUSD": 0.023622047244091886, "Gold": 1.757141454795314}
