{"FTSE100": -0.03696645761900748, "DJIA": 0.38595542024100304, "GBPUSD": -0.2387600663671876, "Gold": 0.16333938294010888}
