{"FTSE100": 0.5528400433519614, "DJIA": 0.7735517288974445, "GBPUSD": 0.10632447296058305, "Gold": -0.7676224611708429}
