{"FTSE100": -0.23114738351132716, "DJIA": 0.5308872093419023, "GBPUSD": -0.2376659564005821, "Gold": 0.1945015896764643}
