{"FTSE100": -1.3116657974541797, "DJIA": -1.513607747799949, "GBPUSD": -0.1328332551961271, "Gold": 0.22261615203857177}
