{"FTSE100": 0.03864532404167928, "DJIA": 1.1738124087788122, "GBPUSD": -0.07475083056477583, "Gold": 0.963894788433265}
