{"FTSE100": 0.43525918401983205, "DJIA": -0.10313620729345407, "GBPUSD": 0.04161118508656516, "Gold": 0.300075018754696}
