{"FTSE100": 0.09446826906911297, "DJIA": 0.869606700811641, "GBPUSD": -0.5638176172577142, "Gold": 1.0927767457108513}
