{"FTSE100": -0.32283466626900165, "DJIA": -0.5139200357818361, "GBPUSD": -0.04928941099153322, "Gold": 0.43866688065050113}
