{"FTSE100": -0.28487651980485784, "DJIA": 0.19651595316745127, "GBPUSD": -0.08812690273993581, "Gold": 0.3368357548640111}
