{"FTSE100": 1.097889749634008, "DJIA": 1.06403197348351, "GBPUSD": -0.5480975454762019, "Gold": 0.7447326073125868}
