{"FTSE100": 0.1136540229309846, "DJIA": 0.41680737591678546, "GBPUSD": 0.6263392121312058, "Gold": -0.5768306361160167}
