{"FTSE100": -0.32385712433098557, "DJIA": 1.4021754649332039, "GBPUSD": -0.353489771359802, "Gold": -2.259419175489445}
