{"FTSE100": 0.7440360222801333, "DJIA": 1.0031848348753987, "GBPUSD": 0.12152637122255991, "Gold": -0.03600267448439261}
