{"FTSE100": 0.28501265248718705, "DJIA": 0.09381604038431346, "GBPUSD": -0.6632499246306843, "Gold": -0.26821804994145904}
