{"FTSE100": 0.7335063236826603, "DJIA": -0.38635146943803095, "GBPUSD": 1.0018287349924422, "Gold": 1.8330513254371121}
