{"FTSE100": 0.21230147770474592, "DJIA": 0.02419950087924013, "GBPUSD": -0.14329889131910495, "Gold": 1.8023358205638465e-14}
