{"FTSE100": -0.6551542749182507, "DJIA": 0.13269863684619773, "GBPUSD": -0.13277100905965422, "Gold": 0.2165421195652135}
