{"FTSE100": 0.49007487516327214, "DJIA": 0.26541467383443684, "GBPUSD": -0.07215585665037463, "Gold": 0.2607561929595828}
