{"FTSE100": 0.42294439398127454, "DJIA": -0.16668579807898662, "GBPUSD": -0.402214169089226, "Gold": 0.30152671755725535}
