{"FTSE100": 0.6986492780624037, "DJIA": 0.5228724792609903, "GBPUSD": -0.10641781270463792, "Gold": 0.8141923436041151}
