{"FTSE100": 1.8762164970571442, "DJIA": 0.773711769018796, "GBPUSD": -0.9934292866082551, "Gold": 2.0946290374901437}
