{"FTSE100": -0.8771126103936367, "DJIA": -0.2394981196923933, "GBPUSD": 0.3161997205676866, "Gold": 0.0543153549508446}
