{"FTSE100": -1.8961977060855493, "DJIA": -0.42864858195012595, "GBPUSD": 0.8972746331236839, "Gold": 1.5251735636582222}
