{"FTSE100": 0.7562711883851805, "DJIA": -0.13390743213489104, "GBPUSD": -0.16308376575240768, "Gold": -1.040065117120376}
