{"FTSE100": 0.04683969220837027, "DJIA": -0.19700194689063502, "GBPUSD": -0.24581005586591126, "Gold": 0.7720162953276622}
