{"FTSE100": 0.06749726942864336, "DJIA": 0.5235115832869857, "GBPUSD": -0.023853065118865147, "Gold": 0.23023389670869465}
