{"FTSE100": -0.08622465354455179, "DJIA": 0.24079186722181853, "GBPUSD": -0.4528301886792289, "Gold": -1.351060522728903}
