{"FTSE100": 0.1883776163876013, "DJIA": -0.3698159508653571, "GBPUSD": 0.055621771950746524, "Gold": 0.5236509918157826}
