{"FTSE100": -0.5439833731360075, "DJIA": 0.03775784700105216, "GBPUSD": -0.16238787503866306, "Gold": 0.434782608695656}
