{"FTSE100": -0.20594116555690248, "DJIA": 0.39148366026754317, "GBPUSD": 0.7265571785362941, "Gold": 0.838389146323973}
