{"FTSE100": 0.6341917383891189, "DJIA": 1.1541387126260585, "GBPUSD": 0.1227295041728078, "Gold": 0.37772948359722414}
