{"FTSE100": -0.6639208896139811, "DJIA": -0.9814742131348325, "GBPUSD": -0.33512064343163156, "Gold": 0.0}
