{"FTSE100": 0.30425382905513915, "DJIA": 0.8010771143437949, "GBPUSD": 0.6894390473206002, "Gold": 0.26803118908381696}
