{"FTSE100": -0.41219665660017774, "DJIA": 0.2608107834219068, "GBPUSD": -0.5326122582759891, "Gold": -0.6830348901606055}
