{"FTSE100": -0.35761427739140483, "DJIA": 1.1738124087788122, "GBPUSD": -0.12458471760795971, "Gold": 0.33014017427072234}
