{"FTSE100": -0.9575250045940175, "DJIA": 0.150298832457945, "GBPUSD": 0.21301775147928398, "Gold": -0.0731299623903098}
