{"FTSE100": -0.11369085653244648, "DJIA": 0.3784074168957686, "GBPUSD": -0.23245002324499395, "Gold": -1.980690341026817}
