{"FTSE100": 0.04652678222337689, "DJIA": 0.9827448635051533, "GBPUSD": 0.7654500040286893, "Gold": -0.08568980291345558}
