{"FTSE100": -0.7162871200246728, "DJIA": -0.25230411749914206, "GBPUSD": 0.05914126877735507, "Gold": -0.5053933770838082}
