{"FTSE100": -0.019609634298597266, "DJIA": -0.3557943102279252, "GBPUSD": 0.2820432466311538, "Gold": -0.15025990903183145}
