{"FTSE100": -0.8475798233592735, "DJIA": 0.5270381416418123, "GBPUSD": -0.04627487274409486, "Gold": 0.30954641132527133}
