{"FTSE100": 0.5470574207192593, "DJIA": 1.2633361362158366, "GBPUSD": -0.30814142069413114, "Gold": -0.5383443372270141}
