{"FTSE100": 0.23437115868948627, "DJIA": 0.4194794582134666, "GBPUSD": 0.016458196181696673, "Gold": 0.03526093088857775}
