{"FTSE100": -0.4633006331334081, "DJIA": -0.6342547161753078, "GBPUSD": -0.6257822277847315, "Gold": -0.36203775536591676}
