{"FTSE100": -0.3859348198970734, "DJIA": -1.7916514808127648, "GBPUSD": -0.15849028786258335, "Gold": 0.04080205176031974}
