{"FTSE100": 0.35466872694390655, "DJIA": 0.3058802269914348, "GBPUSD": 0.08037293039705128, "Gold": -0.2855284082694843}
