{"FTSE100": -0.1526867009763957, "DJIA": 0.5516625720786568, "GBPUSD": -0.11026196722557707, "Gold": -0.8651136949878855}
