{"FTSE100": 0.2828570335931999, "DJIA": 0.6707738238767136, "GBPUSD": -0.008230452674896213, "Gold": 0.0}
