{"FTSE100": 0.08013371487207023, "DJIA": 0.07468242259152999, "GBPUSD": -0.45349669822579664, "Gold": -0.38732035470389914}
