{"FTSE100": -0.3177595777485519, "DJIA": 0.47323261775398445, "GBPUSD": -0.05942653394740097, "Gold": 1.9374512771128534}
