{"FTSE100": 0.18439520419019653, "DJIA": -0.11445178124749743, "GBPUSD": -0.22089503395239682, "Gold": -0.09914940249439497}
