{"FTSE100": -0.0031866035188040376, "DJIA": 0.0, "GBPUSD": -0.09445843828714325, "Gold": -0.1561605330279527}
