{"FTSE100": 0.9672359284688973, "DJIA": 0.7891359046074093, "GBPUSD": -0.6272469976286823, "Gold": -0.22920267528368185}
