{"FTSE100": 0.17467894246827734, "DJIA": 0.625096404177658, "GBPUSD": -0.04444444444443955, "Gold": 0.9106095176010393}
