{"FTSE100": 0.6380178945937439, "DJIA": -0.3757522336972173, "GBPUSD": -0.11755485893417374, "Gold": 1.4545996127687013}
