{"FTSE100": 0.9624510847843136, "DJIA": 0.15944645647302655, "GBPUSD": 0.007600516835143952, "Gold": 1.7652647897184555}
