{"FTSE100": 0.4352417875222659, "DJIA": 0.03794789956680398, "GBPUSD": -0.40176461320309625, "Gold": -0.3810268184260639}
