{"FTSE100": 0.5194155768214875, "DJIA": -0.48245583865285674, "GBPUSD": 0.03945395723190601, "Gold": 0.0}
