{"FTSE100": -0.06996547385157968, "DJIA": 1.6964902336858947, "GBPUSD": 0.24588148512417948, "Gold": 0.17123287671232187}
