{"FTSE100": -0.47024613482087446, "DJIA": -0.6458966231212456, "GBPUSD": 0.04909581867278913, "Gold": -0.23419203747072137}
