{"FTSE100": -0.2743156509118448, "DJIA": 0.23729090544432, "GBPUSD": 0.0, "Gold": 0.3050946629330767}
