{"FTSE100": -0.8116900403582253, "DJIA": -1.0532557915522849, "GBPUSD": 0.09127115831398115, "Gold": 0.15388843088761647}
