{"FTSE100": 0.49785611587956313, "DJIA": 0.7271295352472734, "GBPUSD": 0.6406662929446629, "Gold": 0.0050253781597019475}
