{"FTSE100": 0.09567370799897991, "DJIA": 0.6223204046828232, "GBPUSD": -0.263179537790926, "Gold": -0.19240506329113694}
