{"FTSE100": 0.5923030636329512, "DJIA": 0.8845815711305681, "GBPUSD": 0.29888664723903485, "Gold": 1.396435039557703}
