{"FTSE100": -0.16157616916897455, "DJIA": 0.32945334552794114, "GBPUSD": 0.22967763103928418, "Gold": -0.3127606338615513}
