{"FTSE100": -0.268416264352169, "DJIA": -0.28734601536742893, "GBPUSD": -0.5354330708661352, "Gold": -0.9222597778850753}
