{"FTSE100": -0.05277958246840145, "DJIA": 0.17266205352600647, "GBPUSD": 0.17957526545908561, "Gold": -0.19677621938454337}
