{"FTSE100": -0.36924503882114024, "DJIA": 0.2199170427937952, "GBPUSD": 0.23213397446525563, "Gold": -0.4898183819482589}
