{"FTSE100": 0.012447143264289017, "DJIA": -0.7389826445825817, "GBPUSD": 0.5679467408884, "Gold": 3.104520883036879}
