{"FTSE100": 0.35514760904408105, "DJIA": 0.9333153946699003, "GBPUSD": -0.43385723641125246, "Gold": 0.11972307532142805}
