{"FTSE100": 0.7763795486419767, "DJIA": 0.7838949668673242, "GBPUSD": 0.5065603720312235, "Gold": 0.36864882192659565}
