{"FTSE100": 0.6146874846081869, "DJIA": -0.0606378799878433, "GBPUSD": 0.5597603279722569, "Gold": 1.6616444253120926}
