{"FTSE100": 2.1365664763980705, "DJIA": 0.4673895392775179, "GBPUSD": 0.7798165137614669, "Gold": -0.40965799764137145}
