{"FTSE100": -0.27231537175414194, "DJIA": 0.047606677820901076, "GBPUSD": -0.488843333596151, "Gold": -0.802900802900799}
