{"FTSE100": -0.14672226839450078, "DJIA": 0.1433342105056426, "GBPUSD": -0.2675840978593317, "Gold": 0.07960832703100744}
