{"FTSE100": 0.6850835175398937, "DJIA": -0.6080214447008778, "GBPUSD": 0.7290199652058585, "Gold": 0.12783636944711255}
