{"FTSE100": -0.4450962483809371, "DJIA": 0.1844860347834945, "GBPUSD": 0.052406977614728074, "Gold": 0.3727810650887682}
