{"FTSE100": 0.760844776069393, "DJIA": -0.11445178124749743, "GBPUSD": -0.09817557064551172, "Gold": 0.03652872723476585}
