{"FTSE100": -0.2173312908342003, "DJIA": -1.0231216312168163, "GBPUSD": 0.4408407462804101, "Gold": 0.0}
