{"FTSE100": 0.26041447399282913, "DJIA": 0.08233753137203556, "GBPUSD": -0.10396673064618177, "Gold": 0.393054595715269}
