{"FTSE100": -0.2793637752535269, "DJIA": -1.3463925276065714, "GBPUSD": 0.04633562437255047, "Gold": 0.5063704671675923}
