{"FTSE100": 0.8208299462164476, "DJIA": 0.7722443186353741, "GBPUSD": 0.015804030027655312, "Gold": 1.1342155009451835}
