{"FTSE100": 0.26433628660484326, "DJIA": 0.5461822940283979, "GBPUSD": 0.6478257348773185, "Gold": -0.7375010719492441}
