{"FTSE100": 0.29767538493502704, "DJIA": -0.31161725858526357, "GBPUSD": 0.2831981999456827, "Gold": 0.15227250157237607}
