{"FTSE100": -0.11399286578546025, "DJIA": -0.3081788779435541, "GBPUSD": 0.04334633723450766, "Gold": 0.8560930338270354}
