{"FTSE100": 0.24843786300464782, "DJIA": 1.6964902336858947, "GBPUSD": -0.09015654454551913, "Gold": 0.0}
