{"FTSE100": 0.4398158459478591, "DJIA": 0.34919893722060835, "GBPUSD": -0.11813814286839858, "Gold": 0.2018213142997852}
