{"FTSE100": 2.0748625503723477, "DJIA": 0.8167618399716775, "GBPUSD": -0.915206508135155, "Gold": 2.0946290374901437}
