{"FTSE100": 0.5273560024013673, "DJIA": -0.43894348097093233, "GBPUSD": 0.37928759894458586, "Gold": -0.10998075336816057}
