{"FTSE100": 0.11783975084572426, "DJIA": 0.0, "GBPUSD": 0.06254886630179138, "Gold": 0.24532493982596656}
