{"FTSE100": -0.10723354496009274, "DJIA": 0.1943430954406277, "GBPUSD": 0.024368450978796762, "Gold": 0.11213156770610364}
