{"FTSE100": 0.6251886634244557, "DJIA": 1.4689919001806955, "GBPUSD": 0.19014419267946284, "Gold": 0.4710269368529468}
