{"FTSE100": 0.5263620037841317, "DJIA": 0.204735797980984, "GBPUSD": -0.12795905310299294, "Gold": 0.393054595715269}
