{"FTSE100": -0.015677099977703442, "DJIA": 0.35061728029623984, "GBPUSD": -0.2799595613966908, "Gold": 0.5593405669105781}
