{"FTSE100": 0.23199071057260928, "DJIA": 0.021498581502639627, "GBPUSD": 0.07910140800507134, "Gold": -0.1890277956781411}
