{"FTSE100": -0.027363304199461903, "DJIA": 0.23634814242700203, "GBPUSD": -0.03939179075080319, "Gold": 0.12254901960784313}
