{"FTSE100": 0.07456324343343057, "DJIA": 0.6223204046828232, "GBPUSD": -0.32075006168270537, "Gold": -0.13164556962024856}
