{"FTSE100": 0.1616615489998225, "DJIA": 0.14872222783215802, "GBPUSD": 0.029788501638380847, "Gold": 0.17273417257713913}
