{"FTSE100": 0.125285317735316, "DJIA": 0.12561002805738813, "GBPUSD": 0.33243628304574807, "Gold": 0.53899025861642}
