{"FTSE100": 0.3471170521587001, "DJIA": 0.6288946278938743, "GBPUSD": -0.141220775145128, "Gold": 0.0}
