{"FTSE100": 1.014254569847397, "DJIA": 0.6040740576936989, "GBPUSD": 0.48328315639359803, "Gold": 1.1971934645012443}
