{"FTSE100": -0.09076139630771357, "DJIA": -0.3946937168268866, "GBPUSD": 0.37947783849422384, "Gold": 0.29192546583851214}
