{"FTSE100": 0.17888491944974091, "DJIA": 1.4299348501031526, "GBPUSD": 0.06455777921239642, "Gold": 0.4879227053140053}
