{"FTSE100": -0.19224446736003717, "DJIA": 0.3250181204907131, "GBPUSD": 0.3880880722318948, "Gold": 0.3765731840253759}
