{"FTSE100": 0.0979608896590308, "DJIA": -0.20163508038452232, "GBPUSD": -0.02584074716673561, "Gold": 0.8492385640671329}
