{"FTSE100": 1.0934655884198952, "DJIA": -0.15830066251674343, "GBPUSD": -0.20423168041826215, "Gold": 0.12379842703175396}
