{"FTSE100": -1.255400288015368, "DJIA": -0.030524602674015223, "GBPUSD": -0.5535205535205648, "Gold": -0.4162905005517194}
