{"FTSE100": -0.16775597887094465, "DJIA": 0.08337352620218463, "GBPUSD": -0.4981783032195649, "Gold": -0.5373949704581326}
