{"FTSE100": -0.3672444646243423, "DJIA": -0.12952756628611006, "GBPUSD": 0.08725311334971672, "Gold": 0.4794725801618288}
