{"FTSE100": 1.9544272580750193, "DJIA": 0.9590019299776511, "GBPUSD": -0.6165919282511242, "Gold": -0.20428474150123568}
