{"FTSE100": 0.14542536920492688, "DJIA": 0.5518434018477018, "GBPUSD": -0.15505020673360828, "Gold": -0.5933661662611998}
