{"FTSE100": 0.38975994330765434, "DJIA": 0.6628501461307142, "GBPUSD": -0.015239256324289695, "Gold": 0.7078607743449497}
