{"FTSE100": -0.2983776348262375, "DJIA": -0.031041116091428917, "GBPUSD": 0.2978106889890564, "Gold": -0.3088572282554571}
