{"FTSE100": 0.6416603089560576, "DJIA": 0.12871979236174882, "GBPUSD": 0.20803923025484164, "Gold": 0.7540515065827536}
