{"FTSE100": 0.03807434955202505, "DJIA": 1.0547228733598666, "GBPUSD": -0.015748031496061257, "Gold": 0.0}
