{"FTSE100": 0.11939876358640458, "DJIA": 0.6819818744632582, "GBPUSD": -0.13705931622628506, "Gold": 0.0}
