{"FTSE100": 1.5028568495287322, "DJIA": -0.1926850354059697, "GBPUSD": -0.02380952380952119, "Gold": 0.2697167973627623}
