{"FTSE100": -0.14643212258352437, "DJIA": 0.015739496029909383, "GBPUSD": -0.4155930512841737, "Gold": -0.25575447570332727}
