{"FTSE100": 1.0259769748947516, "DJIA": 0.015827845600270778, "GBPUSD": -0.43502779344236453, "Gold": -1.2575177692728243}
