{"FTSE100": -0.011929404145924857, "DJIA": 0.4006885951795405, "GBPUSD": 0.08954008954007966, "Gold": 0.0}
