{"FTSE100": 0.29528855273571447, "DJIA": -0.4091173785115344, "GBPUSD": -0.04892552030407719, "Gold": -0.3524163011284854}
