{"FTSE100": 0.20394817773921825, "DJIA": 0.6248448393070078, "GBPUSD": -0.03142924491240496, "Gold": -0.2128939695469229}
