{"FTSE100": 0.45036187528147614, "DJIA": 0.6814109996095004, "GBPUSD": -0.47408343868520897, "Gold": 0.0}
