{"FTSE100": -0.16832851674206087, "DJIA": -0.3750136159023629, "GBPUSD": 0.2936274898817583, "Gold": 0.8016310643621789}
