{"FTSE100": 0.29884281783274697, "DJIA": -1.037809090216601, "GBPUSD": 0.1180823427536847, "Gold": -0.1640496836184673}
