{"FTSE100": 0.21844754349553183, "DJIA": 0.044663028227625474, "GBPUSD": 0.18517818676543313, "Gold": 2.7495572746761114}
