{"FTSE100": 0.06204797686304263, "DJIA": 0.714870977089899, "GBPUSD": -0.12372061635361072, "Gold": 0.0}
