{"FTSE100": 0.30425382905513915, "DJIA": 0.8751935169871824, "GBPUSD": 0.6972735819492424, "Gold": 0.17868745938921746}
