{"FTSE100": 0.047710855134711225, "DJIA": -2.5846549704372133, "GBPUSD": -1.050312733566734, "Gold": -2.0496142792315766}
