{"FTSE100": -0.5130287394933271, "DJIA": 0.46948262446271805, "GBPUSD": -0.144950877758095, "Gold": 0.3622264170195352}
