{"FTSE100": 0.5279730054489413, "DJIA": 0.3666146820120379, "GBPUSD": 0.0, "Gold": 0.2755165936130206}
