{"FTSE100": 0.48623520814525933, "DJIA": 0.0, "GBPUSD": -0.11021018657008941, "Gold": -0.025947067981314176}
