{"FTSE100": 0.31225756871977184, "DJIA": -0.05983787843011736, "GBPUSD": 0.7809983896940452, "Gold": -0.31758034026463655}
