{"FTSE100": -0.3084214723992945, "DJIA": -0.1959734135626649, "GBPUSD": 0.2853067047075644, "Gold": 0.07906626506025466}
