{"FTSE100": 0.27118840916350123, "DJIA": 1.7260023118321903, "GBPUSD": 0.029810702042029805, "Gold": 0.0}
