{"FTSE100": -0.005681517890178783, "DJIA": 0.39589525184368535, "GBPUSD": -0.1114206128133582, "Gold": 0.16580415012811908}
