{"FTSE100": -0.980375476394172, "DJIA": -0.3947459146383514, "GBPUSD": 0.0, "Gold": -0.043333188889370364}
