{"FTSE100": 0.8538398860297982, "DJIA": 0.8847767416044036, "GBPUSD": 0.42152432309269305, "Gold": 0.5917874396135265}
