{"FTSE100": 0.16830434894044996, "DJIA": 0.17266205352600647, "GBPUSD": -0.031240237425800996, "Gold": -0.09765625000000772}
