{"FTSE100": 0.20836579646472025, "DJIA": -0.5890337246545329, "GBPUSD": -0.04094851654692703, "Gold": 1.3639877315911482}
