{"FTSE100": -0.8615685532210265, "DJIA": -1.8957074033152979, "GBPUSD": -0.037430753106748385, "Gold": 1.6851530471088307}
