{"FTSE100": 0.18119602243844968, "DJIA": 0.7612472506021626, "GBPUSD": -0.13717421124828813, "Gold": -0.5917774086378784}
