{"FTSE100": -0.3859348198970734, "DJIA": -1.7916514808127648, "GBPUSD": -0.13270421704512117, "Gold": 0.20401025880158544}
