{"FTSE100": -0.11964738895059143, "DJIA": 0.23634814242700203, "GBPUSD": -0.09454029780194514, "Gold": 0.024509803921568627}
