{"FTSE100": 0.5279730054489413, "DJIA": 0.2546197297277886, "GBPUSD": -0.023221611579841085, "Gold": 0.2755165936130206}
