{"FTSE100": 1.1489555182050009, "DJIA": 1.1871147635048913, "GBPUSD": -0.060725671777737356, "Gold": 0.40664264147267504}
