{"FTSE100": -0.24602031505680663, "DJIA": 2.845283598865371, "GBPUSD": 0.08212632522025541, "Gold": -0.810611643330877}
