{"FTSE100": 0.30425382905513915, "DJIA": 1.0382648478631822, "GBPUSD": 0.04666718519094142, "Gold": -0.17815929060208271}
