{"FTSE100": 0.5668676932540258, "DJIA": -0.12749456266418618, "GBPUSD": 0.4755488626456372, "Gold": 1.7539073157422924}
