{"FTSE100": -0.1702407653523483, "DJIA": -0.258504768134648, "GBPUSD": -0.2644473827487026, "Gold": -0.050491141099784684}
