{"FTSE100": -0.4699391769521416, "DJIA": -0.21311844595147836, "GBPUSD": -0.5933363760839822, "Gold": 0.5983305838032201}
