{"FTSE100": 0.8445312654156529, "DJIA": 0.3459584676963842, "GBPUSD": 0.36894318274985227, "Gold": 0.5267684368952888}
