{"FTSE100": -0.017424278602603364, "DJIA": 0.6082849320834757, "GBPUSD": 0.02345582486317177, "Gold": 0.0}
