{"FTSE100": -0.9290127572565283, "DJIA": 0.005154590740275824, "GBPUSD": -0.5404981983393315, "Gold": 0.6501822480543811}
