{"FTSE100": -0.5050400002079888, "DJIA": 0.30759434770896016, "GBPUSD": 0.5856629704825912, "Gold": 1.0658016682113067}
