{"FTSE100": -0.06743298981288118, "DJIA": -0.01121432850826177, "GBPUSD": 0.38359398052521915, "Gold": 0.04888381945575273}
