{"FTSE100": -0.8891069743817102, "DJIA": -1.1532817903326757, "GBPUSD": -0.3084753605305779, "Gold": -1.2861842105263128}
