{"FTSE100": 0.23051285989538306, "DJIA": 1.2408512252323898, "GBPUSD": -0.6184921318406026, "Gold": -0.6828496481658862}
