{"FTSE100": 0.0858964992631704, "DJIA": -0.21613541412862727, "GBPUSD": -0.09957588050894062, "Gold": -0.05335704757669267}
