{"FTSE100": -0.13382989995125194, "DJIA": -0.30055321172013205, "GBPUSD": -0.11747200250607383, "Gold": 0.0}
