{"FTSE100": 0.5385704132522795, "DJIA": 1.5083119312081201, "GBPUSD": 0.10212097407697225, "Gold": -0.7255964829911647}
