{"FTSE100": -0.09900488086056955, "DJIA": 0.869606700811641, "GBPUSD": -0.46576237947377336, "Gold": 1.1255600480821841}
