{"FTSE100": 0.252452403325335, "DJIA": 0.4426726906979775, "GBPUSD": -0.288092189500644, "Gold": -0.09076763485476785}
