{"FTSE100": 0.16622884573587896, "DJIA": -0.03771410985065024, "GBPUSD": 0.20453115166771046, "Gold": 0.0}
