{"FTSE100": 0.12214483438171607, "DJIA": -0.5310252474825794, "GBPUSD": -0.08679185734575516, "Gold": -0.03348837209300972}
