{"FTSE100": 0.07517132300202807, "DJIA": 1.4005709452199757, "GBPUSD": 0.015850372483751624, "Gold": 0.0}
