{"FTSE100": 0.21230147770474592, "DJIA": -0.02339931698240997, "GBPUSD": 0.4359197907584945, "Gold": -0.13118664281453896}
