{"FTSE100": -0.1362636231455053, "DJIA": 0.020301566271700242, "GBPUSD": -0.04848093083386667, "Gold": 1.265691461769886}
