{"FTSE100": 0.1201360237193648, "DJIA": 0.34919893722060835, "GBPUSD": -0.11026226667717318, "Gold": 0.3248830913118453}
