{"FTSE100": -0.19132834688684514, "DJIA": -0.33588448142926675, "GBPUSD": 0.0, "Gold": 0.0}
