{"FTSE100": 0.7623678869824249, "DJIA": 0.4209210121384908, "GBPUSD": -0.6029218520522555, "Gold": -0.37926675094816686}
