{"FTSE100": 0.2240058580438708, "DJIA": -0.06115742528174284, "GBPUSD": -0.3818919564006792, "Gold": -0.6695324685205579}
