{"FTSE100": -0.5688359179251182, "DJIA": -1.1011797858678747, "GBPUSD": 0.6515175591927703, "Gold": 0.8357881756525344}
