{"FTSE100": -0.2179408615207367, "DJIA": 0.12120043233245743, "GBPUSD": 0.20796938690624295, "Gold": 0.0}
