{"FTSE100": -0.85870824992097, "DJIA": -0.3470569860364145, "GBPUSD": 1.738798785630629e-14, "Gold": 0.6561387900355804}
