{"FTSE100": -0.5413557294781498, "DJIA": 0.07576690339000201, "GBPUSD": 0.07751937984496991, "Gold": 0.0}
