{"FTSE100": 0.6593078291750808, "DJIA": 1.6540415087346056, "GBPUSD": -0.285854295981692, "Gold": 0.7741935483870968}
