{"FTSE100": -0.6312661755451697, "DJIA": -0.7841498286499617, "GBPUSD": -0.22053601465256295, "Gold": 0.8925432600289014}
