{"FTSE100": -0.568740835718958, "DJIA": 0.058458450398123266, "GBPUSD": 0.04020908725371491, "Gold": -0.09654535532889148}
