{"FTSE100": 1.184501670234201, "DJIA": 0.3346731656406135, "GBPUSD": -0.31276446995620305, "Gold": 0.0}
