{"FTSE100": 0.04044327928244128, "DJIA": -0.5352421387833759, "GBPUSD": 0.047281323877063346, "Gold": 0.4249893752656183}
