{"FTSE100": -0.8740547740991672, "DJIA": -0.7453123533346824, "GBPUSD": -0.14823355019352907, "Gold": 0.6807559439138432}
