{"FTSE100": 0.8410793730796453, "DJIA": -0.2477516561241665, "GBPUSD": 0.27245894195111237, "Gold": -0.18282957949197776}
