{"FTSE100": 0.9091702125597194, "DJIA": 1.3352737506354955, "GBPUSD": 0.5676227957314813, "Gold": 0.20227953475706295}
