{"FTSE100": 0.19142692455329008, "DJIA": 0.11376013625401434, "GBPUSD": 0.1995676035256908, "Gold": 0.0}
