{"FTSE100": -0.8615028991371605, "DJIA": -1.0120233105104672, "GBPUSD": -0.36050156739811423, "Gold": 0.1910665760869565}
