{"FTSE100": 0.6960807569647692, "DJIA": 0.3126579848380299, "GBPUSD": -0.3632990646981469, "Gold": 0.0}
