{"FTSE100": 3.522165441023732, "DJIA": 3.5016435931474956, "GBPUSD": 0.5149573489524003, "Gold": 1.7551587436045193}
