{"FTSE100": 0.2763046699898283, "DJIA": 0.5948067219996409, "GBPUSD": -0.04612546125460747, "Gold": 0.4562489815870872}
