{"FTSE100": 0.7247355648152329, "DJIA": 0.9966847090039459, "GBPUSD": 0.09479364153418818, "Gold": 0.09163942939181964}
