{"FTSE100": -0.12524256315694662, "DJIA": -0.19576191043155447, "GBPUSD": -0.2710228327454933, "Gold": -1.0892199263174838}
