{"FTSE100": -0.7623602509861613, "DJIA": -0.38521008282912617, "GBPUSD": 0.08615963029684959, "Gold": 1.166130760986078}
