{"FTSE100": 0.04358608906381439, "DJIA": -0.024509001882573527, "GBPUSD": 0.08497432297631687, "Gold": 0.1798992564164068}
