{"FTSE100": -0.7623602509861613, "DJIA": -0.6058932279555561, "GBPUSD": 0.031330774653399854, "Gold": 1.166130760986078}
