{"FTSE100": 0.5548337928177145, "DJIA": 0.16923231441487935, "GBPUSD": 0.3622021893110247, "Gold": -0.3262506274050603}
