{"FTSE100": 0.44188146296914144, "DJIA": 0.09165550619027069, "GBPUSD": 0.007994244144215283, "Gold": 0.0}
