{"FTSE100": -0.03077894301180947, "DJIA": 0.5878335099737888, "GBPUSD": 0.04721806878098165, "Gold": 0.26167670583588204}
