{"FTSE100": 0.8651396157700642, "DJIA": 2.0540186965837903, "GBPUSD": 1.4782462623887165, "Gold": 1.8203618923043308}
