{"FTSE100": -0.7623602509861613, "DJIA": -0.5547281146282906, "GBPUSD": -0.10188087774293549, "Gold": 0.1910665760869565}
