{"FTSE100": -1.239597826372306, "DJIA": 0.13190755668258594, "GBPUSD": 0.1420118343195285, "Gold": -0.0731299623903098}
