{"FTSE100": -0.1585118440211183, "DJIA": -0.5338899606459941, "GBPUSD": -0.46963304943086975, "Gold": -0.21285432457688241}
