{"FTSE100": 0.2749506100466598, "DJIA": 0.14637127657105953, "GBPUSD": -0.047180938900678926, "Gold": 0.3733264675592095}
