{"FTSE100": 0.7518444984168223, "DJIA": 0.5847392676162565, "GBPUSD": -0.2629142751342301, "Gold": 1.145764211457646}
