{"FTSE100": -0.3988335295139188, "DJIA": 0.2765969764780759, "GBPUSD": 0.08353554238434269, "Gold": 1.0033189638728943}
