{"FTSE100": -0.01734747808146144, "DJIA": 1.373860167891895, "GBPUSD": -0.04645760743321207, "Gold": 0.19548075011596616}
