{"FTSE100": -0.03855611397510397, "DJIA": 0.10140534776691236, "GBPUSD": -0.33222591362126186, "Gold": -0.8629390391602814}
