{"FTSE100": 0.5345433226424668, "DJIA": 0.6388966227422316, "GBPUSD": 0.10964912280702169, "Gold": 0.0}
