{"FTSE100": 0.05956088800342185, "DJIA": -0.03752724795821523, "GBPUSD": 0.25951557093426236, "Gold": -0.798080689385035}
