{"FTSE100": -0.04382518834541513, "DJIA": 1.7163406475245196e-14, "GBPUSD": 0.17769162426298196, "Gold": 0.0752190755575614}
