{"FTSE100": -0.28550066351502607, "DJIA": 0.007125584596024881, "GBPUSD": -0.03889537145079307, "Gold": 0.06109046479661039}
