{"FTSE100": 0.01127495095396708, "DJIA": 0.49506634195498334, "GBPUSD": -0.34864332272244486, "Gold": 0.31859916712658215}
