{"FTSE100": -0.730916278296602, "DJIA": -1.006827257503534, "GBPUSD": -0.4173622704507558, "Gold": -0.9531025681926797}
