{"FTSE100": -0.2940485050153118, "DJIA": 0.11380915327058926, "GBPUSD": -0.5530887278959341, "Gold": -1.217964983506724}
