{"FTSE100": -1.011235686509755, "DJIA": -1.44723217978007, "GBPUSD": -0.7934038581207208, "Gold": 0.42447970327633144}
