{"FTSE100": 0.6368329694713715, "DJIA": 0.1592237902203496, "GBPUSD": -0.5407807985776786, "Gold": 0.0}
