{"FTSE100": 0.31820085091318273, "DJIA": 0.3663147747350562, "GBPUSD": 0.7113739908880111, "Gold": -0.7671457065411956}
