{"FTSE100": 0.012860990346697456, "DJIA": 1.2161956788204773, "GBPUSD": -0.007912644405759534, "Gold": 0.009129918743735636}
