{"FTSE100": -0.1606481986120307, "DJIA": 0.15976816467024268, "GBPUSD": 0.08675763072798334, "Gold": -0.353183557343277}
