{"FTSE100": -0.20818512784031298, "DJIA": -0.15180196310289468, "GBPUSD": -0.3456567478208549, "Gold": -2.1170879239576554}
