{"FTSE100": -2.49394486698188, "DJIA": -0.14933259721931724, "GBPUSD": -0.8763098034828598, "Gold": -2.4875339981867595}
