{"FTSE100": 0.638230076069146, "DJIA": 1.009560406357037, "GBPUSD": -0.24481676994874849, "Gold": 1.3316943249334152}
