{"FTSE100": 0.4876877154585607, "DJIA": -0.11367148199528888, "GBPUSD": 0.05608524957937224, "Gold": 0.37296732806206173}
