{"FTSE100": 0.20979943820073318, "DJIA": 0.2746551640541963, "GBPUSD": -0.2079168332667059, "Gold": 0.06777540274229468}
