{"FTSE100": 1.411054861242592, "DJIA": 0.20589866104180263, "GBPUSD": 0.20470053070509073, "Gold": 0.36507738392410816}
