{"FTSE100": -0.27540706136409343, "DJIA": 0.23623357807812506, "GBPUSD": -0.04097688903457998, "Gold": 0.3291565363755445}
