{"FTSE100": -0.3508176968323576, "DJIA": 0.1540608916679402, "GBPUSD": -0.3313666855249327, "Gold": 0.5033469980800189}
