{"FTSE100": 0.04946475067611031, "DJIA": -0.5516723226797723, "GBPUSD": -0.015675209655927422, "Gold": 0.38072032285083374}
