{"FTSE100": -0.40765315671581287, "DJIA": -0.7587942618356444, "GBPUSD": 0.01576913979342253, "Gold": 0.056116722783397306}
