{"FTSE100": -0.11981394811706296, "DJIA": -0.14690074633893907, "GBPUSD": -0.02278250303766456, "Gold": -0.4990703591349469}
