{"FTSE100": 0.2702525513734734, "DJIA": 1.4299348501031526, "GBPUSD": -0.049367713515363947, "Gold": 0.4830917874396135}
