{"FTSE100": -0.1268123375961507, "DJIA": 0.3595245734439008, "GBPUSD": -0.06376534353579896, "Gold": -1.0558975128859598}
