{"FTSE100": -0.4802559333760726, "DJIA": 0.058458450398123266, "GBPUSD": 0.09650180940893364, "Gold": 0.0419762414473408}
