{"FTSE100": -0.590642725079125, "DJIA": -0.4499602922945913, "GBPUSD": -0.5365249690466323, "Gold": -0.038188761593006985}
