{"FTSE100": -0.022819142000253763, "DJIA": 0.4540651758241049, "GBPUSD": -0.0419063583374474, "Gold": 0.3725866546234479}
