{"FTSE100": -0.8483028623406186, "DJIA": -0.37453727606138065, "GBPUSD": 0.11799874134676343, "Gold": 0.17692667950252852}
