{"FTSE100": 0.6762842792665036, "DJIA": -0.0606378799878433, "GBPUSD": 0.04709576138147048, "Gold": -0.2076447156538728}
