{"FTSE100": -0.6303630321444874, "DJIA": 0.0, "GBPUSD": 0.4891394461946438, "Gold": -0.20363236103466253}
