{"FTSE100": 1.7878536166994183, "DJIA": 0.9800716895676744, "GBPUSD": -0.48061257738677227, "Gold": -1.965440582053348}
