{"FTSE100": 0.7440360222801333, "DJIA": 1.0031848348753987, "GBPUSD": 0.04857906242408986, "Gold": -0.06686210975673414}
