{"FTSE100": -0.3627791155521097, "DJIA": 0.1780718507009581, "GBPUSD": -0.5362151460155231, "Gold": -0.39652770335440274}
