{"FTSE100": 0.1894840344052891, "DJIA": 0.060889508942219214, "GBPUSD": 0.3625064733298903, "Gold": 0.7133902453584887}
