{"FTSE100": 0.3339860110012761, "DJIA": 1.6034830108244549, "GBPUSD": -0.01655218074983034, "Gold": -0.08260366760284156}
