{"FTSE100": 0.20965504803554585, "DJIA": 0.8844962512111914, "GBPUSD": -0.07094994087504146, "Gold": 0.14652321346339012}
