{"FTSE100": -0.7560343846819436, "DJIA": -0.01416725966909566, "GBPUSD": -0.29028714890944723, "Gold": 0.0}
