{"FTSE100": 1.2142841466358774, "DJIA": 1.584753663600703, "GBPUSD": -0.024557956777993366, "Gold": 1.1241830065359613}
