{"FTSE100": 0.47717435946040143, "DJIA": -2.498962654324392, "GBPUSD": 0.5358726242337801, "Gold": 1.5846855983772818}
