{"FTSE100": 0.02808542994113415, "DJIA": 1.1912137068953088, "GBPUSD": -0.02570788497558283, "Gold": 0.1326339904744707}
