{"FTSE100": 0.23123050463965433, "DJIA": 0.007125584596024881, "GBPUSD": -0.04663816556548262, "Gold": -0.2489457907839298}
