{"FTSE100": 0.1903326233000221, "DJIA": 0.4049701256653451, "GBPUSD": 0.03960396039605283, "Gold": 0.07370283018867925}
