{"FTSE100": -0.41791367295122134, "DJIA": 0.04788739132887008, "GBPUSD": 0.22596777180959415, "Gold": 0.0}
