{"FTSE100": 1.0800851426842246, "DJIA": 0.8119888224640356, "GBPUSD": -0.037956426022938354, "Gold": 0.0}
