{"FTSE100": -0.11051228339774995, "DJIA": 0.03998756396987386, "GBPUSD": 0.0713153724247324, "Gold": 0.21295089091699657}
