{"FTSE100": 0.6748281066577251, "DJIA": 0.04305873929686637, "GBPUSD": 0.007922674694976152, "Gold": 0.014719591776652495}
