{"FTSE100": -0.5614179591583052, "DJIA": 0.0676580292569238, "GBPUSD": 0.07134929443474718, "Gold": 0.0}
