{"FTSE100": 0.0638552614074623, "DJIA": 0.5565582521665973, "GBPUSD": 0.3377364154908397, "Gold": 0.09401323706377857}
