{"FTSE100": 0.23051285989538306, "DJIA": 1.5200266024033513, "GBPUSD": -0.5480310028967444, "Gold": -0.5287921055918837}
