{"FTSE100": -0.2919798406302983, "DJIA": 0.015739496029909383, "GBPUSD": -0.45715235641260576, "Gold": -0.36458616749197614}
