{"FTSE100": -0.083262940336729, "DJIA": -0.25280291383128867, "GBPUSD": 0.08680555555554599, "Gold": 0.509337860780987}
