{"FTSE100": 0.14343369820854532, "DJIA": 1.7170848502389342, "GBPUSD": 0.14905351021016558, "Gold": 0.6874478779272883}
