{"FTSE100": -0.3715564184090201, "DJIA": -1.017168800958807, "GBPUSD": 0.5319148936170164, "Gold": 0.085255767301908}
