{"FTSE100": 0.9066349686622027, "DJIA": 2.39735238592001, "GBPUSD": -0.42757482559446525, "Gold": -3.5668078099270812}
