{"FTSE100": 0.6864364007417104, "DJIA": -1.1185536979590924, "GBPUSD": 0.008249463784853075, "Gold": 0.7591754650578248}
