{"FTSE100": 0.5677337591918912, "DJIA": 0.646095484870066, "GBPUSD": 0.05262762198330373, "Gold": 0.22976371596237125}
