{"FTSE100": 0.45260454631134783, "DJIA": 0.39921601423242953, "GBPUSD": -0.11156563778356689, "Gold": -0.7542023822776329}
