{"FTSE100": -0.026443331806380903, "DJIA": -0.19520122857306085, "GBPUSD": -0.20462773492837524, "Gold": 0.13367660164371808}
