{"FTSE100": 0.29259976633285073, "DJIA": -0.026689074681673242, "GBPUSD": 0.17660752990286424, "Gold": 0.0}
