{"FTSE100": 0.42492964145744333, "DJIA": 0.3636967672404619, "GBPUSD": -0.14875418371141702, "Gold": -0.7542023822776329}
