{"FTSE100": -1.3707585335481574, "DJIA": -2.5846549704372133, "GBPUSD": 0.5209368910804514, "Gold": -0.9937417030153544}
