{"FTSE100": -0.10110967872399586, "DJIA": -0.145887576235257, "GBPUSD": -0.5367729530523897, "Gold": -0.02513699663164245}
