{"FTSE100": 0.5863325133476636, "DJIA": -0.8586024389241369, "GBPUSD": 0.18887227512394408, "Gold": -0.059798393985993965}
