{"FTSE100": -0.43055580513576774, "DJIA": 0.27529974316534683, "GBPUSD": 0.6925531087074863, "Gold": 1.8425665484489127}
