{"FTSE100": 0.07292571196813201, "DJIA": -0.6683535979045157, "GBPUSD": 0.45337293832564896, "Gold": 0.4985352315362104}
