{"FTSE100": 0.04442946605535005, "DJIA": 0.2696752076129649, "GBPUSD": -0.47952784950202515, "Gold": 0.0}
