{"FTSE100": 1.830581887953798, "DJIA": 0.5586178087421069, "GBPUSD": -0.4284213078975089, "Gold": -2.38075383589059}
