{"FTSE100": -0.8237363638664627, "DJIA": -0.1689559131769392, "GBPUSD": -0.2987303958177784, "Gold": 0.03757582264211957}
