{"FTSE100": -0.6803792730383141, "DJIA": 0.42542630893612626, "GBPUSD": 0.19845995078192796, "Gold": 0.02949127549767198}
