{"FTSE100": 1.190538056489831, "DJIA": 0.5017275560169971, "GBPUSD": -0.007791803023218714, "Gold": 0.5363825363825402}
