{"FTSE100": 1.016623396346971, "DJIA": 0.1188031712086362, "GBPUSD": -0.526315789473696, "Gold": -0.26981946624803765}
