{"FTSE100": -0.37863655867117585, "DJIA": 0.22115950520776653, "GBPUSD": -0.1069845636558036, "Gold": -0.29590327024131186}
