{"FTSE100": -0.38310577915251737, "DJIA": 0.12373983804209984, "GBPUSD": -0.21651716671822885, "Gold": 0.434782608695656}
