{"FTSE100": -0.9823883655525013, "DJIA": -0.6748774993878655, "GBPUSD": -0.2511971112332106, "Gold": 0.14838996883810654}
