{"FTSE100": 0.7689402408079936, "DJIA": 0.6528563581075048, "GBPUSD": 0.2835820895522407, "Gold": 0.7097081722366327}
