{"FTSE100": -0.2363605679982663, "DJIA": 2.4677603503015355, "GBPUSD": 0.3747520023513928, "Gold": 1.2825173695265792}
