{"FTSE100": -0.27540706136409343, "DJIA": 0.47504416376339637, "GBPUSD": 0.01639075561385019, "Gold": 0.29923321488685245}
