{"FTSE100": 0.46443797021435357, "DJIA": 0.40468767167978803, "GBPUSD": 0.025863661555519855, "Gold": -0.20644335892067656}
