{"FTSE100": 0.1484168216229201, "DJIA": 0.8334390881288967, "GBPUSD": -0.3068723249616251, "Gold": -0.045447659445543145}
