{"FTSE100": 0.2795001907622358, "DJIA": 0.17266205352600647, "GBPUSD": 0.2108057464084888, "Gold": -0.19677621938454337}
