{"FTSE100": 0.6730643397162146, "DJIA": 0.3745557446196195, "GBPUSD": 0.14241176244179432, "Gold": 0.6320119670905046}
