{"FTSE100": 0.4398158459478591, "DJIA": 0.2879469497266679, "GBPUSD": -0.18100259699379795, "Gold": 0.4492939666238723}
