{"FTSE100": 0.8008897585418993, "DJIA": 0.8700438011137682, "GBPUSD": 0.6422454804947665, "Gold": 0.03666457154829486}
