{"FTSE100": 0.7000001043997287, "DJIA": 1.011049412844147, "GBPUSD": 0.030045819875323218, "Gold": -0.34479409479411244}
