{"FTSE100": 0.7298242687421479, "DJIA": -0.3560592670089299, "GBPUSD": 0.09670400515753629, "Gold": 0.7068062827225131}
