{"FTSE100": 0.04733699228962599, "DJIA": 0.6104516361361215, "GBPUSD": 0.2729044834308038, "Gold": 0.7214888907108268}
