{"FTSE100": 0.13766821154591502, "DJIA": -0.7221276991359902, "GBPUSD": -0.1731901627987425, "Gold": 0.8600000000000061}
