{"FTSE100": 0.43725037330976513, "DJIA": 0.08250333764855401, "GBPUSD": 0.3634601405379348, "Gold": 0.5630687245487932}
