{"FTSE100": 0.40657112795075107, "DJIA": -0.8310020878455886, "GBPUSD": 0.13378452821278133, "Gold": -0.01708525542457248}
