{"FTSE100": 0.2661038239422345, "DJIA": -0.34429319200330427, "GBPUSD": 0.578813828100211, "Gold": 0.6993726216188372}
