{"FTSE100": -0.4651783571453034, "DJIA": 0.12950275135830516, "GBPUSD": -0.19767533802484133, "Gold": 0.1460732084550649}
