{"FTSE100": -0.3593047678516988, "DJIA": 1.237817360522537, "GBPUSD": -0.08809867051098036, "Gold": 0.0}
