{"FTSE100": -0.13382989995125194, "DJIA": -0.30055321172013205, "GBPUSD": 0.007831466833737095, "Gold": 0.0}
