{"FTSE100": -0.2660528216499141, "DJIA": -1.719878054908802, "GBPUSD": 0.1014627547137793, "Gold": -0.05512983075141959}
