{"FTSE100": 0.34398954363671863, "DJIA": 0.9218564783072003, "GBPUSD": -0.24993271042409762, "Gold": 0.4940874205342732}
