{"FTSE100": 0.8868902459734632, "DJIA": 0.15975801488197997, "GBPUSD": -0.048867893793772106, "Gold": 0.7554589671944483}
