{"FTSE100": 0.8394980072256967, "DJIA": 0.1943430954406277, "GBPUSD": -0.12184225489400184, "Gold": 0.4485262708244267}
