{"FTSE100": 0.6661187400597253, "DJIA": -0.7542049013101592, "GBPUSD": -0.5278054004436554, "Gold": -0.22920267528368185}
