{"FTSE100": -0.0015879014611830734, "DJIA": 0.09312923497167463, "GBPUSD": 0.1892042292710111, "Gold": -0.19909502262442969}
