{"FTSE100": -0.40809713429473743, "DJIA": -0.20163508038452232, "GBPUSD": -1.0594706338366027, "Gold": 0.6592394276995737}
