{"FTSE100": -0.12725608336493008, "DJIA": -0.07893158932107848, "GBPUSD": 0.046860356138718834, "Gold": -1.0804675018918615}
