{"FTSE100": 1.2197007605780283, "DJIA": 0.08233753137203556, "GBPUSD": -0.4219409282700311, "Gold": 0.11629910406617303}
