{"FTSE100": -0.09582925828942755, "DJIA": -0.59207244905334, "GBPUSD": 0.06432419393745549, "Gold": 0.14300306435138824}
