{"FTSE100": 0.13821737645803506, "DJIA": 0.6218379777043983, "GBPUSD": -0.07693716797946681, "Gold": 0.0}
