{"FTSE100": 0.5808539883829273, "DJIA": -0.9912693979648786, "GBPUSD": 0.6067251461988284, "Gold": 0.0}
