{"FTSE100": -0.5077788382242523, "DJIA": 0.3612942024034004, "GBPUSD": 0.2072373664913068, "Gold": -0.24520842716309316}
