{"FTSE100": -0.16932804918460811, "DJIA": 0.03794789956680398, "GBPUSD": -0.023633212541355517, "Gold": -0.07815934736945612}
