{"FTSE100": 0.04683969220837027, "DJIA": -0.3412787287367367, "GBPUSD": -0.34853540971449215, "Gold": 0.2684563758389354}
