{"FTSE100": 0.02483586346216863, "DJIA": 0.28441796402708264, "GBPUSD": 0.9163286765810416, "Gold": 0.06397757738240034}
