{"FTSE100": 0.04947021108743885, "DJIA": -0.024509001882573527, "GBPUSD": 0.15886503860790602, "Gold": 0.19489086111777404}
