{"FTSE100": 0.30208520654791116, "DJIA": -0.030124164077094923, "GBPUSD": 0.03281378178834749, "Gold": 0.07156225916547146}
