{"FTSE100": 1.2252143335641446, "DJIA": 0.432630127557726, "GBPUSD": -0.12889920082494885, "Gold": 0.6119250015072099}
