{"FTSE100": 0.1098419281026232, "DJIA": 0.9476588343653056, "GBPUSD": 0.728307885688945, "Gold": -2.1908399206560674}
