{"FTSE100": 0.2443755825964501, "DJIA": -0.3698159508653571, "GBPUSD": 0.06356773937227922, "Gold": 0.4022749341101369}
