{"FTSE100": 0.7825978430840018, "DJIA": 1.4299348501031526, "GBPUSD": 0.14810314054607499, "Gold": 0.27053140096617917}
