{"FTSE100": -0.4621068402713523, "DJIA": -0.6523361533139634, "GBPUSD": -0.12889712398292483, "Gold": 0.2757916241062355}
