{"FTSE100": 0.8651396157700642, "DJIA": 2.127325533372524, "GBPUSD": -0.04961958319549569, "Gold": 1.0001621884629939}
