{"FTSE100": 1.2884017961356042, "DJIA": 0.6707738238767136, "GBPUSD": 0.04938271604937727, "Gold": 0.520517485344651}
