{"FTSE100": -0.3848184980268755, "DJIA": -0.6251422152067638, "GBPUSD": -0.10740342950260741, "Gold": 0.11323003575685882}
