{"FTSE100": 0.06466749424943236, "DJIA": 0.5423278569872219, "GBPUSD": 0.6096631611034908, "Gold": 1.762791607111153e-14}
