{"FTSE100": -0.2779113780609841, "DJIA": -0.08562044902757175, "GBPUSD": 0.23923444976077243, "Gold": -0.8405507697308803}
