{"FTSE100": 0.23487062221407434, "DJIA": 0.7809228627210267, "GBPUSD": 0.3288004871118416, "Gold": -0.09394421159128355}
