{"FTSE100": 1.0259769748947516, "DJIA": 0.001373842985274574, "GBPUSD": -0.008027614995583927, "Gold": -0.37112177742589936}
