{"FTSE100": -0.5365755904750076, "DJIA": -0.9940569573174595, "GBPUSD": 0.41139486144532195, "Gold": 0.03771514777480316}
