{"FTSE100": -0.3072360698591653, "DJIA": 0.9218564783072003, "GBPUSD": -0.3345253201061141, "Gold": -0.02305741295826009}
