{"FTSE100": 1.0254651164342687, "DJIA": 0.5898960655036961, "GBPUSD": -0.17162471395880932, "Gold": 0.32981886996486276}
