{"FTSE100": 0.1716878205554294, "DJIA": 0.03624548918007826, "GBPUSD": -0.146776560912265, "Gold": -1.0235069171071938}
