{"FTSE100": 0.4831718594815678, "DJIA": 0.061485745109201316, "GBPUSD": 0.16397474788882527, "Gold": -0.05912706944742577}
