{"FTSE100": -0.2059122918981229, "DJIA": -0.14992069262634208, "GBPUSD": -0.015770383220310515, "Gold": -0.19301707128763831}
