{"FTSE100": 0.10376318709894349, "DJIA": -0.3256629419526956, "GBPUSD": -0.39379570843043515, "Gold": -0.9065550906555113}
