{"FTSE100": 0.0, "DJIA": -1.2290685590938644, "GBPUSD": -0.06025003765628362, "Gold": 0.2927382979358881}
