{"FTSE100": 0.5704276657417866, "DJIA": 0.29258762146241046, "GBPUSD": 0.07244043786221209, "Gold": 0.5536711891460449}
