{"FTSE100": -0.05309309717005549, "DJIA": -0.1383159870521056, "GBPUSD": -0.26756119963259967, "Gold": 0.7239235900545751}
