{"FTSE100": 3.044086318344477, "DJIA": -2.498962654324392, "GBPUSD": 0.37395427734299863, "Gold": 1.502281947261666}
