{"FTSE100": 0.027923073897826577, "DJIA": 0.17999432882339853, "GBPUSD": 0.3622021893110247, "Gold": -0.40193335029253946}
