{"FTSE100": 0.7847730439648491, "DJIA": 0.9402611360067213, "GBPUSD": 0.04949678270911845, "Gold": 0.7591754650578248}
