{"FTSE100": 0.7205099495386726, "DJIA": 1.0048600540112893, "GBPUSD": 0.015482272797644988, "Gold": 0.34264121941846476}
