{"FTSE100": -0.022810056383608987, "DJIA": 0.28441796402708264, "GBPUSD": -0.15252408764554037, "Gold": -0.5010501050104956}
