{"FTSE100": 0.4308932904087427, "DJIA": -0.9927453141093638, "GBPUSD": -0.05641066967524739, "Gold": 1.395040630558365}
