{"FTSE100": 1.0923464854115446, "DJIA": 1.2000869491721617, "GBPUSD": -0.36577002209859905, "Gold": 0.7810927245641803}
