{"FTSE100": -0.3435902090708229, "DJIA": -0.1803944566686305, "GBPUSD": -0.21087160262417406, "Gold": -0.9630955424869986}
