{"FTSE100": -0.46619560127363346, "DJIA": -0.8241023352035658, "GBPUSD": -0.1891998423334614, "Gold": -0.18551064245264373}
