{"FTSE100": -0.21538513595291034, "DJIA": -0.31282267726665675, "GBPUSD": 0.016342539630656804, "Gold": 0.0}
