{"FTSE100": -0.3600561490175735, "DJIA": -0.30830703607341675, "GBPUSD": 0.23836008263150435, "Gold": 0.1644173460300124}
