{"FTSE100": -0.11228009565400064, "DJIA": -0.17937140949735822, "GBPUSD": -0.024392227010323356, "Gold": -0.7779133618059885}
