{"FTSE100": 0.4367072069624817, "DJIA": -0.6615305745402872, "GBPUSD": 0.05595970900950698, "Gold": 0.0}
