{"FTSE100": -2.036524843083113, "DJIA": -1.949958301100782, "GBPUSD": -0.2500390686044766, "Gold": -1.0141402481757993}
