{"FTSE100": -1.1479330701549628, "DJIA": -0.9409306361452374, "GBPUSD": 0.0687863038826141, "Gold": -0.36675741076829316}
