{"FTSE100": 0.24821260307809762, "DJIA": 0.17459712995045848, "GBPUSD": -0.055599682287541294, "Gold": 0.0}
