{"FTSE100": 0.30495832501042985, "DJIA": 1.0471000058129012, "GBPUSD": 0.07395902669920049, "Gold": -0.352123273241649}
