{"FTSE100": 0.34573945768686637, "DJIA": 0.8883872322055988, "GBPUSD": 0.5434581685090162, "Gold": -1.5039819995855221}
