{"FTSE100": 0.37009856976173205, "DJIA": 0.1525168228928394, "GBPUSD": 0.08678500986192338, "Gold": 0.14348622037503653}
