{"FTSE100": -0.667000971175757, "DJIA": 0.058458450398123266, "GBPUSD": 0.04825090470445789, "Gold": -0.03777861730261054}
