{"FTSE100": 0.673757097413698, "DJIA": 0.5128147804844863, "GBPUSD": -0.24484344858288176, "Gold": 1.2883941455370027}
