{"FTSE100": -0.8108332926222325, "DJIA": -1.1817550566558823, "GBPUSD": -0.19800411848567784, "Gold": -1.2981865028243011}
