{"FTSE100": 2.2118477460243446, "DJIA": 1.4005709452199757, "GBPUSD": 0.015850372483751624, "Gold": 2.915804873127173}
