{"FTSE100": 0.1720367932133378, "DJIA": 0.24766147697737886, "GBPUSD": 0.3039276807980061, "Gold": 0.07141764015711184}
