{"FTSE100": 0.16628447595178344, "DJIA": -0.5784810709515997, "GBPUSD": 0.0927747059041803, "Gold": 0.4309690734165004}
