{"FTSE100": 0.40831096373493003, "DJIA": 0.9533924418233464, "GBPUSD": 0.5847953216374356, "Gold": -0.53958700840511}
