{"FTSE100": 0.19092129597739096, "DJIA": 0.08071227596492377, "GBPUSD": 0.07782101167314318, "Gold": 0.37237298510507827}
