{"FTSE100": 0.2955195049425825, "DJIA": 0.9333153946699003, "GBPUSD": -0.40111329404059465, "Gold": -0.3539638748633571}
