{"FTSE100": -0.522835478751533, "DJIA": 0.02487581986640328, "GBPUSD": 0.07242178447277751, "Gold": 4.268798551926986}
