{"FTSE100": -0.796681479478907, "DJIA": -0.36454083119177816, "GBPUSD": 0.32761611100405374, "Gold": -0.09843596193808808}
