{"FTSE100": 0.238169343816398, "DJIA": -0.07045572634573016, "GBPUSD": -0.16448721111933562, "Gold": 0.36962025316456615}
