{"FTSE100": 0.6723931602368762, "DJIA": -0.38921922358822075, "GBPUSD": 0.3135498320268909, "Gold": -0.4536346432149666}
