{"FTSE100": -0.2911560335359564, "DJIA": -0.5169346533361571, "GBPUSD": 0.290720515439602, "Gold": 0.15821950319075997}
