{"FTSE100": -0.5743479468587387, "DJIA": -0.5389256699666518, "GBPUSD": -0.04705882352940659, "Gold": -0.0037524860219861553}
