{"FTSE100": 0.9925046771291469, "DJIA": -0.15830066251674343, "GBPUSD": -0.4411404297034433, "Gold": -0.3968831925429686}
