{"FTSE100": 0.1895583003201259, "DJIA": -0.20983455620571778, "GBPUSD": 0.40685392379313773, "Gold": 0.040862192256612244}
