{"FTSE100": 0.563185985937745, "DJIA": -0.058730450513779155, "GBPUSD": 0.16709368385875648, "Gold": 1.5997106051166512}
