{"FTSE100": 0.1716878205554294, "DJIA": 0.09381604038431346, "GBPUSD": -0.16183056715967592, "Gold": -0.26821804994145904}
