{"FTSE100": 0.5132255755285094, "DJIA": -0.10313620729345407, "GBPUSD": -0.2579893475366079, "Gold": 0.17147143928839595}
