{"FTSE100": 0.612780415295247, "DJIA": 0.71200223359167, "GBPUSD": -0.13992723783631858, "Gold": -0.26466081626968807}
