{"FTSE100": -0.6902169154412257, "DJIA": 0.5228858866842576, "GBPUSD": 0.10835913312694023, "Gold": 0.18934829758666985}
