{"FTSE100": 0.5092231609754057, "DJIA": -0.2206359220029495, "GBPUSD": -0.039704597792419985, "Gold": 0.5499133019569055}
