{"FTSE100": -0.06705573818068963, "DJIA": 0.2973710194088548, "GBPUSD": 0.0365333874568753, "Gold": -0.43720190779015616}
