{"FTSE100": 0.18203218566251453, "DJIA": -0.38924055461167734, "GBPUSD": -0.04018000642879661, "Gold": 0.09096881791074718}
