{"FTSE100": -0.46552847647595796, "DJIA": -0.6309605474812678, "GBPUSD": 0.821851583272902, "Gold": 1.7692424013307075}
