{"FTSE100": 0.4213110849157412, "DJIA": 0.20374432896980163, "GBPUSD": 0.04668897362072476, "Gold": 0.7228198477826437}
