{"FTSE100": 0.01742190630499033, "DJIA": -0.03798095496750767, "GBPUSD": 0.007867201636377073, "Gold": 0.2709603459955211}
