{"FTSE100": 1.834392490511528, "DJIA": 0.34470258383921576, "GBPUSD": 0.43303433343642334, "Gold": 1.3824884792626633}
