{"FTSE100": -0.0938564750404962, "DJIA": -0.3000595860074964, "GBPUSD": -0.46408019305735043, "Gold": -1.0892199263174838}
