{"FTSE100": -0.010264832683223115, "DJIA": 0.3769688105201904, "GBPUSD": 0.07680181090585766, "Gold": -0.778917750403178}
