{"FTSE100": -0.5688359179251182, "DJIA": -1.2781331010704235, "GBPUSD": 0.5402828539647337, "Gold": 0.8357881756525344}
