{"FTSE100": 0.1298207387200438, "DJIA": 0.3618587411279183, "GBPUSD": -0.4654626698938811, "Gold": -1.881575397895889}
