{"FTSE100": -1.3115116970795162, "DJIA": -0.7519028174464846, "GBPUSD": -0.8071025020177569, "Gold": -0.5475555555555426}
