{"FTSE100": 0.6213762242820857, "DJIA": 1.0563317272551718, "GBPUSD": 0.09790631119145043, "Gold": 0.8483436389162735}
