{"FTSE100": -0.4305558051357677, "DJIA": 0.23839424343233565, "GBPUSD": 0.0, "Gold": 2.2379845909257714}
