{"FTSE100": -0.3014950997172074, "DJIA": -0.04743542700793651, "GBPUSD": 0.11097019657578217, "Gold": -0.48223600039365977}
