{"FTSE100": -0.11501169836909804, "DJIA": -1.0300965436740777, "GBPUSD": 0.590599622672471, "Gold": -0.5369057547956606}
