{"FTSE100": 0.5808539883829273, "DJIA": -0.8277072151929433, "GBPUSD": 1.1257309941520364, "Gold": 0.003937240388208321}
