{"FTSE100": 0.2291032480928298, "DJIA": 0.4908443789432104, "GBPUSD": 0.024104129840910087, "Gold": 0.4427204115191634}
