{"FTSE100": -1.0047807100669517, "DJIA": 0.0, "GBPUSD": 0.029271862422243392, "Gold": 6.440237966468377}
