{"FTSE100": -1.1899789318210698, "DJIA": 1.0567853185221285, "GBPUSD": -0.049350222075993905, "Gold": -0.3252544329031605}
