{"FTSE100": 0.34235689652620077, "DJIA": -0.5016409286972408, "GBPUSD": 0.05624296962880805, "Gold": -0.12360515021458915}
