{"FTSE100": -0.799691209597808, "DJIA": 0.0, "GBPUSD": -0.058086465853449745, "Gold": 0.5958451876107096}
