{"FTSE100": -0.1938427936243773, "DJIA": 0.11419922134586101, "GBPUSD": 0.031007751937981082, "Gold": 0.50456143927424}
