{"FTSE100": -0.11501169836909804, "DJIA": -1.0009733953189002, "GBPUSD": 0.6972356656549874, "Gold": -0.5369057547956606}
