{"FTSE100": -0.08622465354455179, "DJIA": -0.08870159773099369, "GBPUSD": -0.07573462587093986, "Gold": -1.5787307198721583}
