{"FTSE100": 0.6066768521988457, "DJIA": 1.2633361362158366, "GBPUSD": 0.27570548167370007, "Gold": 0.37582529202641396}
