{"FTSE100": 0.3208360180901097, "DJIA": 1.77044512602412e-14, "GBPUSD": 0.0, "Gold": 0.4888541259288228}
