{"FTSE100": 0.04993787888525364, "DJIA": 0.534221643848813, "GBPUSD": 0.18242122719736334, "Gold": 0.4176179074558717}
