{"FTSE100": -0.011888916170219204, "DJIA": 0.8925676719143184, "GBPUSD": 0.4245283018867981, "Gold": 1.164030978991787}
