{"FTSE100": 0.3981113238735933, "DJIA": -0.7069160029963054, "GBPUSD": 0.04118616144976664, "Coffee": 0.0, "Gold": -0.21787709497205943}
