{"FTSE100": 0.16239862888670376, "DJIA": 0.10072992151392098, "GBPUSD": 0.3920988384996732, "Gold": 0.6357829383320317}
