{"FTSE100": -0.30011792684346594, "DJIA": -0.24956904248889447, "GBPUSD": -0.1339637509850303, "Gold": 0.023610520848089907}
