{"FTSE100": 0.07338859698196457, "DJIA": -0.862774881793168, "GBPUSD": -0.13728181996469255, "Gold": 0.2923076923077063}
