{"FTSE100": 0.7288846376247659, "DJIA": -0.6480366155638569, "GBPUSD": -0.5210877707213778, "Gold": -0.3074558032282859}
