{"FTSE100": 0.5755236638971238, "DJIA": -0.07478447886822717, "GBPUSD": -0.04723293710146689, "Gold": -0.025947067981314176}
