{"FTSE100": -0.1107407934252131, "DJIA": -0.15277998533845463, "GBPUSD": -0.4108595826955695, "Gold": -0.04596527068436484}
