{"FTSE100": 0.09654581924844624, "DJIA": 0.2971982623153109, "GBPUSD": -0.008081461128171083, "Gold": 0.0}
