{"FTSE100": 0.6527113331914628, "DJIA": -0.7096213059205018, "GBPUSD": 0.1835301627832723, "Gold": 0.009873130275956236}
