{"FTSE100": 0.022955084551215248, "DJIA": 0.2055601563437402, "GBPUSD": -0.015061375103545294, "Gold": 0.6542056074766355}
