{"FTSE100": -1.1439046433088464, "DJIA": 0.5132437149262347, "GBPUSD": -0.3857318964488646, "Gold": -1.6878437322207471}
