{"FTSE100": -1.000605484782717, "DJIA": -0.11184322973122161, "GBPUSD": 0.26171965206682085, "Gold": 0.45558086560364824}
