{"FTSE100": 0.36807912806409904, "DJIA": 0.8484399095769031, "GBPUSD": 0.0958313368471562, "Gold": 0.31731057844861243}
