{"FTSE100": -0.10927214428958995, "DJIA": -0.5086545581701541, "GBPUSD": 0.1264622194119543, "Gold": 0.44602650426725715}
