{"FTSE100": 0.08417162800247519, "DJIA": 0.3769688105201904, "GBPUSD": -0.25465863616152523, "Gold": 0.14068558487458083}
