{"FTSE100": -0.7214321300238599, "DJIA": -0.19242333711001028, "GBPUSD": 0.5698655117392343, "Gold": 0.41726787037397406}
