{"FTSE100": -0.3199205863232635, "DJIA": -0.3181822845035333, "GBPUSD": -0.02477700693755921, "Gold": 0.15624212489289394}
