{"FTSE100": 0.25675212188842295, "DJIA": -0.2243499850727235, "GBPUSD": -0.1801096319498627, "Gold": 1.1417556346381867}
