{"FTSE100": -0.1279699542498368, "DJIA": -0.5551057841634975, "GBPUSD": 0.22764738205511614, "Gold": 0.4649360712902054}
