{"FTSE100": -0.14863385059159892, "DJIA": 0.3320383874025073, "GBPUSD": 0.023796303640831833, "Gold": 0.0}
