{"FTSE100": 1.7189870051637424, "DJIA": 1.6034830108244549, "GBPUSD": -0.01655218074983034, "Gold": 0.0}
