{"FTSE100": 0.15999491286579554, "DJIA": -0.9417440188201537, "GBPUSD": 0.04779587484834291, "Gold": -0.24608366844728025}
