{"FTSE100": 0.31229415307160324, "DJIA": -1.7916514808127648, "GBPUSD": 0.12533176054261536, "Gold": -0.6236885054791352}
