{"FTSE100": 0.43872826675860843, "DJIA": 0.41442938284664826, "GBPUSD": 0.0, "Gold": 0.7318123116659492}
