{"FTSE100": 0.10572100923314849, "DJIA": 0.6288946278938743, "GBPUSD": 0.34612964128382306, "Gold": -0.4782450486042546}
