{"FTSE100": 0.02767788597518871, "DJIA": 1.1808025691264488, "GBPUSD": -0.11026196722557707, "Gold": -0.09496444920618574}
