{"FTSE100": 0.32356440042232365, "DJIA": -0.9132844547608371, "GBPUSD": 0.04991265285749387, "Gold": -0.6446991404011486}
