{"FTSE100": 0.03807434955202505, "DJIA": 1.0547228733598666, "GBPUSD": 0.031496062992122514, "Gold": 0.0}
