{"FTSE100": 0.11939876358640458, "DJIA": 0.6819818744632582, "GBPUSD": -0.15588760883615718, "Gold": -0.387689087622495}
