{"FTSE100": -0.022088038129806538, "DJIA": 0.17459712995045848, "GBPUSD": -0.055599682287541294, "Gold": 0.1576432336568326}
