{"FTSE100": 0.5544134313803092, "DJIA": 0.3126579848380299, "GBPUSD": -0.17005488134806984, "Gold": 0.0}
