{"FTSE100": -0.7146833638393628, "DJIA": -0.2893697388531366, "GBPUSD": -0.015224175991472784, "Gold": 0.2763888539913063}
