{"FTSE100": -1.2805270971320448, "DJIA": -0.8608173845834138, "GBPUSD": -0.36008035477390987, "Gold": -2.784876639040826}
