{"FTSE100": 0.6125770104179306, "DJIA": -0.5082759388316553, "GBPUSD": -0.9079606675959683, "Gold": 0.0}
