{"FTSE100": -0.3867573218666852, "DJIA": 0.8523576882113825, "GBPUSD": 1.450700762232608, "Gold": 0.17123287671232187}
