{"FTSE100": 0.6394262045340465, "DJIA": 0.47947084903889636, "GBPUSD": 0.19198279834126453, "Gold": 0.0}
