{"FTSE100": 0.0689261045240905, "DJIA": 0.033978702568569254, "GBPUSD": 0.21165744057309796, "Gold": 0.0}
