{"FTSE100": 0.12214483438171606, "DJIA": -0.1807080457437317, "GBPUSD": -0.4195584833156857, "Gold": -1.697271197600413}
