{"FTSE100": 0.28397894651545813, "DJIA": 0.12941582381601738, "GBPUSD": 0.007837604827963711, "Gold": -0.11923851815302151}
