{"FTSE100": -0.1668005437056126, "DJIA": 0.37442690994630223, "GBPUSD": -0.4626306133843844, "Gold": -0.41514530085530843}
