{"FTSE100": -0.3077349007581551, "DJIA": -0.2206359220029495, "GBPUSD": 0.023822758675451992, "Gold": 0.3715630418627694}
