{"FTSE100": 0.3841534444440884, "DJIA": -1.7916514808127648, "GBPUSD": 0.14744913005013283, "Gold": -0.6091163441361649}
