{"FTSE100": -0.4224165088144852, "DJIA": -0.8427215658092136, "GBPUSD": -0.1826901118976903, "Gold": 0.37940651775170003}
