{"FTSE100": 0.6136339128835198, "DJIA": -0.4480237860083833, "GBPUSD": -0.5293931731984772, "Gold": -1.1409457478005907}
