{"FTSE100": 0.8927901568009714, "DJIA": 0.9078897269876526, "GBPUSD": -0.1507936507936518, "Gold": 0.16982168722840335}
