{"FTSE100": -1.360972684202796, "DJIA": 0.1553359088378327, "GBPUSD": 0.02292876796086571, "Gold": -0.36675741076829316}
