{"FTSE100": 0.5775987245589498, "DJIA": 1.136276829681067, "GBPUSD": 0.4429860541427458, "Gold": 0.8367279533193903}
