{"FTSE100": 0.7577741325427586, "DJIA": -1.7264318993144296, "GBPUSD": -0.18105009052504206, "Gold": 0.8102392877017373}
