{"FTSE100": 0.6526823011287981, "DJIA": -0.520152743713989, "GBPUSD": 0.008185985592664455, "Gold": 0.9710550887021475}
