{"FTSE100": -0.22230501567958483, "DJIA": 0.6210782430528998, "GBPUSD": 0.44326930554475763, "Gold": 0.5870129870129964}
