{"FTSE100": -1.3783564086427538, "DJIA": -0.48487097403890445, "GBPUSD": 0.38053598898873986, "Gold": 0.7097670112636915}
