{"FTSE100": 0.6540813811027487, "DJIA": 0.7349111675444381, "GBPUSD": -0.47983902174754145, "Gold": -2.574883720930226}
