{"FTSE100": 0.015866254794978593, "DJIA": 0.17266205352600647, "GBPUSD": 0.031240237425818336, "Gold": 0.3354279891304193}
