{"FTSE100": 0.17610075097508654, "DJIA": -0.4172661061907049, "GBPUSD": -0.4408110924100393, "Gold": -0.04516881845900074}
