{"FTSE100": 0.5770030517265854, "DJIA": -0.7587942618356444, "GBPUSD": -0.1419222581408203, "Gold": 0.021583354916688252}
