{"FTSE100": -0.1610083842956971, "DJIA": 0.029287993464166842, "GBPUSD": -0.02419354838709411, "Gold": 0.0}
