{"FTSE100": 0.6524795849212811, "DJIA": 0.13832501750278436, "GBPUSD": 0.19365862920068747, "Gold": 0.0}
