{"FTSE100": 0.10744341414123902, "DJIA": 0.0, "GBPUSD": 0.17184098980410778, "Gold": -0.8984654528106826}
