{"FTSE100": -0.9300705583500166, "DJIA": 0.6914002799336821, "GBPUSD": -0.3457787792843595, "Gold": -0.6969975490196182}
