{"FTSE100": 0.6559395668445134, "DJIA": 0.7719886271542125, "GBPUSD": -0.394706292082647, "Gold": -2.7088372093023154}
