{"FTSE100": 0.33515344223637716, "DJIA": 0.11192474818696439, "GBPUSD": 0.26633128652809573, "Gold": 0.39699122440450496}
