{"FTSE100": 0.6005838251590393, "DJIA": 0.42625615973051006, "GBPUSD": 0.10215307245010835, "Gold": 0.3206685453308672}
