{"FTSE100": -0.013170025023047543, "DJIA": 0.5128147804844863, "GBPUSD": -0.2819409407924043, "Gold": 1.2677798392084059}
