{"FTSE100": 0.7825143435670526, "DJIA": 1.294236300343018, "GBPUSD": 0.25497949078008597, "Gold": -0.19486222417390392}
