{"FTSE100": -0.4272082741868584, "DJIA": 0.06276354719085007, "GBPUSD": 0.2341748993779796, "Gold": 6.838290968090868}
