{"FTSE100": 1.3842957712776665, "DJIA": 0.7450818149387972, "GBPUSD": -0.468663118595583, "Gold": 1.437071965869527}
