{"FTSE100": 0.11090693887693075, "DJIA": 0.46766783006063156, "GBPUSD": -0.031092110376988415, "Gold": 0.0}
