{"FTSE100": -0.5861773850416317, "DJIA": 0.4403964783910884, "GBPUSD": 0.23275020647194838, "Gold": 1.0486384613526119}
