{"FTSE100": -0.06986940172948226, "DJIA": 3.6375215883328784, "GBPUSD": -1.1654654194141911, "Gold": -2.802612852607385}
