{"FTSE100": 0.5842243694164169, "DJIA": 0.28118668076718906, "GBPUSD": -0.17190569744597173, "Gold": 0.24465150174379496}
