{"FTSE100": 1.5309645444355595, "DJIA": 1.0832292999641238, "GBPUSD": 0.28806584362140397, "Gold": 0.30321406913280774}
