{"FTSE100": 0.6231356214689512, "DJIA": 2.183919214009752, "GBPUSD": 0.3992015968063925, "Gold": 1.6215990303840733}
