{"FTSE100": 0.31758874525979663, "DJIA": -1.2682959195981147, "GBPUSD": -0.9782265698958635, "Gold": 0.07254107104759006}
