{"FTSE100": -0.06743298981288118, "DJIA": 0.10740883121825397, "GBPUSD": 0.007353481873666371, "Gold": 0.0}
