{"FTSE100": -0.5479745023139304, "DJIA": -0.6874578505399284, "GBPUSD": 0.16526324073345325, "Gold": -1.8953627616963327}
