{"FTSE100": 0.30495832501042985, "DJIA": 0.6789030367388953, "GBPUSD": -0.32791717328028186, "Gold": -0.8266929298355649}
