{"FTSE100": -0.3941778188568549, "DJIA": 0.5562740824610231, "GBPUSD": -0.27907740293852656, "Gold": 0.2883537138890421}
