{"FTSE100": 0.4785071590795103, "DJIA": 1.862966202299017, "GBPUSD": 0.04473605726214836, "Gold": 0.0}
