{"FTSE100": 0.20979943820073318, "DJIA": 0.16705769703677525, "GBPUSD": -0.2718912435026045, "Gold": -0.010426985037278841}
