{"FTSE100": -0.18544705832711644, "DJIA": -0.4357124512210718, "GBPUSD": 0.1071890593236129, "Gold": 0.29094502236982706}
