{"FTSE100": -0.020458237961189975, "DJIA": 0.06165215656992507, "GBPUSD": 0.05607177186800264, "Gold": 0.1726573536336501}
