{"FTSE100": 0.5871443232368759, "DJIA": 2.2875879802211174, "GBPUSD": 0.6319991129837053, "Gold": 0.0}
