{"FTSE100": -0.06249916593640654, "DJIA": -0.31988677401942933, "GBPUSD": 0.46254849298716677, "Gold": 0.6710408589322995}
