{"FTSE100": -0.03162285278160872, "DJIA": 0.5898960655036961, "GBPUSD": 0.040863027133045515, "Gold": 0.0}
