{"FTSE100": -0.1447904753526223, "DJIA": 0.9396668469132453, "GBPUSD": 0.5595215126374842, "Gold": 0.2521837652132464}
