{"FTSE100": 0.9331461133680483, "DJIA": 1.200804218695769, "GBPUSD": 0.8213552361396311, "Gold": 0.5025890953396214}
