{"FTSE100": 0.6791311845228956, "DJIA": 0.1943430954406277, "GBPUSD": -0.11371943790106959, "Gold": 0.43784707390003297}
