{"FTSE100": -0.6760643380273589, "DJIA": 0.11731430282712249, "GBPUSD": 0.46349061621457294, "Gold": 0.0}
