{"FTSE100": -0.459910468979427, "DJIA": 0.432630127557726, "GBPUSD": -0.28357824181489405, "Gold": 0.5365647796467168}
