{"FTSE100": 0.4409542384046127, "DJIA": -0.06473657640423773, "GBPUSD": 0.21760154738877535, "Gold": 0.17889087656529518}
