{"FTSE100": 0.14501625221082184, "DJIA": 0.4917184966985216, "GBPUSD": 0.022081554541437284, "Gold": 0.0}
