{"FTSE100": -0.6042898384657048, "DJIA": -0.05259540849812567, "GBPUSD": -0.12946180876640787, "Gold": -0.41158536585365063}
