{"FTSE100": -0.7345311242989868, "DJIA": -0.4007125853779939, "GBPUSD": 0.09510223490252732, "Gold": 0.03452527743526735}
