{"FTSE100": 0.0455125505258446, "DJIA": -0.4574558202974878, "GBPUSD": -1.018898931799504, "Gold": -1.0409924487594366}
