{"FTSE100": -0.8615028991371605, "DJIA": -0.9902488516932807, "GBPUSD": -0.40752351097177675, "Gold": 0.1910665760869565}
