{"FTSE100": 0.14021972597000457, "DJIA": 1.045956616328452, "GBPUSD": 0.6128971611205191, "Gold": 0.0}
