{"FTSE100": -0.7540501449398065, "DJIA": -0.5682852717036808, "GBPUSD": 0.22473682135394227, "Gold": -0.4752206381534249}
