{"FTSE100": -0.20769447734020946, "DJIA": -0.08572701943852372, "GBPUSD": -0.07195606892632338, "Gold": -0.3676921191322466}
