{"FTSE100": 0.029615291067906776, "DJIA": -0.11003251448037732, "GBPUSD": -0.03952256738597304, "Gold": 0.0}
