{"FTSE100": -0.3436857760590432, "DJIA": 0.526500436470395, "GBPUSD": 0.30319955317960784, "Gold": 0.09541026413578843}
