{"FTSE100": 0.2763046699898283, "DJIA": 0.5948067219996409, "GBPUSD": 0.33937524103356587, "Gold": 0.27209226770631384}
