{"FTSE100": -0.035595793804609, "DJIA": -1.4853557629860334, "GBPUSD": -0.04003202562049198, "Gold": -0.1221960373570822}
