{"FTSE100": 0.5088209326391392, "DJIA": -0.3849112076725733, "GBPUSD": -0.09443613756196331, "Gold": -0.17823930564165796}
