{"FTSE100": -0.33309204688741245, "DJIA": 0.9247514478540337, "GBPUSD": 0.4088241246711191, "Gold": 0.8975426151785938}
