{"FTSE100": 0.5303078623282231, "DJIA": 0.3783844003997772, "GBPUSD": 0.1737482230295356, "Gold": 0.1868056238324626}
