{"FTSE100": 0.8622642225809611, "DJIA": 0.675226143126502, "GBPUSD": -0.6912804399057455, "Gold": 0.0}
