{"FTSE100": 0.12464236499079992, "DJIA": -0.3256629419526956, "GBPUSD": -0.49023547376034676, "Gold": -0.5678421996413673}
