{"FTSE100": -0.026443331806380903, "DJIA": -0.2864863542025902, "GBPUSD": -0.21249803242561977, "Gold": 0.13367660164371808}
