{"FTSE100": 0.5863325133476636, "DJIA": -0.8586024389241369, "GBPUSD": -0.02356637863314744, "Gold": 0.04695036066413031}
