{"FTSE100": 0.4569740637404761, "DJIA": 0.9333153946699003, "GBPUSD": -0.5157170923379152, "Gold": 0.11972307532142805}
