{"FTSE100": -0.552450760359676, "DJIA": -0.720933126832231, "GBPUSD": -0.2760470068617445, "Gold": 0.33325672259250044}
