{"FTSE100": 0.1136540229309846, "DJIA": 0.22357495185581144, "GBPUSD": 0.5192022416350727, "Gold": -0.4379640014954892}
