{"FTSE100": -0.03715689419177635, "DJIA": 0.16941889834650836, "GBPUSD": -0.14468558708958607, "Gold": 0.5404007756948956}
