{"FTSE100": -0.03641613234663586, "DJIA": -0.24861183996908612, "GBPUSD": 1.6431925177609066e-14, "Gold": 0.0}
