{"FTSE100": 1.6213580551808802, "DJIA": 1.1917686329844341, "GBPUSD": -0.1535849971708037, "Gold": -2.9811541027351565}
