{"FTSE100": 0.5764582238570716, "DJIA": -0.7124813051707788, "GBPUSD": -0.16845730543180198, "Gold": 1.288200969241418}
