{"FTSE100": 0.04021229191952405, "DJIA": 0.6104516361361215, "GBPUSD": 0.15594541910331397, "Gold": 0.6067065671886603}
