{"FTSE100": 0.4095480308829621, "DJIA": -0.004266909040818106, "GBPUSD": 0.07913896802786577, "Gold": -0.04729758782303666}
