{"FTSE100": -0.8615028991371605, "DJIA": -0.9753722119813036, "GBPUSD": -0.3996865203761663, "Gold": 0.1910665760869565}
