{"FTSE100": 0.7281559316908695, "DJIA": -0.520152743713989, "GBPUSD": 0.07367387033399828, "Gold": 0.9710550887021475}
