{"FTSE100": -1.82386249711294, "DJIA": -1.070288322441955, "GBPUSD": 0.6401729298303991, "Gold": 0.7035445757250341}
