{"FTSE100": 0.760844776069393, "DJIA": -0.30751216673470566, "GBPUSD": -1.1635423400129257, "Gold": -0.8092125739184632}
