{"FTSE100": 0.33736159561838946, "DJIA": 0.3058802269914348, "GBPUSD": -0.15270856775438135, "Gold": -0.2855284082694843}
