{"FTSE100": 0.12032149393883282, "DJIA": -0.6509155777175725, "GBPUSD": 0.28351861523539695, "Gold": 1.7195458156161012}
