{"FTSE100": 0.5793665833424866, "DJIA": 0.6211655801358724, "GBPUSD": -0.18262457605009602, "Gold": -0.1535350509286964}
