{"FTSE100": -0.2059122918981229, "DJIA": -0.24806518470983682, "GBPUSD": -0.6505212007210576, "Gold": 1.1607686288148775}
