{"FTSE100": -0.7815935066371358, "DJIA": -0.3669640903101659, "GBPUSD": 0.14040303931285386, "Gold": -0.18648253616249408}
