{"FTSE100": -0.8639171521255142, "DJIA": 0.7022290969928829, "GBPUSD": 0.026054267316788064, "Gold": 0.8281820568509943}
