{"FTSE100": -0.8108332926222325, "DJIA": -1.352230485666809, "GBPUSD": 0.03971721344030065, "Gold": 0.0}
