{"FTSE100": 0.013732957875174461, "DJIA": -0.761685837208147, "GBPUSD": 0.041233712683485475, "Gold": 0.0}
