{"FTSE100": 0.40055484081440246, "DJIA": 1.14520873380677, "GBPUSD": -0.21695335502866214, "Gold": -1.980690341026817}
