{"FTSE100": -0.47886136907028787, "DJIA": 0.7519351131895838, "GBPUSD": -0.19886572880606354, "Gold": -0.10010599458250179}
