{"FTSE100": 0.4952491194961733, "DJIA": 1.0355489103292401, "GBPUSD": 0.1979871308364921, "Gold": 0.5077928607340441}
