{"FTSE100": -0.7985911486858536, "DJIA": -0.25230411749914206, "GBPUSD": 0.13799629381381684, "Gold": -0.4111035679263819}
