{"FTSE100": -0.5014987618923441, "DJIA": -0.5915571342052401, "GBPUSD": -0.07200576046082893, "Gold": 0.02967065572149819}
