{"FTSE100": 1.0392901884520434, "DJIA": 0.2794809639241403, "GBPUSD": -0.03040206734057581, "Gold": 2.59038855828374}
