{"FTSE100": 0.0, "DJIA": -0.05426550491092768, "GBPUSD": -0.11900334696913692, "Gold": -1.0269397751308051}
