{"FTSE100": -0.04204370924799138, "DJIA": -0.3606579790958798, "GBPUSD": 0.08892182289735959, "Gold": 0.0}
