{"FTSE100": -0.26014027266375944, "DJIA": 0.10622270329497283, "GBPUSD": -0.11062821019360472, "Gold": -1.1003483728439158}
