{"FTSE100": -0.6551542749182507, "DJIA": -0.13424903271818125, "GBPUSD": 0.015645779550964405, "Gold": 0.2165421195652135}
