{"FTSE100": 0.7971475640361111, "DJIA": 0.017958483145786373, "GBPUSD": 0.04098360655739074, "Gold": 0.7913479293062516}
