{"FTSE100": 0.03662426797245501, "DJIA": 0.14637127657105953, "GBPUSD": 0.18100259699378046, "Gold": -0.06436663233779609}
