{"FTSE100": 0.625988420493951, "DJIA": 0.7643431830613494, "GBPUSD": -0.5671971009926023, "Gold": -0.508035757901426}
