{"FTSE100": 0.9832992324709422, "DJIA": -0.297882247572183, "GBPUSD": 0.03958828186856254, "Gold": 0.3568950133835652}
