{"FTSE100": 1.130835914584843, "DJIA": 0.5242085023487323, "GBPUSD": 0.031167212092874857, "Gold": 0.8731808731808732}
