{"FTSE100": -0.15644135515172997, "DJIA": 0.15990990283314852, "GBPUSD": 0.2304147465437887, "Gold": 1.1543467835856775}
