{"FTSE100": 0.437156406795465, "DJIA": 0.2510403830314156, "GBPUSD": 0.6160480517480369, "Gold": 0.18914221449749746}
