{"FTSE100": -0.443323355400266, "DJIA": -0.23538912030685297, "GBPUSD": 0.2204203731402138, "Gold": 0.10512483574244415}
