{"FTSE100": -0.0637028437718782, "DJIA": -0.0025957097828106066, "GBPUSD": 0.01476341625451967, "Gold": -0.23108550163561334}
