{"FTSE100": 0.39631272041621857, "DJIA": -0.40707833905014884, "GBPUSD": 0.13668891211707282, "Gold": 0.10693008809002032}
