{"FTSE100": 0.25395517150343966, "DJIA": -0.7681128539340597, "GBPUSD": -0.0404792746113945, "Gold": -0.04680430599615637}
