{"FTSE100": 0.32480187085877615, "DJIA": -0.5139200357818361, "GBPUSD": 0.22180234946191774, "Gold": 0.43866688065050113}
