{"FTSE100": 0.3049846228799473, "DJIA": 0.4915261601427473, "GBPUSD": 0.47790661234722615, "Gold": 0.23554256010397098}
