{"FTSE100": 0.689151258836653, "DJIA": 1.3880225666038568, "GBPUSD": -0.4165591477126061, "Gold": -1.9502913545011404}
