{"FTSE100": -0.3943325147537199, "DJIA": -0.6615869931571262, "GBPUSD": -0.17562065937574675, "Gold": 0.0}
