{"FTSE100": -0.40622637777839266, "DJIA": -0.5350095436311513, "GBPUSD": -0.022765214751856652, "Gold": 1.8134764351829005e-14}
