{"FTSE100": 0.5847844977068485, "DJIA": -0.1353682514826869, "GBPUSD": -0.14033532757219977, "Gold": 0.04275696938600992}
