{"FTSE100": -0.05506655843954414, "DJIA": -0.15388135526750812, "GBPUSD": 0.0, "Gold": -0.1374747604932024}
