{"FTSE100": 0.8227974845675106, "DJIA": 1.42650082838567, "GBPUSD": -0.30407297751460555, "Gold": 0.0}
