{"FTSE100": 0.42362216563758537, "DJIA": 0.7595994188803736, "GBPUSD": -0.10412792859799687, "Gold": 0.0}
