{"FTSE100": 0.8868902459734632, "DJIA": 0.15975801488197997, "GBPUSD": 0.008144648965628684, "Gold": 0.0}
