{"FTSE100": 0.536923407770369, "DJIA": 1.350966746371985, "GBPUSD": 0.6242568370986892, "Gold": 0.0}
