{"FTSE100": -0.2684390778242323, "DJIA": -0.05967624042240694, "GBPUSD": 0.24564183835183065, "Gold": 0.8996088657105725}
