{"FTSE100": -0.1024563048434247, "DJIA": 0.22930673899368428, "GBPUSD": 0.25443269460126355, "Gold": 0.9597523219814362}
