{"FTSE100": -0.431303422810313, "DJIA": 0.5172153712282443, "GBPUSD": -0.036459092897780876, "Gold": 0.3787763081528573}
