{"FTSE100": -0.5582586084415623, "DJIA": -0.1601575579645757, "GBPUSD": -0.007920792079207048, "Gold": 0.0}
