{"FTSE100": -0.9449562691417607, "DJIA": 0.0, "GBPUSD": 0.17322834645669133, "Gold": 1.0276105459829705}
