{"FTSE100": 0.33054137351955426, "DJIA": 0.06080769870066909, "GBPUSD": 0.7360238173999262, "Gold": 0.6222508314558597}
