{"FTSE100": 0.23565853129494618, "DJIA": 0.24248035882214153, "GBPUSD": 0.13741875580316654, "Gold": 0.0}
