{"FTSE100": -0.05506655843954414, "DJIA": -0.11108026269691053, "GBPUSD": 0.12050128534703042, "Gold": -0.4553851441337098}
