{"FTSE100": 0.2316845172930986, "DJIA": 0.02326781680191176, "GBPUSD": 0.04447409384034957, "Gold": 0.2867145530271021}
