{"FTSE100": -0.555203075373987, "DJIA": 0.26138029874514673, "GBPUSD": 0.04446091144869626, "Gold": 0.5173969718239283}
