{"FTSE100": 0.8311689570877808, "DJIA": 0.25122059726733825, "GBPUSD": -0.4570273003033312, "Gold": 0.7205854756990157}
