{"FTSE100": 0.28984498313811263, "DJIA": 0.526500436470395, "GBPUSD": 0.2001280819724581, "Gold": -0.3902341404842883}
