{"FTSE100": -0.5578711753498377, "DJIA": -0.15039755401649926, "GBPUSD": 0.22139637858780054, "Gold": -0.07733287506443234}
