{"FTSE100": -0.03519120114922095, "DJIA": -0.55165748186106, "GBPUSD": -0.7205067300079261, "Gold": -0.5942733657482508}
