{"FTSE100": -1.5535843726186247, "DJIA": -3.9772108299001627, "GBPUSD": 0.6804290162611021, "Gold": 0.5037132709073414}
