{"FTSE100": 0.5088209326391392, "DJIA": -0.47165272273494824, "GBPUSD": 0.0631612190115375, "Gold": 0.3115022194533136}
