{"FTSE100": 0.4115688613022559, "DJIA": 0.3658418046367505, "GBPUSD": -0.4978220286247636, "Gold": 1.1250772717906525}
