{"FTSE100": -0.253814275741568, "DJIA": 0.3311223620546374, "GBPUSD": 0.09170105456213433, "Gold": -0.3673281975409441}
