{"FTSE100": 0.3681182838155654, "DJIA": 0.11180358254258449, "GBPUSD": 0.22780832678710938, "Gold": -0.08109607751078111}
