{"FTSE100": 1.2197007605780283, "DJIA": 0.01927815285953166, "GBPUSD": -0.4697078258100483, "Gold": 0.11629910406617303}
