{"FTSE100": 0.14659596144860665, "DJIA": 0.526500436470395, "GBPUSD": 0.2001280819724581, "Gold": -0.3902341404842883}
