{"FTSE100": 0.31097278600053246, "DJIA": -0.38052195904412883, "GBPUSD": -0.4077064513550327, "Gold": 0.0}
