{"FTSE100": 0.04824198599671864, "DJIA": 0.4006885951795405, "GBPUSD": 0.08140008140007242, "Gold": 0.0}
