{"FTSE100": 0.21772084271841088, "DJIA": -0.3743057045706011, "GBPUSD": -0.039704597792419985, "Gold": 0.20382798906289518}
