{"FTSE100": -0.6762284509761922, "DJIA": 1.6638617491559275e-14, "GBPUSD": -0.20405806029338475, "Gold": -0.4113548769641235}
