{"FTSE100": 0.9981455275539919, "DJIA": 0.8119888224640356, "GBPUSD": -0.39471686655532656, "Gold": 0.688263047813614}
