{"FTSE100": -2.1714301070934328, "DJIA": -1.068517153202919, "GBPUSD": 0.2833753148614647, "Gold": -0.4896853511148203}
