{"FTSE100": -0.9813324907941362, "DJIA": -1.3549674215902217, "GBPUSD": -0.10284810126581145, "Gold": 0.18350227193288263}
