{"FTSE100": 0.2962053457000275, "DJIA": 0.11376013625401434, "GBPUSD": 0.26609013803424825, "Gold": 0.0}
