{"FTSE100": 1.3771056525921963, "DJIA": 0.6203762202702477, "GBPUSD": -0.3094501309212104, "Gold": -0.052140361854111264}
