{"FTSE100": -0.11109815636026846, "DJIA": -0.03771410985065024, "GBPUSD": 0.03146880654550829, "Gold": 0.17716638007398589}
