{"FTSE100": -0.3823141655545497, "DJIA": 0.15975801488197997, "GBPUSD": -0.008144648965628684, "Gold": 0.0}
