{"FTSE100": 0.4257521354297279, "DJIA": 1.6034830108244549, "GBPUSD": 0.06620872299924785, "Gold": -0.027534555867613855}
