{"FTSE100": 0.6353357846512624, "DJIA": 0.3791696429445091, "GBPUSD": -0.3145395926712278, "Gold": 0.33470648815654747}
