{"FTSE100": 0.4676484494950305, "DJIA": 0.5723552634904441, "GBPUSD": 0.39329819869424154, "Gold": 0.4347826086956569}
