{"FTSE100": -0.2636574013884883, "DJIA": 0.07576690339000201, "GBPUSD": 0.02325581395348581, "Gold": 0.0}
