{"FTSE100": 0.1836138934937578, "DJIA": 0.0, "GBPUSD": 0.08838180941667031, "Gold": 0.4427204115191634}
