{"FTSE100": -0.19147647415127175, "DJIA": -0.3159873865338924, "GBPUSD": 0.032053850468784034, "Gold": -0.5833003276563503}
