{"FTSE100": 0.0838355800246446, "DJIA": 0.01593033450730561, "GBPUSD": 0.4246454611008799, "Gold": 1.874782435725288}
