{"FTSE100": 0.03864532404167928, "DJIA": 1.013375219711093, "GBPUSD": 0.7202076877983368, "Gold": 0.20725388601037262}
