{"FTSE100": 0.6125770104179306, "DJIA": 0.33989171676654806, "GBPUSD": -0.35790980672870676, "Gold": 0.0}
