{"FTSE100": -0.2654432525370919, "DJIA": 0.8017027632632096, "GBPUSD": 0.24959742351047526, "Gold": -0.46124763705103283}
