{"FTSE100": 0.10115947017728943, "DJIA": -0.40763291176280114, "GBPUSD": -0.2661318316812382, "Gold": 0.4423122724643598}
