{"FTSE100": 0.438629347868205, "DJIA": 0.3445162992953167, "GBPUSD": 0.1611863313990975, "Gold": 0.0}
