{"FTSE100": 0.5303078623282231, "DJIA": 0.2662823779414378, "GBPUSD": 0.16585057652819388, "Gold": 0.1868056238324626}
