{"FTSE100": 0.13596210671342038, "DJIA": -0.05452120254254874, "GBPUSD": 0.08645759647882582, "Gold": 0.05333591931729582}
