{"FTSE100": 0.40803075654748544, "DJIA": 1.4689919001806955, "GBPUSD": 0.1663761685945168, "Gold": 0.16682204013541355}
