{"FTSE100": 0.1302078100573511, "DJIA": -0.020371466518916758, "GBPUSD": 0.7042253521126863, "Gold": 0.41830200371823534}
