{"FTSE100": -0.4561840008684515, "DJIA": -2.080605580977633, "GBPUSD": 0.5399568034557378, "Gold": -0.2608128667680914}
