{"FTSE100": -0.15369590796743943, "DJIA": -0.34297735750845715, "GBPUSD": -0.11050537792838035, "Gold": 0.26121147130798206}
