{"FTSE100": -0.9712450196883927, "DJIA": -0.6783567947445741, "GBPUSD": -0.4127290260366244, "Gold": -1.423704500627571}
