{"FTSE100": -0.04689453246947864, "DJIA": -0.051148578398403866, "GBPUSD": -0.2403075937199529, "Gold": 0.0}
