{"FTSE100": -0.611585506577428, "DJIA": 0.33350699889492147, "GBPUSD": -0.47539814594723123, "Gold": -0.2783792143519997}
