{"FTSE100": 0.08291612876140908, "DJIA": -0.24917029769594887, "GBPUSD": -0.7926542144090408, "Gold": -1.1446663419386265}
