{"FTSE100": 0.05978136060918753, "DJIA": 0.0908264781194285, "GBPUSD": -0.40537497184896565, "Gold": 0.07252185197908664}
