{"FTSE100": 0.6014307440450253, "DJIA": 1.711388020962844e-14, "GBPUSD": 0.3405309186595433, "Gold": -0.007368110816379977}
