{"FTSE100": -0.1102145711264015, "DJIA": 0.9686424484211156, "GBPUSD": 0.45723295230587524, "Gold": 0.26850224565514547}
