{"FTSE100": -0.2199882128932797, "DJIA": 0.7735517288974445, "GBPUSD": -0.1135073779795643, "Gold": 0.02701404730458747}
