{"FTSE100": 0.7000001043997287, "DJIA": 1.080976175900478, "GBPUSD": -0.24011405417572368, "Gold": -1.226517997818444}
