{"FTSE100": -0.296580370383058, "DJIA": -0.20408175406198337, "GBPUSD": 0.4532717982528482, "Gold": 0.08545639053569988}
