{"FTSE100": -0.11486466282479671, "DJIA": -0.6526720275650322, "GBPUSD": -0.015188335358443042, "Gold": -0.1369997064292094}
