{"FTSE100": -0.7716909398805452, "DJIA": -0.3701988407584724, "GBPUSD": 0.42650194867269847, "Gold": 0.07604149693117503}
