{"FTSE100": 0.2654182790752898, "DJIA": -0.12079694235055477, "GBPUSD": 0.1847983287803285, "Gold": 0.10119323691865059}
