{"FTSE100": -0.014598523496216985, "DJIA": -0.21227457051214757, "GBPUSD": -0.23367262069785005, "Gold": 1.7062005826050706}
