{"FTSE100": 1.3507058592135035, "DJIA": 0.6402081690120099, "GBPUSD": -0.3057191857430462, "Gold": 3.4028140840588232}
