{"FTSE100": 0.03864532404167928, "DJIA": 1.1738124087788122, "GBPUSD": 0.024916943521610384, "Gold": 0.0}
