{"FTSE100": 0.037768633933862886, "DJIA": 0.421693455086827, "GBPUSD": -0.282641124283587, "Gold": -0.8505833646970233}
