{"FTSE100": -0.28729767699682696, "DJIA": -0.31301195247437186, "GBPUSD": -0.6444007858546157, "Gold": -0.3859871989055486}
