{"FTSE100": 0.18005358168709473, "DJIA": 0.5691257684465376, "GBPUSD": 0.15044215315745843, "Gold": -0.43185398446412326}
