{"FTSE100": 0.8327376454329564, "DJIA": 0.21995590842480567, "GBPUSD": 0.21549937836717242, "Gold": 0.13495276653170918}
