{"FTSE100": 0.44787907037170854, "DJIA": -0.023643137848942092, "GBPUSD": 0.1723189734188872, "Gold": 0.137395459976116}
