{"FTSE100": 0.3763590407198106, "DJIA": -0.6952911068033695, "GBPUSD": 0.21014710297209063, "Gold": 0.018802647412755714}
