{"FTSE100": 0.3001627404075166, "DJIA": 0.618508535117361, "GBPUSD": -0.11081209434858855, "Gold": 0.53899025861642}
