{"FTSE100": 0.21822248735334973, "DJIA": 0.5847392676162565, "GBPUSD": -0.037224538415719544, "Gold": 0.0}
