{"FTSE100": 0.46142893342827707, "DJIA": 0.421693455086827, "GBPUSD": -0.4867708251550587, "Gold": -0.4215280391418825}
