{"FTSE100": -1.1915089140333395, "DJIA": -0.6532618070496287, "GBPUSD": -0.12054001928638981, "Gold": 0.667850198664288}
