{"FTSE100": 0.6890704836330682, "DJIA": 0.21987940545026316, "GBPUSD": 0.4252246469833186, "Gold": 0.4587155963302728}
