{"FTSE100": 0.8326476178291832, "DJIA": 0.09979463818425847, "GBPUSD": 0.27403431059725614, "Gold": 0.0}
