{"FTSE100": 0.11447147315879422, "DJIA": 0.15847931345605779, "GBPUSD": 0.03937627972908686, "Gold": 0.0}
