{"FTSE100": -0.6551497494587802, "DJIA": -0.9771354349678317, "GBPUSD": -0.5429223385002854, "Gold": -0.08774646433364537}
