{"FTSE100": 0.6730643397162146, "DJIA": 0.3745557446196195, "GBPUSD": 0.09991545615249242, "Gold": -0.003716090672609032}
