{"FTSE100": -0.21890182467247915, "DJIA": 0.20203357729842283, "GBPUSD": -0.47177229124076153, "Gold": -0.11829450187729165}
