{"FTSE100": 0.6362398305118172, "DJIA": -0.8855486527258908, "GBPUSD": -1.0702729610885182, "Gold": -0.1673143350604564}
