{"FTSE100": 0.07343813726324452, "DJIA": -0.13625368641594268, "GBPUSD": -0.3040973111395667, "Gold": 0.0}
