{"FTSE100": 0.018616152497902997, "DJIA": -1.2090175480938454, "GBPUSD": -0.15042233964592097, "Gold": 1.5106665305705702}
