{"FTSE100": 0.3294792629708741, "DJIA": -0.7338358320316399, "GBPUSD": -0.03299785513943062, "Gold": 0.0}
