{"FTSE100": 0.018273090043869223, "DJIA": -0.1624979195820171, "GBPUSD": -0.2974993969606848, "Gold": 0.0}
