{"FTSE100": -0.4877628425840124, "DJIA": -0.7019211871582081, "GBPUSD": 0.37072856221791883, "Gold": -0.37111334002005336}
