{"FTSE100": 0.5572568406928642, "DJIA": 0.0, "GBPUSD": -0.11987532965716109, "Gold": 0.7768907202334925}
