{"FTSE100": 0.1571834302364875, "DJIA": -0.7699569309741626, "GBPUSD": 0.019872024164388023, "Gold": 0.1871371830125302}
