{"FTSE100": -0.2260717475439027, "DJIA": -0.1752764912957076, "GBPUSD": -0.16543248778950612, "Gold": -0.3032045585237051}
