{"FTSE100": 0.169495003881231, "DJIA": 0.1359618973639427, "GBPUSD": 0.25970058050716827, "Gold": -0.17142401530855234}
