{"FTSE100": 0.1837998557108593, "DJIA": -0.5325824358555559, "GBPUSD": 0.0, "Gold": 0.3543779304328863}
