{"FTSE100": 0.7438224911749723, "DJIA": -0.7542049013101592, "GBPUSD": -0.36716897422167183, "Gold": -0.22920267528368185}
