{"FTSE100": -0.5465406983313196, "DJIA": 0.15944645647302655, "GBPUSD": -0.10640723569203221, "Gold": -0.10501575236284988}
