{"FTSE100": 0.31371209979033093, "DJIA": 1.6034830108244549, "GBPUSD": 0.11586526524868374, "Gold": -0.027534555867613855}
