{"FTSE100": 0.0007250229590542158, "DJIA": -2.4827916038508784, "GBPUSD": 0.14576714632779805, "Gold": 1.7438788092302298}
