{"FTSE100": 0.5501120756161202, "DJIA": -0.8586024389241369, "GBPUSD": -0.07855459544384225, "Gold": -0.03841393145247731}
