{"FTSE100": -0.24881348294794642, "DJIA": 0.12950275135830516, "GBPUSD": -0.11860520281490129, "Gold": -0.0300738958583871}
