{"FTSE100": -0.8274707044944052, "DJIA": -0.14411725896219163, "GBPUSD": -0.07831466833738834, "Gold": -0.8948430145347427}
