{"FTSE100": 0.5926560607240813, "DJIA": 0.589122430319173, "GBPUSD": 0.7558092787649815, "Gold": 0.6924996181068236}
