{"FTSE100": 0.7874970521373037, "DJIA": 0.06517049275640284, "GBPUSD": -0.10685729024650512, "Gold": 0.0}
