{"FTSE100": -1.8729742968890801, "DJIA": -1.6572149860968854, "GBPUSD": 0.5534591194968502, "Gold": 0.0}
