{"FTSE100": 0.23693775208183124, "DJIA": 1.1388703134055618, "GBPUSD": 0.11980830670926972, "Gold": 0.08817910155292973}
