{"FTSE100": -1.3783564086427538, "DJIA": -0.40920620281907333, "GBPUSD": 0.4048255202007848, "Gold": 0.67890757599135}
