{"FTSE100": 0.5423412104789638, "DJIA": 0.3607404523805461, "GBPUSD": -0.33359809372517724, "Gold": -1.4335681560667968}
