{"FTSE100": -0.17048718813441113, "DJIA": -0.01416725966909566, "GBPUSD": -0.21183116271770946, "Gold": 0.313692685732211}
