{"FTSE100": 0.1645459400163654, "DJIA": 0.6355039961058747, "GBPUSD": 0.45809967617092073, "Gold": -0.14831483659796915}
