{"FTSE100": -0.10154057170349522, "DJIA": 1.0384574619480367, "GBPUSD": -0.0774293457220373, "Gold": -0.26174541117222483}
