{"FTSE100": -0.13493388476787577, "DJIA": 0.2991432658345922, "GBPUSD": 0.2875169714879041, "Gold": -0.8321716723693774}
