{"FTSE100": 0.06466749424943236, "DJIA": 0.34959358628276793, "GBPUSD": 0.6249047401310764, "Gold": 1.762791607111153e-14}
