{"FTSE100": -0.2810302088571167, "DJIA": -1.0023795171968468, "GBPUSD": -0.023853065118865147, "Gold": 1.1233967271119014}
