{"FTSE100": 0.13105315172086654, "DJIA": 2.0518024807136315, "GBPUSD": 0.8537449204041277, "Gold": 1.2226917198597556}
