{"FTSE100": 0.5849682910762947, "DJIA": 0.21740874185312464, "GBPUSD": 0.1531270148291435, "Gold": 0.17889087656529518}
