{"FTSE100": -0.431303422810313, "DJIA": 0.326477369431314, "GBPUSD": -0.029167274318227937, "Gold": 0.6139841769251888}
