{"FTSE100": -2.577581033381304, "DJIA": 0.455410966717267, "GBPUSD": 1.272031925507139, "Gold": 2.7013963480128993}
