{"FTSE100": 0.47263937772985554, "DJIA": 0.48579385990903107, "GBPUSD": -0.1224552273075022, "Gold": -0.08654425045154206}
