{"FTSE100": -0.07580431197506962, "DJIA": 0.4014520656116002, "GBPUSD": -0.13705931622630196, "Gold": -0.05614536545528323}
