{"FTSE100": -0.2176814731683389, "DJIA": -0.17312493964768041, "GBPUSD": -0.6062992125984283, "Gold": -2.2308063737324875}
