{"FTSE100": -0.2681900609221918, "DJIA": 1.5743560346611192, "GBPUSD": 0.040041643309036985, "Gold": 0.0}
