{"FTSE100": -0.36981126350285226, "DJIA": -0.031041116091428917, "GBPUSD": 0.24146812620734978, "Gold": -0.3088572282554571}
