{"FTSE100": -0.44303988871080097, "DJIA": 0.6979597834872301, "GBPUSD": -0.6731991921609617, "Gold": -1.3689394383537496}
