{"FTSE100": -0.07130337654854574, "DJIA": -0.19923501477549774, "GBPUSD": -0.2661318316812382, "Gold": 0.13269368173929555}
