{"FTSE100": 0.871470891624118, "DJIA": 1.0223330286687726, "GBPUSD": -1.472166845575823, "Gold": -0.638616209904025}
