{"FTSE100": 0.3848898049785846, "DJIA": 0.5480130136499657, "GBPUSD": 0.11142061281337588, "Gold": 0.7787770687836004}
