{"FTSE100": 0.42230240480557363, "DJIA": -0.11003251448037732, "GBPUSD": 0.023713540431583822, "Gold": -0.12203626220363414}
