{"FTSE100": 0.04640320113240184, "DJIA": -0.07095516433599589, "GBPUSD": 0.07067137809186501, "Gold": 0.39764593605853343}
