{"FTSE100": -0.01509469937714421, "DJIA": -0.254550442705645, "GBPUSD": -0.17316974319296077, "Gold": 0.20294266869608518}
