{"FTSE100": -0.48504446240906735, "DJIA": 0.7686073201384135, "GBPUSD": 0.5183429099529928, "Gold": 0.8765898934341698}
