{"FTSE100": 1.7917007035341381, "DJIA": 0.0, "GBPUSD": -0.501172096031039, "Gold": -2.38075383589059}
