{"FTSE100": 0.760844776069393, "DJIA": -0.3537973822161389, "GBPUSD": -1.082740788623148, "Gold": -0.5965349102604004}
