{"FTSE100": 0.2449979583503457, "DJIA": -2.602066674954433, "GBPUSD": -0.2818445157754676, "Gold": -0.08743806470418301}
