{"FTSE100": 0.17679710803389403, "DJIA": -0.28741071188691925, "GBPUSD": 0.522427046794529, "Gold": 2.8884484332895313}
