{"FTSE100": 0.15807981770976295, "DJIA": -0.10338745007202996, "GBPUSD": 0.15054572826496063, "Gold": 0.3763632053105818}
