{"FTSE100": 0.4608076239546352, "DJIA": 0.7450918837989947, "GBPUSD": -0.9169562966797283, "Gold": 0.0}
