{"FTSE100": 0.43435930266346573, "DJIA": 1.4242348819290567, "GBPUSD": -0.0928576955815111, "Gold": -0.23563771530982586}
