{"FTSE100": 0.07517132300202807, "DJIA": 1.2646693608223878, "GBPUSD": 0.4458243770400485, "Gold": 2.2246941045606228}
