{"FTSE100": 0.5305635905949042, "DJIA": 0.4145517073653923, "GBPUSD": 0.3170429941231049, "Gold": 0.23376189681081982}
