{"FTSE100": -0.1239033677223397, "DJIA": -0.20658972009048662, "GBPUSD": -0.24332750361189956, "Gold": 0.949224047009184}
