{"FTSE100": 1.9299165916478878, "DJIA": 0.44558340555156173, "GBPUSD": -1.0817860978978058, "Gold": -0.13655674691483136}
