{"FTSE100": 0.38975994330765434, "DJIA": 0.7227088649545987, "GBPUSD": 0.22862368541381753, "Gold": 1.762791607111153e-14}
