{"FTSE100": 0.20598559908631298, "DJIA": 1.117045217631898, "GBPUSD": -0.1864975755315141, "Gold": -1.736463425883225}
