{"FTSE100": -0.5231132109600442, "DJIA": -0.6076132897962631, "GBPUSD": 0.02680041349209943, "Gold": 0.2832540222071153}
