{"FTSE100": 0.6766830427630649, "DJIA": 0.35478025934393637, "GBPUSD": -0.3849175176747939, "Gold": 1.0018983336848766}
