{"FTSE100": 0.1068594967415629, "DJIA": 0.3724434927207252, "GBPUSD": 0.11915400655347377, "Gold": 0.12697100336619993}
