{"FTSE100": 0.1590186278964143, "DJIA": 0.17398569450957196, "GBPUSD": 0.4627210985894457, "Gold": 2.612297619312745}
