{"FTSE100": -0.4386243527191379, "DJIA": 0.08574954147668495, "GBPUSD": -0.04562390692724172, "Gold": 0.9165787755512028}
