{"FTSE100": 0.688453094717405, "DJIA": -0.0025749426324333025, "GBPUSD": 0.0037298123904446322, "Gold": -0.5193777360077164}
