{"FTSE100": -0.42319916668891855, "DJIA": 0.3320383874025073, "GBPUSD": -0.015864202427238835, "Gold": 0.0}
