{"FTSE100": -0.6448762716274876, "DJIA": -0.25230411749914206, "GBPUSD": 0.1143397863028783, "Gold": -0.6864298106660564}
