{"FTSE100": -0.3569100152123332, "DJIA": 0.6107939523806897, "GBPUSD": -0.2136075949367029, "Gold": -0.3658409114664994}
