{"FTSE100": 0.002533997803879984, "DJIA": 0.421693455086827, "GBPUSD": -0.26693883960116743, "Gold": -0.8769288671433846}
