{"FTSE100": 0.02269153028795254, "DJIA": -1.0873976089544046, "GBPUSD": -0.3357628367865033, "Gold": -0.6000208702911405}
