{"FTSE100": -0.3674889854471377, "DJIA": -1.0164411980366876, "GBPUSD": -0.5577291267793164, "Gold": 0.0}
