{"FTSE100": -0.06544289613293161, "DJIA": 0.1609855428622911, "GBPUSD": 0.06762849413887308, "Gold": -2.0214177699595717}
