{"FTSE100": 0.40799863689852545, "DJIA": -1.352230485666809, "GBPUSD": -0.349511478274681, "Gold": -0.14551658387275282}
