{"FTSE100": 0.13596210671342038, "DJIA": -0.05452120254254874, "GBPUSD": 0.031439125992311405, "Gold": 0.0}
