{"FTSE100": 0.4557781272076753, "DJIA": 0.39407217519387144, "GBPUSD": -0.46863869830914157, "Gold": -1.3243709238111896}
