{"FTSE100": 0.16702869601178252, "DJIA": -0.3075658422154854, "GBPUSD": 0.4884402474763924, "Gold": 0.0}
