{"FTSE100": 0.21710444194798167, "DJIA": -0.31988677401942933, "GBPUSD": -0.07453786523553145, "Gold": 0.0}
