{"FTSE100": 0.468114988850668, "DJIA": -0.08397365747148333, "GBPUSD": -0.2360903439049432, "Gold": 1.0467068233435393}
