{"FTSE100": 0.5439878535544713, "DJIA": 0.17665574821006988, "GBPUSD": 0.12271763787141805, "Gold": 0.5780045823786664}
