{"FTSE100": 0.24238765881830568, "DJIA": 1.2370817306818847, "GBPUSD": -0.028327465501181696, "Gold": 0.16333938294010888}
