{"FTSE100": 0.7424378029869353, "DJIA": -0.04966745727070445, "GBPUSD": 0.5036146535618539, "Gold": 0.818546952056531}
