{"FTSE100": 0.2601494524273627, "DJIA": -0.6080214447008778, "GBPUSD": 0.06627454229143499, "Gold": -0.11185682326621439}
