{"FTSE100": 0.15827773879687393, "DJIA": 0.0, "GBPUSD": 0.3401085108105904, "Gold": -1.5307435039876627}
