{"FTSE100": 0.08013797248515114, "DJIA": -0.12895011350271715, "GBPUSD": -0.06215040397763626, "Gold": 0.2815126050420283}
