{"FTSE100": -1.5653077399545794, "DJIA": -1.0231216312168163, "GBPUSD": 0.10233803038652908, "Gold": 0.0}
