{"FTSE100": -0.8237363638664627, "DJIA": -0.10313620729345407, "GBPUSD": 0.2579893475366264, "Gold": 0.4126031507876993}
