{"FTSE100": 0.8939828970430925, "DJIA": 0.5850232287336329, "GBPUSD": 0.6588700378850094, "Gold": 0.7734983463138803}
