{"FTSE100": 0.18513330953746512, "DJIA": -0.11038827887363763, "GBPUSD": 0.15557860423766415, "Gold": 0.4998644945647237}
