{"FTSE100": 0.1610860209475042, "DJIA": -0.3256629419526956, "GBPUSD": -0.29735594310052355, "Gold": -0.5678421996413673}
