{"FTSE100": 0.09196732646770109, "DJIA": -0.028237773654554033, "GBPUSD": 0.008233163181293345, "Gold": 1.555070761313417}
