{"FTSE100": 0.11399088691299579, "DJIA": 0.6194420601856704, "GBPUSD": -0.0378415197154276, "Gold": -1.7054702427287567}
