{"FTSE100": 0.49007487516327214, "DJIA": 0.21987940545026316, "GBPUSD": 0.0802310654685584, "Gold": 0.0}
