{"FTSE100": -0.06228734808773155, "DJIA": 0.015739496029909383, "GBPUSD": -0.7813149364142693, "Gold": -0.3101703215976517}
