{"FTSE100": -0.09582925828942755, "DJIA": -0.3892158105557824, "GBPUSD": -0.14460154241645434, "Gold": 0.2714607662364246}
