{"FTSE100": -0.22222448520068, "DJIA": -0.219699940626072, "GBPUSD": 0.12573034538865727, "Gold": -0.0601920125199386}
