{"FTSE100": 0.2543554923943356, "DJIA": 0.11640997004562277, "GBPUSD": 0.21415039947287356, "Gold": 0.0}
