{"FTSE100": -0.013885470985555237, "DJIA": 0.6210782430528998, "GBPUSD": 0.19441636208102858, "Gold": 0.40519480519481466}
