{"FTSE100": -1.1443631211173844, "DJIA": -1.6564238489101037, "GBPUSD": 0.055118110236231886, "Gold": 0.7196733790049037}
