{"FTSE100": 0.42893867938660274, "DJIA": 0.6432973112148566, "GBPUSD": -0.14024182238562008, "Gold": 0.7716913234706191}
