{"FTSE100": 0.7206373022519507, "DJIA": 0.25122059726733825, "GBPUSD": -0.47320525783619094, "Gold": 0.8181647588665859}
