{"FTSE100": -1.0421998718001886, "DJIA": -0.34417144501721403, "GBPUSD": 0.008071025020176674, "Gold": 0.7395555555555621}
