{"FTSE100": -2.3266923992426767, "DJIA": -0.14933259721931724, "GBPUSD": -0.7868143341910027, "Gold": -0.7045179812632248}
