{"FTSE100": -0.8714501915082083, "DJIA": 0.4122407245837005, "GBPUSD": -0.015394088669949043, "Gold": -0.6006628003314002}
