{"FTSE100": 0.7588097308979722, "DJIA": 0.3126579848380299, "GBPUSD": -0.19324418335007704, "Gold": 0.0}
