{"FTSE100": 0.012860990346697456, "DJIA": 1.2161956788204773, "GBPUSD": -0.1503402437094487, "Gold": -0.1186889436683972}
