{"FTSE100": -0.1447904753526223, "DJIA": 1.0223330286687726, "GBPUSD": 0.5672390507428277, "Gold": 0.2521837652132464}
