{"FTSE100": -0.03884043972992919, "DJIA": 0.8358935711496224, "GBPUSD": 0.25203854707191026, "Gold": -1.3948930774108086}
