{"FTSE100": 0.38078785692278216, "DJIA": 0.4279592195578475, "GBPUSD": 0.25372660957816917, "Gold": 0.05656690321916635}
