{"FTSE100": 0.44909474243806463, "DJIA": -0.4091173785115344, "GBPUSD": 0.08656053592263795, "Gold": -0.5136280133468233}
