{"FTSE100": 0.5230879747395247, "DJIA": -0.2146684296811143, "GBPUSD": -0.8080966577749864, "Gold": 0.0}
