{"FTSE100": 0.04973607160947475, "DJIA": -0.24956904248889447, "GBPUSD": -0.11032308904649864, "Gold": 0.41554516692636945}
