{"FTSE100": -0.46989467921577677, "DJIA": -0.05934836686118851, "GBPUSD": 0.4835589941972924, "Gold": 0.085255767301908}
