{"FTSE100": -0.22118577917008894, "DJIA": 0.02291931305054216, "GBPUSD": -0.4751889070655133, "Gold": -1.3143872113676662}
