{"FTSE100": 1.0804881538437012, "DJIA": 0.1232938907917641, "GBPUSD": 0.990648280234582, "Gold": 2.5576350703727897}
