{"FTSE100": 0.5238081493858082, "DJIA": 1.1457740003866543, "GBPUSD": -0.1862336114421891, "Gold": 0.14066967991881407}
