{"FTSE100": 0.09450247442442201, "DJIA": 0.5337546720130673, "GBPUSD": -0.03956322202879767, "Gold": 0.1376640137664131}
