{"FTSE100": 0.4952491194961733, "DJIA": 1.5774460717160004, "GBPUSD": -0.14792899408284219, "Gold": 0.015028554253078575}
