{"FTSE100": -0.729718319968958, "DJIA": 0.056448681778835545, "GBPUSD": -0.257385425070106, "Gold": 0.7114995665992422}
