{"FTSE100": -0.162460808757093, "DJIA": -0.33588448142926675, "GBPUSD": -0.09028974800952974, "Gold": 0.0}
