{"FTSE100": 0.6587696399546865, "DJIA": -0.18524427404253954, "GBPUSD": 0.5991800693787489, "Gold": 1.6616444253120926}
