{"FTSE100": -0.1490057738280976, "DJIA": 0.30194559396477405, "GBPUSD": -0.03605913698464197, "Gold": 0.4486033715347205}
