{"FTSE100": 0.052054409742935785, "DJIA": 0.2861610849790738, "GBPUSD": -0.1853941641141537, "Gold": 0.0}
