{"FTSE100": -0.6787204290335228, "DJIA": -0.6970746759719018, "GBPUSD": -0.0037264766163505477, "Gold": -1.0994894544620148}
