{"FTSE100": 0.08493805736793368, "DJIA": -0.2268697775314359, "GBPUSD": -0.03822629969418539, "Gold": 0.37415913704573855}
