{"FTSE100": -0.23088621262258124, "DJIA": 0.37017920005237537, "GBPUSD": 0.3812719231355891, "Gold": -0.1447468939728965}
