{"FTSE100": -0.26827870618889776, "DJIA": 1.901404544745103, "GBPUSD": 0.4018595855330456, "Gold": 1.2549675800041833}
