{"FTSE100": 0.52806184562942, "DJIA": -1.2995112806410898, "GBPUSD": -0.18147418819260003, "Gold": 0.6266126059712434}
