{"FTSE100": -1.3712463913766284, "DJIA": -2.5846549704372133, "GBPUSD": 0.5447965960154311, "Gold": -0.9937417030153544}
