{"FTSE100": -0.15965489423166582, "DJIA": -0.3470569860364145, "GBPUSD": -0.13312451057163766, "Gold": 0.1260379596678394}
