{"FTSE100": -0.6040339130818088, "DJIA": 0.12950275135830516, "GBPUSD": -0.1502332568988703, "Gold": -0.06444406255370339}
