{"FTSE100": 0.24829555447501428, "DJIA": 0.3219571845942602, "GBPUSD": 0.1384575085132754, "Gold": -0.6132119297593523}
