{"FTSE100": -0.47868872072503477, "DJIA": -0.7921728277926442, "GBPUSD": -0.5058246474555441, "Gold": 0.33165051405829676}
