{"FTSE100": 0.12349956479380599, "DJIA": 0.24746585330721724, "GBPUSD": 0.21387106630002395, "Gold": -0.9448253867006784}
