{"FTSE100": -1.5773353127345175, "DJIA": -1.6528918769150907, "GBPUSD": -0.4055641890611352, "Gold": 0.04776803840550287}
