{"FTSE100": 0.6566574600851374, "DJIA": 0.0, "GBPUSD": -0.08688097306688879, "Gold": 0.757501229709793}
