{"FTSE100": -0.13490209167779352, "DJIA": -0.23104115976187165, "GBPUSD": 0.09658725048294349, "Gold": -0.6525854338945855}
