{"FTSE100": 0.41776142932212296, "DJIA": -0.7124813051707788, "GBPUSD": -0.04117845243889121, "Gold": 0.9321531005835296}
