{"FTSE100": 0.22101288170630293, "DJIA": 0.12672300894127658, "GBPUSD": -0.1801654246171468, "Gold": -0.6000208702911405}
