{"FTSE100": 0.509056446475346, "DJIA": -0.33428731428141595, "GBPUSD": -0.7133804091978936, "Gold": 3.4005812596788063}
