{"FTSE100": -0.11180264466059373, "DJIA": -0.1361497929996175, "GBPUSD": 0.13783597518952628, "Gold": 0.6754178432419986}
