{"FTSE100": -0.3302549640509438, "DJIA": -0.06339646564704879, "GBPUSD": -0.2445952343380229, "Gold": -1.0455813953488338}
