{"FTSE100": 0.2828570335931999, "DJIA": 0.03730387104053134, "GBPUSD": -0.213956550362075, "Gold": 0.03526093088857775}
