{"FTSE100": 0.4063044868647663, "DJIA": 0.012407633765954051, "GBPUSD": 0.6304241034878042, "Gold": 0.9649122807017567}
