{"FTSE100": 0.5112144116595361, "DJIA": -0.8971670233218855, "GBPUSD": 0.06202031165205922, "Gold": 0.26293685863491284}
