{"FTSE100": -0.30481308194746504, "DJIA": 0.5605149421433138, "GBPUSD": 0.6958059431822552, "Gold": -0.34714481352909615}
