{"FTSE100": -0.3065101612415323, "DJIA": -0.9516928606051166, "GBPUSD": -0.26134855856217887, "Gold": 0.37464985994398714}
