{"FTSE100": 0.13596210671342038, "DJIA": -0.3003969758764862, "GBPUSD": 0.19638648860957944, "Gold": -0.5689763247986972}
