{"FTSE100": -4.953072306643027, "DJIA": -5.502574487747598, "GBPUSD": -0.3839739363146267, "Gold": -0.11288180610888567}
