{"FTSE100": -0.5255602326090689, "DJIA": 0.4403964783910884, "GBPUSD": 0.3153389894136182, "Gold": 1.0486384613526119}
