{"FTSE100": -2.036524843083113, "DJIA": -2.595574028002946, "GBPUSD": -0.25785278949836543, "Gold": -1.0141402481757993}
