{"FTSE100": -0.8758108489235673, "DJIA": -2.0607987361459204, "GBPUSD": -0.3549319026000801, "Gold": 0.15275504637207757}
