{"FTSE100": 0.0909821276204078, "DJIA": 0.9155259943603989, "GBPUSD": -0.0670940808110855, "Gold": -0.23567467652494958}
