{"FTSE100": -0.019291926388704316, "DJIA": -0.4937394698246039, "GBPUSD": -0.5882796590994818, "Gold": 1.8023358205638465e-14}
