{"FTSE100": -0.8396042620203993, "DJIA": 0.5904045201688559, "GBPUSD": -0.7045778308243169, "Gold": -0.45211977468128584}
