{"FTSE100": 0.08013797248515114, "DJIA": -0.12173146939566765, "GBPUSD": -0.0933198537989027, "Gold": -0.05887795441164483}
