{"FTSE100": -0.3065101612415323, "DJIA": -0.9927453141093638, "GBPUSD": -0.25330706445255635, "Gold": 0.3641456582633085}
