{"FTSE100": -0.07318849125013532, "DJIA": -1.6562094403394099, "GBPUSD": 0.0, "Gold": -0.8780525294445544}
