{"FTSE100": 0.08361319568252114, "DJIA": 0.006129770770060278, "GBPUSD": 0.2716758518978544, "Gold": 0.21943358705340588}
