{"FTSE100": -0.2899863948822545, "DJIA": -0.28361335320611575, "GBPUSD": -0.2462851982595757, "Gold": 0.026154731390908615}
