{"FTSE100": 0.14174274310550233, "DJIA": 0.3224715003418129, "GBPUSD": -0.1857487254475637, "Gold": 0.28321123782191676}
