{"FTSE100": -0.3050124404913486, "DJIA": 1.4152507065289557, "GBPUSD": 0.11819399574500312, "Gold": 0.8073624764693654}
