{"FTSE100": -0.45818605787175193, "DJIA": 0.5228858866842576, "GBPUSD": -0.3250773993808035, "Gold": 0.09639549695320436}
