{"FTSE100": 0.6071425392671821, "DJIA": 0.7838949668673242, "GBPUSD": 0.31556219897025434, "Gold": 0.36864882192659565}
