{"FTSE100": -0.06278143401455168, "DJIA": 0.44556056461693405, "GBPUSD": -0.1604235180877518, "Gold": -0.34727464895063115}
