{"FTSE100": -1.4523487608480001, "DJIA": 0.0743451223590785, "GBPUSD": 0.23659305993691748, "Gold": -0.5233957918978331}
