{"FTSE100": -0.018305506703197964, "DJIA": -0.5761716627504442, "GBPUSD": -0.19595035924232182, "Gold": -0.2681779082123251}
