{"FTSE100": 0.822710976198188, "DJIA": 0.20374432896980163, "GBPUSD": 0.08559645163799538, "Gold": 0.7228198477826437}
