{"FTSE100": 0.01642690658374668, "DJIA": 0.9218564783072003, "GBPUSD": -0.030766864087374505, "Gold": 0.5205759283054834}
