{"FTSE100": 1.1553089765957536, "DJIA": 1.4734841985044291, "GBPUSD": -0.1477711189557345, "Gold": -0.24062352879635449}
