{"FTSE100": -1.4824683726850099, "DJIA": -0.25280291383128867, "GBPUSD": 0.356125356125352, "Gold": -1.0217176702862694}
