{"FTSE100": 0.2096871864860313, "DJIA": -0.02024073134534109, "GBPUSD": -0.3225806451612906, "Gold": -0.21120956109622444}
