{"FTSE100": -0.860553370217429, "DJIA": -1.1185536979590924, "GBPUSD": -0.03299785513943062, "Gold": 0.7591754650578248}
