{"FTSE100": 0.04229833527762428, "DJIA": 0.03794789956680398, "GBPUSD": 0.05514416259649621, "Gold": -0.07815934736945612}
