{"FTSE100": 0.6113375535762694, "DJIA": 0.6125880271510942, "GBPUSD": -0.22618150073408178, "Gold": -1.2243340732519485}
