{"FTSE100": 0.4102697771406291, "DJIA": 0.9827448635051533, "GBPUSD": 0.0886310530980484, "Gold": -0.09577095619739356}
