{"FTSE100": -0.16419842349288577, "DJIA": 0.7955544708420131, "GBPUSD": -0.15031645569620355, "Gold": 0.2278883776927259}
