{"FTSE100": 0.2595580229116557, "DJIA": 0.48156569033925917, "GBPUSD": 0.21632881980611704, "Gold": 1.2183599383360684}
