{"FTSE100": -0.5992767727537989, "DJIA": -1.0015487512363355, "GBPUSD": -0.2318213430183055, "Gold": -2.1575984990619173}
