{"FTSE100": 0.5871443232368759, "DJIA": 2.4677603503015355, "GBPUSD": -0.12120321739449291, "Gold": 0.09694619486183696}
