{"FTSE100": -0.477138619087041, "DJIA": -1.2372630858564577, "GBPUSD": 0.16064257028112464, "Gold": -0.1315677786266176}
