{"FTSE100": -0.8661054288988841, "DJIA": -0.5468671780450398, "GBPUSD": -0.20156774916012876, "Gold": 0.2282075843804561}
