{"FTSE100": 0.6486407251094854, "DJIA": 0.20374432896980163, "GBPUSD": 0.12450392965526602, "Gold": 0.7908499511033593}
