{"FTSE100": -0.19647973802700272, "DJIA": -0.666695954226573, "GBPUSD": -0.45050076324510296, "Gold": -0.2270611475670398}
