{"FTSE100": 0.97676825792146, "DJIA": 0.19452779199230283, "GBPUSD": 0.32716246409192407, "Gold": 0.5479587303154533}
