{"FTSE100": -0.26827870618889776, "DJIA": 1.4167211638798873, "GBPUSD": 0.38610038610037856, "Gold": 0.8073624764693654}
