{"FTSE100": 1.014254569847397, "DJIA": 0.6497196592351449, "GBPUSD": 0.7368087466328701, "Gold": 1.6878465237230686}
