{"FTSE100": -0.09389911423384979, "DJIA": -0.30796909226811675, "GBPUSD": 0.4326047358834273, "Gold": 0.29192546583851214}
