{"FTSE100": 0.16911754490328998, "DJIA": 0.1852028965010743, "GBPUSD": -0.023745448788979495, "Gold": 0.09196247930844215}
