{"FTSE100": 0.2763046699898283, "DJIA": 0.576615793925339, "GBPUSD": 0.29309679907443315, "Gold": 0.27209226770631384}
