{"FTSE100": 0.3655370060064903, "DJIA": 0.6451561030476546, "GBPUSD": -0.46600374270721434, "Gold": -1.2167961323265843}
