{"FTSE100": 0.22508930846415962, "DJIA": 0.3071238565613856, "GBPUSD": -0.13595166163142172, "Gold": 0.7514645155094637}
