{"FTSE100": 0.260971326803656, "DJIA": 0.6455808815799468, "GBPUSD": 0.8097821685966482, "Gold": -0.3301603636051913}
