{"FTSE100": -0.16484540795088418, "DJIA": 1.5743560346611192, "GBPUSD": -0.2162248738688353, "Gold": -0.4171063872556387}
