{"FTSE100": -0.20484223267119894, "DJIA": -0.09513134233647891, "GBPUSD": 0.07861017215628582, "Gold": -0.08676036786395973}
