{"FTSE100": 0.025974697284936205, "DJIA": -0.08327631577601588, "GBPUSD": -0.22012578616351522, "Gold": -0.09275147242962481}
