{"FTSE100": 1.752848378615243, "DJIA": 1.5635078949508472, "GBPUSD": 0.6651376146788937, "Gold": 0.13344919620134463}
