{"FTSE100": -1.007148419102206, "DJIA": -0.9492798454408207, "GBPUSD": 0.5286198067233799, "Gold": 2.3918707660239757}
