{"FTSE100": 0.8939828970430925, "DJIA": 0.48691593709241027, "GBPUSD": 0.7906440454620186, "Gold": 0.7734983463138803}
