{"FTSE100": 1.014254569847397, "DJIA": 0.677006883556984, "GBPUSD": 0.4436697829187173, "Gold": 1.1971934645012443}
