{"FTSE100": 0.2910665518753109, "DJIA": 0.09719446235494124, "GBPUSD": -0.05444504938943166, "Gold": -0.3891839299469073}
