{"FTSE100": 0.32059660562178477, "DJIA": -0.8030013994700549, "GBPUSD": 0.24959952315316367, "Gold": 0.0}
