{"FTSE100": 0.30075032688850145, "DJIA": 0.30834122167158357, "GBPUSD": 0.008071676487205503, "Gold": -0.0364185005983063}
