{"FTSE100": 0.40897067709590607, "DJIA": 0.10746105726679075, "GBPUSD": -0.21584459189384814, "Gold": -0.4211511464670169}
