{"FTSE100": 0.5088209326391392, "DJIA": -0.36889598957555686, "GBPUSD": -0.07082710317147249, "Gold": -0.17823930564165796}
