{"FTSE100": -0.443323355400266, "DJIA": -0.5169346533361571, "GBPUSD": -0.03928655614050184, "Gold": 0.0}
