{"FTSE100": -0.8061405330751009, "DJIA": -0.6500498094044878, "GBPUSD": 0.09084902543771711, "Gold": -0.18648253616249408}
