{"FTSE100": -0.6803792730383141, "DJIA": 0.4712450443078823, "GBPUSD": 0.2222751448757572, "Gold": 0.014745637748841578}
