{"FTSE100": -0.03193334639697429, "DJIA": -0.219714063794791, "GBPUSD": -0.20643320947339325, "Gold": 0.0}
