{"FTSE100": 0.5360184989714625, "DJIA": 0.797869688947814, "GBPUSD": -0.3980506677578934, "Gold": -0.28964831506818917}
