{"FTSE100": 0.5439878535544713, "DJIA": 0.17665574821006988, "GBPUSD": 0.03719961312401941, "Gold": 0.0}
