{"FTSE100": -0.6341320935532021, "DJIA": 0.20315749627711183, "GBPUSD": 0.031279324366590235, "Gold": -1.6031725941863897}
