{"FTSE100": -0.6047216604908622, "DJIA": 0.28269037535719965, "GBPUSD": -0.10126976707954186, "Gold": -0.7257041360060875}
