{"FTSE100": -0.7032884730986363, "DJIA": -1.2668198168271017, "GBPUSD": 0.2309293961764147, "Gold": 0.38533918809929474}
