{"FTSE100": -0.8396042620203993, "DJIA": 0.5999404518796896, "GBPUSD": -0.5736726600700693, "Gold": -0.45211977468128584}
