{"FTSE100": 0.5847844977068485, "DJIA": -0.5211356142294213, "GBPUSD": -0.192037816677741, "Gold": 0.04275696938600992}
