{"FTSE100": -0.2906379990276013, "DJIA": 0.324012006674884, "GBPUSD": 0.06297462493054398, "Gold": 0.49323272951468616}
