{"FTSE100": -0.4467698894605166, "DJIA": -0.7826760329664219, "GBPUSD": -0.32336935089518043, "Gold": 0.6167164636481999}
