{"FTSE100": 0.6774781337157563, "DJIA": 1.140359438762729, "GBPUSD": 0.21802594139167125, "Gold": -0.31013283565704747}
