{"FTSE100": -1.1854162464340208, "DJIA": 0.01972626417632109, "GBPUSD": 0.146787609620243, "Gold": 1.3060278207109808}
