{"FTSE100": -0.28522192289924014, "DJIA": -0.05499401633413464, "GBPUSD": -0.07098351605015386, "Gold": -0.6769351515746077}
