{"FTSE100": -0.19795838216131095, "DJIA": -0.015481976094440167, "GBPUSD": -0.30050083472453254, "Gold": -0.7162249515190645}
