{"FTSE100": 0.03430563295865162, "DJIA": -0.4718065581230504, "GBPUSD": -0.040993686972201765, "Gold": -0.4004112331583838}
