{"FTSE100": 0.014658148213694435, "DJIA": 0.47525722304869755, "GBPUSD": 0.08712181213368278, "Gold": -0.32125735185093657}
