{"FTSE100": -0.7946438747835397, "DJIA": -0.5929541255492736, "GBPUSD": 0.17357762777242702, "Gold": -0.9575040344271049}
