{"FTSE100": 0.39269913556717395, "DJIA": 0.1123743822346165, "GBPUSD": -0.13041931786744096, "Gold": 0.28321123782191676}
