{"FTSE100": -0.5421199328714916, "DJIA": -0.5836500797868112, "GBPUSD": -0.313823944766986, "Gold": 1.035185862916294}
