{"FTSE100": 0.03455001824189771, "DJIA": 0.0, "GBPUSD": 0.11250401800064834, "Gold": 0.09096881791074718}
