{"FTSE100": 0.04377716734222983, "DJIA": -0.5784810709515997, "GBPUSD": -0.0927747059041803, "Gold": -0.555403805881809}
