{"FTSE100": -0.7372395799189793, "DJIA": -0.10731733492032021, "GBPUSD": -0.4286638628275705, "Gold": 0.0}
