{"FTSE100": -0.024778085804761506, "DJIA": 1.011049412844147, "GBPUSD": 0.11270568788038597, "Gold": -1.0635198135198178}
