{"FTSE100": 0.019628845823868393, "DJIA": 0.527141898357037, "GBPUSD": 0.4846400375205177, "Gold": 0.6373027702112397}
