{"FTSE100": -0.3839749136389659, "DJIA": 0.7968650026319785, "GBPUSD": 0.03171582619726895, "Gold": -0.03142677561281736}
