{"FTSE100": 0.18939886334683143, "DJIA": -0.6683535979045157, "GBPUSD": 0.04690064879230312, "Gold": 0.3237909235750606}
