{"FTSE100": 0.22674076833468607, "DJIA": -0.34004394023717777, "GBPUSD": -0.16031018156060814, "Gold": 0.0}
