{"FTSE100": 0.4434206129163882, "DJIA": 0.200696699644474, "GBPUSD": 0.6154583966109854, "Gold": 0.3631156344294946}
