{"FTSE100": 0.20280404390204126, "DJIA": -0.03282323571336199, "GBPUSD": 0.7855590840715236, "Gold": 0.9784203946295591}
