{"FTSE100": 0.012447143264289017, "DJIA": -0.94575707267771, "GBPUSD": -0.13464991023339495, "Gold": -0.7738758281057657}
