{"FTSE100": 0.3267876060114686, "DJIA": 0.8484399095769031, "GBPUSD": 0.19206145966709007, "Gold": 1.1194674965421894}
