{"FTSE100": -0.2662976163393204, "DJIA": -1.017168800958807, "GBPUSD": 0.1531270148291435, "Gold": 0.19057171514544544}
