{"FTSE100": 0.38344894527488493, "DJIA": 0.518734233630401, "GBPUSD": -0.08939213349224283, "Gold": 1.443948542924652}
