{"FTSE100": -0.02741931204061688, "DJIA": 0.0, "GBPUSD": 0.17699115044247624, "Gold": 0.22733013387218995}
