{"FTSE100": -0.4384054681745168, "DJIA": -0.02695126824661071, "GBPUSD": -0.3161872445438415, "Gold": -0.08223684210526316}
