{"FTSE100": 0.392050366041171, "DJIA": -0.6471995483943733, "GBPUSD": -0.6469648562300316, "Gold": -2.0281193357174394}
