{"FTSE100": 0.27181270592536094, "DJIA": -0.2878280428684172, "GBPUSD": -0.3344481605351053, "Gold": -0.27283084487617404}
