{"FTSE100": 0.14501625221082184, "DJIA": 0.4917184966985216, "GBPUSD": 0.1950178459727169, "Gold": 0.3744413576518793}
