{"FTSE100": -0.13991906665894208, "DJIA": -1.2115235026794196, "GBPUSD": -0.015699819452074572, "Gold": 0.9774127310061677}
