{"FTSE100": 0.1718976832758351, "DJIA": -0.18928441956311332, "GBPUSD": 0.06313131313130617, "Gold": 0.6990911814640967}
