{"FTSE100": 1.8152187405318323, "DJIA": 0.771381341570292, "GBPUSD": 0.375939849624055, "Gold": 0.6217896728845634}
