{"FTSE100": -1.0322192847606013, "DJIA": -0.3772102594914932, "GBPUSD": -0.09445843828714325, "Gold": 0.0}
