{"FTSE100": -0.4253515780387581, "DJIA": 0.0363225306672848, "GBPUSD": 0.31235358425737964, "Gold": 1.709916589434666}
