{"FTSE100": -0.019291926388704316, "DJIA": -0.3856438103780603, "GBPUSD": -0.5128591899841555, "Gold": 1.8023358205638465e-14}
