{"FTSE100": 0.36614076738549656, "DJIA": -0.9753276832691349, "GBPUSD": 0.0, "Gold": -0.42492917847025885}
