{"FTSE100": 0.10860755565730593, "DJIA": 0.21044895128539934, "GBPUSD": 0.30447051834249167, "Gold": 0.0}
