{"FTSE100": 0.0683265286127031, "DJIA": 0.14853426743886972, "GBPUSD": 0.040180006428814447, "Gold": 0.09096881791074718}
