{"FTSE100": 0.30075032688850145, "DJIA": 1.0014658993795054, "GBPUSD": 0.266279351246678, "Gold": 0.010382059800666811}
