{"FTSE100": 0.28686528072977796, "DJIA": 0.7732504727616141, "GBPUSD": 0.33497096918268354, "Gold": 0.05608839531101015}
