{"FTSE100": -0.11512977856191456, "DJIA": 0.08444918483118927, "GBPUSD": -0.03226587077518399, "Gold": -0.23323312947030164}
