{"FTSE100": 0.5008113013169218, "DJIA": 0.4262561597305101, "GBPUSD": 0.2121640735502237, "Gold": 0.3206685453308672}
