{"FTSE100": 0.33054137351955426, "DJIA": -0.33588448142926675, "GBPUSD": 0.7442937479325088, "Gold": 0.6222508314558597}
