{"FTSE100": 0.10484100702434361, "DJIA": 0.4403964783910884, "GBPUSD": 0.030039050765992482, "Gold": 0.15222171213183325}
