{"FTSE100": 0.7825978430840018, "DJIA": 1.4299348501031526, "GBPUSD": 0.17088823909162368, "Gold": 0.437198067632859}
