{"FTSE100": -0.10500233263825284, "DJIA": -0.47705139170781, "GBPUSD": -0.4457534028496241, "Gold": -0.21285432457688241}
