{"FTSE100": -0.16917430862686303, "DJIA": 0.3029620883652598, "GBPUSD": -0.2752590673575186, "Gold": 0.2704248790888785}
