{"FTSE100": 0.7312957775228073, "DJIA": -0.8250931708515912, "GBPUSD": 0.1684573054318186, "Gold": 1.4253827779300656}
