{"FTSE100": 0.15892379276259855, "DJIA": 0.040306754354485066, "GBPUSD": -0.09493901993718373, "Gold": 0.0}
