{"FTSE100": 1.5342736282297715, "DJIA": 1.0599285535638696, "GBPUSD": -0.9283412613165566, "Gold": -0.13655674691483136}
