{"FTSE100": -0.7777273545520456, "DJIA": -0.2818663374266636, "GBPUSD": 0.41179498492536576, "Gold": 0.38835478789853145}
