{"FTSE100": -0.8823398675379029, "DJIA": -0.13004602888448766, "GBPUSD": -0.3759987466708378, "Gold": 0.6501822480543811}
