{"FTSE100": -0.11228009565400064, "DJIA": -0.3286719019928205, "GBPUSD": -0.09756890804129342, "Gold": -0.533862111043319}
