{"FTSE100": -1.138738027583057, "DJIA": -0.7453123533346823, "GBPUSD": -0.0823519723297465, "Gold": 0.6807559439138432}
