{"FTSE100": -0.13061233123181587, "DJIA": 1.1017344053805458, "GBPUSD": 0.27455287103858145, "Gold": -0.3866776654980408}
