{"FTSE100": 0.40055484081440246, "DJIA": 0.20374432896980163, "GBPUSD": -0.3719200371919972, "Gold": -1.980690341026817}
