{"FTSE100": 0.5029612145085028, "DJIA": 0.07634675873089147, "GBPUSD": 0.24777390631048157, "Gold": 0.24186601285533518}
