{"FTSE100": 0.14305669507658716, "DJIA": 2.813908960571047, "GBPUSD": 0.22009714632664712, "Gold": 0.8540372670807453}
