{"FTSE100": -0.06986940172948226, "DJIA": 3.597968636166852, "GBPUSD": -1.1271277411439913, "Gold": -2.8901945042513524}
