{"FTSE100": -0.10027843544803387, "DJIA": -1.0756403436845956, "GBPUSD": -0.3090938669269583, "Gold": 0.0}
