{"FTSE100": 0.32356440042232365, "DJIA": -0.8964681561274501, "GBPUSD": 0.016637550952497956, "Gold": -0.6446991404011486}
