{"FTSE100": -0.860553370217429, "DJIA": -1.1185536979590924, "GBPUSD": -0.07422068283029216, "Gold": 0.0}
