{"FTSE100": 0.08870703719853865, "DJIA": 0.06572532613865033, "GBPUSD": -0.16466326362588518, "Gold": 0.9565363315992692}
