{"FTSE100": 0.19543240327366732, "DJIA": -0.24083649890068437, "GBPUSD": 0.823421774931388, "Gold": 0.5111967344447446}
