{"FTSE100": 0.20965504803554585, "DJIA": 0.8844962512111914, "GBPUSD": 0.7070225611693602, "Gold": 1.2790005948839938}
