{"FTSE100": -1.0410111181036243, "DJIA": -0.2558823013935743, "GBPUSD": 0.5019836450489825, "Gold": 0.7149102504757425}
