{"FTSE100": 0.24979306489938582, "DJIA": 0.19383056570933338, "GBPUSD": 0.5054557124518769, "Gold": 0.25020850708923864}
