{"FTSE100": -0.10111526098669282, "DJIA": -0.15920665509372017, "GBPUSD": -0.023655574830465775, "Gold": 0.3648015775203397}
