{"FTSE100": 0.5926560607240813, "DJIA": 0.7407560470361911, "GBPUSD": 0.7397282302806221, "Gold": 0.6110290748001426}
