{"FTSE100": 0.5216225205771574, "DJIA": 0.22407087920276042, "GBPUSD": -0.25246548323472123, "Gold": 0.14348622037503653}
