{"FTSE100": -0.33030212213024757, "DJIA": 1.2928433847263459, "GBPUSD": -0.5587849240577504, "Gold": 0.30910772525920793}
