{"FTSE100": -0.3485392799935982, "DJIA": -1.4818807365084472, "GBPUSD": 0.09448818897638503, "Gold": 0.7542730606878322}
