{"FTSE100": 0.11729708813000518, "DJIA": 0.09292343123922794, "GBPUSD": 0.0038035829751537384, "Gold": 0.47513589691967717}
