{"FTSE100": -0.5256441698481157, "DJIA": -0.31301195247437186, "GBPUSD": -0.26664575327425843, "Gold": 1.3791050699474132}
