{"FTSE100": 0.10377048922275914, "DJIA": 0.18932102787519814, "GBPUSD": 0.592704562631764, "Gold": 0.6714225765841342}
