{"FTSE100": 0.41556363784273725, "DJIA": 0.9485804825323763, "GBPUSD": 0.3686228251253403, "Gold": -1.1570296106318567}
