{"FTSE100": 0.5709614109743019, "DJIA": 0.5878335099737888, "GBPUSD": -0.2360903439049432, "Gold": 0.3900464105855678}
