{"FTSE100": -0.2436133036435679, "DJIA": -0.6116234251628423, "GBPUSD": 0.22901891252954198, "Gold": -0.924604590319906}
