{"FTSE100": -0.45165881120847645, "DJIA": 0.21744609405791324, "GBPUSD": 0.06752194463201462, "Gold": -0.19938759524319458}
