{"FTSE100": -1.2195571955719553, "DJIA": -0.39800885665502045, "GBPUSD": 0.05766062602966598, "Gold": -0.05625735181302799}
