{"FTSE100": 0.42294439398127454, "DJIA": 0.08732700603252683, "GBPUSD": -0.242921428855862, "Gold": 0.30152671755725535}
