{"FTSE100": 0.515052085271431, "DJIA": -0.38471543134349534, "GBPUSD": -0.1359722012388596, "Gold": 0.12743491716729832}
