{"FTSE100": -0.5925640560984322, "DJIA": 0.017625570258762508, "GBPUSD": 0.6850419084461599, "Gold": 0.085255767301908}
