{"FTSE100": 0.5916120265166217, "DJIA": 0.22038603582626837, "GBPUSD": 0.3796139245618406, "Gold": 0.6435071137700444}
