{"FTSE100": 0.45342075026708584, "DJIA": 0.44639091944875986, "GBPUSD": 0.18180380997549353, "Gold": -0.45763598326359833}
