{"FTSE100": 0.2805292323412319, "DJIA": -0.305081231250134, "GBPUSD": -0.04822375823822005, "Gold": -0.2855284082694843}
