{"FTSE100": 0.6080558381569071, "DJIA": -0.11108026269691053, "GBPUSD": 0.465452210898004, "Gold": -0.8388900838890084}
