{"FTSE100": -0.1211109884318451, "DJIA": -0.03919546806895869, "GBPUSD": -0.7965663987196591, "Gold": 0.31168519795007316}
