{"FTSE100": -0.14346524942141226, "DJIA": -0.4010766219380586, "GBPUSD": -0.10315355142940213, "Gold": -1.5918270373010373}
