{"FTSE100": 0.06609853402894124, "DJIA": 0.12162051830827923, "GBPUSD": 0.007922047056958646, "Gold": -0.024441511463068874}
