{"FTSE100": 0.32139837159761386, "DJIA": 0.08233753137203556, "GBPUSD": -0.24792066538706659, "Gold": 0.393054595715269}
