{"FTSE100": -0.895183199164811, "DJIA": -1.197099874144723, "GBPUSD": -0.8971401369511951, "Gold": -2.731485245102035}
