{"FTSE100": -0.12103771944479073, "DJIA": 0.9966847090039459, "GBPUSD": -0.08750182295465143, "Gold": 0.09163942939181964}
