{"FTSE100": -0.13398471510109228, "DJIA": 0.09292343123922794, "GBPUSD": 0.16355406793198235, "Gold": 0.47513589691967717}
