{"FTSE100": 0.6362398305118172, "DJIA": -1.0210169772739706, "GBPUSD": -1.2196133742636635, "Gold": -0.1673143350604564}
