{"FTSE100": -0.05446869113064201, "DJIA": 0.03159185761286059, "GBPUSD": 0.3388227878023773, "Gold": 0.24977884165061948}
