{"FTSE100": 0.17787908482808135, "DJIA": -0.2212937402074206, "GBPUSD": -0.06619228859838937, "Gold": -0.20765027322404123}
