{"FTSE100": -0.10407454541533097, "DJIA": 0.15737981092133618, "GBPUSD": -0.33222591362126186, "Gold": -0.9588211546225271}
