{"FTSE100": -0.27972314415282395, "DJIA": 0.10740883121825397, "GBPUSD": 0.3161997205676866, "Gold": 0.3639128781706613}
