{"FTSE100": 0.30425382905513915, "DJIA": 0.8180245399739388, "GBPUSD": 0.6424318395487296, "Gold": 0.26803118908381696}
