{"FTSE100": 0.5602659994415988, "DJIA": -0.2613344519060054, "GBPUSD": 0.015719562996146977, "Gold": -0.20259919948608535}
