{"FTSE100": -0.248226488773182, "DJIA": 0.2333292902240386, "GBPUSD": 0.17391304347825925, "Gold": -0.24917341511331725}
