{"FTSE100": 0.5739607563638351, "DJIA": -0.17852899450364923, "GBPUSD": 0.27976852029279353, "Gold": 1.6729068748506515}
