{"FTSE100": 0.19042809153229104, "DJIA": 1.042902600868546, "GBPUSD": 0.01841552797319314, "Gold": 0.0}
