{"FTSE100": 0.28038991289203297, "DJIA": -1.6946282708172697, "GBPUSD": -0.023752969121137526, "Gold": 0.21105664488016807}
