{"FTSE100": -1.0081938293216977, "DJIA": -1.3222357126120865, "GBPUSD": 0.11811023622047692, "Gold": 0.6989135699951496}
