{"FTSE100": 0.056816978308617, "DJIA": 0.05586302104849137, "GBPUSD": -0.23926260050990367, "Gold": -0.5884615384615279}
