{"FTSE100": 0.04017982521776105, "DJIA": 0.30657961034598347, "GBPUSD": -0.3562225253903234, "Gold": 0.0}
