{"FTSE100": -2.1107782416746304, "DJIA": -2.7510452406633026, "GBPUSD": -0.28129395218003184, "Gold": -1.3315743908974802}
