{"FTSE100": 0.39313451607671934, "DJIA": 0.40257879785867146, "GBPUSD": -0.30697751597113054, "Gold": 0.12953367875646932}
