{"FTSE100": -0.06498475357704749, "DJIA": -1.3355971700710638, "GBPUSD": -0.11377399346716632, "Gold": 0.9058228567946757}
