{"FTSE100": -0.8115708717146358, "DJIA": 0.8912355318991225, "GBPUSD": -0.07120253164556178, "Gold": 1.730164278224393}
