{"FTSE100": -0.8781766631827652, "DJIA": 0.20438198437375513, "GBPUSD": -0.2550626062760922, "Gold": 1.2797667260651222}
