{"FTSE100": 0.0819537349460929, "DJIA": -0.4718065581230504, "GBPUSD": -0.18037222267770597, "Gold": -0.4436989340403682}
