{"FTSE100": 0.9404194125741158, "DJIA": -0.49974212511803834, "GBPUSD": 0.13097331886391053, "Gold": 1.7745981603642162}
