{"FTSE100": 3.044086318344477, "DJIA": -2.1037985936424555, "GBPUSD": 1.2523896843665967, "Gold": 3.0623261900867123}
