{"FTSE100": 0.2727667063094508, "DJIA": 0.23153066744324088, "GBPUSD": 0.40188577169797457, "Gold": 0.0}
