{"FTSE100": -0.18371434668915587, "DJIA": -0.16919160145741743, "GBPUSD": 0.04754734923527489, "Gold": 0.0}
