{"FTSE100": -0.26827870618889776, "DJIA": 1.7620722613699078, "GBPUSD": 0.04706989879971239, "Gold": 0.004128478242915905}
