{"FTSE100": -0.12124625878915866, "DJIA": -0.2593682601085498, "GBPUSD": -0.20123780233132407, "Gold": -0.4762093733878328}
