{"FTSE100": -0.034069284323346355, "DJIA": 0.30194559396477405, "GBPUSD": 0.3485716575183362, "Gold": 0.7815511863456412}
