{"FTSE100": 0.5408584503531674, "DJIA": 0.13257324971450662, "GBPUSD": -0.10802756565468068, "Gold": -0.6293810589112575}
