{"FTSE100": -0.9082762256194, "DJIA": -0.9782146707198871, "GBPUSD": -0.3212520593080737, "Gold": -0.4909732521863722}
