{"FTSE100": -0.2281184295959287, "DJIA": -0.21835283908797154, "GBPUSD": 0.0, "Gold": -0.5487613671997491}
