{"FTSE100": 0.2071442767223419, "DJIA": 1.226346138227884, "GBPUSD": 0.41621576625323525, "Gold": 0.47545333923042393}
