{"FTSE100": -0.4133400774984833, "DJIA": -0.5723098257942123, "GBPUSD": -0.6960556844547533, "Gold": 1.4017001266051727}
