{"FTSE100": 0.2032846520087912, "DJIA": -0.39305834460504896, "GBPUSD": 0.25342874180084, "Gold": 0.278434777401866}
