{"FTSE100": -0.49185893201608477, "DJIA": 0.127595015725482, "GBPUSD": -0.02386824727503914, "Gold": -0.1477932932422721}
