{"FTSE100": 0.8715327461599196, "DJIA": 0.5562740824610231, "GBPUSD": -0.35376388317564544, "Gold": 0.33126736482154545}
