{"FTSE100": -0.08804449117821213, "DJIA": -0.1707605734446902, "GBPUSD": -0.06312633157106715, "Gold": -0.04159261920066204}
