{"FTSE100": 1.804609528971547, "DJIA": 0.3126579848380299, "GBPUSD": -0.7595519410771843, "Gold": -0.2124216063119586}
