{"FTSE100": -0.22649366864548306, "DJIA": 0.5392848461459466, "GBPUSD": 0.4317854707976697, "Gold": -0.09198717151877826}
