{"FTSE100": 0.6486696351065441, "DJIA": 1.02572767302188, "GBPUSD": -0.045906656465199376, "Gold": 0.06523407521106189}
