{"FTSE100": -0.844629555988096, "DJIA": -0.9545780880808771, "GBPUSD": 0.46201032728967834, "Gold": 0.7021791767554543}
