{"FTSE100": -0.06043033877123769, "DJIA": 0.0, "GBPUSD": 0.05099039027260556, "Gold": 0.45384615384616084}
