{"FTSE100": -0.5641846903462147, "DJIA": 0.46948262446271805, "GBPUSD": -0.26574327588982594, "Gold": 0.2448854650272922}
