{"FTSE100": -0.06174044317687955, "DJIA": -0.07809321196478494, "GBPUSD": 0.0472292191435891, "Gold": -0.1561605330279527}
