{"FTSE100": -0.7554321087280778, "DJIA": -0.15947179042815532, "GBPUSD": -0.18922967752108788, "Gold": -0.05406999606763218}
