{"FTSE100": 0.19251145185311044, "DJIA": -0.24123819381647446, "GBPUSD": -0.0862948144661568, "Gold": 0.20642391214598296}
