{"FTSE100": 0.014658148213694435, "DJIA": 0.6396927571564557, "GBPUSD": 0.09504197687310847, "Gold": -0.32125735185093657}
