{"FTSE100": 0.11479446956496521, "DJIA": -2.4827916038508784, "GBPUSD": -0.12334143150812403, "Gold": 1.180200810287118}
