{"FTSE100": 0.3545142769064717, "DJIA": 0.6896185615159817, "GBPUSD": -0.12050128534704825, "Gold": -0.5370107831765262}
