{"FTSE100": 0.14021972597000457, "DJIA": 1.045956616328452, "GBPUSD": 0.5752961082910439, "Gold": 0.0}
