{"FTSE100": 0.3677859437796629, "DJIA": 1.0462668361610967, "GBPUSD": 0.3098567959132245, "Gold": 0.20725388601037262}
