{"FTSE100": 0.40803075654748544, "DJIA": 1.002838803491477, "GBPUSD": -0.5593193634788172, "Gold": -0.537345513164965}
