{"FTSE100": -0.014598523496216985, "DJIA": 0.023032329668518616, "GBPUSD": -0.22575151491148315, "Gold": 1.8310445276737315}
