{"FTSE100": -0.022340218869387522, "DJIA": 0.2994536296275326, "GBPUSD": -0.4117057972627087, "Gold": 0.15935784689841337}
