{"FTSE100": 0.36986890772225467, "DJIA": 0.03104622192506316, "GBPUSD": -0.09648629090615646, "Gold": 0.2553626149131767}
