{"FTSE100": -0.004503791846303332, "DJIA": 0.5418160901648358, "GBPUSD": 0.11084718923197512, "Gold": 0.21446078431371618}
