{"FTSE100": 0.7909447998156712, "DJIA": -1.1185536979590924, "GBPUSD": -0.15673981191222675, "Gold": 0.7591754650578248}
