{"FTSE100": 0.8305299215371881, "DJIA": 0.11629161373842425, "GBPUSD": 0.8163265306122421, "Gold": 1.0660888407367242}
