{"FTSE100": 0.5510103643353901, "DJIA": 0.8057610140539443, "GBPUSD": 0.831946755407663, "Gold": 0.3303964757709251}
