{"FTSE100": 0.017641125638486205, "DJIA": 0.15975801488197997, "GBPUSD": 0.016289297931257368, "Gold": 0.0}
