{"FTSE100": -0.7133679259683998, "DJIA": -1.4480757683791783, "GBPUSD": -0.5850329081010704, "Gold": 1.1923392205082346}
