{"FTSE100": -0.4243059321846716, "DJIA": -0.7699569309741626, "GBPUSD": -0.12719612051832782, "Gold": -0.12985029025359346}
