{"FTSE100": 0.1903202916058418, "DJIA": -0.7569350672569676, "GBPUSD": -0.2948161493735196, "Gold": -0.6000208702911405}
