{"FTSE100": -0.3017068379798034, "DJIA": -1.2634768174566209, "GBPUSD": -0.3918952722421351, "Gold": -0.7926167209554782}
