{"FTSE100": -0.7842008792335553, "DJIA": -0.3142083964105288, "GBPUSD": 0.026771713772140014, "Gold": 1.8159386266530795e-14}
