{"FTSE100": -0.6780112208638732, "DJIA": -0.5618624186262472, "GBPUSD": -0.08755870413116922, "Gold": -0.17651334233204566}
