{"FTSE100": 0.08501267933008877, "DJIA": 0.6042520704503896, "GBPUSD": 0.17281538808326627, "Gold": 0.0}
