{"FTSE100": -0.8615685532210265, "DJIA": -1.0884969763853052, "GBPUSD": 0.263059000375803, "Gold": 0.762739781567542}
