{"FTSE100": -0.7345311242989868, "DJIA": -0.3262904589278073, "GBPUSD": 0.03962593120937905, "Gold": 0.03452527743526735}
