{"FTSE100": 0.004875811756766715, "DJIA": -0.6416491151959635, "GBPUSD": -0.43002345582486784, "Gold": -1.348039215686279}
