{"FTSE100": 0.15614991818173565, "DJIA": -0.07037518979110868, "GBPUSD": 0.2150023889154264, "Gold": 0.11985788279612097}
