{"FTSE100": -0.6652909490064568, "DJIA": -1.16738558779284, "GBPUSD": -0.07337833871440343, "Gold": -3.0641217761653055}
