{"FTSE100": -0.022088038129806538, "DJIA": 0.1878548627727666, "GBPUSD": 0.27868460864718997, "Gold": 0.019699581383900072}
