{"FTSE100": 0.1136540229309846, "DJIA": 0.3459584676963842, "GBPUSD": 0.14757727309994456, "Gold": 0.18813158460546117}
