{"FTSE100": -0.44303988871080097, "DJIA": 0.9684293027015147, "GBPUSD": -0.5161193806567362, "Gold": -1.3689394383537496}
