{"FTSE100": -0.43611338685891565, "DJIA": -0.12842138139727802, "GBPUSD": -0.07128712871286344, "Gold": -0.2063679245283041}
