{"FTSE100": 0.6059402409169686, "DJIA": -0.3375325066317975, "GBPUSD": 0.008141996417538759, "Gold": -0.3074558032282859}
