{"FTSE100": 1.0459753467650137, "DJIA": -0.20337129924703878, "GBPUSD": -0.20819987187701453, "Gold": 0.0}
