{"FTSE100": 0.6811293954910417, "DJIA": 0.4670862221125936, "GBPUSD": -0.26552975055162437, "Gold": 1.093524475866631}
