{"FTSE100": -0.0637028437718782, "DJIA": -0.0025957097828106066, "GBPUSD": -0.16236162361623466, "Gold": -0.8613186879145365}
