{"FTSE100": 0.8939828970430925, "DJIA": 0.855473212411845, "GBPUSD": 0.5435677812551424, "Gold": 0.7734983463138803}
