{"FTSE100": 0.03054371320273164, "DJIA": 0.2973710194088548, "GBPUSD": -0.10148163182461956, "Gold": -0.682902153490392}
