{"FTSE100": 0.40751046700454924, "DJIA": -0.45685820045751624, "GBPUSD": -0.33436828278003194, "Gold": -1.7353116739148895}
