{"FTSE100": 0.7808098744682579, "DJIA": 0.0, "GBPUSD": 0.5823142833374839, "Gold": -0.6446991404011486}
