{"FTSE100": 0.1484168216229201, "DJIA": 0.7894633529961277, "GBPUSD": -0.04845352499393797, "Gold": -0.050497399383931725}
