{"FTSE100": -0.16749577893494946, "DJIA": -0.9813398007685767, "GBPUSD": 0.030995738086026965, "Gold": 0.29110870830907426}
