{"FTSE100": 1.074142100712776, "DJIA": 0.6420607733242925, "GBPUSD": 0.13377400062950995, "Gold": 0.27269572115622986}
