{"FTSE100": 0.13103871915925971, "DJIA": -0.03906748256487403, "GBPUSD": -0.29096534197634694, "Gold": 0.0}
