{"FTSE100": 0.21435511095096701, "DJIA": 1.009685255902835, "GBPUSD": 0.476509567418672, "Gold": -0.08052250156572344}
