{"FTSE100": -0.05970420981612223, "DJIA": -1.2890422287925116, "GBPUSD": 0.4554865424430692, "Gold": -0.08220979940808944}
