{"FTSE100": -0.5720490992650582, "DJIA": 0.023032329668518616, "GBPUSD": -0.2576808721506422, "Gold": 0.18419975440031502}
