{"FTSE100": 0.13122609379426248, "DJIA": 0.0, "GBPUSD": -0.0483364214935901, "Gold": -0.08990110878033936}
