{"FTSE100": -0.13001605338854486, "DJIA": -1.719878054908802, "GBPUSD": 0.06764183647585287, "Gold": -1.2067752584014262}
