{"FTSE100": 1.0653344785648353, "DJIA": -0.5425178790444335, "GBPUSD": -1.1623726782504367, "Gold": 1.2893655864901905}
