{"FTSE100": -0.010469549414292819, "DJIA": 0.483009517089941, "GBPUSD": 0.44779461153817485, "Gold": 1.9486448566910897}
