{"FTSE100": 0.47907007316247613, "DJIA": 0.15103829833611634, "GBPUSD": -0.03165558721113928, "Gold": 0.06449671066775593}
