{"FTSE100": 0.6681029952706222, "DJIA": 0.3095057545104177, "GBPUSD": -0.24332721895706025, "Gold": -0.06787056114410815}
