{"FTSE100": 0.5385219516479831, "DJIA": 0.3023118509650154, "GBPUSD": 0.27461432840643485, "Gold": 0.11563018450555299}
