{"FTSE100": -0.0012226084759390042, "DJIA": -0.4948898040914321, "GBPUSD": 0.13173061090069352, "Gold": 0.8110980589584382}
