{"FTSE100": -1.0421998718001886, "DJIA": -0.27556613968992016, "GBPUSD": -0.12048192771084792, "Gold": 0.49066666666667313}
