{"FTSE100": -0.7560343846819436, "DJIA": 0.01519814134977231, "GBPUSD": -0.25060693867962186, "Gold": -0.9827755650959499}
