{"FTSE100": 0.17416210894898387, "DJIA": -0.4457888358008879, "GBPUSD": -0.011904289512310819, "Gold": -1.082130965593794}
