{"FTSE100": 1.0266907511205368, "DJIA": 0.09312923497167463, "GBPUSD": 0.2640288572384935, "Gold": -0.07498383968971263}
