{"FTSE100": 0.3087857323857004, "DJIA": -0.28645766650004273, "GBPUSD": 0.007902015013827656, "Gold": 0.20873657444305285}
