{"FTSE100": 0.6486696351065441, "DJIA": 1.02572767302188, "GBPUSD": -0.3243160746308417, "Gold": -0.279158699808785}
