{"FTSE100": 0.31225756871977184, "DJIA": 0.0029954041607710914, "GBPUSD": 0.7326892109500892, "Gold": -0.2646502835538752}
