{"FTSE100": 1.0508559495046033, "DJIA": 1.562323511518349, "GBPUSD": -0.15058496467044258, "Gold": 0.19099956438695231}
