{"FTSE100": -0.280527168468822, "DJIA": -0.014844773561772842, "GBPUSD": -0.1195100089632375, "Gold": 0.5250262513125656}
