{"FTSE100": 0.23326760156932644, "DJIA": -0.3698159508653571, "GBPUSD": 0.07945967421534461, "Gold": 0.374531835205983}
