{"FTSE100": -0.019076309211070085, "DJIA": -0.28361335320611575, "GBPUSD": -0.13135210573843065, "Gold": -0.5544803054872579}
