{"FTSE100": 0.12277330814355536, "DJIA": 0.33350699889492147, "GBPUSD": -0.6100942872989494, "Gold": -0.42787916280029803}
