{"FTSE100": -0.3314733920472421, "DJIA": -0.5333565410874059, "GBPUSD": -0.2644473827487026, "Gold": -0.050491141099784684}
