{"FTSE100": -0.14346524942141226, "DJIA": -0.3078819966269235, "GBPUSD": -0.2388915432393675, "Gold": -0.15168916722647194}
