{"FTSE100": -1.5653077399545794, "DJIA": -1.0231216312168163, "GBPUSD": 0.17350157728706464, "Gold": -0.8164974353606268}
