{"FTSE100": 0.7237866185656555, "DJIA": -0.11664376752894585, "GBPUSD": -0.24311183144245477, "Gold": 0.0}
