{"FTSE100": 1.7225403279653537, "DJIA": 0.6714124255858969, "GBPUSD": 0.24597318098866164, "Gold": -0.052140361854111264}
