{"FTSE100": 0.4096376221009573, "DJIA": -0.09035383392203637, "GBPUSD": -0.359740986489741, "Gold": -0.4211511464670169}
