{"FTSE100": -0.3941778188568549, "DJIA": -0.006742716151048887, "GBPUSD": -0.05745711236970737, "Gold": 0.11213755540129954}
