{"FTSE100": -0.3672444646243423, "DJIA": -0.1601575579645757, "GBPUSD": 0.08712871287129513, "Gold": 0.0}
