{"FTSE100": 0.3533085433407055, "DJIA": -0.4120482648072156, "GBPUSD": 0.0, "Gold": -0.8700016730801481}
