{"FTSE100": 0.45669661591979066, "DJIA": 0.0, "GBPUSD": -0.08705286483065058, "Gold": 0.06449671066775593}
