{"FTSE100": 0.04664770513066846, "DJIA": -0.2386402058404856, "GBPUSD": 0.19182307142588875, "Gold": 1.7606378159635243}
