{"FTSE100": -0.7501339097830635, "DJIA": -1.215453715172216, "GBPUSD": -0.2775559864643877, "Gold": -0.21610372979030296}
