{"FTSE100": -0.46698031015855396, "DJIA": -0.1601575579645757, "GBPUSD": -0.03168316831682819, "Gold": 0.0}
