{"FTSE100": 0.21710444194798167, "DJIA": -0.31988677401942933, "GBPUSD": 0.07830853563038336, "Gold": -0.07754249925439634}
