{"FTSE100": 0.9244392495861947, "DJIA": -0.3551545841087541, "GBPUSD": -0.37620590755017524, "Gold": -0.23001725129384704}
