{"FTSE100": -0.7554321087280778, "DJIA": -0.35889492079140756, "GBPUSD": -0.22865252700464422, "Gold": -0.05406999606763218}
