{"FTSE100": 0.45091350336553204, "DJIA": 0.8543604466239246, "GBPUSD": -0.17844786773005875, "Gold": -1.9196736554785685}
