{"FTSE100": -0.18371434668915587, "DJIA": -0.03521850494473099, "GBPUSD": 0.04755488626455844, "Gold": 0.5428613729457632}
