{"FTSE100": -0.06509560591640944, "DJIA": 0.36800301822922377, "GBPUSD": 0.1587679606255459, "Gold": 0.0}
