{"FTSE100": -1.0935653978042237, "DJIA": -0.1486965317705832, "GBPUSD": -0.03387406375850348, "Gold": 0.7187017001545736}
