{"FTSE100": -0.17646757711362968, "DJIA": 0.03794789956680398, "GBPUSD": -0.13392153773436544, "Gold": -0.24424796052952957}
