{"FTSE100": -1.749979067236031, "DJIA": -0.8458801573474455, "GBPUSD": -0.3626107977437509, "Gold": -0.16223889677550424}
