{"FTSE100": 0.40831096373493003, "DJIA": 0.9050709096951585, "GBPUSD": 0.6095049831150707, "Gold": -0.53958700840511}
