{"FTSE100": 2.7064117744816962, "DJIA": 0.023995406367871397, "GBPUSD": 0.5778529030229326, "Gold": 0.8064242876020797}
