{"FTSE100": -0.16493718125130116, "DJIA": -0.14109263645690004, "GBPUSD": -0.04752098843657183, "Gold": -0.15815746552661716}
