{"FTSE100": -0.2225579101136437, "DJIA": -0.14142238320506612, "GBPUSD": 0.2715438064052448, "Gold": -0.8321716723693774}
