{"FTSE100": -0.17192758074830686, "DJIA": -0.21207662095522664, "GBPUSD": 0.09047726758652566, "Gold": -1.2918840761928683}
