{"FTSE100": 0.6681029952706222, "DJIA": 0.4141195580807188, "GBPUSD": -0.3107101411297777, "Gold": 0.2739061931887088}
