{"FTSE100": -0.4384827440470879, "DJIA": 1.2579542251060856, "GBPUSD": 0.02634649403440645, "Gold": 0.13910355486863848}
