{"FTSE100": 1.171617550136535, "DJIA": -0.009923172859489434, "GBPUSD": 0.27880340592267455, "Gold": 2.5155481295832227}
