{"FTSE100": -0.17325668037776346, "DJIA": 0.9651360103565871, "GBPUSD": -0.015306903413437776, "Gold": -0.08654425045154206}
