{"FTSE100": 0.40831096373493003, "DJIA": 1.059123636891754, "GBPUSD": 0.5765587678115573, "Gold": -0.53958700840511}
