{"FTSE100": -0.01495668679473381, "DJIA": -0.761685837208147, "GBPUSD": -0.057727197756897976, "Gold": 0.0}
