{"FTSE100": 0.7000001043997287, "DJIA": 1.011049412844147, "GBPUSD": 0.10519197535502801, "Gold": -1.0635198135198178}
