{"FTSE100": 0.3643271115081424, "DJIA": 1.06403197348351, "GBPUSD": -0.5719278735403823, "Gold": 0.5650986115789045}
