{"FTSE100": 0.28939601631559997, "DJIA": 0.8742343201323381, "GBPUSD": 0.04502138515796173, "Gold": -1.226517997818444}
