{"FTSE100": -0.4163923276728919, "DJIA": 0.4697663719506376, "GBPUSD": 0.15697385045370094, "Gold": 0.2832540222071153}
