{"FTSE100": -1.3027023664763662, "DJIA": -2.5846549704372133, "GBPUSD": 0.6561418857120206, "Gold": -0.9937417030153544}
