{"FTSE100": 0.031207308466761036, "DJIA": 0.19542928964835954, "GBPUSD": -0.24357664807103813, "Gold": -0.2128939695469229}
