{"FTSE100": 0.07896549825483709, "DJIA": -0.25280291383128867, "GBPUSD": 0.031565656565653084, "Gold": 0.35953260761010913}
