{"FTSE100": -0.3372593595820767, "DJIA": -0.7645887233108428, "GBPUSD": 0.18637556578297235, "Gold": 0.970404670827476}
