{"FTSE100": -0.6640426595478102, "DJIA": -0.6459536137669861, "GBPUSD": 0.15734403272755892, "Gold": 0.19279870772758298}
