{"FTSE100": 0.09000689663234314, "DJIA": 0.28269037535719965, "GBPUSD": -0.1557996416608243, "Gold": -0.7815275310834744}
