{"FTSE100": 0.15826396411506713, "DJIA": 0.12120043233245743, "GBPUSD": 0.03327510190499591, "Gold": 0.0}
