{"FTSE100": -1.4824683726850099, "DJIA": -0.23813525932841723, "GBPUSD": 0.2769863880975038, "Gold": -1.0217176702862694}
