{"FTSE100": -0.25261976047904283, "DJIA": -0.5697522268793063, "GBPUSD": -0.2971071149335438, "Gold": -1.1131535947712394}
