{"FTSE100": 0.103653732214666, "DJIA": 1.176177736463645, "GBPUSD": -0.19094597820033077, "Gold": -0.40704530756648805}
