{"FTSE100": -0.37863655867117585, "DJIA": 0.20472902309917565, "GBPUSD": -0.08405930001527426, "Gold": -0.3622264170195468}
