{"FTSE100": -0.31985001334516205, "DJIA": -0.20163508038452232, "GBPUSD": 1.6431925177609066e-14, "Gold": 0.00575754958689058}
