{"FTSE100": 1.5028568495287322, "DJIA": -0.10220998464917101, "GBPUSD": -0.0634920634920565, "Gold": 0.2697167973627623}
