{"FTSE100": -0.05003200805484179, "DJIA": 0.714870977089899, "GBPUSD": -0.17620815056422992, "Gold": 0.0}
