{"FTSE100": 0.0007250229590542158, "DJIA": -1.2071019998038754, "GBPUSD": 0.056640108749010945, "Gold": -1.100222449347693}
