{"FTSE100": 0.0688925874701439, "DJIA": -0.0238329906117839, "GBPUSD": -0.3985684073531726, "Gold": 0.0}
