{"FTSE100": -1.2076874182695587, "DJIA": -1.2930995718921856, "GBPUSD": 0.36342611712232253, "Gold": 2.3918707660239757}
