{"FTSE100": 0.3409952682567313, "DJIA": 0.05193142836896017, "GBPUSD": -0.1349956324942456, "Gold": 0.619271736437949}
