{"FTSE100": 1.2586746404316809, "DJIA": 0.03127730146425357, "GBPUSD": 0.40303079155246596, "Gold": -0.1814607591108377}
