{"FTSE100": 0.03807434955202505, "DJIA": 0.9176748216707366, "GBPUSD": -0.11019283746555261, "Gold": 0.4656692757356516}
