{"FTSE100": -0.2844186985114426, "DJIA": -0.03446649904024155, "GBPUSD": -0.007871536523928604, "Gold": -0.3821027979785604}
