{"FTSE100": -0.03193334639697429, "DJIA": -0.37501581505559534, "GBPUSD": 0.07896221094190603, "Gold": 0.24484750517032786}
