{"FTSE100": -0.058114404992841304, "DJIA": -0.550072421683138, "GBPUSD": -0.4378420641125918, "Gold": -1.0927287581699392}
