{"FTSE100": 0.5775987245589498, "DJIA": 0.968037930444147, "GBPUSD": 0.41837571780146693, "Gold": 0.8367279533193903}
