{"FTSE100": -0.16917430862686303, "DJIA": 0.5062714486926276, "GBPUSD": -0.2185880829015483, "Gold": 0.3484320557491313}
