{"FTSE100": 0.8484255900519785, "DJIA": -0.5264129602364311, "GBPUSD": -0.4896366380738374, "Gold": 0.0}
