{"FTSE100": -0.03409022854272481, "DJIA": 0.6309906179278609, "GBPUSD": 0.2018163471241293, "Gold": -0.3668655283549431}
