{"FTSE100": -0.317632134478154, "DJIA": 0.0790534080434149, "GBPUSD": 0.784222377513782, "Gold": 1.1808367071524966}
