{"FTSE100": -0.5593219669489113, "DJIA": -0.31301195247437186, "GBPUSD": -0.6758349705304473, "Gold": -0.3859871989055486}
