{"FTSE100": -0.5928423738757361, "DJIA": -0.5784810709515997, "GBPUSD": -0.29316807065720846, "Gold": -0.7344684208928896}
