{"FTSE100": -0.6179053887376841, "DJIA": -0.7453123533346824, "GBPUSD": -0.2882319031540853, "Gold": 0.6147124568177154}
