{"FTSE100": -0.9043821425635035, "DJIA": -0.5799225512673502, "GBPUSD": -0.12620950778291423, "Gold": 1.8159386266530795e-14}
