{"FTSE100": 0.43271441693392404, "DJIA": 0.3269463908926365, "GBPUSD": 0.1046885515591001, "Gold": 0.2760654993760232}
