{"FTSE100": 0.27904295921655053, "DJIA": 0.05898526503117041, "GBPUSD": -0.2014173815740339, "Gold": -3.41296928327645}
