{"FTSE100": 0.509369159721231, "DJIA": -0.2613344519060054, "GBPUSD": 0.015719562996146977, "Gold": 0.0}
