{"FTSE100": -1.1302170893940402, "DJIA": 1.1420242096903337, "GBPUSD": -0.14736678817963333, "Gold": -0.07889411038315719}
