{"FTSE100": 0.18203218566251453, "DJIA": -0.3052955084015219, "GBPUSD": -0.1687560270009636, "Gold": 0.09096881791074718}
