{"FTSE100": 0.3294792629708741, "DJIA": -0.7318917399947779, "GBPUSD": 0.3479413470300705, "Gold": -0.937466709278785}
