{"FTSE100": 0.10937749492461217, "DJIA": 0.2771280948387882, "GBPUSD": 0.586119083228908, "Gold": -0.28480252547782253}
