{"FTSE100": 0.1566119218309245, "DJIA": -0.030124164077094923, "GBPUSD": -0.5906480721903277, "Gold": -0.011009578333152343}
