{"FTSE100": -0.013282624959229978, "DJIA": 0.5957521958965001, "GBPUSD": 0.1494544911074579, "Gold": -0.3530966358338969}
