{"FTSE100": -0.05363710079410558, "DJIA": -0.10983058828350568, "GBPUSD": -0.3345253201061141, "Gold": 0.15481405843408125}
