{"FTSE100": 0.21944117000154528, "DJIA": -0.01011110219698209, "GBPUSD": 0.263695450324989, "Gold": 1.14295999640013}
