{"FTSE100": 0.21227578534169175, "DJIA": 0.9686424484211156, "GBPUSD": 0.1334170459896433, "Gold": 0.07306380905991232}
