{"FTSE100": 0.03890328642993519, "DJIA": 0.4426726906979775, "GBPUSD": -0.024007682458384038, "Gold": -0.09076763485476785}
