{"FTSE100": 0.7966326247385376, "DJIA": 0.49099745223167707, "GBPUSD": 0.12353535731667363, "Gold": 0.3445980342248395}
