{"FTSE100": -0.5014987618923441, "DJIA": -0.5915571342052401, "GBPUSD": 0.692933687857541, "Gold": 2.011190080145173}
