{"FTSE100": 0.206151725043497, "DJIA": -0.06243030544128157, "GBPUSD": -0.30256069662755464, "Gold": 0.0}
