{"FTSE100": -0.559224987962398, "DJIA": -0.31661186361566174, "GBPUSD": -0.05461496450026706, "Gold": -0.22977941176470587}
