{"FTSE100": 0.7874970521373037, "DJIA": 0.06517049275640284, "GBPUSD": -0.4952856147044658, "Gold": 0.0}
