{"FTSE100": -1.163205838343001, "DJIA": 0.150298832457945, "GBPUSD": 0.4418145956607534, "Gold": 0.052235687421646464}
