{"FTSE100": 0.3445042715439921, "DJIA": -0.20583182580648335, "GBPUSD": -0.03981525720655717, "Gold": 0.11985788279612097}
