{"FTSE100": 0.21371348387991498, "DJIA": 0.15975801488197997, "GBPUSD": 0.993647173806808, "Gold": 0.0}
