{"FTSE100": 0.5871443232368759, "DJIA": 2.4677603503015355, "GBPUSD": 0.6393909154747419, "Gold": 0.0}
