{"FTSE100": 0.1730082037344607, "DJIA": -0.6339147454894538, "GBPUSD": 0.2801812937783329, "Gold": -0.30779199740806984}
