{"FTSE100": 1.5223842787741897, "DJIA": 1.1593234234662075, "GBPUSD": 0.24691358024690466, "Gold": 0.30321406913280774}
