{"FTSE100": -0.04155618685045135, "DJIA": -1.6946282708172697, "GBPUSD": 0.4354711005542231, "Gold": -0.1531862745098039}
