{"FTSE100": 0.49544653439201236, "DJIA": 0.4896193646091157, "GBPUSD": -0.2676533102416632, "Gold": 0.23784812316208268}
