{"FTSE100": -0.03585145470169119, "DJIA": 1.2101363928132116, "GBPUSD": 0.030971738288808046, "Gold": -0.16566165264064672}
