{"FTSE100": 1.0600029225735523, "DJIA": -0.13681937263262328, "GBPUSD": 0.04488330341114272, "Gold": 0.06278923745958973}
