{"FTSE100": -0.2741336164404287, "DJIA": 0.19651595316745127, "GBPUSD": -0.2323345617689395, "Gold": -0.34186315419033503}
