{"FTSE100": 0.0, "DJIA": 0.14011735678268303, "GBPUSD": -0.19649334945587646, "Gold": -0.6462915177197552}
