{"FTSE100": 0.586571281619679, "DJIA": 2.574584151325426, "GBPUSD": -0.9320505111244713, "Gold": -3.1600407747196764}
