{"FTSE100": -0.004503791846303332, "DJIA": 0.5104538498416635, "GBPUSD": 0.05542359461598756, "Gold": 0.21446078431371618}
