{"FTSE100": 0.12808142354053342, "DJIA": 3.571726318202797, "GBPUSD": 0.34164143178817913, "Gold": -0.19118308591994163}
