{"FTSE100": -1.0651665879167873, "DJIA": -0.7580271592361629, "GBPUSD": 0.36449052324639136, "Gold": 0.0}
