{"FTSE100": 0.7000001043997287, "DJIA": 1.011049412844147, "GBPUSD": -0.10516036956357289, "Gold": -0.34479409479411244}
