{"FTSE100": 0.260212456410624, "DJIA": -0.6042097229734193, "GBPUSD": -0.07968127490040731, "Gold": 0.6125642745361177}
