{"FTSE100": 0.7955447106879341, "DJIA": 0.483009517089941, "GBPUSD": 0.31345622807672074, "Gold": 1.9486448566910897}
