{"FTSE100": 0.19890032494684684, "DJIA": 1.0882445533167906, "GBPUSD": 1.1809741000162859, "Gold": 0.0}
