{"FTSE100": 1.4118227160607186, "DJIA": 0.5017275560169973, "GBPUSD": 0.031167212092874857, "Gold": 0.4573804573804574}
