{"FTSE100": -1.3116657974541797, "DJIA": -1.9480533964905793, "GBPUSD": 0.5023942224664386, "Gold": -0.004106776180694417}
