{"FTSE100": -0.15115199693789844, "DJIA": 0.36800301822922377, "GBPUSD": 0.19052155275065155, "Gold": 0.0}
