{"FTSE100": 0.26171820779506855, "DJIA": 0.09898491425418575, "GBPUSD": -0.15042007557690762, "Gold": -1.0374352847471018}
