{"FTSE100": 0.4676430067973049, "DJIA": -0.305081231250134, "GBPUSD": -0.1646387985383195, "Gold": 0.9603581486027839}
