{"FTSE100": -0.10868991489008901, "DJIA": 0.0033817527602802238, "GBPUSD": 0.2434346414871539, "Gold": 0.5343344111360772}
