{"FTSE100": -0.5616795818113363, "DJIA": 1.706561154675814e-14, "GBPUSD": 0.08125457056960364, "Gold": 0.11550786198673182}
