{"FTSE100": -1.3116657974541797, "DJIA": -1.513607747799949, "GBPUSD": 0.0, "Gold": 0.4246196974069228}
