{"FTSE100": -0.32527165578184525, "DJIA": 1.7349133347044125e-14, "GBPUSD": -0.5981645362176404, "Gold": -0.15506738046888752}
