{"FTSE100": -0.28887995026876623, "DJIA": 0.3293076217979727, "GBPUSD": -0.02497294597519079, "Gold": 0.0}
