{"FTSE100": -0.022819142000253763, "DJIA": 0.8120616239471145, "GBPUSD": -0.026677845954483817, "Gold": 0.049134477284760066}
