{"FTSE100": 0.26971166850938955, "DJIA": 0.34937839824880307, "GBPUSD": -0.6096595407759334, "Gold": -1.0362948774618208}
