{"FTSE100": 0.199229570196166, "DJIA": -0.7039618168513665, "GBPUSD": 0.17128388442061132, "Gold": -0.038386582413044996}
