{"FTSE100": -1.3783564086427538, "DJIA": -0.42703456344992585, "GBPUSD": 0.38863249939275485, "Gold": 0.7097670112636915}
