{"FTSE100": 0.11259065678313845, "DJIA": 0.029287993464166842, "GBPUSD": -0.05645161290321959, "Gold": 0.0}
