{"FTSE100": 0.018635634564896315, "DJIA": -0.5937798212891447, "GBPUSD": 0.2434346414871539, "Gold": -0.3096399408121808}
