{"FTSE100": 0.43271441693392404, "DJIA": 0.47295667989959284, "GBPUSD": -0.25716521933583936, "Gold": -0.8350808867585278}
