{"FTSE100": 0.5684408129020035, "DJIA": 0.03290944217827071, "GBPUSD": -0.32952901462787276, "Gold": -0.2855284082694843}
