{"FTSE100": -0.05506655843954414, "DJIA": -0.4380099673563792, "GBPUSD": -0.12050128534704825, "Gold": -0.2191003995360383}
