{"FTSE100": 0.34301776633252684, "DJIA": -0.12079694235055477, "GBPUSD": 0.22497187851517864, "Gold": 0.10119323691865059}
