{"FTSE100": -0.368947358466611, "DJIA": 0.03577112277252628, "GBPUSD": 0.44407894736842696, "Gold": -0.18158890290037372}
