{"FTSE100": 0.32714595490580534, "DJIA": 1.77044512602412e-14, "GBPUSD": -0.007619628162144848, "Gold": 0.4888541259288228}
