{"FTSE100": -1.1439046433088464, "DJIA": 0.3648746056582853, "GBPUSD": -0.5766095359287373, "Gold": -1.6878437322207471}
