{"FTSE100": 0.5343831357345041, "DJIA": 0.5573881432082466, "GBPUSD": -0.09652882350669705, "Gold": 0.29822739000771004}
