{"FTSE100": -0.03077894301180947, "DJIA": 0.3386563378145453, "GBPUSD": -0.08662781540399109, "Gold": 0.0}
