{"FTSE100": -0.19022749056198285, "DJIA": -0.2996369630727727, "GBPUSD": 0.0237379332172786, "Gold": 0.10755001075500108}
