{"FTSE100": -0.1329574653082452, "DJIA": -0.4131570169155869, "GBPUSD": -0.3137993253314508, "Gold": 0.03454060988848542}
