{"FTSE100": -0.1938427936243773, "DJIA": 0.06969905528152172, "GBPUSD": 0.4496124031007773, "Gold": 0.50456143927424}
