{"FTSE100": 0.6113375535762694, "DJIA": 0.7101839753003659, "GBPUSD": -0.24999007975872103, "Gold": -1.2243340732519485}
