{"FTSE100": -0.30481308194746504, "DJIA": 0.5605149421433138, "GBPUSD": 0.41400657767461313, "Gold": 1.5903042739427333}
