{"FTSE100": 0.32327953647091057, "DJIA": -0.02570026152134774, "GBPUSD": 0.13427059473975475, "Gold": 0.7525823905558378}
