{"FTSE100": -0.8285804050461563, "DJIA": -1.732940358136548, "GBPUSD": -0.03398406524939315, "Gold": -0.30962544339566467}
