{"FTSE100": -0.2225579101136437, "DJIA": -0.03257169062006836, "GBPUSD": 0.3034901365705635, "Gold": -0.8321716723693774}
