{"FTSE100": 0.46363201428381184, "DJIA": -0.3037486387519559, "GBPUSD": 0.0335282941549053, "Gold": 0.0}
