{"FTSE100": 0.688453094717405, "DJIA": -0.0025749426324333025, "GBPUSD": -0.02984183825723336, "Gold": -0.7988524225261588}
