{"FTSE100": 0.5555858036011244, "DJIA": 0.4810043532870382, "GBPUSD": 0.3711722858026535, "Gold": 0.23376189681081982}
