{"FTSE100": -0.7370741619351282, "DJIA": 0.17796855021226818, "GBPUSD": 0.1256873527101197, "Gold": -0.33366555444816365}
