{"FTSE100": 0.6436040817616061, "DJIA": 1.5635078949508472, "GBPUSD": -0.09555479111720762, "Gold": 0.3351747253429249}
