{"FTSE100": -0.2260717475439027, "DJIA": 0.0743451223590785, "GBPUSD": 0.07886435331231166, "Gold": -0.31927143305768535}
