{"FTSE100": -0.8116900403582253, "DJIA": -0.7880604922217493, "GBPUSD": 0.26551609691338296, "Gold": 0.15388843088761647}
