{"FTSE100": 0.5143337791812004, "DJIA": 0.16928970244030098, "GBPUSD": 0.1525354365861905, "Gold": 0.5286871370159055}
