{"FTSE100": -0.02499620032632956, "DJIA": -1.0856999866524848, "GBPUSD": 0.10374271805920171, "Gold": 0.4292582417582418}
