{"FTSE100": 0.01642690658374668, "DJIA": 0.9218564783072003, "GBPUSD": -0.019225593109536775, "Gold": 0.4940874205342732}
