{"FTSE100": -0.3848184980268755, "DJIA": -0.7627438262922989, "GBPUSD": -0.5634736493205122, "Gold": 1.314282269246998}
