{"FTSE100": 0.7518347382514449, "DJIA": -0.12046569338034491, "GBPUSD": -0.33303730017761607, "Gold": -0.1235669664309866}
