{"FTSE100": 0.1634842629533368, "DJIA": 0.500503464280887, "GBPUSD": -0.2634433596776575, "Gold": -1.980690341026817}
