{"FTSE100": 0.07756509358281861, "DJIA": -0.18884705514233294, "GBPUSD": -0.03146385589553653, "Gold": 0.15527950310559005}
