{"FTSE100": 0.6408905848523919, "DJIA": -1.141041489359408, "GBPUSD": -0.1582950465232914, "Gold": -0.044629063819551895}
