{"FTSE100": -0.3475574667671593, "DJIA": -0.46008271657771976, "GBPUSD": -0.20410521045941538, "Gold": -0.09838933022375455}
