{"FTSE100": 0.7150109059468513, "DJIA": -1.021016977273949, "GBPUSD": -0.33596505963379836, "Gold": 0.8175277959450621}
