{"FTSE100": -0.6184277574466073, "DJIA": -0.008597293257722995, "GBPUSD": 0.12768427161928045, "Gold": 0.4905575683734708}
