{"FTSE100": 1.4206078043517432, "DJIA": -0.4999509763253397, "GBPUSD": -0.3985056039850674, "Gold": 0.9616969830191789}
