{"FTSE100": 0.21708376997685078, "DJIA": 0.2984699100396868, "GBPUSD": 0.17909475740800876, "Gold": 0.0}
