{"FTSE100": 0.8868902459734632, "DJIA": 0.15217410327539088, "GBPUSD": 0.36000654557357076, "Gold": 0.7554589671944483}
