{"FTSE100": -1.3081060717051425, "DJIA": -1.01680413421451, "GBPUSD": 0.3610668944364672, "Gold": 0.8128675198893116}
