{"FTSE100": -0.024386761400182852, "DJIA": 0.05199805022101167, "GBPUSD": 0.4183427192276646, "Gold": 0.5203334175296884}
