{"FTSE100": -0.1772947341365856, "DJIA": -1.140945596890982, "GBPUSD": -0.1645142716130626, "Gold": 0.0}
