{"FTSE100": 0.3866602819793838, "DJIA": 0.15567132412362186, "GBPUSD": -0.003988672171024967, "Gold": -0.0459365310262917}
