{"FTSE100": 0.14542536920492688, "DJIA": 0.5690988496052869, "GBPUSD": -0.19196692262255874, "Gold": -0.5814988429359865}
