{"FTSE100": 0.40841039746384095, "DJIA": 0.07199766399582674, "GBPUSD": 0.1741057296612836, "Gold": 0.6922646945005765}
