{"FTSE100": 0.1718976832758351, "DJIA": 0.5418783057353993, "GBPUSD": -0.03935458480912593, "Gold": 0.0}
