{"FTSE100": -0.005180885984645015, "DJIA": -0.2613344519060054, "GBPUSD": -0.007859781498073488, "Gold": -0.08937881722031653}
