{"FTSE100": -0.0004123129001457847, "DJIA": -0.18463483286111626, "GBPUSD": -0.6583203318238765, "Gold": -0.1299902507311906}
