{"FTSE100": 0.22830437329167227, "DJIA": -0.6120663862601452, "GBPUSD": -0.15341646670075104, "Gold": 0.10210255634549512}
