{"FTSE100": 0.6416603089560576, "DJIA": 0.12871979236174882, "GBPUSD": 0.15602942269113534, "Gold": 0.5381738575207599}
