{"FTSE100": 0.5238081493858082, "DJIA": 1.1188637690647465, "GBPUSD": -0.1266388557806939, "Gold": 0.46582418596070047}
