{"FTSE100": -0.2689564915466924, "DJIA": -0.14326020093160693, "GBPUSD": 0.09518521456332733, "Gold": 0.4794725801618288}
