{"FTSE100": -0.3838464320979188, "DJIA": 0.5270381416418123, "GBPUSD": -0.007712478790682476, "Gold": 0.4374922613397131}
