{"FTSE100": -0.1447904753526223, "DJIA": 0.8927469098878865, "GBPUSD": 0.474628593478688, "Gold": 0.2521837652132464}
