{"FTSE100": 0.20075179878807356, "DJIA": -0.296263374685397, "GBPUSD": -0.3023311321505311, "Gold": -0.4945410278845056}
