{"FTSE100": 0.9058784926424158, "DJIA": -1.310743782742589, "GBPUSD": -0.8366533864541795, "Gold": -0.6964498046543269}
