{"FTSE100": 0.25738520821321637, "DJIA": 0.4083135001049635, "GBPUSD": -0.1446737226833178, "Gold": -0.3317680685994283}
