{"FTSE100": 0.3087857323857004, "DJIA": -0.28645766650004273, "GBPUSD": -0.11061946902655403, "Gold": 0.12524194466583863}
