{"FTSE100": -0.1329574653082452, "DJIA": -0.44271941121476693, "GBPUSD": -0.3216443084647536, "Gold": 0.03454060988848542}
