{"FTSE100": 0.23565853129494618, "DJIA": 0.16485852314223115, "GBPUSD": 0.014795088030788581, "Gold": 0.39930400642454794}
