{"FTSE100": 0.10860755565730593, "DJIA": 0.14308455936887354, "GBPUSD": 0.022202486678521982, "Gold": 0.16841767583606615}
