{"FTSE100": -0.37166802819883366, "DJIA": 0.21954300935183813, "GBPUSD": -0.19525148391127356, "Gold": -0.911957726071748}
