{"FTSE100": -0.32360414806674664, "DJIA": -0.1572418818793435, "GBPUSD": 0.7613814756671933, "Gold": 0.8854193954000152}
