{"FTSE100": 0.581962875623571, "DJIA": 0.29258762146241046, "GBPUSD": -0.1931745009658691, "Gold": 0.34916201117318435}
