{"FTSE100": -1.670435711765767, "DJIA": -1.280613216116893, "GBPUSD": 0.9979035639413015, "Gold": 1.8422347345979235}
