{"FTSE100": 0.516031880118995, "DJIA": -0.4680544661768875, "GBPUSD": 0.023512814483891132, "Gold": 1.2211668928086952}
