{"FTSE100": 0.0007250229590542158, "DJIA": -1.2838866440850178, "GBPUSD": 0.018880036249675904, "Gold": -0.9439066915168667}
