{"FTSE100": -1.2318387570261344, "DJIA": -0.2430178771004783, "GBPUSD": -0.0941545704197621, "Gold": 0.40337561700546193}
