{"FTSE100": 0.5596128422245505, "DJIA": -0.1707605734446902, "GBPUSD": 0.08679870591019323, "Gold": 0.0453737664007191}
