{"FTSE100": 0.1571834302364875, "DJIA": -1.229521439881097, "GBPUSD": 0.23550073843451946, "Gold": -0.7996058814612668}
