{"FTSE100": 1.3068088795368613, "DJIA": -0.2213974377498522, "GBPUSD": -0.48982980489829936, "Gold": 0.9616969830191789}
