{"FTSE100": 0.688453094717405, "DJIA": -0.0025749426324333025, "GBPUSD": -0.21601489757913614, "Gold": -0.32893923280489157}
