{"FTSE100": -0.32468593844862126, "DJIA": 0.9247514478540337, "GBPUSD": 0.44930176077718403, "Gold": 0.7998262820744781}
