{"FTSE100": 0.3235034792482033, "DJIA": 0.5026427393806943, "GBPUSD": -0.14098523801625765, "Gold": -0.47240712905304816}
