{"FTSE100": 0.14577462382680564, "DJIA": 0.06612084902247252, "GBPUSD": -0.05631536604989098, "Gold": -0.09093205354887368}
