{"FTSE100": 0.047102357418493154, "DJIA": 0.17940134608967973, "GBPUSD": 0.5688372648076685, "Gold": 0.7248311906306031}
