{"FTSE100": 0.5294262352003659, "DJIA": 0.22071522836121196, "GBPUSD": 0.127408208177285, "Gold": 0.7998901438429119}
