{"FTSE100": -0.7324906731493545, "DJIA": -1.9139007114799262, "GBPUSD": -0.18628912071534623, "Gold": -0.16619828966850994}
