{"FTSE100": 0.19734903892047434, "DJIA": -0.8024158270873926, "GBPUSD": 0.183062718879353, "Gold": 2.1394064872325673}
