{"FTSE100": -1.0445987948578008, "DJIA": -0.1428435900098549, "GBPUSD": -0.0411759861648824, "Gold": 0.6096321885795569}
