{"FTSE100": -0.8558011175897265, "DJIA": -1.6342130446203906, "GBPUSD": -0.04505057951425879, "Gold": 0.08491785120916308}
