{"FTSE100": -0.35029856630480005, "DJIA": 0.14011735678268303, "GBPUSD": -0.0075574365175324195, "Gold": -0.18228735115172032}
