{"FTSE100": 0.5279730054489413, "DJIA": 0.27400538082130976, "GBPUSD": -0.038702685966401806, "Gold": 0.2755165936130206}
