{"FTSE100": -0.796681479478907, "DJIA": -0.36454083119177816, "GBPUSD": -0.057623602627638465, "Gold": 0.6753828373302447}
