{"FTSE100": -0.34631189517431216, "DJIA": 0.6210782430528998, "GBPUSD": 0.2721829069134504, "Gold": 0.6129870129870224}
