{"FTSE100": 0.5294262352003659, "DJIA": 0.2303933920105169, "GBPUSD": 0.18918188486931495, "Gold": 0.8307871880256882}
