{"FTSE100": 3.101328754376105, "DJIA": -0.1830302542024926, "GBPUSD": 1.3842913030394368, "Gold": 3.113525584591269}
