{"FTSE100": 0.2790654877713757, "DJIA": 0.07484928658160682, "GBPUSD": 0.26223121300667257, "Gold": 0.37312012183514875}
