{"FTSE100": -0.27476985320367203, "DJIA": 1.706561154675814e-14, "GBPUSD": -0.04875274234175136, "Gold": 0.13786422237125784}
