{"FTSE100": 0.5668676932540258, "DJIA": 0.02649327344764503, "GBPUSD": 0.3011809463422387, "Gold": 1.6720583076743223}
