{"FTSE100": 1.1472973292851627, "DJIA": 0.7606334038441698, "GBPUSD": 0.2994719836078513, "Gold": 0.15068435812650638}
