{"FTSE100": 0.3898366544128118, "DJIA": 0.3006370750608393, "GBPUSD": -0.11064901369756415, "Gold": -0.03059273422561098}
