{"FTSE100": -0.16917430862686303, "DJIA": 0.6501747333473733, "GBPUSD": -0.15382124352331708, "Gold": 0.36923396952519155}
