{"FTSE100": 0.6479965047055183, "DJIA": 0.6288946278938744, "GBPUSD": -0.8394790522516815, "Gold": 0.0}
