{"FTSE100": 1.1602545161734066, "DJIA": 0.4917184966985216, "GBPUSD": 0.0404754019943535, "Gold": 0.5707211015823057}
