{"FTSE100": -0.4262773565975039, "DJIA": 0.03794789956680398, "GBPUSD": 0.05514416259649621, "Gold": -0.14654877631771773}
