{"FTSE100": -0.1447904753526223, "DJIA": 0.8055825393711206, "GBPUSD": 0.5749565888481712, "Gold": 0.2521837652132464}
