{"FTSE100": 0.5406368665599224, "DJIA": 0.6054549853264445, "GBPUSD": 0.40544923775542435, "Gold": 1.0411376333164042}
