{"FTSE100": 0.20913929270195974, "DJIA": 0.2510403830314156, "GBPUSD": 0.21561681811182318, "Gold": 0.06645537266127975}
