{"FTSE100": 0.6035260956872499, "DJIA": 0.14637127657105953, "GBPUSD": 0.04721806878098165, "Gold": -0.06436663233779609}
