{"FTSE100": -0.943805231934997, "DJIA": -0.9409306361452374, "GBPUSD": 0.12228676245796742, "Gold": -0.36675741076829316}
