{"FTSE100": 0.6416603089560576, "DJIA": 0.12871979236174882, "GBPUSD": -0.2372127501853128, "Gold": -0.8350667751952088}
