{"FTSE100": 0.26607417160413516, "DJIA": -0.6185378295460707, "GBPUSD": -0.21146355036171538, "Gold": 0.0}
