{"FTSE100": 0.34186170707927815, "DJIA": -0.1154119363518417, "GBPUSD": 0.2214839424141857, "Gold": -0.021480431327061046}
