{"FTSE100": 0.12730032937689975, "DJIA": -0.002566084251074419, "GBPUSD": 0.16240956739996898, "Gold": 1.5505976575437328}
