{"FTSE100": 0.07864009260657305, "DJIA": -0.32920700357676946, "GBPUSD": 0.2801812937783329, "Gold": 0.11339705167665148}
