{"FTSE100": 0.2096871864860313, "DJIA": 0.6092074879444653, "GBPUSD": 0.10483870967742571, "Gold": -0.6284772305790256}
