{"FTSE100": 0.1686766701637251, "DJIA": -0.5310252474825794, "GBPUSD": -0.2524854031876354, "Gold": -0.8744186046511628}
