{"FTSE100": 0.6303489640565628, "DJIA": -0.20337129924703878, "GBPUSD": -0.07206918641897204, "Gold": 0.0}
