{"FTSE100": -0.2872063334524688, "DJIA": -0.0586281024037496, "GBPUSD": -0.1030355869065609, "Gold": 0.12337758476040071}
