{"FTSE100": -0.22239840077430945, "DJIA": 0.8017027632632096, "GBPUSD": 0.43478260869565794, "Gold": -0.45368620037807184}
