{"FTSE100": 0.363545241768738, "DJIA": 0.9686424484211156, "GBPUSD": 0.09417673834563568, "Gold": 0.06332196785193288}
