{"FTSE100": -0.9494076334360907, "DJIA": 0.1525168228928394, "GBPUSD": -0.5639981200062567, "Gold": -0.4580829474928556}
