{"FTSE100": -0.18496971866702017, "DJIA": -0.37175882012942174, "GBPUSD": -0.07555152614083649, "Gold": 0.36981722494844754}
