{"FTSE100": 0.2490543485080674, "DJIA": 0.4670862221125936, "GBPUSD": 0.056097834623585655, "Gold": 1.110649020231428}
