{"FTSE100": -0.05166965945439271, "DJIA": 0.03998756396987386, "GBPUSD": 0.11885895404120894, "Gold": -0.07388092133854056}
