{"FTSE100": -1.239597826372306, "DJIA": 0.29920841251814084, "GBPUSD": -0.1733102253032913, "Gold": -0.1881959328767792}
