{"FTSE100": -0.507542556387868, "DJIA": -0.6675586185245908, "GBPUSD": 0.3963849690819639, "Gold": -1.3999224956403842}
