{"FTSE100": 0.10360319758129836, "DJIA": -0.483173535864506, "GBPUSD": 0.0, "Gold": -0.01660577881102372}
