{"FTSE100": 0.018613012765796293, "DJIA": -0.254550442705645, "GBPUSD": -0.23949007037323422, "Gold": 0.2477094338496352}
