{"FTSE100": 0.6578863885694191, "DJIA": 0.459066196313899, "GBPUSD": -0.02368919772583441, "Gold": 0.3821656050955539}
