{"FTSE100": -0.37022735238728743, "DJIA": 0.16635361271460578, "GBPUSD": 0.12591485008261774, "Gold": -0.22711318495271915}
