{"FTSE100": 0.4254750292715723, "DJIA": 0.03445686980052991, "GBPUSD": 0.09642486278000881, "Gold": 0.2067033710035879}
