{"FTSE100": 0.6253169238845753, "DJIA": 0.3590709398046507, "GBPUSD": 0.03194377894906389, "Gold": 0.31731057844861243}
