{"FTSE100": 0.5406368665599224, "DJIA": 0.9827448635051533, "GBPUSD": 0.06445894770767156, "Gold": 0.030243459851802462}
