{"FTSE100": -0.38333086999970883, "DJIA": -0.5761716627504442, "GBPUSD": 0.1061397779229145, "Gold": 0.0}
