{"FTSE100": 0.42893867938660274, "DJIA": 0.5928974953895598, "GBPUSD": -0.015188335358443042, "Gold": 0.7676929228308785}
