{"FTSE100": 0.9582976140399545, "DJIA": -1.352230485666809, "GBPUSD": -0.30979426483438033, "Gold": -0.1103918912138113}
