{"FTSE100": -0.867344715719821, "DJIA": -1.2374546941056292, "GBPUSD": -0.3880880722319124, "Gold": -1.2288177583985707}
