{"FTSE100": 0.26695190057016405, "DJIA": 0.19326388091808616, "GBPUSD": 0.02334630350194295, "Gold": 0.32646398694144513}
