{"FTSE100": 0.8985206214101129, "DJIA": -0.7065868955328439, "GBPUSD": 0.2662229617304569, "Gold": 0.22417846793153856}
