{"FTSE100": 0.612780415295247, "DJIA": 0.48357080207307274, "GBPUSD": 0.220361392684022, "Gold": 0.4906599376160936}
