{"FTSE100": -0.2858484045244718, "DJIA": 0.03570612081713786, "GBPUSD": 0.10031580902842001, "Gold": -0.23628641502662232}
