{"FTSE100": 0.24417201658811405, "DJIA": 2.127325533372524, "GBPUSD": 0.4796559708898468, "Gold": 0.7670850767085052}
