{"FTSE100": -0.36046759586667126, "DJIA": -0.1959734135626649, "GBPUSD": 0.3566333808844467, "Gold": 0.07906626506025466}
