{"FTSE100": 0.3454870254746392, "DJIA": 0.3644906216491603, "GBPUSD": 0.10231386746419635, "Gold": 0.0}
