{"FTSE100": 0.20935060940444322, "DJIA": 0.09979463818425847, "GBPUSD": 0.026206431807126087, "Gold": 0.0}
