{"FTSE100": -0.5489098600715923, "DJIA": -0.05705166219888781, "GBPUSD": 0.3715415019762787, "Gold": 1.5765010302362399}
