{"FTSE100": -0.9281411638547167, "DJIA": -1.2554732950190293, "GBPUSD": -0.3761203585147188, "Gold": 0.7814863365937279}
