{"FTSE100": 0.5529397713057144, "DJIA": -0.2612552278180346, "GBPUSD": -1.2161051766639215, "Gold": -1.057173678532897}
