{"FTSE100": 0.4335509589127163, "DJIA": 0.19660393016077043, "GBPUSD": 0.054992536727152395, "Gold": 0.13951541645351812}
