{"FTSE100": -0.4253515780387581, "DJIA": -0.02943955289000835, "GBPUSD": 0.33578010307669787, "Gold": 0.9175162187210464}
