{"FTSE100": -0.033035194809040436, "DJIA": -0.8030013994700549, "GBPUSD": -0.3268459367107383, "Gold": -0.46912668592403545}
