{"FTSE100": 0.572434515220785, "DJIA": -0.11808764193646888, "GBPUSD": -0.19540791402051438, "Gold": -0.3177043300025528}
