{"FTSE100": 0.39712616453496735, "DJIA": 0.11640997004562276, "GBPUSD": 0.20591384564699522, "Gold": -0.8872055618968511}
