{"FTSE100": 0.3087857323857004, "DJIA": -0.2592480848083924, "GBPUSD": -0.7380073800738066, "Gold": -0.8016560030109043}
