{"FTSE100": 0.40055484081440246, "DJIA": 0.8756489645798411, "GBPUSD": -0.3021850302185042, "Gold": -1.980690341026817}
