{"FTSE100": 0.9672359284688973, "DJIA": 0.7891359046074093, "GBPUSD": -0.04233863207729113, "Gold": 0.14210919970082955}
