{"FTSE100": 0.34683914466409654, "DJIA": 1.4242348819290567, "GBPUSD": -0.13928654337228383, "Gold": -0.23563771530982586}
