{"FTSE100": 0.8215838015477619, "DJIA": 0.4917184966985216, "GBPUSD": 0.2097361739706547, "Gold": 0.4650320086966915}
