{"FTSE100": 0.9552392637381465, "DJIA": 0.4658403495534576, "GBPUSD": 0.04790419161676118, "Gold": 0.1263902932254803}
