{"FTSE100": 0.08789714706043528, "DJIA": 0.835755494481342, "GBPUSD": -0.28337531486144724, "Gold": -0.1561605330279527}
