{"FTSE100": 0.586571281619679, "DJIA": 2.813908960571047, "GBPUSD": -0.9245339747444361, "Gold": -3.1600407747196764}
