{"FTSE100": 1.2316019920103618, "DJIA": 0.26138029874514673, "GBPUSD": -0.5195475146468183, "Gold": 2.033627557394175}
