{"FTSE100": 0.23147477609622447, "DJIA": 0.4279592195578475, "GBPUSD": 0.3885188709165798, "Gold": 0.5862388151804928}
