{"FTSE100": 0.26526233157921225, "DJIA": 0.08161471930205688, "GBPUSD": -0.0544747081712175, "Gold": 0.35706998571720056}
