{"FTSE100": -0.5231132109600442, "DJIA": -0.2685926137147291, "GBPUSD": 0.17994563344692174, "Gold": 0.2832540222071153}
