{"FTSE100": 1.1322689302254723, "DJIA": 0.4658403495534798, "GBPUSD": -0.14371257485030128, "Gold": -0.21233569261879767}
