{"FTSE100": 0.9832992324709422, "DJIA": 1.6500974711827594, "GBPUSD": 0.46929685014317657, "Gold": -1.7578125}
