{"FTSE100": 0.35647891331092263, "DJIA": 0.2961486821397024, "GBPUSD": 0.09379396592151538, "Gold": 0.16799462417202649}
