{"FTSE100": -1.0527978695794482, "DJIA": -1.3549674215902217, "GBPUSD": -0.0791139240506242, "Gold": 0.18350227193288263}
