{"FTSE100": -0.4882997300398188, "DJIA": -0.2751883081939169, "GBPUSD": -0.1334170459896433, "Gold": 0.12506632305009197}
