{"FTSE100": -0.0474131100444231, "DJIA": -0.11367148199528888, "GBPUSD": 0.28042624789680787, "Gold": 0.7359888607091329}
