{"FTSE100": -0.27820558599305106, "DJIA": 0.011084016847710078, "GBPUSD": 0.05482885564344974, "Gold": 1.0246516613076138}
