{"FTSE100": 0.260971326803656, "DJIA": 0.6896185615159817, "GBPUSD": 0.0642673521850829, "Gold": -0.3220127946417071}
