{"FTSE100": -1.2393003302175174, "DJIA": -1.0387440274641182, "GBPUSD": -0.21606914212547412, "Gold": 1.512554199858828}
