{"FTSE100": -0.6760643380273589, "DJIA": 0.5149475390434787, "GBPUSD": 0.8206063369044845, "Gold": 0.41726787037397406}
