{"FTSE100": 0.8228582967338146, "DJIA": -0.44721173462843405, "GBPUSD": -0.031382394476695115, "Gold": -0.0051972350709493485}
