{"FTSE100": 0.03461119905562974, "DJIA": 0.3746010720720886, "GBPUSD": 0.25991385712164405, "Gold": 1.4026964455944437}
