{"FTSE100": -0.6427532333466373, "DJIA": -0.8024158270873926, "GBPUSD": -0.06367398917541484, "Gold": 0.5816819481415731}
