{"FTSE100": 0.4567416578589786, "DJIA": 1.1120995521899237, "GBPUSD": 0.469715698393081, "Gold": 0.36179059344457287}
