{"FTSE100": -1.9011595015763754, "DJIA": -1.63451099157624, "GBPUSD": 0.11691495379974824, "Gold": -1.8957442892492835}
