{"FTSE100": 0.2360345323552148, "DJIA": 0.23560621276784888, "GBPUSD": 0.4473516033231925, "Gold": -0.011834319526616456}
