{"FTSE100": -0.24838621516968692, "DJIA": -0.05652002767710731, "GBPUSD": 0.026978070682550776, "Gold": 0.0548466123075798}
