{"FTSE100": -0.3181667024037089, "DJIA": -0.8024158270873926, "GBPUSD": 0.007959248646926854, "Gold": 0.5816819481415731}
