{"FTSE100": 0.8538398860297982, "DJIA": 0.6679126218229057, "GBPUSD": 0.5658299472145184, "Gold": -0.08883126860654514}
