{"FTSE100": -0.40264523084269005, "DJIA": -0.2526632860577461, "GBPUSD": 0.19526015544240227, "Gold": 0.2832540222071153}
