{"FTSE100": -1.1439046433088464, "DJIA": 0.5935000627261102, "GBPUSD": -0.18690102199068295, "Gold": -1.646121752323142}
