{"FTSE100": -0.10514042042841613, "DJIA": 0.6894384913504065, "GBPUSD": 0.39322686782763233, "Gold": -0.23718207509083797}
