{"FTSE100": 0.053540925909686725, "DJIA": -1.008917915594655, "GBPUSD": -0.3924709651581999, "Gold": 0.0}
