{"FTSE100": -1.8767667608939143, "DJIA": 0.2345917638122361, "GBPUSD": -0.62678062678063, "Gold": 0.08024877119068657}
