{"FTSE100": 0.3611183002652636, "DJIA": 0.12892455571785802, "GBPUSD": 0.21019442984760256, "Gold": 0.07252185197908664}
