{"FTSE100": 0.4785843455160138, "DJIA": -1.4735736950650167, "GBPUSD": 0.25680121980580145, "Gold": -0.19789201978919807}
