{"FTSE100": 0.1837998557108593, "DJIA": -0.43550686312287, "GBPUSD": -0.07483785132214558, "Gold": 0.4579653254825041}
