{"FTSE100": -0.2810613288343915, "DJIA": 0.2310402602924975, "GBPUSD": 0.3602882305844634, "Gold": 0.9819324430479183}
