{"FTSE100": -0.31964089785058253, "DJIA": 0.08253681144315786, "GBPUSD": 0.3658582582129537, "Gold": 0.9370326282696889}
