{"FTSE100": 0.39242415321977847, "DJIA": 0.032809687908072156, "GBPUSD": -0.1402214022140231, "Gold": 0.1740644038294087}
