{"FTSE100": 0.46051243475309805, "DJIA": -0.11199209993719988, "GBPUSD": -0.43385723641125246, "Gold": 0.21341939513819733}
