{"FTSE100": 0.09310413534516694, "DJIA": 0.6104516361361215, "GBPUSD": 0.14814814814814914, "Gold": 0.6067065671886603}
