{"FTSE100": 0.30495832501042985, "DJIA": 0.7785255769529803, "GBPUSD": -0.2763346965844972, "Gold": -0.8266929298355649}
