{"FTSE100": 0.01642690658374668, "DJIA": 0.36588553847872207, "GBPUSD": -0.20767633258979498, "Gold": 0.04283219663272139}
