{"FTSE100": 2.948554156799207, "DJIA": 2.6986271782877207, "GBPUSD": 0.3970281850701853, "Gold": 1.6264019245756107}
