{"FTSE100": 0.5492241850986903, "DJIA": 0.5562740824610231, "GBPUSD": -0.23035787741669383, "Gold": 0.15494763838426284}
