{"FTSE100": 0.06749726942864336, "DJIA": 0.8372283164933751, "GBPUSD": -0.039685689340419474, "Gold": 0.08341153164425692}
