{"FTSE100": -1.360972684202796, "DJIA": 0.2097046687057213, "GBPUSD": 0.007642922653621904, "Gold": -1.1569872958257679}
