{"FTSE100": 0.3659254518495362, "DJIA": -0.2574634546075926, "GBPUSD": -0.24600246002459022, "Gold": 0.4562489815870872}
