{"FTSE100": 0.5169385061602414, "DJIA": -0.03282323571336199, "GBPUSD": 0.7772020725388487, "Gold": 0.9784203946295591}
