{"FTSE100": 0.5602659994415988, "DJIA": -0.2613344519060054, "GBPUSD": 0.2522266887364916, "Gold": -0.20259919948608535}
