{"FTSE100": -0.26827870618889776, "DJIA": 1.7322503543931096, "GBPUSD": 0.4491371838310644, "Gold": 1.2549675800041833}
