{"FTSE100": 1.0439684098535111, "DJIA": -0.3756687185095184, "GBPUSD": -0.04978839930295692, "Gold": 0.026839873315797947}
