{"FTSE100": 0.4237197106119451, "DJIA": -2.498962654324392, "GBPUSD": 0.898261305370287, "Gold": 1.7653397565922861}
