{"FTSE100": -0.48504446240906735, "DJIA": 0.7727769393462457, "GBPUSD": 0.952304415960133, "Gold": 0.9625300790649708}
