{"FTSE100": -1.1810176265641565, "DJIA": 0.20008700902402662, "GBPUSD": -0.054785943492206536, "Gold": 0.453444633379706}
