{"FTSE100": 0.013385459698225438, "DJIA": -1.460175840490581, "GBPUSD": -0.06178083249671109, "Gold": 0.9081999346618811}
