{"FTSE100": -0.16749577893494946, "DJIA": -1.0591432845310675, "GBPUSD": -0.05424254165051708, "Gold": 0.29110870830907426}
