{"FTSE100": 0.009526268208270896, "DJIA": -0.31379061994592444, "GBPUSD": -0.3431555389779886, "Gold": -0.002501876407303204}
