{"FTSE100": -0.4190547582236219, "DJIA": 0.1603191032363252, "GBPUSD": 0.18103109012201424, "Gold": -0.07895775759967967}
