{"FTSE100": 0.6268747137136788, "DJIA": 1.0009949004426884, "GBPUSD": 0.09580838323352237, "Gold": 0.04782816644201526}
