{"FTSE100": -0.46215580832442377, "DJIA": -0.3198888858316841, "GBPUSD": -0.4010064475546377, "Gold": -0.18001337242195134}
