{"FTSE100": 0.1267663055946293, "DJIA": 0.4006885951795405, "GBPUSD": -0.040700040700054285, "Gold": 0.4782375067168238}
