{"FTSE100": -0.5214008537529375, "DJIA": -0.06390556629694367, "GBPUSD": 0.2273261738653212, "Gold": 0.7966776845495265}
