{"FTSE100": 0.8444839649214421, "DJIA": -1.352230485666809, "GBPUSD": -0.3892286917149993, "Gold": -0.14551658387275282}
