{"FTSE100": 0.7176968208486856, "DJIA": -0.18267213781370276, "GBPUSD": -0.2087838341659767, "Gold": 0.0}
