{"FTSE100": -0.08322755529517716, "DJIA": -0.6358626836531823, "GBPUSD": -0.0676284941388564, "Gold": -0.5184705119896362}
