{"FTSE100": -0.322650878633434, "DJIA": 0.5039652434485297, "GBPUSD": 0.9329258484799786, "Gold": 1.353785967982702}
