{"FTSE100": 0.5602659994415988, "DJIA": 0.1697117432981127, "GBPUSD": 0.45716087333489436, "Gold": -0.20259919948608535}
