{"FTSE100": 0.24979306489938582, "DJIA": 0.25199130394292024, "GBPUSD": 0.02398273243264585, "Gold": 0.0}
