{"FTSE100": 0.11254611432127, "DJIA": 0.6104516361361215, "GBPUSD": 0.25730994152047415, "Gold": 0.7214888907108268}
