{"FTSE100": -0.055379929390599617, "DJIA": 0.47072185994381716, "GBPUSD": -0.21932270175829954, "Gold": -1.0351545462475753}
