{"FTSE100": -0.3632890593337275, "DJIA": -0.0025749426324333025, "GBPUSD": -0.30211480362536924, "Gold": -0.4600202804639752}
