{"FTSE100": 0.10480882922217677, "DJIA": -0.6804313792889797, "GBPUSD": -0.18166021641260316, "Gold": -1.155832864522075}
