{"FTSE100": -0.1118147452377824, "DJIA": -1.4603176854682165, "GBPUSD": 1.7147625679591575e-14, "Gold": 0.9572035282587449}
