{"FTSE100": 0.19734903892047434, "DJIA": -0.26356312526848036, "GBPUSD": 0.810333761232349, "Gold": 0.43687633421039335}
