{"FTSE100": -0.3177595777485519, "DJIA": 0.4956903402085235, "GBPUSD": 0.590654205607478, "Gold": 1.9764295868299127}
