{"FTSE100": -1.9167688943410315, "DJIA": 0.2345917638122361, "GBPUSD": -0.5779405779405865, "Gold": -0.11535760858662764}
