{"FTSE100": -0.012832615680950912, "DJIA": -0.13625368641594268, "GBPUSD": -0.26408450704225994, "Gold": 0.0}
