{"FTSE100": -2.036524843083113, "DJIA": -2.7517498690146254, "GBPUSD": -0.273480231286143, "Gold": -0.7420538401286226}
