{"FTSE100": -0.3477753703699092, "DJIA": 0.09292343123922793, "GBPUSD": -0.011410748925494997, "Gold": 0.47513589691967717}
