{"FTSE100": 0.013780748294650189, "DJIA": 0.19864097480567916, "GBPUSD": 0.14894250819183807, "Gold": 0.0}
