{"FTSE100": -0.20818512784031298, "DJIA": -0.21207662095522664, "GBPUSD": -0.32311391644123616, "Gold": -2.1170879239576554}
