{"FTSE100": 0.2763046699898283, "DJIA": 0.5659454106119741, "GBPUSD": 0.30852294639413835, "Gold": 0.27209226770631384}
