{"FTSE100": 0.3221125056927373, "DJIA": 0.8357554944813419, "GBPUSD": -0.19678841309823258, "Gold": -0.1561605330279527}
