{"FTSE100": 0.24917538223600322, "DJIA": 0.5928974953895598, "GBPUSD": 0.11011125033222852, "Gold": 0.13095757768166125}
