{"FTSE100": 0.32356440042232365, "DJIA": -1.1005801171786118, "GBPUSD": 0.1997835678015448, "Gold": -0.06081379920389962}
