{"FTSE100": -1.5491451967972818, "DJIA": -0.36140626668608283, "GBPUSD": 0.13610446937648757, "Gold": 1.1597855571455875}
