{"FTSE100": 0.6949155187794198, "DJIA": 0.3656184058109121, "GBPUSD": 0.03464069897233066, "Gold": 0.34405385190726523}
