{"FTSE100": -0.18262476625122068, "DJIA": 0.0908264781194285, "GBPUSD": -0.15764582238570607, "Gold": 0.07252185197908664}
