{"FTSE100": -0.2250052558885892, "DJIA": 0.11460450213746191, "GBPUSD": 0.023887252169756106, "Gold": -0.17729623245505585}
