{"FTSE100": -0.3973077562261243, "DJIA": -0.49200584247563706, "GBPUSD": 0.07084382871537492, "Gold": -0.3821027979785604}
