{"FTSE100": -0.36806652123511535, "DJIA": -0.2812703597268127, "GBPUSD": 0.28249711534635275, "Gold": -1.0834273215079058}
