{"FTSE100": -0.31036864989636104, "DJIA": 0.6923706751763539, "GBPUSD": -0.20463847203273647, "Gold": 0.0702423360593981}
