{"FTSE100": -0.04700817538963934, "DJIA": -1.3487410010423273, "GBPUSD": -0.36392405063290645, "Gold": -0.635801152122897}
