{"FTSE100": -0.5400281198074273, "DJIA": -1.3791917351985385, "GBPUSD": -0.11583650504716761, "Gold": 0.049180327868857426}
