{"FTSE100": 0.13389212714292636, "DJIA": 0.5763161116829896, "GBPUSD": 0.5628077855076896, "Gold": 0.6989772318445874}
