{"FTSE100": -0.07528355193358349, "DJIA": -0.5873135516637383, "GBPUSD": 0.22764738205511614, "Gold": 0.4649360712902054}
