{"FTSE100": 0.01837851681811283, "DJIA": 0.31756058227226364, "GBPUSD": -0.01597316508265937, "Gold": -0.3801799518438727}
