{"FTSE100": -0.28320069226836364, "DJIA": -0.7732145109847156, "GBPUSD": 0.02426399223551981, "Gold": 0.0}
