{"FTSE100": -0.09582925828942755, "DJIA": -0.3048032803005545, "GBPUSD": -0.16870179948586042, "Gold": 0.2714607662364246}
