{"FTSE100": 0.7518347382514449, "DJIA": -0.19576191043155447, "GBPUSD": -0.3848431024274624, "Gold": 0.5176796856944892}
