{"FTSE100": -0.5609410669132824, "DJIA": -0.502803644970739, "GBPUSD": -0.4941672067401161, "Gold": -1.1101973684210595}
