{"FTSE100": 0.021429672779342553, "DJIA": -0.5230430651305754, "GBPUSD": 0.15344855435309424, "Gold": 0.12943308309603935}
