{"FTSE100": 0.05495800661319662, "DJIA": 0.5210389894994409, "GBPUSD": 0.031172069825432972, "Gold": 0.0}
