{"FTSE100": -0.0007983567536956386, "DJIA": -0.3698159508653571, "GBPUSD": -0.15446156283418103, "Gold": 0.7490636704119817}
