{"FTSE100": 0.16702869601178252, "DJIA": -0.35310717043125334, "GBPUSD": 0.3663301856072898, "Gold": 0.0}
