{"FTSE100": -0.5928423738757361, "DJIA": -0.5784810709515997, "GBPUSD": -0.2961427408010664, "Gold": 0.1335924216662508}
