{"FTSE100": 0.260212456410624, "DJIA": 0.011996957752592043, "GBPUSD": 0.007912644405759534, "Gold": 1.378617730302213}
