{"FTSE100": -0.03564822139791459, "DJIA": -0.0593821825945495, "GBPUSD": 0.0, "Gold": -0.5697203387994754}
