{"FTSE100": -0.28490514087923946, "DJIA": -0.7732145109847156, "GBPUSD": -0.04852798447105758, "Gold": 0.0}
