{"FTSE100": 0.18012467637523225, "DJIA": 0.7756100194817952, "GBPUSD": -0.27179424769785926, "Gold": -0.3206646503662202}
