{"FTSE100": 0.5668676932540258, "DJIA": -0.12749456266418618, "GBPUSD": 0.01577411467781197, "Gold": 0.003830537041289705}
