{"FTSE100": 0.5863325133476636, "DJIA": -0.8586024389241369, "GBPUSD": -0.08641005498822472, "Gold": -0.025609287634978405}
