{"FTSE100": 0.17829045085164016, "DJIA": -0.5890837574270313, "GBPUSD": -0.14113219382154804, "Gold": 0.18486240954946387}
