{"FTSE100": 0.24082794346295314, "DJIA": 1.176177736463645, "GBPUSD": -0.4375845333757705, "Gold": -0.4945410278845056}
