{"FTSE100": 0.49785611587956313, "DJIA": 0.32424036956832175, "GBPUSD": -0.6204263442570815, "Gold": -0.37686548414652526}
