{"FTSE100": -1.2726049384885136, "DJIA": -1.0699665852762297, "GBPUSD": -0.11410314924690665, "Gold": 0.0}
