{"FTSE100": -0.40765315671581287, "DJIA": -0.6964515933410721, "GBPUSD": 0.0552094013723419, "Gold": -0.5193133047210261}
