{"FTSE100": 0.09289391301037522, "DJIA": -0.07083460120618719, "GBPUSD": -0.14239676234729917, "Gold": -1.7947178871548537}
