{"FTSE100": 0.4704924936007643, "DJIA": 0.49099745223167707, "GBPUSD": -0.39247934811049057, "Gold": 0.8925432600289014}
