{"FTSE100": 0.82500972211709, "DJIA": -0.3916049831077123, "GBPUSD": -0.24082844986753565, "Gold": -0.7867781681429111}
