{"FTSE100": -0.6655652584375636, "DJIA": -0.7654102166605894, "GBPUSD": -0.0706030991044559, "Gold": -0.00889205050685227}
