{"FTSE100": -0.5158436750304528, "DJIA": 0.03159185761286059, "GBPUSD": -0.07866582756451478, "Gold": 0.1457043242961937}
