{"FTSE100": -0.10514042042841613, "DJIA": 0.5830496679569971, "GBPUSD": 0.18394113883558788, "Gold": 0.6573292208120544}
