{"FTSE100": -0.15155355323253056, "DJIA": 0.0676580292569238, "GBPUSD": 0.19819248454098196, "Gold": 0.0}
