{"FTSE100": 0.7193176188794229, "DJIA": 0.4670862221125936, "GBPUSD": -0.4151239762145139, "Gold": 1.093524475866631}
