{"FTSE100": -0.04833451495511718, "DJIA": -1.7264318993144296, "GBPUSD": -0.5700570057005573, "Gold": 2.662552851102731}
