{"FTSE100": 1.041013236611438, "DJIA": 0.30623296387359294, "GBPUSD": 0.011497336450379217, "Gold": 1.8113094514716168e-14}
