{"FTSE100": -0.34312912927134864, "DJIA": 0.8844962512111914, "GBPUSD": -0.06306661411114796, "Gold": 0.14652321346339012}
