{"FTSE100": -0.015508919520050176, "DJIA": -0.3272122991496033, "GBPUSD": 0.32537100230140403, "Gold": 0.9869792873360911}
