{"FTSE100": 0.5800866866965545, "DJIA": 0.41442938284664826, "GBPUSD": 0.13402712078209042, "Gold": 0.9040034438226431}
