{"FTSE100": -0.3787580181362556, "DJIA": -0.20343313060468918, "GBPUSD": -0.05502712050938786, "Gold": -0.08676036786395973}
