{"FTSE100": -0.1234878794693667, "DJIA": 0.15975801488197997, "GBPUSD": 0.06515719172504755, "Gold": 0.0}
