{"FTSE100": 0.7085879296159925, "DJIA": 1.1374357783926996, "GBPUSD": 0.1810723920032566, "Gold": -0.31013283565704747}
