{"FTSE100": 0.6491500175971395, "DJIA": 0.1375768309590416, "GBPUSD": -0.026155513208522992, "Gold": 0.0}
