{"FTSE100": 0.2128865362395588, "DJIA": -1.293895249487349, "GBPUSD": 0.015454756201219224, "Gold": -0.1255518205013936}
