{"FTSE100": 0.5596128422245505, "DJIA": -0.168616854986383, "GBPUSD": 0.2765486725663763, "Gold": 0.3947018862195943}
