{"FTSE100": -0.09199686617126848, "DJIA": 0.15055228042868157, "GBPUSD": 0.05510075566751771, "Gold": -0.5300135584863837}
