{"FTSE100": 0.4324823475895975, "DJIA": 0.5370553617606709, "GBPUSD": -0.13358478705011886, "Gold": 0.09903570497785202}
