{"FTSE100": -0.9044676829539054, "DJIA": 0.03631263072368768, "GBPUSD": -0.051989602079587235, "Gold": 0.48993133245890813}
