{"FTSE100": -1.3783564086427538, "DJIA": -0.15256846241571637, "GBPUSD": 0.42101854100881475, "Gold": 0.7560561641721862}
