{"FTSE100": -0.019291926388704316, "DJIA": -0.3856438103780603, "GBPUSD": 0.23879013000795862, "Gold": 0.7197121151539384}
