{"FTSE100": 0.044673369730827146, "DJIA": -0.5311737113798481, "GBPUSD": 0.12286899093841544, "Gold": 0.1925171618917321}
