{"FTSE100": -1.5653077399545794, "DJIA": -1.0231216312168163, "GBPUSD": 0.039360780917906554, "Gold": 0.0}
