{"FTSE100": 0.031216568934519268, "DJIA": 0.2771280948387882, "GBPUSD": -0.05624296962879021, "Gold": -0.872103004291833}
