{"FTSE100": 2.1693037598055804e-14, "DJIA": 0.3745557446196195, "GBPUSD": 0.3151179770963196, "Gold": -0.003716090672609032}
