{"FTSE100": 0.5866671164046429, "DJIA": 1.6540415087346056, "GBPUSD": -0.22051617118588082, "Gold": -0.18064516129030916}
