{"FTSE100": 0.5035373865584335, "DJIA": 0.039785602364751205, "GBPUSD": 0.15025701858442173, "Gold": 0.3496805387670484}
