{"FTSE100": 0.7431882931220544, "DJIA": 0.0, "GBPUSD": 0.20927237604637458, "Gold": -0.3262506274050603}
