{"FTSE100": 0.014658148213694435, "DJIA": 0.32721611080353835, "GBPUSD": 0.015840329478851414, "Gold": -0.2125240943013978}
