{"FTSE100": -0.27881778139594215, "DJIA": 0.06882950315087095, "GBPUSD": -0.06291286568102483, "Gold": -1.1408147277712473}
