{"FTSE100": -0.2740591546554665, "DJIA": -0.01416725966909566, "GBPUSD": -0.21967676133688324, "Gold": 0.0}
