{"FTSE100": -0.01665734029123987, "DJIA": -0.37645994046978076, "GBPUSD": 0.0, "Gold": 0.3648015775203397}
