{"FTSE100": -0.8771126103936367, "DJIA": -0.22374080414614905, "GBPUSD": 0.41179498492536576, "Gold": 0.0}
