{"FTSE100": 0.3486699394908194, "DJIA": 0.28430664478884293, "GBPUSD": 0.5705799593559373, "Gold": 0.06873797085510035}
