{"FTSE100": 0.5446274863286398, "DJIA": 0.5878335099737888, "GBPUSD": -0.14165420634296244, "Gold": 0.5727263750370252}
