{"FTSE100": 0.06008742049753958, "DJIA": 0.03857106878020467, "GBPUSD": -0.06054643154468417, "Gold": -0.34439648055104294}
