{"FTSE100": 0.12647205456636781, "DJIA": 0.546896989212259, "GBPUSD": 0.0, "Gold": 1.7061028136711975}
