{"FTSE100": -0.16975017989172075, "DJIA": -0.6952911068033695, "GBPUSD": 0.11257880516361879, "Gold": 0.018802647412755714}
