{"FTSE100": 0.34788262639517553, "DJIA": 0.3210630280199732, "GBPUSD": 0.1827136955830925, "Gold": 0.4504121696269189}
