{"FTSE100": 0.012860990346697456, "DJIA": 1.2161956788204773, "GBPUSD": 0.08712871287129513, "Gold": 0.7394819033621122}
