{"FTSE100": -0.5549929303748256, "DJIA": 0.09267068427050526, "GBPUSD": -0.0474758664345572, "Gold": 0.06453000645300065}
