{"FTSE100": -0.2662976163393204, "DJIA": -1.017168800958807, "GBPUSD": -0.5688190995032755, "Gold": 0.3569453521693182}
