{"FTSE100": -0.3576947514570646, "DJIA": 0.4262846506250717, "GBPUSD": 0.13316622277926013, "Gold": 0.6304797556890924}
