{"FTSE100": 0.3546831581655116, "DJIA": -0.29207076281940864, "GBPUSD": -0.3354681305275968, "Gold": -0.25701111195102355}
