{"FTSE100": -0.1585118440211183, "DJIA": -0.691617711117479, "GBPUSD": -0.509432460399583, "Gold": -0.21285432457688241}
