{"FTSE100": 0.1522316238563081, "DJIA": 0.1359618973639427, "GBPUSD": -0.011456065986930344, "Gold": -0.44923272640533224}
