{"FTSE100": -0.4078885226426126, "DJIA": -0.09087056634996377, "GBPUSD": -0.0781494216942882, "Gold": -0.9203767123287672}
