{"FTSE100": -0.4319805725493859, "DJIA": -0.17385813597958205, "GBPUSD": 0.530257032989278, "Gold": 0.6731569613839494}
