{"FTSE100": 0.6125770104179306, "DJIA": -0.1558911315197585, "GBPUSD": 0.007579202667895334, "Gold": -1.4575284732326503}
