{"FTSE100": 0.2096871864860313, "DJIA": 0.17256482961037012, "GBPUSD": -0.2177419354838649, "Gold": -0.21120956109622444}
