{"FTSE100": 1.0691786084110022, "DJIA": 0.8043402764379521, "GBPUSD": -0.23500810372770686, "Gold": 0.0}
