{"FTSE100": -0.7725403471947059, "DJIA": 0.3853358454754037, "GBPUSD": 0.6128364389234014, "Gold": -0.4055683437465795}
