{"FTSE100": -0.7345311242989868, "DJIA": 0.12561002805738813, "GBPUSD": 0.150578538595658, "Gold": 0.03452527743526735}
