{"FTSE100": 0.11015079948587381, "DJIA": 0.46565818829298417, "GBPUSD": -0.5012331927758749, "Gold": -0.2446233819182527}
