{"FTSE100": 0.19534016872295545, "DJIA": 0.046729644050965795, "GBPUSD": 0.03891050583657159, "Gold": 0.33156498673740054}
