{"FTSE100": 0.9128412182919385, "DJIA": 0.4120198409917458, "GBPUSD": 0.27802763921825735, "Gold": 0.0}
