{"FTSE100": 0.6035260956872499, "DJIA": -0.015421075297644613, "GBPUSD": -0.08659371801935598, "Gold": -0.025947067981314176}
