{"FTSE100": 1.4177867545213159, "DJIA": 1.4903569030773527, "GBPUSD": 0.39506172839505477, "Gold": 0.1364463311097543}
