{"FTSE100": -0.1668005437056126, "DJIA": 0.4456187520110002, "GBPUSD": -0.5184653425859416, "Gold": -0.41514530085530843}
