{"FTSE100": -0.4190547582236219, "DJIA": 0.539824480428597, "GBPUSD": 0.27548209366391646, "Gold": -0.16778523489933334}
