{"FTSE100": 0.40496718120990177, "DJIA": 1.6890311261240565e-14, "GBPUSD": 0.11162003002193537, "Gold": 0.14210919970082955}
