{"FTSE100": 0.6436040817616061, "DJIA": 1.5635078949508472, "GBPUSD": 0.17584097859326978, "Gold": 0.20482899882067868}
