{"FTSE100": -2.0246431022952933, "DJIA": -0.8428946203931843, "GBPUSD": 0.4229985900047056, "Gold": 2.641153483358041}
