{"FTSE100": -0.9272946342038322, "DJIA": -1.3549674215902217, "GBPUSD": -0.015822784810124838, "Gold": -0.1398112548060238}
