{"FTSE100": 0.19112602681324628, "DJIA": -0.06674616616787857, "GBPUSD": 0.123813454395389, "Gold": -0.18281969704164058}
