{"FTSE100": -0.08245576567943604, "DJIA": -0.4457888358008879, "GBPUSD": 0.019840482520541526, "Gold": -1.082130965593794}
