{"FTSE100": 0.5185236914696698, "DJIA": -0.40707833905014884, "GBPUSD": -0.15276996060143225, "Gold": -0.44299607923010564}
