{"FTSE100": -0.09395814414220721, "DJIA": -0.483173535864506, "GBPUSD": 0.5359535506922805, "Gold": -0.34318609542787804}
