{"FTSE100": 1.1377131611867952, "DJIA": 1.4955214557127021, "GBPUSD": 0.43385723641127066, "Gold": 1.1241830065359613}
