{"FTSE100": -1.670435711765767, "DJIA": -1.070288322441955, "GBPUSD": 0.7399401396740861, "Gold": 0.7035445757250341}
