{"FTSE100": -0.10927214428958995, "DJIA": -0.3571355109429032, "GBPUSD": 0.11855833069870825, "Gold": 0.44602650426725715}
