{"FTSE100": -0.637274231087348, "DJIA": -0.7956158518677132, "GBPUSD": 0.00770119368502033, "Gold": -0.13220226947230596}
