{"FTSE100": 0.05669594662815095, "DJIA": 0.06393961429116662, "GBPUSD": 0.029647198339770087, "Gold": 0.5820276904083066}
