{"FTSE100": 0.12004895156878805, "DJIA": 0.12569075201694993, "GBPUSD": 0.1927067892084315, "Gold": 0.5820276904083066}
