{"FTSE100": -0.08299693984855876, "DJIA": -1.0104511581288504, "GBPUSD": -0.03552117456684386, "Gold": -0.54421768707483}
