{"FTSE100": 0.5439878535544713, "DJIA": -0.3694613986031098, "GBPUSD": 0.21596663687817433, "Gold": 0.578397759690123}
