{"FTSE100": 0.3637462420538052, "DJIA": -0.42086777752016297, "GBPUSD": -0.06444856199145346, "Gold": 0.024972530216761563}
