{"FTSE100": 0.31097278600053246, "DJIA": -0.539365484511791, "GBPUSD": -0.4396834279318938, "Gold": 0.0}
