{"FTSE100": -0.42619165357316785, "DJIA": -0.14333462800699967, "GBPUSD": 0.014975664545112538, "Gold": 0.0}
