{"FTSE100": 0.46783007330772736, "DJIA": -0.5700223821083189, "GBPUSD": 0.13357079252005388, "Gold": 1.5708879697263167}
