{"FTSE100": 0.37984595488806144, "DJIA": -0.04925386572230459, "GBPUSD": 0.39599159528041894, "Gold": 0.36104703640557845}
