{"FTSE100": 0.781414761664212, "DJIA": -0.9282916865650261, "GBPUSD": 0.0774053719328208, "Gold": 0.2755165936130206}
