{"FTSE100": 0.2360345323552148, "DJIA": 0.2791773799900014, "GBPUSD": 0.4548701176647578, "Gold": 0.09763313609467994}
