{"FTSE100": -0.11501169836909804, "DJIA": -1.0511736570482588, "GBPUSD": 0.7218439832663374, "Gold": -0.5369057547956606}
