{"FTSE100": 0.12684620483708314, "DJIA": 0.5210389894994409, "GBPUSD": 0.062344139650865944, "Gold": 0.0}
