{"FTSE100": 0.40055484081440246, "DJIA": 0.8709066396814074, "GBPUSD": -0.1859600185959986, "Gold": -1.980690341026817}
