{"FTSE100": 0.010511361481379666, "DJIA": 0.10430748972421615, "GBPUSD": -0.4647731464404259, "Gold": 0.5653593874358457}
