{"FTSE100": -0.4925516292641526, "DJIA": -0.29366339978442385, "GBPUSD": 0.3205974427639337, "Gold": 1.260568324024057}
