{"FTSE100": -0.3713112224306243, "DJIA": -0.49200584247563706, "GBPUSD": 0.14168765743073236, "Gold": -0.3821027979785604}
