{"FTSE100": 0.020340059550447702, "DJIA": 0.4322749834951116, "GBPUSD": -0.14536057498181393, "Gold": -0.09594505882947486}
