{"FTSE100": 0.7453664422025273, "DJIA": -0.9282916865650261, "GBPUSD": 0.1315891322857833, "Gold": 0.2755165936130206}
