{"FTSE100": 0.688453094717405, "DJIA": 0.03752978886757448, "GBPUSD": -0.30540037243947804, "Gold": -0.19538495783147652}
