{"FTSE100": -0.019291926388704316, "DJIA": -0.3856438103780603, "GBPUSD": 0.10233862714626557, "Gold": 0.5597760895641744}
