{"FTSE100": -0.15155355323253056, "DJIA": 0.16649181709301838, "GBPUSD": -0.7466792423170512, "Gold": 0.16970519782777346}
