{"FTSE100": -0.42618926475139396, "DJIA": -0.5725354324712659, "GBPUSD": -0.22209426667762808, "Gold": 0.0}
