{"FTSE100": 1.4035542109964008, "DJIA": 1.3913132376956023, "GBPUSD": -0.1357285429141744, "Gold": -0.6370070778564161}
