{"FTSE100": -0.46990344432567227, "DJIA": -0.010374007676760383, "GBPUSD": 0.05586146357033939, "Gold": 0.7898351648351688}
