{"FTSE100": 0.6217562070416668, "DJIA": -0.2878280428684172, "GBPUSD": -0.9771497294046828, "Gold": -3.1540444924146973}
