{"FTSE100": -0.10723354496009274, "DJIA": -5.927805260949259e-05, "GBPUSD": 0.20350020350019915, "Gold": 0.6394411606663133}
