{"FTSE100": -0.27719342509469264, "DJIA": 0.9966847090039459, "GBPUSD": -0.10937727869331024, "Gold": 0.10996731527018079}
