{"FTSE100": 0.6136339128835198, "DJIA": -0.6621189767974341, "GBPUSD": -0.5372945638432298, "Gold": -1.1409457478005907}
