{"FTSE100": 0.12001996208304712, "DJIA": 0.47725103404390706, "GBPUSD": 0.2721829069134504, "Gold": 0.32207792207792446}
