{"FTSE100": 0.07630560460084744, "DJIA": -1.037809090216601, "GBPUSD": -0.06297724946862253, "Gold": 0.0}
