{"FTSE100": 0.6006501502241129, "DJIA": 0.034882671422781196, "GBPUSD": 0.39419741406497283, "Gold": 0.9685751183814033}
