{"FTSE100": -0.3902185477890759, "DJIA": -0.16809445488531832, "GBPUSD": 0.05957700327674516, "Gold": 2.5934966437102256}
