{"FTSE100": -0.31985001334516205, "DJIA": -0.20163508038452232, "GBPUSD": -0.07400281210685192, "Gold": 1.273384229850219}
