{"FTSE100": -0.5353217729067979, "DJIA": -0.3778274831346014, "GBPUSD": -0.298132747528621, "Gold": 1.035185862916294}
