{"FTSE100": 0.36359921880889806, "DJIA": 0.08154302873818876, "GBPUSD": 0.01549306685258176, "Gold": -0.037267080745345384}
