{"FTSE100": 0.40841039746384095, "DJIA": 0.006348955018556335, "GBPUSD": 0.11870845204178987, "Gold": 0.0773960528012954}
