{"FTSE100": -0.22070253306871218, "DJIA": 1.4323187369254513, "GBPUSD": -0.08483726669750724, "Gold": 1.5436047711420235}
