{"FTSE100": -0.32385712433098557, "DJIA": 0.6189623624281557, "GBPUSD": -0.04529669334138109, "Gold": 0.16683856094157615}
