{"FTSE100": -0.39883352951391887, "DJIA": 0.2765969764780759, "GBPUSD": 0.015910898965807482, "Gold": 0.419639110365086}
