{"FTSE100": -0.003884727195035084, "DJIA": 0.19667222044200303, "GBPUSD": -0.2592912705272319, "Gold": -0.2128939695469229}
