{"FTSE100": -0.21792585306890816, "DJIA": 0.02954648404365985, "GBPUSD": 0.30001579030473735, "Gold": 0.9243697478991597}
