{"FTSE100": 0.12730032937689975, "DJIA": 0.5578433881456644, "GBPUSD": 0.37783375314860584, "Gold": 0.07829202926917128}
