{"FTSE100": 0.3623511859266495, "DJIA": -0.3499223227137551, "GBPUSD": 0.4796534117282983, "Gold": -0.12415102607171878}
