{"FTSE100": -0.2715235153174981, "DJIA": 0.03857636442923924, "GBPUSD": 0.20528822466744692, "Gold": 0.7437457741717353}
