{"FTSE100": 1.0266907511205368, "DJIA": 0.09312923497167463, "GBPUSD": 0.011129660545360378, "Gold": -0.4214608920491203}
