{"FTSE100": -0.26827870618889776, "DJIA": 1.676734140021074, "GBPUSD": 0.4176187849657127, "Gold": 1.2549675800041833}
