{"FTSE100": 0.2128865800465088, "DJIA": -0.14777160292741445, "GBPUSD": 0.187602894444662, "Gold": -0.9196360693528214}
