{"FTSE100": -0.1874768687520255, "DJIA": -0.041431396256527295, "GBPUSD": 0.0370507595405665, "Gold": 0.37755845532223736}
