{"FTSE100": 0.10151938726887774, "DJIA": 0.6219441163194419, "GBPUSD": -0.401606425702812, "Gold": 0.061946580184375544}
