{"FTSE100": 0.36986890772225467, "DJIA": -0.25036602959342213, "GBPUSD": -0.14472943635925253, "Gold": 0.3575076608784474}
