{"FTSE100": -0.027821054974394337, "DJIA": -0.5199664631489005, "GBPUSD": 0.17490975400990466, "Gold": -0.2478002478002516}
