{"FTSE100": -0.07692441706971284, "DJIA": -0.6459536137669861, "GBPUSD": -0.015734403272754147, "Gold": 0.19279870772758298}
