{"FTSE100": 0.9045127525546125, "DJIA": 1.42650082838567, "GBPUSD": -0.2400576138273099, "Gold": 0.0}
