{"FTSE100": 0.2811134942926462, "DJIA": 0.6211655801358724, "GBPUSD": -0.3540680556073223, "Gold": -0.3183043738765728}
