{"FTSE100": -0.5928423738757361, "DJIA": -0.3180169871987972, "GBPUSD": -0.23691419264084324, "Gold": -0.033342426722450476}
