{"FTSE100": 0.003528055884399029, "DJIA": 0.0, "GBPUSD": 0.2907446293006015, "Gold": 0.12943308309603935}
