{"FTSE100": 1.5621599755415934, "DJIA": 2.0305145823383453, "GBPUSD": -0.582834331337332, "Gold": -1.279069767441858}
