{"FTSE100": -2.3182972548071197, "DJIA": -1.4188664233985426, "GBPUSD": -0.07871536523928604, "Gold": -0.817878724734322}
