{"FTSE100": 0.34814861316006845, "DJIA": -1.037809090216601, "GBPUSD": 0.14169881130441817, "Gold": -0.31403796578391463}
