{"FTSE100": 0.688453094717405, "DJIA": 0.39606909257732975, "GBPUSD": -0.2830540037243967, "Gold": 1.825680229341646}
