{"FTSE100": -0.743670661242961, "DJIA": -1.1034456432238149, "GBPUSD": -0.7604562737642452, "Gold": 0.07387343018960847}
