{"FTSE100": -0.7842008792335553, "DJIA": -0.3965506388871312, "GBPUSD": -0.0038245305388674394, "Gold": 1.8159386266530795e-14}
