{"FTSE100": 0.2653535548272473, "DJIA": -1.0456165539326052, "GBPUSD": 0.16607157684962232, "Gold": 0.0}
