{"FTSE100": -0.2188036535952241, "DJIA": -0.1142612549989359, "GBPUSD": 0.6122448979591859, "Gold": 1.3307486771100796}
