{"FTSE100": 0.7164923984535534, "DJIA": 0.19876941528943973, "GBPUSD": 0.7116543871399825, "Gold": 0.3482202078266612}
