{"FTSE100": 0.029518934704802904, "DJIA": 0.30194559396477405, "GBPUSD": 0.46075563924837887, "Gold": 0.6378579189009154}
