{"FTSE100": 0.3409952682567313, "DJIA": 0.14693604572623653, "GBPUSD": -0.1349956324942456, "Gold": 0.619271736437949}
