{"FTSE100": -0.32385712433098557, "DJIA": 0.6189623624281557, "GBPUSD": -0.46630565583632383, "Gold": -2.297864789732058}
