{"FTSE100": -0.3366354506402216, "DJIA": 0.31749278250615887, "GBPUSD": -0.1314568512217781, "Gold": -0.13795986622072437}
