{"FTSE100": -0.08388990690182499, "DJIA": -1.6922105830537704, "GBPUSD": 0.17004173751738905, "Gold": 0.3142718289324566}
