{"FTSE100": 1.0252743717155934, "DJIA": -0.15830066251674343, "GBPUSD": -0.4329711624867135, "Gold": -0.3968831925429686}
