{"FTSE100": -0.4013568666124156, "DJIA": 0.16635361271460578, "GBPUSD": 0.30691744707639823, "Gold": -0.22711318495271915}
