{"FTSE100": 0.19825383281616135, "DJIA": 1.0729028638713531, "GBPUSD": 0.5509641873278291, "Gold": -0.03280546360085782}
