{"FTSE100": 0.35011625293075516, "DJIA": 0.43408798930513337, "GBPUSD": -0.6127765750559467, "Gold": -1.2167961323265843}
