{"FTSE100": -0.01097128675538559, "DJIA": -0.4629773650192718, "GBPUSD": -1.1147159138174925, "Gold": -1.2067752584014262}
