{"FTSE100": -0.009172865221764187, "DJIA": 0.27632026082839034, "GBPUSD": -0.12109286308936834, "Gold": -1.3091784020946853}
