{"FTSE100": 0.12544262397370562, "DJIA": -0.6683535979045157, "GBPUSD": -0.007816774798717188, "Gold": 0.1541861540833633}
