{"FTSE100": 0.37058141940298084, "DJIA": -0.3733466560038209, "GBPUSD": 0.4929691288184899, "Gold": 0.36104703640557845}
