{"FTSE100": -0.1840196647803285, "DJIA": 0.23760217068305511, "GBPUSD": -0.6280530355896762, "Gold": 1.5262208287734007}
