{"FTSE100": 0.42294439398127454, "DJIA": 0.39259374064109515, "GBPUSD": 0.1555582146703457, "Gold": -0.057420663782873325}
