{"FTSE100": -0.2437043054427154, "DJIA": 0.7727769393462457, "GBPUSD": 0.11538614570484632, "Gold": 0.632284083529854}
