{"FTSE100": -0.5909915000824011, "DJIA": 0.12800636552909866, "GBPUSD": -0.41895999342806883, "Gold": 2.9529770502326973}
