{"FTSE100": -0.19791185098209654, "DJIA": 0.47947084903889636, "GBPUSD": 0.2145593869731905, "Gold": 0.0}
