{"FTSE100": 0.2071442767223419, "DJIA": 1.1178465803476183, "GBPUSD": 0.45783734287855327, "Gold": 0.47545333923042393}
