{"FTSE100": 0.1488671374430728, "DJIA": -1.192592695962823, "GBPUSD": 0.08213552361397222, "Gold": 1.54838054624835}
