{"FTSE100": 0.23487062221407434, "DJIA": 0.9247514478540337, "GBPUSD": 0.44930176077718403, "Gold": 0.6731569613839494}
