{"FTSE100": -0.016561360385012804, "DJIA": -0.05426550491092768, "GBPUSD": 0.007437709185570025, "Gold": -0.8766559055994656}
