{"FTSE100": 0.6681029952706222, "DJIA": 0.3095057545104177, "GBPUSD": -0.2882491670722052, "Gold": 0.2739061931887088}
