{"FTSE100": 1.0088515890324024, "DJIA": 0.645117662550442, "GBPUSD": 0.37615504129527655, "Gold": 0.0}
