{"FTSE100": -0.11116147553367517, "DJIA": 0.324012006674884, "GBPUSD": 0.0852009631413213, "Gold": -0.13505181879570075}
