{"FTSE100": 0.432460899704839, "DJIA": 0.3914101705112496, "GBPUSD": 0.5013497878904877, "Gold": 0.2639701104613385}
