{"FTSE100": -0.1211109884318451, "DJIA": -0.023643137848942092, "GBPUSD": 0.07333528894103035, "Gold": 0.05973715651135006}
