{"FTSE100": 1.130835914584843, "DJIA": 0.24411357638170253, "GBPUSD": -0.023335407591783364, "Gold": 1.0756233257778656}
