{"FTSE100": 0.37984595488806144, "DJIA": -0.031041116091428917, "GBPUSD": -0.04829362524146281, "Gold": -0.20424429610440914}
