{"FTSE100": 0.760844776069393, "DJIA": -0.5348904876549311, "GBPUSD": -1.0342598577892632, "Gold": -0.71584189231249}
