{"FTSE100": -0.2655526707989498, "DJIA": -0.16841255032429142, "GBPUSD": 0.15060240963855523, "Gold": -0.6003346127349692}
