{"FTSE100": 0.19825383281616135, "DJIA": 1.09953157571708, "GBPUSD": 0.022230455724339897, "Gold": 0.0}
