{"FTSE100": -0.9231017975828232, "DJIA": -1.6922105830537704, "GBPUSD": -0.015458339774306535, "Gold": 1.150170095577515}
