{"FTSE100": -2.346270701746393, "DJIA": -0.44071246929431523, "GBPUSD": -0.20474258273461862, "Gold": 0.0}
