{"FTSE100": 0.44825040524115933, "DJIA": 0.43329442530001805, "GBPUSD": 0.0477973392814414, "Gold": 0.5156723963599619}
