{"FTSE100": 0.2808133967009501, "DJIA": 0.3943594401963156, "GBPUSD": 0.04856726566294613, "Gold": 0.30031833743768394}
