{"FTSE100": 0.1222000357776634, "DJIA": -7.34664430972665e-05, "GBPUSD": 0.3377081894235904, "Gold": -0.2588300880022299}
