{"FTSE100": -0.48829296646130954, "DJIA": -0.21207662095522664, "GBPUSD": 0.22619316896630579, "Gold": -1.0970013201735114}
