{"FTSE100": 0.7546856858517086, "DJIA": 0.4566531358143934, "GBPUSD": -0.14385039558858975, "Gold": 0.13305863164219714}
