{"FTSE100": -0.18887331730459647, "DJIA": -0.40478460864923255, "GBPUSD": -0.13570687315399016, "Gold": 0.0}
