{"FTSE100": -0.049320755018554756, "DJIA": 1.1912137068953088, "GBPUSD": -0.062433434940689515, "Gold": 0.1326339904744707}
