{"FTSE100": -0.11501169836909804, "DJIA": -1.1420705304931666, "GBPUSD": 0.7382495283405707, "Gold": -0.5369057547956606}
