{"FTSE100": 0.29767538493502704, "DJIA": -0.5397593190490229, "GBPUSD": -0.4789864029666242, "Gold": -0.13890266891557604}
