{"FTSE100": 0.4182447281058664, "DJIA": -0.2878280428684172, "GBPUSD": -0.8493686109440669, "Gold": -3.217005456616889}
