{"FTSE100": 0.06081228818191922, "DJIA": -1.9139007114799262, "GBPUSD": 0.04471938585376268, "Gold": 0.06345752878251923}
