{"FTSE100": -0.46215580832442377, "DJIA": -0.07383153569592746, "GBPUSD": -0.4010064475546377, "Gold": -0.1645836547857864}
