{"FTSE100": -0.42994201576333196, "DJIA": -0.09063367861392739, "GBPUSD": -0.1778533869471055, "Gold": 0.434782608695656}
