{"FTSE100": -0.4815066932985343, "DJIA": -0.6167640873375843, "GBPUSD": -0.12662234884457468, "Gold": 0.024679170779861797}
