{"FTSE100": -1.204867014379143, "DJIA": -0.21955879319047475, "GBPUSD": -0.0564567729308447, "Gold": 0.7187017001545736}
