{"FTSE100": -0.20194416837697898, "DJIA": -0.3159873865338924, "GBPUSD": 0.16828271496113398, "Gold": -0.5833003276563503}
