{"FTSE100": 0.22926994607196552, "DJIA": -0.25467383208241506, "GBPUSD": -0.17249490355966596, "Gold": -0.026408915649923412}
