{"FTSE100": 0.2023309975214841, "DJIA": -0.3727558225642785, "GBPUSD": 0.3933531347836659, "Gold": -0.034748076445759155}
