{"FTSE100": 0.5360184989714625, "DJIA": 0.7374623166034138, "GBPUSD": -0.39061046836055036, "Gold": 0.0}
