{"FTSE100": 0.282920673704865, "DJIA": 0.8469044252918984, "GBPUSD": 0.1028643772748915, "Gold": 0.04647800041314248}
