{"FTSE100": 0.5750271008975345, "DJIA": 0.4164787727636149, "GBPUSD": 0.3863490019317561, "Gold": 0.15462889066240568}
