{"FTSE100": 0.15614991818173565, "DJIA": 0.3210630280199732, "GBPUSD": 0.023832221163009766, "Gold": 0.1954618849324343}
