{"FTSE100": -0.17510757939052787, "DJIA": -0.1941338524261538, "GBPUSD": 0.19906043474798524, "Gold": -0.06402363949765844}
