{"FTSE100": -1.3649401860357164, "DJIA": -0.6627995873219266, "GBPUSD": -0.36002191437739195, "Gold": -0.2370278765393883}
