{"FTSE100": 0.8670665726958128, "DJIA": 0.20142765320474176, "GBPUSD": 0.990648280234582, "Gold": 2.5576350703727897}
