{"FTSE100": -0.0901022660719997, "DJIA": 0.30869728970466953, "GBPUSD": -0.09298865538404116, "Gold": 1.01167544040232}
