{"FTSE100": 1.6213580551808802, "DJIA": 1.2124602489311955, "GBPUSD": -0.13741815536335258, "Gold": -2.789359573048703}
