{"FTSE100": -0.6999327221587325, "DJIA": -0.8585878386325305, "GBPUSD": 0.06578947368422154, "Gold": -0.31778058007565974}
