{"FTSE100": -0.6903499300826131, "DJIA": -0.2166786438583101, "GBPUSD": 0.14271938283511124, "Gold": -0.03586157432311279}
