{"FTSE100": 0.011762787904546193, "DJIA": 0.6679126218229057, "GBPUSD": -0.05286210542213585, "Gold": -0.21607605877268798}
