{"FTSE100": 0.14367613249482128, "DJIA": 0.14420431683452947, "GBPUSD": 0.26654820079964814, "Gold": 0.545223070962023}
