{"FTSE100": -0.3530156642265132, "DJIA": -0.6690746998118996, "GBPUSD": -0.2623419985690324, "Gold": -0.31316834708218066}
