{"FTSE100": -0.27231537175414194, "DJIA": 0.03998756396987386, "GBPUSD": 0.07923930269414516, "Gold": -0.14776184267710088}
