{"FTSE100": 0.42477328429217676, "DJIA": 0.6189623624281557, "GBPUSD": 0.17739196074731642, "Gold": 0.6643208153855377}
