{"FTSE100": 1.411054861242592, "DJIA": -0.23745958955000926, "GBPUSD": 0.1440485216072792, "Gold": 0.36507738392410816}
