{"FTSE100": -1.8295508075912963, "DJIA": -1.070288322441955, "GBPUSD": 0.5819753907548965, "Gold": 1.0633727175080656}
