{"FTSE100": -0.14425083505345224, "DJIA": -0.2550589971080234, "GBPUSD": -0.13284623048821367, "Gold": -0.5403930131004292}
