{"FTSE100": 0.6113375535762694, "DJIA": 1.3908810231385735, "GBPUSD": 0.23853065118868677, "Gold": 1.1280315848843767}
