{"FTSE100": -1.1116852457731712, "DJIA": -0.6005744960082198, "GBPUSD": -0.08667559687968646, "Gold": 0.3011922192010154}
