{"FTSE100": -0.23653459292644544, "DJIA": -1.226088859892405, "GBPUSD": -0.060753341433772166, "Gold": 0.0}
