{"FTSE100": 0.19302106035242134, "DJIA": 1.2370817306818847, "GBPUSD": -0.04451458864471923, "Gold": 0.16333938294010888}
