{"FTSE100": -0.1211109884318451, "DJIA": -0.06803020747978102, "GBPUSD": -0.8984105044920425, "Gold": 0.31168519795007316}
