{"FTSE100": 0.3722565400313323, "DJIA": 0.24052178317833575, "GBPUSD": -0.0883037649514232, "Gold": -0.2919491315750453}
