{"FTSE100": 1.171617550136535, "DJIA": 1.3851018429090824, "GBPUSD": -0.052702906188821175, "Gold": 0.4672897196261682}
