{"FTSE100": 0.48991600580729766, "DJIA": 0.2323819458053222, "GBPUSD": -0.12795905310299294, "Gold": 0.393054595715269}
