{"FTSE100": -0.398150807986863, "DJIA": -0.09087056634996377, "GBPUSD": 0.007814942169427085, "Gold": -0.8690068493150568}
