{"FTSE100": 0.5842243694164169, "DJIA": -0.1250568640917311, "GBPUSD": -0.3028814669286212, "Gold": 0.24465150174379496}
