{"FTSE100": 0.47843721952199836, "DJIA": -0.9282916865650261, "GBPUSD": -0.030962148773121444, "Gold": 0.14193279064913758}
