{"FTSE100": -0.9526884554559827, "DJIA": 0.0, "GBPUSD": -0.008237232289949669, "Gold": -0.2710581496445651}
