{"FTSE100": -0.22354437027516175, "DJIA": -0.9940569573174595, "GBPUSD": 0.28720018629201555, "Gold": 0.03771514777480316}
