{"FTSE100": -2.036524843083113, "DJIA": -2.049612882216839, "GBPUSD": -0.38287232380058633, "Gold": -0.840994352145776}
