{"FTSE100": 0.1744833406250705, "DJIA": 0.5535605645927981, "GBPUSD": 0.15027425050717574, "Gold": -2.877331002331013}
