{"FTSE100": -0.5489098600715923, "DJIA": -0.17399477785411754, "GBPUSD": 0.30039525691699803, "Gold": 1.3992045617902065}
