{"FTSE100": 0.19795300960202092, "DJIA": 0.09093157991644564, "GBPUSD": 0.1636533665835404, "Gold": -0.10712646023568516}
