{"FTSE100": 0.7689402408079936, "DJIA": 0.6528563581075048, "GBPUSD": 0.1865671641791005, "Gold": -0.007944494465340339}
