{"FTSE100": 0.4844131105242977, "DJIA": 0.4436051293296666, "GBPUSD": 0.1027586752035299, "Gold": -0.30509065550906556}
