{"FTSE100": 0.08787902063463399, "DJIA": 0.24580372744246395, "GBPUSD": -0.03704252481848755, "Gold": 0.42759492908549707}
