{"FTSE100": -0.44213252962287947, "DJIA": 1.2928433847263459, "GBPUSD": -0.5062816426026652, "Gold": -0.24339190965292312}
