{"FTSE100": -0.03392169936017413, "DJIA": -0.6142821393514032, "GBPUSD": -0.219659527732026, "Gold": 0.3009967433139203}
