{"FTSE100": 0.5686702738732886, "DJIA": 1.1411733828527122, "GBPUSD": -0.11412583293450211, "Gold": 0.0}
