{"FTSE100": 0.002324792047359822, "DJIA": -0.6358626836531823, "GBPUSD": 0.21039975954314216, "Gold": -0.23763231799524173}
