{"FTSE100": 0.17119777430689714, "DJIA": -0.6120663862601452, "GBPUSD": 0.05900633334644809, "Gold": 0.10210255634549512}
