{"FTSE100": 0.8342831939761589, "DJIA": -0.44721173462843405, "GBPUSD": 0.21183116271772687, "Gold": 0.22348110805051474}
