{"FTSE100": -0.13001605338854486, "DJIA": -1.719878054908802, "GBPUSD": -0.06764183647587164, "Gold": 0.0}
