{"FTSE100": -0.19779324788148087, "DJIA": 0.023032329668518616, "GBPUSD": -0.08325074331020776, "Gold": 0.4229772138081469}
