{"FTSE100": 0.21818940293206926, "DJIA": 0.3058802269914348, "GBPUSD": -0.17682044687349138, "Gold": -0.2855284082694843}
