{"FTSE100": -0.1362636231455053, "DJIA": 0.020301566271700242, "GBPUSD": 0.15352294764059574, "Gold": 1.333125842929755}
