{"FTSE100": 0.5025463959826827, "DJIA": -0.42086777752016297, "GBPUSD": 0.07250463224038514, "Gold": 0.03496154230346846}
