{"FTSE100": 1.1497901542099964, "DJIA": -0.2477516561241665, "GBPUSD": 0.4843714523575406, "Gold": -0.18282957949197776}
