{"FTSE100": -0.06624594258684713, "DJIA": 0.42169345508682693, "GBPUSD": -0.37685483237810435, "Gold": -0.9936018065487255}
