{"FTSE100": 0.4335509589127163, "DJIA": 0.1302313141389222, "GBPUSD": 0.26765331024168065, "Gold": 0.445277712678697}
