{"FTSE100": 0.4335509589127163, "DJIA": 0.5686896967463431, "GBPUSD": 0.41722427772967663, "Gold": 0.7686899460979654}
