{"FTSE100": -0.7900157701333387, "DJIA": -0.4447573144565191, "GBPUSD": 0.455915876167364, "Gold": 0.38835478789853145}
