{"FTSE100": 0.3267876060114686, "DJIA": 0.6269140593895097, "GBPUSD": 0.12003841229193796, "Gold": 0.7002074688796799}
