{"FTSE100": 0.4484050617596676, "DJIA": -0.8231990447403666, "GBPUSD": -0.8046702429788566, "Gold": 0.19202048218476636}
