{"FTSE100": -1.2094103132389549, "DJIA": -0.41155534827630236, "GBPUSD": -0.2533093642751986, "Gold": 0.0}
