{"FTSE100": 0.6204076016516356, "DJIA": -0.13424903271818125, "GBPUSD": 0.1329891261832148, "Gold": 0.44913351129190987}
