{"FTSE100": 0.3850529979126381, "DJIA": 0.19049108728037573, "GBPUSD": -0.03888932099245119, "Gold": -0.3891839299469073}
