{"FTSE100": 0.4621862655189993, "DJIA": 0.48446443645278786, "GBPUSD": 0.01190428951232844, "Gold": -1.3283851276359662}
