{"FTSE100": 0.16169246015011604, "DJIA": -0.31661186361566174, "GBPUSD": 0.02345582486317177, "Gold": -0.22977941176470587}
