{"FTSE100": -0.8661054288988841, "DJIA": -0.5468671780450398, "GBPUSD": -0.11201553282053878, "Gold": 0.5268496083845233}
