{"FTSE100": 0.1571834302364875, "DJIA": -0.942879300555332, "GBPUSD": 0.37919610425897354, "Gold": -0.8488706988024893}
