{"FTSE100": 0.31820085091318273, "DJIA": 0.3937612299299614, "GBPUSD": 0.6794021261290026, "Gold": -0.7671457065411956}
