{"FTSE100": 0.9832992324709422, "DJIA": -0.3013566990691319, "GBPUSD": 0.0, "Gold": 0.3568950133835652}
