{"FTSE100": 0.21594489056995866, "DJIA": 0.019070085375696343, "GBPUSD": 0.30849549121974484, "Gold": -0.2577651759247325}
