{"FTSE100": 0.0008617634480871247, "DJIA": -0.5937798212891447, "GBPUSD": 0.38359398052521915, "Gold": -0.3096399408121808}
