{"FTSE100": 0.5563900461796417, "DJIA": 0.5711211991055609, "GBPUSD": -0.25666951855021236, "Gold": -0.8553938460291224}
