{"FTSE100": -0.634337662994314, "DJIA": 0.07634675873089147, "GBPUSD": -0.03483106931381551, "Gold": 0.24186601285533518}
