{"FTSE100": -0.4897266648144056, "DJIA": -0.31818228450353336, "GBPUSD": -0.16518004625041308, "Gold": 0.20664281034221604}
