{"FTSE100": 0.11333879359072538, "DJIA": 0.05510396145917716, "GBPUSD": 0.03303115939369923, "Gold": 0.9058228567946757}
