{"FTSE100": -0.12396904674955661, "DJIA": 0.4156262285333238, "GBPUSD": -0.649206934710433, "Gold": 0.32411820781697104}
