{"FTSE100": -0.2260717475439027, "DJIA": -0.11382768257496441, "GBPUSD": -0.031510950055140693, "Gold": -0.07841497203199331}
