{"FTSE100": 0.09903743832834126, "DJIA": 0.09292343123922794, "GBPUSD": 0.15594690198165798, "Gold": 0.47513589691967717}
