{"FTSE100": -0.7588230568049908, "DJIA": -1.5270081147355825, "GBPUSD": -0.02362762857367622, "Gold": 1.5503211991434807}
