{"FTSE100": -0.4190547582236219, "DJIA": 0.45454836168586543, "GBPUSD": 0.054949368082261, "Gold": 0.0}
