{"FTSE100": 1.122392613558039, "DJIA": -0.0182632194238079, "GBPUSD": 0.19449431478157972, "Gold": 0.6302179019092452}
