{"FTSE100": 0.42483796042491406, "DJIA": -1.0856999866524848, "GBPUSD": 0.06384167265181644, "Gold": 0.3863324175824176}
