{"FTSE100": -0.13490209167779352, "DJIA": -0.2343375431877598, "GBPUSD": 0.09658725048294349, "Gold": -0.6027697519178992}
