{"FTSE100": 0.004322209331434048, "DJIA": 0.23259696203563365, "GBPUSD": 0.09281603861148657, "Gold": -0.5015045135406219}
