{"FTSE100": 0.5525725603525053, "DJIA": 0.3219571845942602, "GBPUSD": 0.07858399131835628, "Gold": 0.04026138932764043}
