{"FTSE100": -0.1377443342413888, "DJIA": 0.9966847090039459, "GBPUSD": -0.1822954644888558, "Gold": 0.12524055350215074}
