{"FTSE100": 0.289032086595707, "DJIA": 0.3210630280199732, "GBPUSD": 0.1827136955830925, "Gold": 0.6841165972635297}
