{"FTSE100": -1.4488192244372613, "DJIA": 0.0, "GBPUSD": -0.20177562550443476, "Gold": 0.64}
