{"FTSE100": 1.0800851426842246, "DJIA": 0.8119888224640356, "GBPUSD": 0.0227738556137529, "Gold": 0.0}
