{"FTSE100": 0.08013797248515114, "DJIA": -0.12173146939566765, "GBPUSD": -0.08554319931564498, "Gold": 0.36167886281436235}
