{"FTSE100": 0.5662704029255148, "DJIA": 0.10967823868292606, "GBPUSD": 0.04713275726629488, "Gold": -0.439626104400537}
