{"FTSE100": 0.12123808176112935, "DJIA": 0.32945334552794114, "GBPUSD": -0.2453787011287513, "Gold": -0.3127606338615513}
