{"FTSE100": -0.5549929303748256, "DJIA": 0.2340024228297979, "GBPUSD": 0.22187004754359238, "Gold": 1.0169491525423768}
