{"FTSE100": 0.23377088169188276, "DJIA": 0.2971982623153109, "GBPUSD": 0.4848876676903188, "Gold": 0.22063985558118998}
