{"FTSE100": 0.42390163261859737, "DJIA": 0.421693455086827, "GBPUSD": -0.2747899819423772, "Gold": -0.5758374106134636}
