{"FTSE100": -1.2986147131886854, "DJIA": -0.8585878386325305, "GBPUSD": 0.0, "Gold": 0.42048736004863235}
