{"FTSE100": -0.5117136061177683, "DJIA": 0.02711714794929295, "GBPUSD": -0.01577411467781197, "Gold": 0.10772168633402623}
