{"FTSE100": -1.0466714153975896, "DJIA": -1.6528918769150907, "GBPUSD": 0.4340211680499704, "Gold": 0.0}
