{"FTSE100": -0.2931444638070942, "DJIA": -0.5849803690563604, "GBPUSD": -0.07132102385291235, "Gold": -0.32904429820253633}
