{"FTSE100": 0.02269153028795254, "DJIA": -1.085692071721955, "GBPUSD": -0.45860289902547285, "Gold": -0.6000208702911405}
