{"FTSE100": -0.1802645705992182, "DJIA": 0.23729090544432, "GBPUSD": -0.051748355141563014, "Gold": 0.03552472102645166}
