{"FTSE100": -0.7410084710741102, "DJIA": -0.16617483850439813, "GBPUSD": -0.09510223490250973, "Gold": 0.0}
