{"FTSE100": 0.6063365986397287, "DJIA": 0.3817162424390318, "GBPUSD": -0.029897600717539122, "Gold": 0.3341398778661136}
