{"FTSE100": 0.13255558335209555, "DJIA": 0.3971025066444303, "GBPUSD": 0.22341376228776538, "Gold": 0.1564991436839227}
