{"FTSE100": 0.3582632944730669, "DJIA": 0.7818900405472091, "GBPUSD": 0.22344585428137526, "Gold": -2.5646702830362744}
