{"FTSE100": 0.36569381651583427, "DJIA": 0.6486379955549604, "GBPUSD": 0.10406629408363556, "Gold": -0.09843596193808808}
