{"FTSE100": 1.0597972352564877, "DJIA": 0.5586178087421069, "GBPUSD": -0.0242502627111767, "Gold": -0.6295863909272811}
