{"FTSE100": 0.4967662428231558, "DJIA": 1.5774460717160004, "GBPUSD": 0.1725838264299795, "Gold": 0.015028554253078575}
