{"FTSE100": -1.8224776003605432, "DJIA": 0.16923231441487935, "GBPUSD": 0.11268512556343109, "Gold": -0.3973565333779488}
