{"FTSE100": 0.1837998557108593, "DJIA": -1.2634768174566209, "GBPUSD": -0.3326126725428242, "Gold": 0.14175117217316194}
