{"FTSE100": -0.06403879997881669, "DJIA": 0.3497367967820414, "GBPUSD": -0.09376992610929623, "Gold": -2.8502269288956072}
