{"FTSE100": 0.3265780974672486, "DJIA": 1.117045217631898, "GBPUSD": -0.1715777694889943, "Gold": -0.9869938197583289}
