{"FTSE100": -0.7725403471947059, "DJIA": -0.12220330776142349, "GBPUSD": 0.49689440993788864, "Gold": -0.4055683437465795}
