{"FTSE100": 0.8305299215371881, "DJIA": 0.1691725539403731, "GBPUSD": 0.8241758241758206, "Gold": 1.0660888407367242}
