{"FTSE100": -0.08465746288095428, "DJIA": 0.028189836624235742, "GBPUSD": -0.11036657469450893, "Gold": -0.21769163143133388}
