{"FTSE100": 0.0008808233433249188, "DJIA": 1.1738124087788122, "GBPUSD": -0.06644518272424517, "Gold": 0.33014017427072234}
