{"FTSE100": 0.4655054292799085, "DJIA": 0.20315749627711183, "GBPUSD": -0.007819831091647559, "Gold": 0.4050120237944525}
