{"FTSE100": 0.0, "DJIA": 1.3564904820566428, "GBPUSD": -0.19890968027110098, "Gold": 0.3876928153097393}
