{"FTSE100": -0.16832851674206087, "DJIA": -0.41103559386866934, "GBPUSD": 0.13455754313756804, "Gold": 0.0}
