{"FTSE100": 0.07818967340402241, "DJIA": -0.30817887794355414, "GBPUSD": 0.19308822949915774, "Gold": 0.7045721428841967}
