{"FTSE100": -1.4734738303665906, "DJIA": -0.6532618070496287, "GBPUSD": 0.05625200900033309, "Gold": 0.667850198664288}
