{"FTSE100": 0.6375775137045813, "DJIA": 0.29258762146241046, "GBPUSD": -0.06439150032195042, "Gold": 0.728252194732637}
