{"FTSE100": 0.7247355648152329, "DJIA": 0.5609535057174126, "GBPUSD": -0.31683601005133866, "Gold": -1.9106751852185073}
