{"FTSE100": -0.5139723281420712, "DJIA": 0.3817162424390318, "GBPUSD": 0.4560747663551397, "Gold": 1.7242169945430323}
