{"FTSE100": 0.07782949999373437, "DJIA": 0.2593821872199719, "GBPUSD": 0.23971971233634337, "Gold": -0.20453534904400877}
