{"FTSE100": -0.3932373773090879, "DJIA": -0.1959734135626649, "GBPUSD": 0.301157077191316, "Gold": 0.2447289156626506}
