{"FTSE100": 0.30075032688850145, "DJIA": 0.5643591562423746, "GBPUSD": 0.05650173541043852, "Gold": -0.0364185005983063}
