{"FTSE100": 0.9832992324709422, "DJIA": 1.6500974711827594, "GBPUSD": 0.03958828186856254, "Gold": 0.0}
