{"FTSE100": 0.19008577151757938, "DJIA": -0.21613541412862727, "GBPUSD": 0.06269592476489157, "Gold": 0.11560693641618766}
