{"FTSE100": 0.5286186323903795, "DJIA": 0.5625818754071457, "GBPUSD": -0.11918951132300698, "Gold": 2.911764003914174}
