{"FTSE100": 0.003508022538014537, "DJIA": 0.8603362734405032, "GBPUSD": -0.0636584909193048, "Gold": -0.2905246112447269}
