{"FTSE100": -0.3758326475377669, "DJIA": -0.7074172714070656, "GBPUSD": -0.08032128514057123, "Gold": 0.288600288600277}
