{"FTSE100": -0.03927888334497383, "DJIA": -0.10578272202183193, "GBPUSD": -0.23203565246215507, "Gold": -0.6758567302825579}
