{"FTSE100": -0.6369174072974578, "DJIA": 0.0325164765134422, "GBPUSD": -0.17261671243624793, "Gold": 0.40337561700546193}
