{"FTSE100": 1.130835914584843, "DJIA": 0.24411357638170253, "GBPUSD": 0.21037868162692258, "Gold": 1.7255717255717256}
