{"FTSE100": 0.7164923984535534, "DJIA": 0.22561532282737343, "GBPUSD": 0.6530475552578724, "Gold": 0.24872871987618836}
