{"FTSE100": -0.5052413523123943, "DJIA": 0.3051855073414397, "GBPUSD": 0.3692936277205882, "Gold": -0.04219186751753359}
