{"FTSE100": 0.3231537702270238, "DJIA": 0.08524701629661285, "GBPUSD": -0.20692826486817326, "Gold": 0.5638058738990944}
