{"FTSE100": -0.13019289069526638, "DJIA": 0.005179498229663735, "GBPUSD": 0.2327261054490109, "Gold": -0.27755349212757363}
