{"FTSE100": 0.04475455970940094, "DJIA": 0.2696752076129649, "GBPUSD": -0.6270748801180341, "Gold": 0.0}
