{"FTSE100": -0.9674562350725825, "DJIA": -0.4102739023553317, "GBPUSD": 0.05506607929514812, "Gold": 0.1457043242961937}
