{"FTSE100": -0.8475798233592735, "DJIA": 0.5270381416418123, "GBPUSD": -0.015424957581364952, "Gold": 0.30954641132527133}
