{"FTSE100": 0.5725994779980819, "DJIA": 0.940872817102252, "GBPUSD": 0.0764776575986174, "Gold": -1.5087435136026792}
