{"FTSE100": 1.1810602554632519, "DJIA": 1.084647993208272, "GBPUSD": -0.3064879435766682, "Gold": 0.9961910342806872}
