{"FTSE100": -1.749979067236031, "DJIA": -0.5210931551199784, "GBPUSD": -0.41901692183723555, "Gold": -0.16223889677550424}
