{"FTSE100": -0.2218210259516555, "DJIA": -0.3159873865338924, "GBPUSD": -0.208350028047114, "Gold": -0.5833003276563503}
