{"FTSE100": -0.888614005317937, "DJIA": 0.2345917638122361, "GBPUSD": 0.04070004070003621, "Gold": 0.0}
