{"FTSE100": 0.6657469312674742, "DJIA": 0.3152885174514593, "GBPUSD": -0.2792360102758792, "Gold": -0.25203787379942244}
