{"FTSE100": -0.6350577267473613, "DJIA": -0.16809445488531832, "GBPUSD": 0.17188550930423502, "Gold": 0.03487054310869702}
