{"FTSE100": 0.8434072521438746, "DJIA": 0.03794789956680398, "GBPUSD": -0.3072317630376567, "Gold": -0.35171706316252477}
