{"FTSE100": 0.27181270592536094, "DJIA": -0.3213076632071017, "GBPUSD": 0.40384978297791774, "Gold": 1.1800036401140457}
