{"FTSE100": 0.10912069052133924, "DJIA": 0.6979597834872301, "GBPUSD": -0.17298435619733354, "Gold": -1.5052936653457174}
