{"FTSE100": 0.4220978923307832, "DJIA": -0.40707833905014884, "GBPUSD": 0.07236471817963519, "Gold": -0.19858444931005095}
