{"FTSE100": 1.4177867545213159, "DJIA": 1.6964902336858947, "GBPUSD": -0.09835259404965722, "Gold": 0.0}
