{"FTSE100": -0.0729038033708028, "DJIA": -0.24186112156567488, "GBPUSD": -0.32515971079913447, "Gold": 0.6446661550268681}
