{"FTSE100": -0.888614005317937, "DJIA": -0.4653746115764239, "GBPUSD": 0.19569471624265797, "Gold": 2.3936716663242197}
