{"FTSE100": -0.1892952995276024, "DJIA": -0.020683861044248124, "GBPUSD": 0.282548888393191, "Gold": 0.5878685312193737}
