{"FTSE100": 0.389161290322584, "DJIA": -0.24737160418128915, "GBPUSD": 0.45738958615390896, "Gold": 0.159297887048773}
