{"FTSE100": -0.05983196747893673, "DJIA": 1.1621354477690533, "GBPUSD": -0.30506883604505747, "Gold": -0.14481510214636434}
