{"FTSE100": -0.0978721986667626, "DJIA": -0.6221554944202693, "GBPUSD": -0.22305976463348223, "Gold": -0.07248525584001425}
