{"FTSE100": -0.1328163936336068, "DJIA": 0.2961486821397024, "GBPUSD": -0.04689698296075769, "Gold": -0.2591917058654167}
