{"FTSE100": -0.3014950997172074, "DJIA": -0.14308094776862018, "GBPUSD": 0.1426759670260006, "Gold": -0.48223600039365977}
