{"FTSE100": 0.4655054292799085, "DJIA": 0.10693856031837284, "GBPUSD": -0.05475166210402213, "Gold": 0.6371861858034918}
