{"FTSE100": 0.4932924448476593, "DJIA": 1.344757089127148, "GBPUSD": -0.03734687780101172, "Gold": -0.21234395053084715}
