{"FTSE100": 0.04993787888525364, "DJIA": 0.2927665490199477, "GBPUSD": -0.3150912106135824, "Gold": 1.119215991981731}
