{"FTSE100": 0.31487221446200964, "DJIA": -0.13424903271818125, "GBPUSD": 0.0860517875303216, "Gold": 0.49997881445702225}
