{"FTSE100": 0.6011034737207165, "DJIA": 0.42625615973051006, "GBPUSD": -0.08643721515007692, "Gold": 0.3206685453308672}
