{"FTSE100": 0.18988299173855713, "DJIA": 0.0, "GBPUSD": 0.45849025708204105, "Gold": 0.0}
