{"FTSE100": 0.6436040817616061, "DJIA": -0.06516194764516063, "GBPUSD": 0.6206869964146738, "Gold": 2.1329868154158125}
