{"FTSE100": -0.6858820562234537, "DJIA": 0.0, "GBPUSD": -0.02440214738896754, "Gold": 0.0}
