{"FTSE100": -0.05463496710419488, "DJIA": 0.7227088649545987, "GBPUSD": 0.5334552659655629, "Gold": 1.762791607111153e-14}
