{"FTSE100": 0.998500195180089, "DJIA": 0.5024626116716556, "GBPUSD": 0.07012622720896843, "Gold": 0.673596673596685}
