{"FTSE100": 0.10937749492461217, "DJIA": 0.33134392059798534, "GBPUSD": 0.5618658797849558, "Gold": -0.28480252547782253}
