{"FTSE100": -0.7802730464306626, "DJIA": 0.1832408172636602, "GBPUSD": -0.38886536018172707, "Gold": -0.14082419211383512}
