{"FTSE100": -1.0072397232945005, "DJIA": -0.2812610781556544, "GBPUSD": 0.20189934943542395, "Gold": -0.24581174601974057}
