{"FTSE100": 0.24691741667669753, "DJIA": 0.3445162992953167, "GBPUSD": -0.6246996636232603, "Gold": -1.206644115716659}
