{"FTSE100": -0.04262634978075633, "DJIA": 0.08444918483118927, "GBPUSD": -0.16939582156973387, "Gold": -0.28506271379703535}
