{"FTSE100": 0.32356440042232365, "DJIA": -0.6326117065504555, "GBPUSD": 0.06655020380999183, "Gold": -0.6446991404011486}
