{"FTSE100": -0.3477753703699092, "DJIA": 0.09292343123922793, "GBPUSD": 0.05705374462744121, "Gold": 0.32970125849383913}
