{"FTSE100": 0.3355531190795887, "DJIA": 0.4752378317991603, "GBPUSD": -0.3104848340100322, "Gold": 0.2831428860349837}
