{"FTSE100": -0.4253515780387581, "DJIA": 0.16140196203535218, "GBPUSD": 0.2967359050445124, "Gold": 1.4874884151992545}
