{"FTSE100": 0.6521036731815486, "DJIA": -0.13424903271818125, "GBPUSD": 0.18774935461160758, "Gold": 0.44913351129190987}
