{"FTSE100": 0.3607739808002536, "DJIA": 0.43329442530001805, "GBPUSD": 0.11949334820362119, "Gold": 0.5156723963599619}
