{"FTSE100": 0.10067146191223257, "DJIA": 0.5516625720786568, "GBPUSD": -0.22432607125204426, "Gold": -0.14406915319352925}
