{"FTSE100": -0.0938564750404962, "DJIA": -0.14081897886700848, "GBPUSD": -0.1076666047892875, "Gold": 0.0}
