{"FTSE100": -0.888614005317937, "DJIA": 0.2345917638122361, "GBPUSD": -0.032560032560047046, "Gold": -0.10532651218778896}
