{"FTSE100": 0.08471630124356669, "DJIA": 0.3945335103219029, "GBPUSD": 0.29393072767713807, "Gold": 0.11047845670093945}
