{"FTSE100": 0.6416603089560576, "DJIA": 0.08617640865146091, "GBPUSD": -0.19273535952556975, "Gold": -0.7687437822194084}
