{"FTSE100": -0.48178762380983076, "DJIA": -0.47556003243707184, "GBPUSD": -0.5746032954069749, "Gold": -0.1299902507311906}
