{"FTSE100": 0.260212456410624, "DJIA": -0.722705368377771, "GBPUSD": -0.6338139755981625, "Gold": 0.9470551095878055}
