{"FTSE100": 0.1056129618166826, "DJIA": 0.24580372744246395, "GBPUSD": 0.0, "Gold": 0.42759492908549707}
