{"FTSE100": -2.577581033381304, "DJIA": -0.009526901588351467, "GBPUSD": 1.272031925507139, "Gold": 2.583243823845335}
