{"FTSE100": 1.0653344785648353, "DJIA": -0.32096016803223304, "GBPUSD": -1.1304174156181255, "Gold": 1.2893655864901905}
