{"FTSE100": -0.5841222726823329, "DJIA": -0.3060888112504865, "GBPUSD": 0.015620118712900498, "Gold": 0.3609035326086956}
