{"FTSE100": 0.5839154790099508, "DJIA": 0.8484399095769031, "GBPUSD": 0.03194377894906389, "Gold": 0.31731057844861243}
