{"FTSE100": 1.0381404837323704, "DJIA": 0.5017275560169973, "GBPUSD": 0.054542621162531, "Gold": 0.6029106029106029}
