{"FTSE100": -0.8781766631827652, "DJIA": 1.0869350878585173, "GBPUSD": -0.23960426650178562, "Gold": 1.347804957071128}
