{"FTSE100": -0.7304503206142466, "DJIA": -0.6661205857273335, "GBPUSD": -0.16411378555798614, "Gold": -1.339897260273961}
