{"FTSE100": 0.17577882438358144, "DJIA": 0.3762949087976161, "GBPUSD": -0.04114549045424168, "Gold": 0.0}
