{"FTSE100": -0.1019652968537923, "DJIA": -0.03949924102697336, "GBPUSD": 0.21679312932543449, "Gold": -0.05428881650380022}
