{"FTSE100": 0.16279161833105035, "DJIA": -0.3328739211143823, "GBPUSD": 0.2912697787924141, "Gold": -0.9269726430024835}
