{"FTSE100": -0.06986940172948226, "DJIA": 3.207744420665311, "GBPUSD": -1.1654654194141911, "Gold": -2.5836587234974338}
