{"FTSE100": -0.0905947369512445, "DJIA": -1.2671628247783644, "GBPUSD": -0.14243886998496666, "Gold": 0.0638977635782837}
