{"FTSE100": 0.006560203928634235, "DJIA": -1.0456165539326052, "GBPUSD": 0.07473220958232174, "Gold": 0.0}
