{"FTSE100": -0.3758326475377669, "DJIA": -0.6532618070496287, "GBPUSD": 0.016072002571536487, "Gold": 0.7692957984614006}
