{"FTSE100": 0.006786102062983788, "DJIA": -0.38471543134349534, "GBPUSD": 0.19640429067834533, "Gold": 0.09709327022270216}
