{"FTSE100": -3.7132783770493227, "DJIA": -0.8428946203931843, "GBPUSD": 0.36033213222623844, "Gold": 2.9342406683735316}
