{"FTSE100": -0.5629916721897172, "DJIA": 1.2579542251060856, "GBPUSD": -0.0037637848620485134, "Gold": 0.13910355486863848}
