{"FTSE100": -0.01697038264172584, "DJIA": 1.1808025691264488, "GBPUSD": -0.20911752404851755, "Gold": -0.09496444920618574}
