{"FTSE100": 0.07818967340402241, "DJIA": -0.30817887794355414, "GBPUSD": 0.11427670725459678, "Gold": 0.24243342550854544}
