{"FTSE100": 0.1652203511697376, "DJIA": 0.32945334552794114, "GBPUSD": -0.41714379191886997, "Gold": -0.3127606338615513}
