{"FTSE100": -0.10723354496009274, "DJIA": -0.15492319046335895, "GBPUSD": 0.07326007326006519, "Gold": 0.7254164427727029}
