{"FTSE100": -0.1005927008778359, "DJIA": -0.669320598001904, "GBPUSD": -1.1531504371419858, "Gold": 0.11333157039779379}
