{"FTSE100": 0.6597205585879746, "DJIA": 0.23007245500798623, "GBPUSD": 0.4302589376515732, "Gold": 0.7160713529087789}
