{"FTSE100": -0.8683485776477273, "DJIA": 0.5116930646563659, "GBPUSD": -0.3811650560197135, "Gold": -0.14082419211383512}
