{"FTSE100": -0.8091212229410201, "DJIA": -0.5137075604540832, "GBPUSD": 0.2483933288648808, "Gold": -0.4752206381534249}
