{"FTSE100": 0.06680295856526243, "DJIA": 0.28269037535719965, "GBPUSD": -0.062319856664322805, "Gold": -0.6140573458513021}
