{"FTSE100": 0.48050555743880874, "DJIA": 0.45243973003610705, "GBPUSD": -0.2648800249298901, "Gold": -0.2388121690374784}
