{"FTSE100": -0.8337292595570499, "DJIA": -0.9940569573174595, "GBPUSD": -0.14347202295551648, "Gold": -0.21610125887559364}
