{"FTSE100": 0.3294792629708741, "DJIA": -0.7338358320316399, "GBPUSD": -0.26398284111533504, "Gold": -0.24649019397706082}
