{"FTSE100": 0.24979306489938582, "DJIA": 0.320679396088502, "GBPUSD": 0.3931322207959023, "Gold": 0.25020850708923864}
