{"FTSE100": -0.5909915000824011, "DJIA": -0.1807848321525694, "GBPUSD": -0.3696705824365356, "Gold": 2.9529770502326973}
