{"FTSE100": 0.4092693928139734, "DJIA": -0.37717947116818773, "GBPUSD": 0.048709206039944504, "Gold": 0.0}
