{"FTSE100": -0.3593047678516988, "DJIA": 1.180383943603772, "GBPUSD": 0.0320384461353589, "Gold": -0.24140012070005806}
