{"FTSE100": -0.16074030875424086, "DJIA": -0.2613344519060054, "GBPUSD": 0.03929890749038489, "Gold": -0.08937881722031653}
