{"FTSE100": 0.260212456410624, "DJIA": -0.6790702324720264, "GBPUSD": -0.586277927428288, "Gold": 1.0237214756020483}
