{"FTSE100": -0.4225046322727698, "DJIA": -0.6221554944202693, "GBPUSD": -0.23844319667716948, "Gold": 0.003294784356360879}
