{"FTSE100": -0.55403406424325, "DJIA": 0.16635361271460578, "GBPUSD": 0.25182970016525297, "Gold": -0.22711318495271915}
