{"FTSE100": -0.03884043972992919, "DJIA": 0.8289269376359322, "GBPUSD": 0.2001482579688767, "Gold": -1.3948930774108086}
