{"FTSE100": -0.2662976163393204, "DJIA": -0.8238426704924569, "GBPUSD": -0.5848421727287183, "Gold": 0.502739932632849}
