{"FTSE100": 0.14958425937857728, "DJIA": 0.23624667674384778, "GBPUSD": 0.0, "Gold": 0.1726573536336501}
