{"FTSE100": -0.4552756498080003, "DJIA": -0.4253567048166654, "GBPUSD": -0.07159904534605417, "Gold": 0.9018648731274804}
