{"FTSE100": -0.32762754920348947, "DJIA": -0.49200584247563706, "GBPUSD": 0.0393576826196605, "Gold": -0.3821027979785604}
