{"FTSE100": -1.2726049384885136, "DJIA": -0.8208371538760056, "GBPUSD": -0.14062559385807513, "Gold": -0.4694835680751151}
