{"FTSE100": -1.0322192847606013, "DJIA": -0.3772102594914932, "GBPUSD": -0.08653241032096451, "Gold": -0.19774158297340658}
