{"FTSE100": 2.1996684195742084e-14, "DJIA": -0.3306836771535578, "GBPUSD": -0.0809342120476352, "Gold": -0.285202383999405}
