{"FTSE100": 0.30075032688850145, "DJIA": 1.0014658993795054, "GBPUSD": 0.09682885499879688, "Gold": -0.2803156146179449}
