{"FTSE100": -0.810451164015889, "DJIA": -0.5047579644187093, "GBPUSD": 0.3736890746172735, "Gold": 0.29563423856996784}
