{"FTSE100": 0.43271441693392404, "DJIA": 0.3269463908926365, "GBPUSD": -0.011215372537281576, "Gold": 0.5407858412434361}
