{"FTSE100": -0.231137980138602, "DJIA": -1.2634768174566209, "GBPUSD": -0.5002918369048616, "Gold": -1.2812160694896801}
