{"FTSE100": 0.3533085433407055, "DJIA": -0.12079694235055477, "GBPUSD": 0.21732131358661838, "Gold": -0.7863476660532115}
