{"FTSE100": 0.3167530641384355, "DJIA": 0.7810808767561332, "GBPUSD": -0.6123448726322716, "Gold": -0.2681779082123251}
