{"FTSE100": 0.34235689652620077, "DJIA": -0.5047579644187093, "GBPUSD": 0.032149172158831216, "Gold": 0.09969061533173225}
