{"FTSE100": -0.796681479478907, "DJIA": -0.36454083119177816, "GBPUSD": 0.28136442474466394, "Gold": -1.01863892501083}
