{"FTSE100": 0.49785611587956313, "DJIA": -0.1578677559141072, "GBPUSD": -0.6442888959592742, "Gold": -0.37686548414652526}
