{"FTSE100": 0.43361175188865797, "DJIA": 0.020450292693169156, "GBPUSD": 0.2575660012878374, "Gold": -0.16312531370253014}
