{"FTSE100": 0.7546856858517086, "DJIA": 0.4039825866858529, "GBPUSD": 0.06405636960524556, "Gold": 0.08993576017130231}
