{"FTSE100": -0.05193742520214293, "DJIA": -0.1681898295137389, "GBPUSD": -0.2116153303550376, "Gold": 0.2434570906877623}
