{"FTSE100": 0.1001560219437319, "DJIA": 0.0, "GBPUSD": 0.6098063452822474, "Gold": 0.23219396295696065}
