{"FTSE100": 0.29704696726293633, "DJIA": -0.15375008614766988, "GBPUSD": 0.07863695937090398, "Gold": 0.27861786488223794}
