{"FTSE100": 0.05069509400013112, "DJIA": 1.2785252547746615, "GBPUSD": 0.561988458492074, "Gold": 1.5016939840673875}
