{"FTSE100": -0.8771126103936367, "DJIA": -0.25841561608815317, "GBPUSD": 0.4044415030516994, "Gold": 0.21454565205583864}
