{"FTSE100": 0.4187020237264346, "DJIA": -0.1546172242625736, "GBPUSD": 0.015675209655927422, "Gold": 0.5961925907651824}
