{"FTSE100": -0.05633509324971876, "DJIA": -0.5547281146282906, "GBPUSD": -0.007836990595610422, "Gold": 0.1910665760869565}
