{"FTSE100": -0.8091212229410201, "DJIA": -0.848516428668817, "GBPUSD": 0.20108031384300373, "Gold": -0.4752206381534249}
