{"FTSE100": -2.1271654240207445, "DJIA": 0.4502173175061618, "GBPUSD": 0.11250401800064834, "Gold": 0.23670639952658334}
