{"FTSE100": -1.239597826372306, "DJIA": 0.29920841251814084, "GBPUSD": -0.007877737513785173, "Gold": 0.0}
