{"FTSE100": -1.670435711765767, "DJIA": -1.2159097884783834, "GBPUSD": 1.1069182389937005, "Gold": 1.8422347345979235}
