{"FTSE100": -0.2381661208693073, "DJIA": 0.04611495008700561, "GBPUSD": -0.32298723806522706, "Gold": -0.33457054733650954}
