{"FTSE100": 0.40841039746384095, "DJIA": -0.028891600975112, "GBPUSD": 0.02371166613973814, "Gold": 0.2830552815542269}
