{"FTSE100": 0.29623872078213254, "DJIA": -0.05356329230622992, "GBPUSD": 0.2472280491459455, "Gold": 0.0}
