{"FTSE100": -0.04833451495511718, "DJIA": -1.7264318993144296, "GBPUSD": 0.011312643764854972, "Gold": -0.062326099053982904}
