{"FTSE100": 0.27181270592536094, "DJIA": -0.18941971478262615, "GBPUSD": 0.49443291187016836, "Gold": 1.1800036401140457}
