{"FTSE100": 0.04683969220837027, "DJIA": -0.19700194689063502, "GBPUSD": -0.48201705598813127, "Gold": -0.040235376955196994}
