{"FTSE100": -0.43403865092927524, "DJIA": -0.02695126824661071, "GBPUSD": -0.22364463638466128, "Gold": -0.08223684210526316}
