{"FTSE100": 0.58173982586331, "DJIA": 0.0, "GBPUSD": -0.13337517652595424, "Gold": -0.067564055922247}
