{"FTSE100": -0.022819142000253763, "DJIA": 0.6201145921875466, "GBPUSD": -0.011429006819297685, "Gold": -0.37635015618531475}
