{"FTSE100": -3.832077840963411, "DJIA": -0.9965044751425897, "GBPUSD": -0.9870044415199877, "Gold": 0.9757632987094815}
