{"FTSE100": 0.21230147770474592, "DJIA": 0.02419950087924013, "GBPUSD": -0.06787842220379538, "Gold": 0.3021268137547352}
