{"FTSE100": -0.5766540581277096, "DJIA": -0.7674801263322866, "GBPUSD": -0.3273385450764328, "Gold": -0.09838933022375455}
