{"FTSE100": -0.19792068975058275, "DJIA": 0.23839424343233565, "GBPUSD": 0.7079508324256951, "Gold": 0.2161210277755397}
