{"FTSE100": 0.27419220068640815, "DJIA": 0.6099885466374421, "GBPUSD": -0.06042296072506887, "Gold": 0.0}
