{"FTSE100": 0.010847175852118836, "DJIA": 1.1912137068953088, "GBPUSD": 0.6839439535657661, "Gold": -1.6549723184415457}
