{"FTSE100": 0.8265196734517891, "DJIA": 0.9801510336656026, "GBPUSD": 0.721512688671434, "Gold": -0.6871376422589747}
