{"FTSE100": -0.4123393590464211, "DJIA": 0.9900529185224659, "GBPUSD": -0.10369602251685563, "Gold": 0.0}
