{"FTSE100": 0.5345318302551585, "DJIA": 0.07492422732759449, "GBPUSD": -0.07067137809188244, "Gold": 0.0}
