{"FTSE100": -0.643482764480723, "DJIA": -0.31818228450353336, "GBPUSD": -0.25602907168814854, "Gold": 0.20664281034221604}
