{"FTSE100": 0.0819537349460929, "DJIA": -0.3631520385049341, "GBPUSD": -0.08198737394440353, "Gold": -0.774027090948188}
