{"FTSE100": -0.8110290084615813, "DJIA": -0.8427215658092136, "GBPUSD": -0.14462967191900836, "Gold": 0.37940651775170003}
