{"FTSE100": -0.8781766631827652, "DJIA": 1.0048600540112893, "GBPUSD": 0.1238581823811771, "Gold": 0.7717433072883281}
