{"FTSE100": 0.32100393738967986, "DJIA": -2.365852377668386, "GBPUSD": -0.011337440006053776, "Gold": 3.523161524839223}
