{"FTSE100": 0.42494849388376565, "DJIA": 0.030286086444638573, "GBPUSD": 0.17210357506062582, "Gold": 0.7160713529087789}
