{"FTSE100": 0.1770915661781424, "DJIA": 1.09953157571708, "GBPUSD": 0.492610837438427, "Gold": 0.2956194571351814}
