{"FTSE100": -1.0428283482175669, "DJIA": -0.16809445488531832, "GBPUSD": 0.27554364015490296, "Gold": 2.5934966437102256}
