{"FTSE100": 0.04562651369042938, "DJIA": -0.12749456266418618, "GBPUSD": -0.07098351605015386, "Gold": 0.33325672259250044}
