{"FTSE100": -0.5353217729067979, "DJIA": -0.3860462471915412, "GBPUSD": -0.3373607406245073, "Gold": 1.035185862916294}
