{"FTSE100": 0.1932571230181139, "DJIA": 0.8161516479437048, "GBPUSD": 0.14549352936672125, "Gold": 1.1524078455315505}
