{"FTSE100": -1.255400288015368, "DJIA": 0.4120198409917458, "GBPUSD": -0.4516969154390775, "Gold": -0.4162905005517194}
