{"FTSE100": -0.03247048275611749, "DJIA": 0.9651360103565872, "GBPUSD": -0.16072248584111365, "Gold": -0.08654425045154206}
