{"FTSE100": -0.2024680569632314, "DJIA": 0.5516625720786568, "GBPUSD": 0.2057142857142969, "Gold": -0.9801976268899487}
