{"FTSE100": 0.7433162768160951, "DJIA": -1.352230485666809, "GBPUSD": -0.34156803558662086, "Gold": -0.14551658387275282}
