{"FTSE100": -1.3783564086427538, "DJIA": -0.15277998533845463, "GBPUSD": -0.1369531942318565, "Gold": 0.2655771195097061}
