{"FTSE100": -0.16082750087392536, "DJIA": -1.0585881868281113, "GBPUSD": 0.007968127490038963, "Gold": 0.9657947686116659}
