{"FTSE100": 0.9244392495861947, "DJIA": -0.3789105350471932, "GBPUSD": -0.3315081759600583, "Gold": 0.0}
