{"FTSE100": -0.07445554383570553, "DJIA": -0.002566084251074419, "GBPUSD": 0.31005462867266953, "Gold": 1.150152048896511}
