{"FTSE100": -1.0728588887844335, "DJIA": -2.0607987361459204, "GBPUSD": -0.18984729673957645, "Gold": 0.010911074740864456}
