{"FTSE100": 0.5738022052253513, "DJIA": -0.02347478196479723, "GBPUSD": 0.14988955506469018, "Gold": 0.4395135481118064}
