{"FTSE100": 0.4787736128499876, "DJIA": 2.4023501342662157, "GBPUSD": 0.26161137440757937, "Gold": 0.5206988553231736}
