{"FTSE100": -0.12759120242329075, "DJIA": -0.13539847915705555, "GBPUSD": -0.022251891410767465, "Gold": 0.0}
