{"FTSE100": 0.11559922637440888, "DJIA": 0.09312923497167463, "GBPUSD": -0.01854943424224533, "Gold": -0.06464124111182935}
