{"FTSE100": 0.5763246729571232, "DJIA": -0.34697134904914684, "GBPUSD": -1.3886606409202888, "Gold": -1.3915857605177968}
