{"FTSE100": -0.05031599493065589, "DJIA": 0.4386597502325108, "GBPUSD": 0.09164502825720694, "Gold": 0.0}
