{"FTSE100": 0.09917147710702731, "DJIA": -0.17851534406947844, "GBPUSD": -0.2073861370343731, "Gold": -0.010003501225431173}
