{"FTSE100": -0.229039895075834, "DJIA": 0.0459119893332007, "GBPUSD": -0.4768447425846614, "Gold": 0.0}
