{"FTSE100": 0.10036042999219487, "DJIA": -0.5777173623608186, "GBPUSD": 0.2199252254233481, "Gold": -0.807845343836677}
