{"FTSE100": -0.48241834372517417, "DJIA": 0.18124695746586306, "GBPUSD": -0.5161088520488083, "Gold": -2.586170526937526}
