{"FTSE100": 0.10668747375947486, "DJIA": 0.5525166793809657, "GBPUSD": -0.037224538415719544, "Gold": 0.0}
