{"FTSE100": 0.10484100702434361, "DJIA": 0.4403964783910884, "GBPUSD": 0.33786320294316, "Gold": 0.9978978906419935}
