{"FTSE100": -0.07500508346473332, "DJIA": 0.4467231127848041, "GBPUSD": -0.01487541837114005, "Gold": 0.9423688129264471}
