{"FTSE100": 0.12214483438171606, "DJIA": -0.33514116881728223, "GBPUSD": -0.45876955652275503, "Gold": -1.697271197600413}
