{"FTSE100": -0.10346172109345095, "DJIA": -0.6941836620043264, "GBPUSD": 0.048348106365828675, "Gold": 0.0}
