{"FTSE100": 1.331930836040294, "DJIA": 0.038473733251669646, "GBPUSD": 1.054049770169606, "Gold": 2.406295717096293}
