{"FTSE100": 0.3848898049785846, "DJIA": 0.9078897269876526, "GBPUSD": -0.14285714285714474, "Gold": 0.0}
