{"FTSE100": 0.23719377987004134, "DJIA": 0.2850207316383082, "GBPUSD": -0.2163371876165537, "Gold": -0.9137204259155478}
