{"FTSE100": 0.3294792629708741, "DJIA": -0.23205389494420847, "GBPUSD": 0.571617927263682, "Gold": -0.6072227548737664}
