{"FTSE100": 0.16871579445973245, "DJIA": 0.14637127657105953, "GBPUSD": 0.0944361375619633, "Gold": -0.09011328527291061}
