{"FTSE100": 0.19443781924548575, "DJIA": -4.747813929391588e-05, "GBPUSD": 0.33715441672287183, "Gold": 0.3312392918332485}
