{"FTSE100": 0.032336614356480886, "DJIA": 0.04468432873555927, "GBPUSD": -0.015820281601010757, "Gold": -0.06444129398118313}
