{"FTSE100": -0.42618926475139396, "DJIA": -0.4850548263356772, "GBPUSD": -0.31257711606482075, "Gold": 0.0}
