{"FTSE100": 0.37028589485970803, "DJIA": 0.058458450398123266, "GBPUSD": -0.34579815038198397, "Gold": -0.18049783822357307}
