{"FTSE100": -0.1944643109736837, "DJIA": 0.7872953622379975, "GBPUSD": 0.2039535613429507, "Gold": -0.10311404413281088}
