{"FTSE100": 0.8955566508449941, "DJIA": 0.9063969851288144, "GBPUSD": 0.4170414588273679, "Gold": -1.2562433782352096}
