{"FTSE100": 0.437391441654821, "DJIA": 0.11640997004562276, "GBPUSD": 0.2388600609505086, "Gold": -0.8872055618968511}
