{"FTSE100": 0.3990985354237961, "DJIA": -0.8586024389241369, "GBPUSD": -0.07855459544384225, "Gold": -0.029877502240804904}
