{"FTSE100": -1.670435711765767, "DJIA": -1.070288322441955, "GBPUSD": 0.8637316561844842, "Gold": 2.142896189799367}
