{"FTSE100": -1.4824683726850099, "DJIA": -0.4052341043309233, "GBPUSD": 0.3402975625197824, "Gold": -1.0217176702862694}
