{"FTSE100": 0.027365705457338064, "DJIA": 0.6420607733242925, "GBPUSD": 0.03147623544223764, "Gold": 0.0}
