{"FTSE100": 0.2096871864860313, "DJIA": 0.1533316895765211, "GBPUSD": -0.1854838709677394, "Gold": -0.726354832062637}
