{"FTSE100": -0.18237850651915702, "DJIA": 0.5128147804844863, "GBPUSD": -0.2745214423504998, "Gold": 1.6285301999587667}
