{"FTSE100": 0.08501267933008877, "DJIA": 0.4853293316770872, "GBPUSD": 0.15027425050717574, "Gold": 0.0}
