{"FTSE100": -1.1889194602162128, "DJIA": -1.0731438992035631, "GBPUSD": -0.00785545954438248, "Gold": -0.33366555444816365}
