{"FTSE100": 0.045228932480216415, "DJIA": 0.5789231921862223, "GBPUSD": -0.1255197301325838, "Gold": 0.0}
