{"FTSE100": 0.3469171765745521, "DJIA": 0.29258762146241046, "GBPUSD": 0.05634256278172448, "Gold": 0.728252194732637}
