{"FTSE100": 0.4249884644187206, "DJIA": 1.2161956788204773, "GBPUSD": -0.3639816426649737, "Gold": 0.2054231717337716}
