{"FTSE100": -0.05309309717005549, "DJIA": -0.4078062012018674, "GBPUSD": -0.3234695100036028, "Gold": 0.7239235900545751}
