{"FTSE100": 0.06426856699998404, "DJIA": 0.22115950520776653, "GBPUSD": 0.16066100527886087, "Gold": 0.0}
