{"FTSE100": 0.32050550123086563, "DJIA": 0.8883872322055988, "GBPUSD": 0.46212429294983837, "Gold": -1.5039819995855221}
