{"FTSE100": 0.6057456707069105, "DJIA": 0.010166240652765023, "GBPUSD": -0.011611255176674728, "Gold": -0.4098885615473351}
