{"FTSE100": -0.2578080287577165, "DJIA": 0.4403964783910884, "GBPUSD": 0.25527442000150685, "Gold": 1.7372604924251709}
