{"FTSE100": 0.03184202636147652, "DJIA": 2.813908960571047, "GBPUSD": 0.25045537340618235, "Gold": 0.8540372670807453}
