{"FTSE100": -0.8639171521255142, "DJIA": 0.518734233630401, "GBPUSD": 0.00372425607985591, "Gold": 1.4582686937635612}
