{"FTSE100": 0.18203218566251453, "DJIA": -0.2337657131454754, "GBPUSD": -0.04018000642879661, "Gold": 0.09096881791074718}
