{"FTSE100": 0.5159336058710603, "DJIA": 0.41442938284666686, "GBPUSD": 0.26805424156418084, "Gold": 0.9685751183814033}
