{"FTSE100": 0.1720367932133378, "DJIA": 0.07576690339000201, "GBPUSD": -0.08527131782944797, "Gold": 0.0}
