{"FTSE100": 0.3533085433407055, "DJIA": -0.12079694235055477, "GBPUSD": 0.23300658846214867, "Gold": 0.10119323691865059}
