{"FTSE100": -0.5801166455664342, "DJIA": 0.5823202104488487, "GBPUSD": 0.10006927873143553, "Gold": 0.31570954721656436}
