{"FTSE100": -0.8202424881391642, "DJIA": -0.9782146707198871, "GBPUSD": -0.17298187808896134, "Gold": -0.2710581496445651}
