{"FTSE100": -0.7798113200180646, "DJIA": -0.26092455976710116, "GBPUSD": -0.2042817453832282, "Gold": 0.0}
