{"FTSE100": -0.5371345797558876, "DJIA": -1.1005801171786118, "GBPUSD": 0.25805377507700844, "Gold": -0.01658558160107153}
