{"FTSE100": -1.670435711765767, "DJIA": -1.089944275064289, "GBPUSD": 0.8972746331236839, "Gold": 1.8422347345979235}
