{"FTSE100": 0.6988855516734854, "DJIA": -0.4155023241990266, "GBPUSD": 1.0654369086427669, "Gold": 1.9388042865200223}
