{"FTSE100": -0.2632735774773209, "DJIA": -0.3470569860364145, "GBPUSD": -0.24275646045418017, "Gold": 0.19276393831553296}
