{"FTSE100": 0.027365705457338064, "DJIA": 0.6420607733242925, "GBPUSD": -0.08655964746617098, "Gold": 0.27269572115622986}
