{"FTSE100": 0.2424490748403783, "DJIA": 0.28146191685943783, "GBPUSD": -0.01641901321730383, "Gold": -0.04956220056170994}
