{"FTSE100": 0.29856413687873773, "DJIA": -0.17222705979711425, "GBPUSD": 0.16250096726766158, "Gold": 0.3617536756164626}
