{"FTSE100": -0.23653459292644544, "DJIA": -1.1819083437757547, "GBPUSD": -0.1063183475091013, "Gold": -1.2019762554383917}
