{"FTSE100": -0.39509607634104277, "DJIA": 0.07576690339000201, "GBPUSD": -0.015503875968990541, "Gold": 0.0}
