{"FTSE100": -0.797763188238492, "DJIA": 0.0, "GBPUSD": -0.041057644933482094, "Gold": 0.7437457741717353}
