{"FTSE100": 0.9331461133680483, "DJIA": 1.2272306994103959, "GBPUSD": 0.8295687885010266, "Gold": 0.5025890953396214}
