{"FTSE100": 0.04683969220837027, "DJIA": -0.2576722931827555, "GBPUSD": -0.32628846866888833, "Gold": 0.7319235152589614}
