{"FTSE100": 0.6425987011060011, "DJIA": -0.6080214447008778, "GBPUSD": 0.5550492916908233, "Gold": 0.058591669329919514}
