{"FTSE100": 0.10772468884138882, "DJIA": 0.32945334552794114, "GBPUSD": -0.2208408310158798, "Gold": -0.3127606338615513}
