{"FTSE100": 0.31957633308984656, "DJIA": 1.9043886972345947, "GBPUSD": 0.7568131827163332, "Gold": 1.2137013395666636}
