{"FTSE100": 0.48294317606499604, "DJIA": 2.4677603503015355, "GBPUSD": -0.05878462781981864, "Gold": 1.1673937631281157}
