{"FTSE100": -0.14038182339688218, "DJIA": 0.06612084902247252, "GBPUSD": 0.04022526146419508, "Gold": 0.22733013387218995}
