{"FTSE100": -0.5382934781886969, "DJIA": 0.8194790170702327, "GBPUSD": -0.24409448818896698, "Gold": -0.07725736359246302}
