{"FTSE100": 0.8769096368294714, "DJIA": 0.291061864572912, "GBPUSD": -0.954663471140396, "Gold": 0.8747908108930472}
