{"FTSE100": 0.6585374998070389, "DJIA": 1.2938939511220553, "GBPUSD": 0.0, "Gold": 0.020744428639173567}
