{"FTSE100": 0.10025312829904708, "DJIA": 0.3746010720720886, "GBPUSD": 0.23763552651122022, "Gold": 1.4026964455944437}
