{"FTSE100": -0.5992767727537989, "DJIA": -0.9282916865650261, "GBPUSD": -0.08514590912608397, "Gold": -2.7210056772100533}
