{"FTSE100": -0.25261976047904283, "DJIA": -0.6525240297710406, "GBPUSD": -0.2892885066458199, "Gold": -1.1131535947712394}
