{"FTSE100": -0.19795838216131095, "DJIA": 0.16928970244030098, "GBPUSD": -0.2930810610276311, "Gold": 0.33856811730083075}
