{"FTSE100": -0.1928001890098866, "DJIA": 0.015739496029909383, "GBPUSD": -0.482087939489654, "Gold": -0.25575447570332727}
