{"FTSE100": 0.12647205456636781, "DJIA": 0.28146191685943783, "GBPUSD": 0.24699489543881864, "Gold": 1.7061028136711975}
