{"FTSE100": -0.564772543239422, "DJIA": -0.1558911315197585, "GBPUSD": -0.11368804001817757, "Gold": 0.21825297275600364}
