{"FTSE100": -0.035920397534958536, "DJIA": -0.16946876803101218, "GBPUSD": -0.406272544329268, "Gold": -0.7500297630858404}
