{"FTSE100": 0.6402272452261037, "DJIA": -1.0068272575035337, "GBPUSD": -0.2362264726053403, "Gold": 0.7327777106736029}
