{"FTSE100": 0.30495832501042985, "DJIA": 1.0471000058129012, "GBPUSD": 0.2070852747577778, "Gold": -0.9841394047010044}
