{"FTSE100": 0.3249682110971851, "DJIA": 0.13890413343880204, "GBPUSD": -0.11421609685525445, "Gold": -0.04083299305838886}
