{"FTSE100": 0.15031214318175307, "DJIA": -0.028891600975112, "GBPUSD": 0.25292443882389104, "Gold": 1.1107775442809809}
