{"FTSE100": -0.2890295927765724, "DJIA": 0.7612472506021626, "GBPUSD": -0.4849268568657565, "Gold": 0.0}
