{"FTSE100": -4.953072306643027, "DJIA": -4.514855128492543, "GBPUSD": -1.6755085683752464, "Gold": -2.541168873102997}
