{"FTSE100": -0.23419841154635376, "DJIA": 0.6454074753249602, "GBPUSD": 0.1028725172113697, "Gold": 0.3686409437208159}
