{"FTSE100": -0.13781538847985883, "DJIA": 1.0471000058129012, "GBPUSD": 0.325419717476515, "Gold": -0.37319047762362206}
