{"FTSE100": 0.5389574197347804, "DJIA": 2.1208611690249506, "GBPUSD": -0.49003856041131055, "Gold": -0.6043843474697784}
