{"FTSE100": 0.10677818825066558, "DJIA": 1.045956616328452, "GBPUSD": -0.20174848688634273, "Gold": 0.48613096940233613}
