{"FTSE100": 0.41438724458784226, "DJIA": -0.2878280428684172, "GBPUSD": -0.8794347564642245, "Gold": -3.217005456616889}
