{"FTSE100": -1.0466714153975896, "DJIA": -1.567118061988417, "GBPUSD": 0.4187923551359218, "Gold": -0.9585196460850579}
