{"FTSE100": -0.6502356494071178, "DJIA": -0.7681128539340597, "GBPUSD": -0.30764248704663416, "Gold": -0.8580789432627801}
