{"FTSE100": -1.011235686509755, "DJIA": -1.2115235026794196, "GBPUSD": -0.11774864589057672, "Gold": 0.9650924024640657}
