{"FTSE100": 0.1162761102158247, "DJIA": 0.1554256818774732, "GBPUSD": 0.743788574141484, "Gold": 0.4286304482544905}
