{"FTSE100": -0.02015619744173306, "DJIA": -0.24956904248889447, "GBPUSD": -0.03152088258472639, "Gold": 0.31165887519478247}
