{"FTSE100": 0.005342087233620769, "DJIA": 0.3644906216491603, "GBPUSD": 0.015740594994506533, "Gold": 0.5198534508367164}
