{"FTSE100": 0.3575922291006099, "DJIA": 1.1120995521899237, "GBPUSD": 0.1483312731767634, "Gold": 0.2861925589934637}
