{"FTSE100": -0.1406547538902329, "DJIA": -0.015629512992758544, "GBPUSD": 0.0346593753610399, "Gold": -0.06194883754829359}
