{"FTSE100": 0.07687361301147039, "DJIA": -0.15052621823904785, "GBPUSD": -0.13047816409548196, "Gold": 0.04778401624655828}
