{"FTSE100": 0.4592407775023432, "DJIA": 0.518734233630401, "GBPUSD": -0.11174016686532008, "Gold": 1.443948542924652}
