{"FTSE100": 0.1484168216229201, "DJIA": 1.2633361362158366, "GBPUSD": -0.18650664936749664, "Gold": -0.5078720162519045}
