{"FTSE100": -0.8533216982681606, "DJIA": -1.3549674215902217, "GBPUSD": 0.0, "Gold": 0.039321915414194816}
