{"FTSE100": -1.2726049384885136, "DJIA": -1.1118852360494362, "GBPUSD": -0.09501729314735079, "Gold": -0.4694835680751151}
