{"FTSE100": 0.21998255189167296, "DJIA": 0.7756100194817952, "GBPUSD": 0.31242292197646987, "Gold": 0.09474182851728706}
