{"FTSE100": 0.14008330782147413, "DJIA": -0.6645586466985047, "GBPUSD": -0.9170820807488789, "Gold": -0.44076297591002583}
