{"FTSE100": 0.036791918367537556, "DJIA": -0.37717947116818773, "GBPUSD": 0.07868410206453726, "Gold": 0.0}
