{"FTSE100": 0.0, "DJIA": -0.5047579644187093, "GBPUSD": 0.5585245308795765, "Gold": 0.5259539360605081}
