{"FTSE100": 0.25675212188842295, "DJIA": -0.2243499850727235, "GBPUSD": 0.09802768301768211, "Gold": -0.19752725144487857}
