{"FTSE100": 0.1789487919590571, "DJIA": -1.0836312961629802, "GBPUSD": -0.19842844670211499, "Gold": 0.0}
