{"FTSE100": -1.1854162464340208, "DJIA": 0.0908264781194285, "GBPUSD": -0.052544662963513206, "Gold": 0.07252185197908664}
