{"FTSE100": -0.4302809727997628, "DJIA": -0.8585878386325305, "GBPUSD": 0.00822368421052541, "Gold": -0.31778058007565974}
