{"FTSE100": 0.2976290263094765, "DJIA": -0.0580169378227784, "GBPUSD": 0.5699606646865302, "Gold": 0.12906428394143143}
