{"FTSE100": 0.3880900539280124, "DJIA": 0.17459712995045848, "GBPUSD": -0.08737092930898338, "Gold": 0.0}
