{"FTSE100": 0.7622516383384289, "DJIA": -0.30778961596335436, "GBPUSD": -0.2098466505246114, "Gold": 0.0}
