{"FTSE100": -0.7959412816567528, "DJIA": -0.06134478502866007, "GBPUSD": 0.18887227512394408, "Gold": -0.9414873848949159}
