{"FTSE100": 0.2024304239834723, "DJIA": -0.028891600975112, "GBPUSD": 0.007903888713246047, "Gold": 0.9992709182141667}
