{"FTSE100": 0.9508511119119039, "DJIA": 0.0, "GBPUSD": 0.10115944284490364, "Gold": 1.0544666014711588}
