{"FTSE100": -0.35981144532376075, "DJIA": -1.2634768174566209, "GBPUSD": -0.3418660885516545, "Gold": -0.8414766558089034}
