{"FTSE100": -0.16917430862686303, "DJIA": 1.0942522026663541, "GBPUSD": -0.016233766233764445, "Gold": -0.19694221300854908}
