{"FTSE100": -2.9207903895187717, "DJIA": 7.168303113326164, "GBPUSD": 0.15666614444618532, "Gold": 2.8904460315321447}
