{"FTSE100": 0.07464966006098459, "DJIA": 0.12661153708526426, "GBPUSD": -0.0713379835129915, "Gold": -0.00984155102844432}
