{"FTSE100": -0.14295036009473544, "DJIA": -1.5628170738193834, "GBPUSD": 0.16992032624703285, "Gold": -1.1453135333373523}
