{"FTSE100": 0.3454870254746392, "DJIA": 0.3118017737258217, "GBPUSD": 0.22047244094489257, "Gold": -0.28127313101405466}
