{"FTSE100": 1.0259769748947516, "DJIA": 0.007675601026439037, "GBPUSD": 0.0483364214935901, "Gold": -0.2684030021372877}
