{"FTSE100": -0.13068700631709615, "DJIA": 1.0471000058129012, "GBPUSD": 0.3993787441757319, "Gold": 0.0}
