{"FTSE100": 0.04586611838202738, "DJIA": -0.5412225972964565, "GBPUSD": 0.40100644755465514, "Gold": 0.0}
