{"FTSE100": -0.5400281198074273, "DJIA": -1.2890422287925116, "GBPUSD": -0.182194616977224, "Gold": -0.42749095692206257}
