{"FTSE100": 0.6043094487217797, "DJIA": -0.4562469501016552, "GBPUSD": 0.007491759065027644, "Gold": 0.0}
