{"FTSE100": 0.40803075654748544, "DJIA": 0.7708347798304411, "GBPUSD": -0.598708051047743, "Gold": -0.42010649211079754}
