{"FTSE100": 0.12647205456636781, "DJIA": 0.402136424163729, "GBPUSD": -0.06586530545036505, "Gold": 1.7061028136711975}
