{"FTSE100": 0.4235100782059713, "DJIA": 0.25199130394292024, "GBPUSD": -0.35174674234550796, "Gold": -0.2183746685384519}
