{"FTSE100": -0.3867573218666852, "DJIA": 0.6567554437059103, "GBPUSD": -0.08889607240989986, "Gold": 0.3785011355034065}
