{"FTSE100": 0.206151725043497, "DJIA": -0.07631359503334861, "GBPUSD": -0.022217285047764716, "Gold": -0.06303088513371279}
