{"FTSE100": 0.27183128828946584, "DJIA": -0.37501581505559534, "GBPUSD": 0.1090430532055028, "Gold": 0.24484750517032786}
