{"FTSE100": -1.1147157699597265, "DJIA": -0.7519028174464846, "GBPUSD": -0.6618240516545588, "Gold": 0.0}
