{"FTSE100": 0.42294439398127454, "DJIA": 0.9091301059618588, "GBPUSD": 0.035866576336034864, "Gold": -0.32824427480915686}
