{"FTSE100": -0.29642104906816136, "DJIA": 0.19370890196467608, "GBPUSD": 0.5706134094151251, "Gold": 1.0583033319641477}
