{"FTSE100": 0.11939876358640458, "DJIA": 0.7572615233362787, "GBPUSD": -0.16349188243793744, "Gold": 1.7093600857114983}
