{"FTSE100": 0.14501625221082184, "DJIA": 0.4917184966985216, "GBPUSD": 0.1435036979799182, "Gold": 0.3744413576518793}
