{"FTSE100": 0.23549978035115815, "DJIA": 0.26177594186956366, "GBPUSD": -0.3985239852398413, "Gold": -0.24308994327902414}
