{"FTSE100": -0.1490057738280976, "DJIA": 0.30194559396477405, "GBPUSD": 0.23693827557126285, "Gold": -0.08761784600287385}
