{"FTSE100": -0.27448627759668826, "DJIA": -0.965738104470982, "GBPUSD": 0.8138020833333339, "Gold": 0.2044882550335618}
