{"FTSE100": -0.6297982780592436, "DJIA": 0.0676580292569238, "GBPUSD": 0.04756619628983145, "Gold": 0.0}
