{"FTSE100": -0.13789816167402438, "DJIA": 0.2259265595689826, "GBPUSD": 0.3194633016532229, "Gold": -0.8321716723693774}
