{"FTSE100": 0.012823978324956178, "DJIA": -0.4574558202974666, "GBPUSD": -0.56696795398522, "Gold": -1.2189859762675248}
