{"FTSE100": -0.16739806120572037, "DJIA": -0.011603718091685594, "GBPUSD": -0.05981308411214295, "Gold": -0.6486773252309085}
