{"FTSE100": -0.03948693549982512, "DJIA": -0.3081788779435541, "GBPUSD": 0.01970288056114462, "Gold": 0.8523050115534679}
