{"FTSE100": 0.7502421752346667, "DJIA": -0.11664376752894585, "GBPUSD": 0.03241491085900956, "Gold": 0.0}
