{"FTSE100": -0.5909915000824011, "DJIA": 8.920304217708899e-05, "GBPUSD": -0.2957364659492358, "Gold": 3.1134649333975184}
