{"FTSE100": -0.8396042620203993, "DJIA": 0.5937661076064754, "GBPUSD": -0.03869669530221693, "Gold": -0.04837209302324566}
