{"FTSE100": 1.0439684098535111, "DJIA": -0.393464016204895, "GBPUSD": -1.317188906160517, "Gold": -2.6822522569535088}
