{"FTSE100": 0.260212456410624, "DJIA": -0.6393539688756178, "GBPUSD": -0.6021232768182403, "Gold": 1.0462704067827102}
