{"FTSE100": 0.3962575817240739, "DJIA": 0.487092074851444, "GBPUSD": -0.27972027972028546, "Gold": 0.20303483650352394}
