{"FTSE100": 0.3770811323276137, "DJIA": -0.016876223589085148, "GBPUSD": 0.007912644405759534, "Gold": 0.7166986213822821}
