{"FTSE100": -0.8225505681214036, "DJIA": -0.10136274981049444, "GBPUSD": -0.07264508838486745, "Gold": 0.2339242085564277}
