{"FTSE100": -0.2594963803612494, "DJIA": 0.011084016847710078, "GBPUSD": 0.03924646781789207, "Gold": -1.2398785425101062}
