{"FTSE100": 0.612780415295247, "DJIA": 0.24012457121413383, "GBPUSD": 0.23638767578831127, "Gold": 0.5922966389794305}
