{"FTSE100": 0.8106547871443693, "DJIA": 0.8119888224640356, "GBPUSD": -0.4023075755275437, "Gold": 0.688263047813614}
