{"FTSE100": -1.2236021557649626, "DJIA": -0.5615995076437362, "GBPUSD": -1.0217957185593842, "Gold": -0.4097732843137359}
