{"FTSE100": 0.6284245670290142, "DJIA": -0.14333462800699967, "GBPUSD": -0.17968106610765572, "Gold": 0.0}
