{"FTSE100": 0.322329468750474, "DJIA": 0.1737608741919825, "GBPUSD": 0.07913896802786577, "Gold": -0.04729758782303666}
