{"FTSE100": 3.929693156307467, "DJIA": -1.9580407526019767, "GBPUSD": 0.7373883188326776, "Gold": 1.969573041060045}
