{"FTSE100": 0.04993787888525364, "DJIA": 0.11332995823084009, "GBPUSD": -0.09150653023875724, "Gold": 0.0}
