{"FTSE100": 0.04107706162085728, "DJIA": 0.12661153708526426, "GBPUSD": 0.0, "Gold": -0.00984155102844432}
