{"FTSE100": -0.48241834372517417, "DJIA": 0.0263589857268021, "GBPUSD": -0.5004691898655131, "Gold": -2.746487786356153}
