{"FTSE100": 0.6410654540250279, "DJIA": 1.0281520932996306, "GBPUSD": 0.10710733685256259, "Gold": 0.5634091374718295}
