{"FTSE100": 0.7470435074305112, "DJIA": 0.24861030367559545, "GBPUSD": -0.23035983795377904, "Gold": -0.13046314416176974}
