{"FTSE100": -0.27231537175414194, "DJIA": 0.10633521646464042, "GBPUSD": -0.5282661830797073, "Gold": -0.802900802900799}
