{"FTSE100": 0.6397383355313805, "DJIA": -1.0068272575035337, "GBPUSD": -0.2438466813990604, "Gold": 1.8309270478981525e-14}
