{"FTSE100": -0.2208640148647617, "DJIA": 0.14872222783215802, "GBPUSD": 0.15638963360142916, "Gold": -0.2774215498966188}
