{"FTSE100": 0.23042878946433978, "DJIA": -0.3743057045706011, "GBPUSD": -0.06350214319732592, "Gold": 0.20382798906289518}
