{"FTSE100": -0.01687107564110221, "DJIA": 0.25372752467441484, "GBPUSD": -0.007912644405759534, "Gold": -0.008604000860392261}
