{"FTSE100": 1.387530953868608, "DJIA": 0.5017275560169973, "GBPUSD": -0.007791803023218714, "Gold": 0.4823284823284785}
