{"FTSE100": 0.638230076069146, "DJIA": 1.0370575980870673, "GBPUSD": -0.09945681279168225, "Gold": 1.3316943249334152}
