{"FTSE100": -0.05309309717005549, "DJIA": -0.18207975542866192, "GBPUSD": -0.23561359370632226, "Gold": 0.7239235900545751}
