{"FTSE100": -0.46118648294707143, "DJIA": -0.040704516695460644, "GBPUSD": 0.5706134094151288, "Gold": -0.15060240963855423}
