{"FTSE100": 0.5529397713057144, "DJIA": -0.33693886668737866, "GBPUSD": -1.3722267871815887, "Gold": -1.3915857605177968}
