{"FTSE100": 0.14577462382680564, "DJIA": -0.13144256513378222, "GBPUSD": -0.19287953065980534, "Gold": -1.4793783622235526}
