{"FTSE100": 0.2865169817329843, "DJIA": 0.291878479528661, "GBPUSD": 0.24874698347875898, "Gold": -1.1446103014927187}
