{"FTSE100": -0.04900493459483287, "DJIA": -0.41103559386866934, "GBPUSD": 0.15038784233022104, "Gold": 0.36325179326835066}
