{"FTSE100": 0.6146874846081869, "DJIA": -0.0606378799878433, "GBPUSD": 0.02354788069073524, "Gold": -0.2076447156538728}
