{"FTSE100": 1.1810602554632519, "DJIA": 1.0143703659540988, "GBPUSD": -0.3360289501864652, "Gold": 0.0}
