{"FTSE100": -0.1585118440211183, "DJIA": -0.623838655827023, "GBPUSD": -0.5492318713682963, "Gold": -0.21285432457688241}
