{"FTSE100": 0.638230076069146, "DJIA": 0.9292662933872273, "GBPUSD": -0.22951572182695382, "Gold": 1.3316943249334152}
