{"FTSE100": 0.12304205749213061, "DJIA": 0.2615040911995162, "GBPUSD": -0.1696512723845326, "Gold": -1.424345621317948}
