{"FTSE100": 0.22205756599791446, "DJIA": 1.1912137068953088, "GBPUSD": -0.018362774982561496, "Gold": 0.1326339904744707}
