{"FTSE100": -0.595738652827057, "DJIA": 0.08444918483118927, "GBPUSD": -0.14519641848834589, "Gold": -0.41981963304653824}
