{"FTSE100": 0.1509479847920058, "DJIA": 1.0778702516553311, "GBPUSD": 0.0, "Gold": -0.5494640272769664}
