{"FTSE100": 0.14367613249482128, "DJIA": 0.2512947992615201, "GBPUSD": 0.11442914621093075, "Gold": 0.25837662516147536}
