{"FTSE100": 0.36503818168425317, "DJIA": 0.6778603419749011, "GBPUSD": 0.27286659440063943, "Gold": 0.01380103507763919}
