{"FTSE100": 0.49007487516327214, "DJIA": 0.24518321786233654, "GBPUSD": -0.16836366551751708, "Gold": 0.2607561929595828}
