{"FTSE100": -0.4151612944700871, "DJIA": -0.5078474058881051, "GBPUSD": -0.11175860142093619, "Gold": 0.0}
