{"FTSE100": -0.6652909490064568, "DJIA": -0.9933281991325115, "GBPUSD": -0.09539184032872446, "Gold": 0.0}
