{"FTSE100": -1.011235686509755, "DJIA": -1.2115235026794196, "GBPUSD": 0.007849909726037286, "Gold": -0.1921111792356353}
