{"FTSE100": 0.2302446097253167, "DJIA": -0.9814742131348325, "GBPUSD": 0.1232861359136363, "Gold": 0.30031833743768394}
