{"FTSE100": -0.14346524942141226, "DJIA": -1.1260166059014514, "GBPUSD": -0.12562814070350375, "Gold": 0.0}
