{"FTSE100": -0.1989866841277584, "DJIA": -0.4116516269295434, "GBPUSD": -0.45955154108232527, "Gold": -0.7217238890607278}
