{"FTSE100": -0.7482936764134777, "DJIA": -0.339010468243983, "GBPUSD": 0.06266154930679971, "Gold": 1.166130760986078}
