{"FTSE100": 0.37028589485970803, "DJIA": 0.12963101778361244, "GBPUSD": -0.05624296962880804, "Gold": 0.5354808786945995}
