{"FTSE100": 0.37984595488806144, "DJIA": -0.017536023877235848, "GBPUSD": 0.42831743979312126, "Gold": 0.5967305185036652}
