{"FTSE100": 0.23123050463965433, "DJIA": 0.007125584596024881, "GBPUSD": 0.06223259432126891, "Gold": 0.0}
