{"FTSE100": -0.5549929303748256, "DJIA": 0.25557276412167307, "GBPUSD": 0.22979397781300512, "Gold": 0.9778357235984355}
