{"FTSE100": 0.836602907747423, "DJIA": 0.2832708241849352, "GBPUSD": -0.5401111993645861, "Gold": -0.753731710921718}
