{"FTSE100": -2.346270701746393, "DJIA": -0.44071246929431523, "GBPUSD": 1.3162360927776873, "Gold": 1.1237420392549118}
