{"FTSE100": 0.9485085054897631, "DJIA": 0.15944645647302655, "GBPUSD": -0.03040206734057581, "Gold": 1.7652647897184555}
