{"FTSE100": 0.046791904287997156, "DJIA": -0.4791070001467455, "GBPUSD": 0.08662099377904567, "Gold": 0.9783600033164707}
