{"FTSE100": -0.12759120242329075, "DJIA": -0.13539847915705555, "GBPUSD": -0.014834594273844976, "Gold": 0.2760541977966339}
