{"FTSE100": 0.23487062221407431, "DJIA": 0.9247514478540337, "GBPUSD": 0.26310463468935014, "Gold": 0.506677282762115}
