{"FTSE100": 0.3224914660784595, "DJIA": 0.3210630280199732, "GBPUSD": 0.166825548141086, "Gold": 0.6841165972635297}
