{"FTSE100": -0.5661320467683678, "DJIA": 1.731892940539367e-14, "GBPUSD": 0.34667987351901225, "Gold": 0.011290504685549175}
