{"FTSE100": -0.12020443811865127, "DJIA": -0.18351977413269346, "GBPUSD": 0.2858731041054592, "Gold": 0.7954262987820034}
