{"FTSE100": 1.3992533596822152, "DJIA": 0.13364300313832622, "GBPUSD": -0.03147623544225511, "Gold": 0.2082403688829414}
