{"FTSE100": 0.34013401256082526, "DJIA": 1.6890311261240565e-14, "GBPUSD": 0.04233863207729113, "Gold": 0.14210919970082955}
