{"FTSE100": 0.46363201428381184, "DJIA": -0.25428936702905597, "GBPUSD": 0.04097902618932686, "Gold": 0.18805524933531803}
