{"FTSE100": -1.2405487260345316, "DJIA": -0.9450369243999552, "GBPUSD": -0.5032618825722299, "Gold": -0.16711684576670416}
