{"FTSE100": -0.4561840008684515, "DJIA": -2.0607987361459204, "GBPUSD": -0.04127115146512133, "Gold": 0.15275504637207757}
