{"FTSE100": 0.3533085433407055, "DJIA": -0.007248874770920908, "GBPUSD": 0.08853831294269969, "Gold": -0.7863476660532115}
