{"FTSE100": -0.09749897943141593, "DJIA": 0.06985990138566005, "GBPUSD": -0.32129143484052913, "Gold": -0.18599845001291185}
