{"FTSE100": 0.047252182845401426, "DJIA": -0.30817887794355414, "GBPUSD": -0.16167829961748376, "Gold": 0.2121292473199708}
