{"FTSE100": -1.8224776003605432, "DJIA": 0.3393391459571813, "GBPUSD": -0.11250401800063049, "Gold": 0.9806407980387106}
