{"FTSE100": -0.014678694760348339, "DJIA": -0.23091981381980226, "GBPUSD": -0.305392590211348, "Gold": -1.2303247658896217}
