{"FTSE100": 0.20084187262548084, "DJIA": 1.780109015993295, "GBPUSD": -0.23691419264084324, "Gold": -0.033342426722450476}
