{"FTSE100": 0.7634584923343418, "DJIA": -0.6080214447008778, "GBPUSD": 0.4887747493993883, "Gold": 0.058591669329919514}
