{"FTSE100": 0.35729279251114304, "DJIA": 0.7838949668673242, "GBPUSD": 0.23302263648469837, "Gold": 0.20362233415496486}
