{"FTSE100": 0.130045624945531, "DJIA": -0.4271438635115378, "GBPUSD": 0.28635554523643963, "Gold": 0.5378720895962241}
