{"FTSE100": -0.009048516204924606, "DJIA": -0.5937798212891447, "GBPUSD": 0.2950722927117146, "Gold": -0.3096399408121808}
