{"FTSE100": 0.027365705457338064, "DJIA": 0.2267341579029396, "GBPUSD": -0.2357934449422221, "Gold": 0.2284125328963657}
