{"FTSE100": -0.07738089551668564, "DJIA": 0.3394276648883052, "GBPUSD": -0.21367521367520836, "Gold": 0.24045686804929137}
