{"FTSE100": -0.3372593595820767, "DJIA": -0.9013063340863889, "GBPUSD": 0.07226807652808995, "Gold": 0.970404670827476}
