{"FTSE100": 0.08013797248515114, "DJIA": -0.12173146939566765, "GBPUSD": 0.0, "Gold": 0.0799057952729452}
