{"FTSE100": 1.1122548065013127, "DJIA": 1.511543052389231, "GBPUSD": -0.21344717182496806, "Gold": -0.20400690484908005}
