{"FTSE100": -0.27008600797146337, "DJIA": 1.0031848348753987, "GBPUSD": 0.14573718727228757, "Gold": 0.16458365478577472}
