{"FTSE100": 0.3131765446033916, "DJIA": -0.3823570761904422, "GBPUSD": 0.07246960302762886, "Gold": -0.2621324831739156}
