{"FTSE100": -0.28231657497359697, "DJIA": 0.459540464009715, "GBPUSD": 0.27617770062337715, "Gold": 0.26846145120429193}
