{"FTSE100": -0.29642104906816136, "DJIA": 0.05119897230328449, "GBPUSD": 0.405435843531802, "Gold": 0.0}
