{"FTSE100": -0.9425010368988174, "DJIA": 0.6914002799336821, "GBPUSD": -0.4234818757527452, "Gold": -0.32935049019607493}
