{"FTSE100": -0.5435808684707368, "DJIA": 1.0031848348753987, "GBPUSD": 0.5829487490891323, "Gold": 0.47317800750911987}
