{"FTSE100": -0.07318348144276056, "DJIA": 0.21800859072148543, "GBPUSD": 0.6732673267326871, "Gold": 1.5359379660005896}
