{"FTSE100": 0.17123934311806185, "DJIA": 0.35324958841003984, "GBPUSD": 0.4949328305444239, "Gold": -0.009301027763580562}
