{"FTSE100": 0.323721903300449, "DJIA": 0.8519050843143435, "GBPUSD": 0.057730054266253196, "Gold": 1.0266666666666728}
