{"FTSE100": 0.31284689404944865, "DJIA": 0.5026427393806943, "GBPUSD": -0.12439873942609345, "Gold": -0.47240712905304816}
