{"FTSE100": 0.4398158459478591, "DJIA": 0.33245116210514586, "GBPUSD": -0.1259148500826352, "Gold": 0.4937296336526118}
