{"FTSE100": -0.046628330617545836, "DJIA": 0.20604928639703612, "GBPUSD": -0.03180408682515353, "Gold": 0.7828394515701138}
