{"FTSE100": 0.1620795398977738, "DJIA": -1.8957074033152979, "GBPUSD": -0.22458451864052353, "Gold": 2.3692748811589897}
