{"FTSE100": 0.19390035922455087, "DJIA": 0.5210389894994409, "GBPUSD": -0.28004667444574466, "Gold": 0.06109046479661039}
