{"FTSE100": 1.0508559495046033, "DJIA": 1.453879187730955, "GBPUSD": -0.17375188231206495, "Gold": 0.19099956438695231}
