{"FTSE100": 0.1362317835022114, "DJIA": 0.869606700811641, "GBPUSD": -0.580160156888371, "Gold": 1.0927767457108513}
