{"FTSE100": 0.8929191430263659, "DJIA": 0.8598704233500303, "GBPUSD": 0.43099875673434485, "Gold": -0.49828713796325835}
