{"FTSE100": 1.0653344785648353, "DJIA": 0.17384265124616016, "GBPUSD": -1.2023167565408257, "Gold": 1.2893655864901905}
