{"FTSE100": 1.2252143335641446, "DJIA": 0.432630127557726, "GBPUSD": -0.10680219496924474, "Gold": 0.5908241393862635}
