{"FTSE100": 0.673757097413698, "DJIA": 0.5128147804844863, "GBPUSD": -0.23742395014097725, "Gold": 1.2883941455370027}
