{"FTSE100": -0.022088038129806538, "DJIA": 0.17459712995045848, "GBPUSD": 0.23887252169759643, "Gold": 0.019699581383900072}
