{"FTSE100": 0.19896529988783251, "DJIA": 0.663916265407546, "GBPUSD": -0.19322235434008306, "Gold": 2.236695716669757}
