{"FTSE100": -0.1019652968537923, "DJIA": 0.3853179154728225, "GBPUSD": 0.10801828001662475, "Gold": 0.29398954703833247}
