{"FTSE100": 0.49785611587956313, "DJIA": 0.8041113741553874, "GBPUSD": -0.30225898822780983, "Gold": -0.45726345409779084}
