{"FTSE100": -0.4304225908218866, "DJIA": 0.2528436118250255, "GBPUSD": -0.6933084053906604, "Gold": -1.4209591474245116}
