{"FTSE100": 0.05956088800342185, "DJIA": 0.5789231921862223, "GBPUSD": -0.023534949399873616, "Gold": 0.0}
