{"FTSE100": 0.41974144976644917, "DJIA": 0.8484399095769031, "GBPUSD": 0.055901613160848504, "Gold": 0.31731057844861243}
