{"FTSE100": -1.0094295852072552, "DJIA": -0.7360458169681823, "GBPUSD": -0.16917747522758322, "Gold": 0.42900919305414154}
