{"FTSE100": -0.12020443811865127, "DJIA": -0.34125513649558187, "GBPUSD": 0.32557770189787916, "Gold": 0.7805120556798432}
