{"FTSE100": 0.16702869601178252, "DJIA": -0.16869099977553942, "GBPUSD": 0.398892868772379, "Gold": 0.0}
