{"FTSE100": 0.14021972597000457, "DJIA": 0.4374657934171505, "GBPUSD": 0.2895281067869999, "Gold": -0.15689257612854385}
