{"FTSE100": 2.7064117744816962, "DJIA": -0.8428946203931843, "GBPUSD": 0.3577184637760961, "Gold": 0.7454342154304883}
