{"FTSE100": 0.28260817152723666, "DJIA": 0.42397721200871546, "GBPUSD": -0.08400794256912332, "Gold": -0.15453675767165065}
