{"FTSE100": 1.3992533596822152, "DJIA": 0.31614389080644123, "GBPUSD": 0.05508341202391587, "Gold": 0.2082403688829414}
