{"FTSE100": -0.9040978005011465, "DJIA": -0.3756687185095184, "GBPUSD": -0.17425939756036765, "Gold": 0.5636373396317569}
