{"FTSE100": 0.09654581924844624, "DJIA": 0.0807696995290528, "GBPUSD": -0.3464110207040981, "Gold": -0.6542802916791484}
