{"FTSE100": 0.3033793577825701, "DJIA": 0.3058802269914348, "GBPUSD": -0.24111879119111812, "Gold": -0.2855284082694843}
