{"FTSE100": -0.009013526637510698, "DJIA": 0.3217704229580296, "GBPUSD": 0.1608363490148775, "Gold": 0.2571994771682721}
