{"FTSE100": 0.19438714766563808, "DJIA": 0.04810978643038092, "GBPUSD": -0.031640563202021514, "Gold": -0.1890277956781411}
