{"FTSE100": 0.2729508623382039, "DJIA": 0.2512947992615201, "GBPUSD": 0.2916097596988018, "Gold": 0.3985596877490998}
