{"FTSE100": -0.2778487438562835, "DJIA": 0.07479060148913738, "GBPUSD": 0.12753068707156254, "Gold": -0.41535305009258777}
