{"FTSE100": -0.5380052967949638, "DJIA": 1.2100489195947244, "GBPUSD": 0.38323548597520596, "Gold": 0.0}
