{"FTSE100": 0.6608514986209774, "DJIA": 0.0, "GBPUSD": 0.09004584151932718, "Gold": 0.6087768440709685}
