{"FTSE100": -0.393925999115944, "DJIA": -0.11402991189981908, "GBPUSD": 0.15503875968992262, "Gold": 0.20895978798225925}
