{"FTSE100": 0.4241777013801841, "DJIA": 0.518734233630401, "GBPUSD": -0.029797377830747613, "Gold": 1.3317740280197443}
