{"FTSE100": -0.09199686617126848, "DJIA": -0.02414162214115986, "GBPUSD": 0.0, "Gold": -0.5300135584863837}
