{"FTSE100": -0.3627791155521097, "DJIA": 0.5026427393806943, "GBPUSD": -0.5609635373700823, "Gold": -0.39652770335440274}
