{"FTSE100": 0.05929491182326366, "DJIA": -0.483173535864506, "GBPUSD": 0.14067821708870226, "Gold": 0.15221963910107383}
