{"FTSE100": -0.20428096037402352, "DJIA": 0.869606700811641, "GBPUSD": -0.48210491910443015, "Gold": 1.1255600480821841}
