{"FTSE100": -0.07320169383159567, "DJIA": 0.17361020109595485, "GBPUSD": 0.2152080344332795, "Gold": -0.6655657308712496}
