{"FTSE100": 0.8481132411651114, "DJIA": -0.21613817700335122, "GBPUSD": 0.0486472327208801, "Gold": 1.5578060639846443}
