{"FTSE100": 0.1616615489998225, "DJIA": 0.14872222783215802, "GBPUSD": 0.25373134328358726, "Gold": 0.01046873773195035}
