{"FTSE100": 3.044086318344477, "DJIA": -2.498962654324392, "GBPUSD": 1.1275408684795813, "Gold": 3.5825290364796336}
