{"FTSE100": 0.5878796144204796, "DJIA": 1.6383344263575952, "GBPUSD": -0.08545680546924338, "Gold": 0.2815126050420283}
