{"FTSE100": 0.33566845637231363, "DJIA": 1.2617376505069284, "GBPUSD": -0.023472341757293402, "Gold": 0.0}
