{"FTSE100": 1.10450736018058, "DJIA": 2.6632409764527014, "GBPUSD": -0.28504988372963797, "Gold": -2.478828510938608}
