{"FTSE100": -0.2626250006507099, "DJIA": 0.2818908700189388, "GBPUSD": 0.11019283746557008, "Gold": 0.4540071061981862}
