{"FTSE100": 0.40514859022229527, "DJIA": 0.6288946278938743, "GBPUSD": -0.1098383806684329, "Gold": 0.0}
