{"FTSE100": -2.7456120577619294, "DJIA": -0.8250931708515912, "GBPUSD": -0.26578819301463275, "Gold": 0.4327054861573296}
