{"FTSE100": -0.9022996603380756, "DJIA": -0.8367720635315004, "GBPUSD": -0.3138485680659085, "Gold": 0.40337561700546193}
