{"FTSE100": 0.16984165000875118, "DJIA": 0.16921917704808492, "GBPUSD": 0.6178420735382749, "Gold": 1.5430546825895777}
