{"FTSE100": 0.0, "DJIA": -1.6946282708172697, "GBPUSD": 0.12270910026522285, "Gold": 0.08169934640521637}
