{"FTSE100": 0.19565594594665342, "DJIA": 0.14228611672027702, "GBPUSD": 0.03142183817752992, "Gold": -0.2410916630502917}
