{"FTSE100": 1.3503497420131283, "DJIA": 0.895578142303933, "GBPUSD": -0.6126950412547864, "Gold": 0.1893387707544521}
