{"FTSE100": -0.035595793804609, "DJIA": -1.4853557629860334, "GBPUSD": -0.5493193217100475, "Gold": -2.1531508484693442}
