{"FTSE100": -0.05363710079410558, "DJIA": 0.058882921164815236, "GBPUSD": -0.3422155573499322, "Gold": 0.15481405843408125}
