{"FTSE100": -0.02809848785071606, "DJIA": 0.42447547626104165, "GBPUSD": 0.12745957141719474, "Gold": 0.10111223458038422}
