{"FTSE100": -0.6006667387120186, "DJIA": 0.07492422732759449, "GBPUSD": -0.06281900274832444, "Gold": 0.0}
