{"FTSE100": 1.0368102649944444, "DJIA": -0.1531388346531075, "GBPUSD": -0.35528628594936473, "Gold": -1.8910389705702517}
