{"FTSE100": -0.4309805920483223, "DJIA": -0.7956158518677132, "GBPUSD": 0.12321909896034239, "Gold": -0.13220226947230596}
