{"FTSE100": 1.4354665266211573, "DJIA": 0.0, "GBPUSD": -0.27777777777778245, "Gold": -0.2797063083762118}
