{"FTSE100": 0.32915057915058704, "DJIA": -0.434599829936005, "GBPUSD": 0.2139037433155184, "Gold": 0.2055042914131589}
