{"FTSE100": -0.4579609997916047, "DJIA": 0.4403964783910884, "GBPUSD": 0.33786320294316, "Gold": 1.0486384613526119}
