{"FTSE100": 0.16984165000875118, "DJIA": 0.3219571845942602, "GBPUSD": 0.033678853422150316, "Gold": -0.30660596487968317}
