{"FTSE100": -0.11881594581045167, "DJIA": -0.59207244905334, "GBPUSD": -0.08844576666397674, "Gold": 0.10214504596527069}
