{"FTSE100": -0.08105424389980974, "DJIA": -0.9685542601247963, "GBPUSD": 0.11623401782255381, "Gold": 0.6820261166098349}
