{"FTSE100": 0.6491500175971395, "DJIA": 0.30453596324769394, "GBPUSD": -0.026165289874021638, "Gold": 0.01380103507763919}
