{"FTSE100": -0.431303422810313, "DJIA": 0.6287188262150586, "GBPUSD": 0.10937727869329406, "Gold": 1.0141430186027984}
