{"FTSE100": -1.011235686509755, "DJIA": -1.7406989091587453, "GBPUSD": -0.9645301804604827, "Gold": 0.41211621677313004}
