{"FTSE100": -0.19795838216131095, "DJIA": -0.06031295555013719, "GBPUSD": -0.3301799295121382, "Gold": -0.7162249515190645}
