{"FTSE100": -0.04292430419957497, "DJIA": -0.08492857005942238, "GBPUSD": 0.9033203124999908, "Gold": 0.0}
