{"FTSE100": 0.23693775208183124, "DJIA": 0.6134070408512012, "GBPUSD": 0.3284993189648259, "Gold": 1.4421403351733053}
