{"FTSE100": 0.612780415295247, "DJIA": 0.5743104638563019, "GBPUSD": 0.22837453423616663, "Gold": 0.4100515192934433}
