{"FTSE100": 0.260212456410624, "DJIA": 0.11893839247808574, "GBPUSD": -0.07130407225478537, "Gold": 1.41607287814558}
