{"FTSE100": 0.49785611587956313, "DJIA": -0.13625368641594268, "GBPUSD": 0.05601792573622942, "Gold": 0.0}
