{"FTSE100": -0.07489565100309156, "DJIA": -0.3297803948606492, "GBPUSD": -0.24643819792066768, "Gold": 0.47739708420550103}
