{"FTSE100": 0.28007091438881393, "DJIA": 1.6298268140291872e-14, "GBPUSD": 0.2040495997488744, "Gold": 0.6708102781778146}
