{"FTSE100": 0.06959188631859921, "DJIA": 0.3006370750608393, "GBPUSD": -0.13354191308328578, "Gold": -0.03059273422561098}
