{"FTSE100": 0.6622203530953035, "DJIA": 0.25122059726733825, "GBPUSD": -0.5540950455005074, "Gold": 0.7318446237568024}
