{"FTSE100": -0.2318889241560619, "DJIA": 0.27325301549328884, "GBPUSD": 0.33778349686343745, "Gold": 0.3037010346425125}
