{"FTSE100": 0.3329640734033298, "DJIA": -1.0856999866524848, "GBPUSD": 0.09576250897772466, "Gold": 0.3863324175824176}
