{"FTSE100": -0.3397693741314192, "DJIA": -0.2840132877219665, "GBPUSD": -0.015849116411758297, "Gold": -0.2750220999901733}
