{"FTSE100": 0.37984595488806144, "DJIA": -0.031041116091428917, "GBPUSD": 0.016097875080505475, "Gold": 0.5215123859191702}
