{"FTSE100": -0.645165367866871, "DJIA": -0.7338358320316399, "GBPUSD": -0.14849034812737366, "Gold": -0.14467902689958448}
