{"FTSE100": -0.6760643380273589, "DJIA": -0.24775165612416652, "GBPUSD": 0.4103031684522507, "Gold": -0.5888546581913157}
