{"FTSE100": -0.6216244375576918, "DJIA": -1.0056402540250606, "GBPUSD": -0.18025078369905712, "Gold": 0.1910665760869565}
