{"FTSE100": 0.34515645578819276, "DJIA": 0.382927044853433, "GBPUSD": -0.15922299180001606, "Gold": -0.9763792956425381}
