{"FTSE100": 0.21590782232377967, "DJIA": 0.3366242464768863, "GBPUSD": 0.015749271596186942, "Gold": 0.14924135643810252}
