{"FTSE100": 1.0186468939148634, "DJIA": 1.295277559298141, "GBPUSD": 0.03890747801727063, "Gold": 1.479654747225655}
