{"FTSE100": 0.3075874248813007, "DJIA": -0.030124164077094923, "GBPUSD": 0.16406890894175566, "Gold": 0.3412969283276475}
