{"FTSE100": 0.08845393577015513, "DJIA": 0.382927044853433, "GBPUSD": -0.023883448769999756, "Gold": 0.26980728051392644}
