{"FTSE100": 1.3053080592644979, "DJIA": -0.8370455039486078, "GBPUSD": -0.7729083665338679, "Gold": 2.5564803804993974}
