{"FTSE100": 0.4952491194961733, "DJIA": 1.5774460717160004, "GBPUSD": -0.02465483234713732, "Gold": 0.39718451483157824}
