{"FTSE100": 0.9004406489512766, "DJIA": 1.364965845278785, "GBPUSD": 0.581204977079249, "Gold": 1.1241830065359613}
