{"FTSE100": 0.24066918535824366, "DJIA": 0.5210389894994409, "GBPUSD": 0.007793017456358243, "Gold": 0.0}
