{"FTSE100": -0.26562751418322905, "DJIA": 0.15976816467024268, "GBPUSD": -0.07098351605015386, "Gold": -0.22073972333954672}
