{"FTSE100": 0.1932571230181139, "DJIA": 0.9651360103565871, "GBPUSD": 0.022960355120173657, "Gold": -0.08654425045154206}
