{"FTSE100": 1.1793994386558417, "DJIA": 0.9339390297073944, "GBPUSD": -0.09279307145067196, "Gold": 0.24335939522600414}
