{"FTSE100": 0.4930995540656085, "DJIA": 0.5779130523639915, "GBPUSD": -0.10088555094720042, "Gold": 0.24426777278489142}
