{"FTSE100": 0.40136533850718376, "DJIA": 1.6890311261240565e-14, "GBPUSD": 0.0038489665524887814, "Gold": 0.14210919970082955}
