{"FTSE100": 1.014254569847397, "DJIA": 0.8194790170702327, "GBPUSD": -0.2204724409448751, "Gold": -0.38628681796233705}
