{"FTSE100": 0.17024071017791428, "DJIA": 0.0, "GBPUSD": -0.6565842862412327, "Gold": 0.0}
