{"FTSE100": 0.036122390004258986, "DJIA": -0.05762643571576055, "GBPUSD": 0.7065765975619309, "Gold": 0.8621982306192831}
