{"FTSE100": 0.6851656185140309, "DJIA": 0.5562740824610231, "GBPUSD": -0.3455368161250499, "Gold": 0.15494763838426284}
