{"FTSE100": -0.860553370217429, "DJIA": -0.43914312643552295, "GBPUSD": 0.17318159327065732, "Gold": 0.0}
