{"FTSE100": 0.7825978430840018, "DJIA": 1.4299348501031526, "GBPUSD": 0.4578405188859218, "Gold": 1.1559422273271518}
