{"FTSE100": -1.6720979305271495, "DJIA": -1.070288322441955, "GBPUSD": 0.30761556368473864, "Gold": 1.1439312567132214}
