{"FTSE100": 0.6368329694713715, "DJIA": -0.005363802133406451, "GBPUSD": -0.4518853248388765, "Gold": 0.035756853396909205}
