{"FTSE100": -1.255400288015368, "DJIA": 0.3344001370492383, "GBPUSD": -0.46398046398046705, "Gold": -0.4162905005517194}
