{"FTSE100": 0.03171382271457478, "DJIA": -0.32585965313005105, "GBPUSD": 0.11250401800064834, "Gold": 0.09096881791074718}
