{"FTSE100": 0.08525045529957213, "DJIA": -0.11808764193646888, "GBPUSD": -0.10584595342776884, "Gold": 0.010248526774278528}
