{"FTSE100": 0.2601494524273627, "DJIA": -0.26179351687765484, "GBPUSD": 0.33217073575817996, "Gold": 0.11754020409253862}
