{"FTSE100": 0.16700463780488492, "DJIA": -0.4172661061907049, "GBPUSD": -0.22441291977237426, "Gold": -0.04516881845900074}
