{"FTSE100": -0.033035194809040436, "DJIA": -0.8030013994700549, "GBPUSD": -0.25256276927648713, "Gold": -0.14163688660332957}
