{"FTSE100": -1.0094295852072552, "DJIA": -0.36398269152897184, "GBPUSD": 0.1369531942318565, "Gold": 0.34729315628192964}
