{"FTSE100": 0.6136339128835198, "DJIA": -0.7678719963641301, "GBPUSD": -0.023807634314734302, "Gold": -1.7656937951068992}
