{"FTSE100": -1.019872417504526, "DJIA": 0.150298832457945, "GBPUSD": 0.25246548323472123, "Gold": -0.0731299623903098}
