{"FTSE100": 0.8537595593640623, "DJIA": 0.8214367570198798, "GBPUSD": 0.14024088434250226, "Gold": 0.7591754650578248}
