{"FTSE100": -0.05225882418981921, "DJIA": -0.17851534406947844, "GBPUSD": -0.023929169657810237, "Gold": -0.010003501225431173}
