{"FTSE100": -0.6297667567894708, "DJIA": -1.3481450314649552, "GBPUSD": 0.5235602094240823, "Gold": 0.8440447950570946}
