{"FTSE100": 0.04788351110558057, "DJIA": -0.009848843509162396, "GBPUSD": -0.20687107499075832, "Gold": 0.0}
