{"FTSE100": -0.980375476394172, "DJIA": -0.6823858367954834, "GBPUSD": -0.10212097407698968, "Gold": -0.1213329288902449}
