{"FTSE100": 0.9586853844310885, "DJIA": 0.6914515441753614, "GBPUSD": 0.8325404376783978, "Gold": 0.03666457154829486}
