{"FTSE100": 1.6643173953823465, "DJIA": 1.4005709452199757, "GBPUSD": 0.8242193691551724, "Gold": 2.5576350703727897}
