{"FTSE100": 0.4767678108610066, "DJIA": -0.37501581505559534, "GBPUSD": 0.07896221094190603, "Gold": -0.2781277485915282}
