{"FTSE100": 0.02424785225938767, "DJIA": 0.6679126218229057, "GBPUSD": -0.02265518803805822, "Gold": -0.27849803130700695}
