{"FTSE100": 0.12378965188684238, "DJIA": 0.46541016438256294, "GBPUSD": -0.11165698972756116, "Gold": -0.14697060587881333}
