{"FTSE100": 0.5752142796254547, "DJIA": 0.3218834803158096, "GBPUSD": 0.0500365651822516, "Gold": 0.34405385190726523}
