{"FTSE100": -0.07505170300193237, "DJIA": -0.09081750954431816, "GBPUSD": -0.451520912547514, "Gold": 0.1428219650332475}
