{"FTSE100": -0.6343721795108805, "DJIA": -0.8367720635315004, "GBPUSD": -0.01569242840329368, "Gold": 0.40868319091343586}
