{"FTSE100": -0.8234933516267084, "DJIA": -0.6283636398607898, "GBPUSD": 0.23612750885478836, "Gold": 0.3766117707136435}
