{"FTSE100": -0.014598523496216985, "DJIA": -0.46569754285899984, "GBPUSD": -0.24159372648421695, "Gold": 1.7894298793175163}
