{"FTSE100": 0.7145521773954692, "DJIA": -1.1185536979590924, "GBPUSD": 0.0989935654182369, "Gold": 0.7591754650578248}
