{"FTSE100": 0.0791015122890791, "DJIA": 0.40257879785867146, "GBPUSD": -0.3816477225586939, "Gold": 0.12953367875646932}
