{"FTSE100": 1.9322981605268414, "DJIA": 0.7056625207011388, "GBPUSD": 0.43303433343642334, "Gold": 1.3824884792626633}
