{"FTSE100": 0.2805292323412319, "DJIA": -0.305081231250134, "GBPUSD": -0.140545315825396, "Gold": 0.1480251281680955}
