{"FTSE100": 0.7416638690647985, "DJIA": 0.5937661076064754, "GBPUSD": -0.13930810308799813, "Gold": -0.5879069767441759}
