{"FTSE100": -1.0484159067406151, "DJIA": -2.0607987361459204, "GBPUSD": -0.3466776723070558, "Gold": -0.05455537370430987}
