{"FTSE100": -0.20314729793430933, "DJIA": -0.47856789988912235, "GBPUSD": -0.10195278801663232, "Gold": -0.24503005085528096}
