{"FTSE100": 0.12395084463647943, "DJIA": 0.12672300894125516, "GBPUSD": -0.31938416182130985, "Gold": 0.0}
