{"FTSE100": -0.19809794914924617, "DJIA": -0.09873669326309606, "GBPUSD": 0.4605733343921247, "Gold": 0.7805120556798432}
