{"FTSE100": 0.42294439398127454, "DJIA": 0.07721083871110858, "GBPUSD": -0.3066385249492182, "Gold": 0.30152671755725535}
