{"FTSE100": 0.07818967340402241, "DJIA": -0.30817887794355414, "GBPUSD": 0.2167316861725208, "Gold": 0.825788855638478}
