{"FTSE100": 0.5583300932811925, "DJIA": 0.6528563581075048, "GBPUSD": 0.19402985074626386, "Gold": 1.1042847306816328}
