{"FTSE100": 1.0923464854115446, "DJIA": 1.0599718778418514, "GBPUSD": -0.3048083517488382, "Gold": 0.7247252083585157}
