{"FTSE100": -0.11501169836909804, "DJIA": -1.2049520430078111, "GBPUSD": 0.6808301205807541, "Gold": -0.5369057547956606}
