{"FTSE100": -0.2059122918981229, "DJIA": -0.392836719960876, "GBPUSD": -0.5799827572693842, "Gold": 1.1607686288148775}
