{"FTSE100": 0.12389454472345918, "DJIA": -0.05221744667015944, "GBPUSD": -0.40444893832154416, "Gold": 0.24786560176260403}
