{"FTSE100": -0.730916278296602, "DJIA": -0.9135152708513465, "GBPUSD": -0.5008347245408968, "Gold": -0.9531025681926797}
