{"FTSE100": -0.07763348448518402, "DJIA": 0.07754962284052522, "GBPUSD": 0.09445843828716073, "Gold": -0.18077981839845889}
