{"FTSE100": 0.07314502887155147, "DJIA": 0.6589621149668392, "GBPUSD": -0.11056239404437657, "Gold": -0.5595854922279793}
