{"FTSE100": 0.22074973879584042, "DJIA": 0.0, "GBPUSD": -0.07844983133287141, "Gold": 0.20642391214598296}
