{"FTSE100": -0.4122218380076079, "DJIA": 0.33703171538278354, "GBPUSD": 0.12494143370295532, "Gold": 0.0}
