{"FTSE100": 0.7689402408079936, "DJIA": 0.6528563581075048, "GBPUSD": 0.20895522388059057, "Gold": 0.5163921402468089}
