{"FTSE100": -1.0072397232945005, "DJIA": 0.04053127880320813, "GBPUSD": -0.014955507365602333, "Gold": -0.5445675604129672}
