{"FTSE100": -0.2945993751583535, "DJIA": 0.7517683653067916, "GBPUSD": -0.3031792854801734, "Gold": -1.052242938896068}
