{"FTSE100": 0.31129719229236924, "DJIA": -0.5468671780450398, "GBPUSD": -0.24636058230682037, "Gold": 0.27328562573956927}
