{"FTSE100": -0.317632134478154, "DJIA": 0.00471073244342644, "GBPUSD": 0.791986955508967, "Gold": 1.1808367071524966}
