{"FTSE100": 0.68780946838933, "DJIA": 0.24520218409961184, "GBPUSD": 0.26934959993662916, "Gold": 1.9553209170455212}
