{"FTSE100": -0.27932847265631144, "DJIA": -0.5761716627504442, "GBPUSD": 0.27759634225994834, "Gold": 0.0}
