{"FTSE100": 0.8008897585418993, "DJIA": 0.607371927313479, "GBPUSD": 0.8325404376783978, "Gold": 0.03666457154829486}
