{"FTSE100": 0.4398158459478591, "DJIA": 0.15545170079916235, "GBPUSD": -0.18887227512396154, "Gold": 0.3110496692011432}
