{"FTSE100": 0.3294792629708741, "DJIA": -0.7338358320316399, "GBPUSD": -0.28048176868504116, "Gold": -0.24649019397706082}
