{"FTSE100": 0.009820812605552403, "DJIA": -0.7587942618356444, "GBPUSD": -0.17346053772766537, "Gold": -0.43598376931709876}
