{"FTSE100": 0.06973686763821241, "DJIA": 0.15335648964597073, "GBPUSD": -0.9697844033020757, "Gold": 0.7603417773929995}
