{"FTSE100": 0.08195017236128489, "DJIA": 0.03820255041205747, "GBPUSD": 0.23793076982115896, "Gold": -0.2588300880022299}
