{"FTSE100": 0.13539831847317083, "DJIA": -0.254550442705645, "GBPUSD": -0.15843189270845556, "Gold": 0.2477094338496352}
