{"FTSE100": 0.1410892999562731, "DJIA": 0.08574954147668495, "GBPUSD": -0.18249562770893313, "Gold": 0.949224047009184}
