{"FTSE100": -0.7436981179441103, "DJIA": -0.06207008328148481, "GBPUSD": 0.0963576797070706, "Gold": -0.09843596193808808}
