{"FTSE100": 0.9967812272868904, "DJIA": 0.20374432896980163, "GBPUSD": 0.13228542525873743, "Gold": 1.0544666014711588}
