{"FTSE100": -0.13663384597000974, "DJIA": 0.28269037535719965, "GBPUSD": -0.1246397133286629, "Gold": -0.7307789901040276}
