{"FTSE100": -0.4815066932985343, "DJIA": -0.6167640873375843, "GBPUSD": -0.00791389680278482, "Gold": 0.0}
