{"FTSE100": -0.28887995026876623, "DJIA": -0.49762309619977524, "GBPUSD": -0.37363002324810446, "Gold": -0.4530567685589495}
