{"FTSE100": -0.20459462470783174, "DJIA": -0.37890792155923514, "GBPUSD": 0.1937233630375954, "Gold": -0.0914913083257015}
