{"FTSE100": 3.044086318344477, "DJIA": -4.418932512814449, "GBPUSD": 1.2055713784089723, "Gold": 3.203009978733849}
