{"FTSE100": -0.6553508214577427, "DJIA": -0.29801232063427296, "GBPUSD": -0.3045923149015944, "Gold": -0.737236853319685}
