{"FTSE100": 0.5010495139629526, "DJIA": -0.10462881128017987, "GBPUSD": 0.06545573555883931, "Gold": 0.0983131532650245}
