{"FTSE100": 0.16514647221729456, "DJIA": 0.0764253125056181, "GBPUSD": -0.007921419518376821, "Gold": -0.4579531191695783}
