{"FTSE100": 0.39842740237853597, "DJIA": 0.38292704485341394, "GBPUSD": -0.1751452909800159, "Gold": -1.5434467468235618}
