{"FTSE100": 0.38817674395996987, "DJIA": 0.7746921745768087, "GBPUSD": 0.1377094330961519, "Gold": 0.5634091374718295}
