{"FTSE100": -0.08685202094944072, "DJIA": 0.5757552471661326, "GBPUSD": -0.8397425835818499, "Gold": -0.7257671699951225}
