{"FTSE100": -0.39420369480117873, "DJIA": -0.18846032074513988, "GBPUSD": 0.14913657770800728, "Gold": 0.6915701786556319}
