{"FTSE100": 0.837737232677337, "DJIA": -0.44721173462843405, "GBPUSD": -0.0784559861917378, "Gold": -0.02078894028377376}
