{"FTSE100": 0.1571834302364875, "DJIA": -0.8236201062646362, "GBPUSD": 0.38717918013810887, "Gold": -0.8488706988024893}
