{"FTSE100": 0.0019396785823347744, "DJIA": -0.05452120254254874, "GBPUSD": 0.2043543189499456, "Gold": 0.5479053529868203}
