{"FTSE100": 0.1907825133825622, "DJIA": -0.05426550491092768, "GBPUSD": 0.0297508367422801, "Gold": -0.9100523210508814}
