{"FTSE100": 0.39672260425612466, "DJIA": -0.10313620729345407, "GBPUSD": -0.3495339547270291, "Gold": 0.17147143928839595}
