{"FTSE100": -0.1490057738280976, "DJIA": 0.10280962705115167, "GBPUSD": 0.23693827557126285, "Gold": 0.5187197854546833}
