{"FTSE100": -0.19169303501967352, "DJIA": -0.24975078973481543, "GBPUSD": 0.3358925143954098, "Gold": 1.1124032967588613}
