{"FTSE100": 0.27297636716519985, "DJIA": 0.0, "GBPUSD": 0.203220259496634, "Gold": -0.20965081110806857}
