{"FTSE100": 0.9439290884109214, "DJIA": -0.7096213059205019, "GBPUSD": 0.1835301627832723, "Gold": 0.009873130275956236}
