{"FTSE100": 0.10937749492461217, "DJIA": 0.2771280948387882, "GBPUSD": 0.5942034843768922, "Gold": -0.24705761246267774}
