{"FTSE100": -0.23752578986801123, "DJIA": 0.015739496029909383, "GBPUSD": -0.3490981630787118, "Gold": -0.41900201338630055}
