{"FTSE100": -0.21767637976896473, "DJIA": 1.706561154675814e-14, "GBPUSD": -0.05687819939870992, "Gold": 0.13786422237125784}
