{"FTSE100": 0.015995577693232836, "DJIA": 0.6512884291800126, "GBPUSD": 0.07212116355478186, "Gold": -1.3430310013322355}
