{"FTSE100": -0.507542556387868, "DJIA": -0.7552689855293765, "GBPUSD": 0.01579529300268346, "Gold": 0.0}
