{"FTSE100": -0.010263725919119575, "DJIA": 1.011049412844147, "GBPUSD": 0.26297993838756173, "Gold": -1.0635198135198178}
