{"FTSE100": 0.7424378029869353, "DJIA": 0.04288211849279542, "GBPUSD": 0.5523515555194474, "Gold": 0.6406019624790232}
