{"FTSE100": -0.43055580513576774, "DJIA": 0.23839424343233565, "GBPUSD": 0.0849814585908607, "Gold": 0.22812775154085557}
