{"FTSE100": 0.5563900461796417, "DJIA": 0.6104516361361215, "GBPUSD": 0.06237816764133598, "Gold": 0.23776338443880388}
