{"FTSE100": 0.8929191430263659, "DJIA": 1.167011821649671, "GBPUSD": 0.42271031910483897, "Gold": -0.49828713796325835}
