{"FTSE100": -0.6418024325658683, "DJIA": -0.31161725858526357, "GBPUSD": 0.3995810218411753, "Gold": 1.3075573504584725}
