{"FTSE100": -0.08107098214882444, "DJIA": -0.31988677401942933, "GBPUSD": 0.38794389734408335, "Gold": 0.4801670146137896}
