{"FTSE100": -0.2326758775185758, "DJIA": -0.036774075880556895, "GBPUSD": 0.41820813897378906, "Gold": 0.8441859268029078}
