{"FTSE100": -0.39831900133566395, "DJIA": -0.7150329221274481, "GBPUSD": 0.03134550583809701, "Gold": 0.01549987083441911}
