{"FTSE100": -0.09395814414220721, "DJIA": -0.4954046674261119, "GBPUSD": 0.5285097513771108, "Gold": -0.07472600464962562}
