{"FTSE100": -0.3372593595820767, "DJIA": -0.7710072759052617, "GBPUSD": 0.20919706363394547, "Gold": 0.970404670827476}
