{"FTSE100": -1.2796921168021325, "DJIA": -0.5893307468477241, "GBPUSD": -0.4509305566942558, "Gold": -0.9847951950652045}
