{"FTSE100": 0.09719188189929405, "DJIA": 0.127595015725482, "GBPUSD": -0.047736494550095945, "Gold": 0.06625216593619175}
