{"FTSE100": 1.0408036635541282, "DJIA": 0.377089524600167, "GBPUSD": -0.28510621210295484, "Gold": 2.137338435988151}
