{"FTSE100": 1.103903249442415, "DJIA": -0.2213974377498522, "GBPUSD": 0.03320880033208434, "Gold": 0.0}
