{"FTSE100": -0.3639301605784032, "DJIA": 0.16635361271460578, "GBPUSD": 0.14165420634294495, "Gold": -0.22711318495271915}
