{"FTSE100": -0.131021827451039, "DJIA": 1.0707382911364858, "GBPUSD": 0.4488364198695072, "Gold": 1.3063516771968433}
