{"FTSE100": 0.13932957758641104, "DJIA": 0.2994536296275326, "GBPUSD": -0.3152702051110764, "Gold": 0.15935784689841337}
