{"FTSE100": -0.4563991634254372, "DJIA": -0.7736004263888471, "GBPUSD": 0.06689957630267604, "Gold": 0.15450943255164398}
