{"FTSE100": 0.11190694515982841, "DJIA": 0.3680293300623806, "GBPUSD": -0.1500315855969688, "Gold": 0.3821656050955539}
