{"FTSE100": -0.0729038033708028, "DJIA": -0.18375987956342354, "GBPUSD": -0.13388929268198754, "Gold": 0.6446661550268681}
