{"FTSE100": -0.33575275422182066, "DJIA": 0.8194790170702327, "GBPUSD": -0.20472440944881384, "Gold": -0.12071463061323032}
