{"FTSE100": -0.2436133036435679, "DJIA": -0.6116234251628423, "GBPUSD": 0.8569938147402985, "Gold": 1.782948091000207}
