{"FTSE100": 0.29623872078213254, "DJIA": 0.018343332322522367, "GBPUSD": 0.10081774392292762, "Gold": -0.3595085075472252}
