{"FTSE100": 1.014254569847397, "DJIA": 0.8194790170702327, "GBPUSD": -0.18110236220472195, "Gold": 0.8836310960888547}
