{"FTSE100": 0.08390166101910694, "DJIA": 2.127325533372524, "GBPUSD": 0.6285147204763522, "Gold": 0.7670850767085052}
