{"FTSE100": -0.9823883655525013, "DJIA": -0.06096181185509128, "GBPUSD": 0.180547923698875, "Gold": -0.2918336053816028}
