{"FTSE100": 0.5465849611522663, "DJIA": 0.6512884291800126, "GBPUSD": -0.5681363527246447, "Gold": 0.4894977168949805}
