{"FTSE100": 0.2408295574227564, "DJIA": -0.4493664313326074, "GBPUSD": -0.7072135785006991, "Gold": 0.09903570497785202}
