{"FTSE100": -2.1714301070934328, "DJIA": -0.9732669478871171, "GBPUSD": 0.2518891687657503, "Gold": -0.5782454678057999}
