{"FTSE100": 0.13257672331528994, "DJIA": 1.4299348501031526, "GBPUSD": 0.10253294345497757, "Gold": 0.47342995169083}
