{"FTSE100": -0.8226177737107676, "DJIA": -0.3730444145520963, "GBPUSD": 0.09896091044036515, "Gold": 0.0}
