{"FTSE100": -0.7578410090022746, "DJIA": 0.23736042040267077, "GBPUSD": 0.09686011784646603, "Gold": 0.140354525133859}
