{"FTSE100": -0.26827870618889776, "DJIA": 1.7620722613699078, "GBPUSD": 0.0, "Gold": 1.2549675800041833}
