{"FTSE100": 0.07873408621221518, "DJIA": -0.483173535864506, "GBPUSD": 0.13327410039982407, "Gold": 0.15221963910107383}
