{"FTSE100": -0.09199686617126848, "DJIA": 0.03072341714737449, "GBPUSD": 0.007871536523928604, "Gold": -0.5300135584863837}
