{"FTSE100": 0.34235689652620077, "DJIA": -0.5047579644187093, "GBPUSD": 0.3415437778760065, "Gold": 0.5500171880371262}
