{"FTSE100": 0.43848222031817335, "DJIA": -0.13978249236438134, "GBPUSD": 0.5789177454370101, "Gold": 0.539742349406788}
