{"FTSE100": -0.1578128056115949, "DJIA": 0.33350699889492147, "GBPUSD": -0.11092623405434164, "Gold": -0.2783792143519997}
