{"FTSE100": 0.7595770620325656, "DJIA": 0.1943430954406277, "GBPUSD": -0.08122816992934058, "Gold": 0.4485262708244267}
