{"FTSE100": 0.29856413687873773, "DJIA": -0.12636403173824323, "GBPUSD": 0.26309680414764913, "Gold": 0.3617536756164626}
