{"FTSE100": 0.1222000357776634, "DJIA": 0.1359618973639427, "GBPUSD": -0.08019246190858025, "Gold": 0.11542288557214292}
