{"FTSE100": 0.760844776069393, "DJIA": -0.11445178124749743, "GBPUSD": -1.2362637362637257, "Gold": -0.793650793650803}
