{"FTSE100": 0.40841039746384095, "DJIA": -0.028891600975112, "GBPUSD": 0.007903888713246047, "Gold": 0.2830552815542269}
