{"FTSE100": 1.154394661731637, "DJIA": 0.8864555216784987, "GBPUSD": -0.2776154295733508, "Gold": -1.2304036996966417}
