{"FTSE100": -3.832077840963411, "DJIA": -2.1774880735428583, "GBPUSD": -1.1268300707353038, "Gold": 0.7029692582100562}
