{"FTSE100": 0.1473842389562235, "DJIA": -0.8950587659342351, "GBPUSD": -0.08325134337394073, "Gold": -0.7760715212417059}
