{"FTSE100": 0.31820085091318273, "DJIA": 0.43923134661114765, "GBPUSD": 0.7353528894572675, "Gold": -0.6239451746535081}
