{"FTSE100": -0.4314672535134983, "DJIA": -0.5153187346548753, "GBPUSD": -0.26572187776791556, "Gold": -0.09838933022375455}
