{"FTSE100": 0.9672359284688972, "DJIA": 0.7891359046074093, "GBPUSD": -0.0500365651822516, "Gold": 0.14210919970082955}
