{"FTSE100": 1.0653344785648353, "DJIA": -0.5232203105380673, "GBPUSD": -1.194327940882748, "Gold": 1.2893655864901905}
