{"FTSE100": -0.3477753703699092, "DJIA": -0.1743902144103122, "GBPUSD": 0.1753850846423815, "Gold": -0.1447468939728965}
