{"FTSE100": -0.7079318554728262, "DJIA": -0.5358257769318784, "GBPUSD": -0.24226320725227435, "Gold": -1.339897260273961}
