{"FTSE100": 0.25675212188842295, "DJIA": -0.043346758473806035, "GBPUSD": -0.12529365700860015, "Gold": 1.256672597864755}
