{"FTSE100": 0.7961985866471475, "DJIA": 0.11332995823084009, "GBPUSD": 0.47417020214622874, "Gold": -0.6391888913378959}
