{"FTSE100": 0.2638315765173445, "DJIA": 1.344757089127148, "GBPUSD": -0.05228562892141641, "Gold": 0.9590479523976284}
