{"FTSE100": 0.24835640767321474, "DJIA": -0.8574188729116689, "GBPUSD": 0.26248806872413766, "Gold": -0.33691406249999334}
