{"FTSE100": -0.10407454541533097, "DJIA": 0.10426485796223621, "GBPUSD": -0.47808119277206196, "Gold": -0.9588211546225271}
