{"FTSE100": 0.7802107411086765, "DJIA": 0.30623296387359294, "GBPUSD": 0.026827118384246538, "Gold": 1.8113094514716168e-14}
