{"FTSE100": -0.2662976163393204, "DJIA": -0.9158268241850959, "GBPUSD": -0.6809806120813934, "Gold": -0.005027399326335349}
