{"FTSE100": 0.8109247003932183, "DJIA": -1.0164411980366876, "GBPUSD": 0.5023442732752851, "Gold": 0.32611098828211865}
