{"FTSE100": 0.9951824586319966, "DJIA": 0.39407937278322286, "GBPUSD": -0.053134962805520186, "Gold": -0.09241694634953504}
