{"FTSE100": 0.1954171525829749, "DJIA": 0.45595858255584093, "GBPUSD": 0.6723619680430449, "Gold": 0.809356956028222}
