{"FTSE100": 0.5360655383351688, "DJIA": -0.14547662551612092, "GBPUSD": 0.224215246636765, "Gold": 0.45413260672116257}
