{"FTSE100": 0.44786638839201603, "DJIA": 0.6896185615159817, "GBPUSD": -0.1124678663239129, "Gold": -0.2577651759247325}
