{"FTSE100": -0.027821054974394337, "DJIA": -0.5078674630285295, "GBPUSD": 0.15258084924268597, "Gold": -0.7533074579524948}
