{"FTSE100": -0.6182464841508626, "DJIA": 0.016091986011430765, "GBPUSD": -0.31318136769077487, "Gold": -0.2421885659708133}
