{"FTSE100": 0.8326476178291832, "DJIA": 0.16900120797308357, "GBPUSD": 0.25901873193439506, "Gold": -0.08798240351928886}
