{"FTSE100": 0.3050816673966197, "DJIA": 0.3219571845942602, "GBPUSD": 0.22078359465628922, "Gold": -0.6132119297593523}
