{"FTSE100": 0.6975895089086223, "DJIA": 0.6528563581075048, "GBPUSD": 0.34328358208954757, "Gold": 0.8182829299295612}
