{"FTSE100": -0.8703788548529753, "DJIA": -1.070288322441955, "GBPUSD": 0.5819753907548965, "Gold": 0.7572502685284713}
