{"FTSE100": -0.08672242710732186, "DJIA": -0.682834275202848, "GBPUSD": 0.024063527713160098, "Gold": 0.5485932860234581}
