{"FTSE100": 0.6080149958499341, "DJIA": -0.03282323571336199, "GBPUSD": 0.8858432224636421, "Gold": 0.9784203946295591}
