{"FTSE100": -1.011235686509755, "DJIA": -1.5296457465320072, "GBPUSD": -0.8322962041070264, "Gold": 0.36678343292808946}
