{"FTSE100": 0.1440120782850181, "DJIA": -0.4457888358008879, "GBPUSD": -0.06745764056980243, "Gold": -0.7248890122086601}
