{"FTSE100": -0.10927214428958995, "DJIA": -0.02347478196479723, "GBPUSD": 0.18969332911792267, "Gold": 0.8448771282754992}
