{"FTSE100": -0.5465406983313196, "DJIA": 0.15944645647302655, "GBPUSD": 0.15224175991474473, "Gold": 0.3844317696424579}
