{"FTSE100": -0.04558645170654409, "DJIA": 0.6900935969219066, "GBPUSD": 0.21254821695663598, "Gold": -0.033913633280582216}
