{"FTSE100": -0.6551542749182507, "DJIA": -0.13424903271818125, "GBPUSD": 0.0, "Gold": 0.31450550384632114}
