{"FTSE100": 0.06466749424943236, "DJIA": 0.2464863078462485, "GBPUSD": 0.5258344764517702, "Gold": 1.762791607111153e-14}
