{"FTSE100": -0.2662976163393204, "DJIA": -1.017168800958807, "GBPUSD": -0.6248998557923255, "Gold": 0.502739932632849}
