{"FTSE100": -0.5196163735371984, "DJIA": 0.5270381416418123, "GBPUSD": -0.030849915162729905, "Gold": 0.6644929629782454}
