{"FTSE100": -0.20769447734020946, "DJIA": -0.08572701943852372, "GBPUSD": 0.06443054765965643, "Gold": 0.8235556768288099}
