{"FTSE100": 0.1442618900237953, "DJIA": 1.0014658993795054, "GBPUSD": 0.1694504962478811, "Gold": -0.2803156146179449}
