{"FTSE100": -0.16015153475413912, "DJIA": -1.0856999866524848, "GBPUSD": 0.2713271087702376, "Gold": -0.5504587155963342}
