{"FTSE100": -0.29989817410831754, "DJIA": 0.08932039848667757, "GBPUSD": 0.07514277126541268, "Gold": -2.0214177699595717}
