{"FTSE100": -0.04813016535831024, "DJIA": 0.432630127557726, "GBPUSD": -0.26148123595918993, "Gold": 0.6209682281304608}
