{"FTSE100": 0.0007250229590542158, "DJIA": -1.328883554801312, "GBPUSD": -0.10153047794532112, "Gold": 0.4352162480732641}
