{"FTSE100": 0.19403779576233604, "DJIA": 0.5595277945542726, "GBPUSD": 0.40764127567739444, "Gold": 0.38868715798086784}
