{"FTSE100": 0.12126780778286385, "DJIA": 0.46541016438256294, "GBPUSD": -0.0818817924668826, "Gold": -0.14697060587881333}
