{"FTSE100": -0.12020443811865127, "DJIA": -0.16617483850439813, "GBPUSD": 0.015850372483751624, "Gold": 0.0}
