{"FTSE100": 0.369858086629033, "DJIA": 0.127595015725482, "GBPUSD": 0.02386824727503914, "Gold": -0.07134848639281742}
