{"FTSE100": -1.0094295852072552, "DJIA": -0.40707833905014884, "GBPUSD": 0.1369531942318565, "Gold": 0.2911133810010238}
