{"FTSE100": -0.00698334338307435, "DJIA": -0.25280291383128867, "GBPUSD": 0.1183712121212166, "Gold": 0.509337860780987}
