{"FTSE100": 0.936431954143969, "DJIA": 0.1312683098497894, "GBPUSD": -0.10626992561104037, "Gold": 0.2942750133761458}
