{"FTSE100": 0.09091276415208695, "DJIA": 0.6947927681461927, "GBPUSD": -0.14828333523439383, "Gold": 1.7093600857114983}
