{"FTSE100": 0.260212456410624, "DJIA": 0.11893839247808574, "GBPUSD": 0.0633813975598268, "Gold": 1.9857573267597919}
