{"FTSE100": 0.012860990346697456, "DJIA": 0.639956947563954, "GBPUSD": 0.03168316831684578, "Gold": 0.5557596913466796}
