{"FTSE100": 0.1789487919590571, "DJIA": -1.0836312961629802, "GBPUSD": 0.023811413604251683, "Gold": 0.09903570497785202}
