{"FTSE100": 0.06749726942864336, "DJIA": 0.47791794892698164, "GBPUSD": 0.16697145583207368, "Gold": 0.5441892104023789}
