{"FTSE100": 0.5704276657417866, "DJIA": 0.43603802954279597, "GBPUSD": 0.22615297633471737, "Gold": 0.7490824996229382}
