{"FTSE100": 0.2096871864860313, "DJIA": 0.6092074879444653, "GBPUSD": -0.008060615831048603, "Gold": 0.0}
