{"FTSE100": 0.14501625221082184, "DJIA": 0.09669815798824169, "GBPUSD": -0.06254829095993358, "Gold": 0.09978832778954284}
