{"FTSE100": 0.000603073746261213, "DJIA": 1.724302765769174e-14, "GBPUSD": -0.7536930961712398, "Gold": -0.26821804994145904}
