{"FTSE100": 0.01642690658374668, "DJIA": 0.5675867354828457, "GBPUSD": -0.29228520883009196, "Gold": -0.006589568712736741}
