{"FTSE100": 0.5885044158100419, "DJIA": 0.3503789333160082, "GBPUSD": -0.36087512217125894, "Gold": -1.2047070512621536}
