{"FTSE100": 0.16702869601178252, "DJIA": -0.04255046238168897, "GBPUSD": 0.4314555519374682, "Gold": 0.0}
