{"FTSE100": -0.6205880724825653, "DJIA": -0.038200877995528945, "GBPUSD": 0.3723121343363062, "Gold": 0.41726787037397406}
