{"FTSE100": 0.600700773092027, "DJIA": 0.869606700811641, "GBPUSD": -0.49027618891975855, "Gold": 1.0272101409681977}
