{"FTSE100": -0.9629678439641501, "DJIA": -0.03410061701918784, "GBPUSD": 0.008237232289949669, "Gold": -0.05625735181302799}
