{"FTSE100": 0.5602659994415988, "DJIA": 0.31784347633386734, "GBPUSD": 0.4965712934499859, "Gold": -0.20259919948608535}
