{"FTSE100": 0.31954689785002116, "DJIA": -0.5738126324801933, "GBPUSD": -0.2958816473410665, "Gold": -0.026067462593191176}
