{"FTSE100": 0.008750493823827993, "DJIA": -0.4189773243668167, "GBPUSD": -0.28945887271850507, "Gold": 0.0}
