{"FTSE100": 0.6226534554443828, "DJIA": 0.0, "GBPUSD": 0.13414345458849797, "Gold": 0.6088123000722296}
