{"FTSE100": -0.5815284521679818, "DJIA": -0.11328302823798174, "GBPUSD": -0.1266624445851841, "Gold": 0.07904747789140402}
