{"FTSE100": 0.22069390751345794, "DJIA": -0.97078472834765, "GBPUSD": 0.04505857614900541, "Gold": 0.0}
