{"FTSE100": 0.2722580609604567, "DJIA": -0.107157370322774, "GBPUSD": 0.31362709738121397, "Gold": 0.06338139755980658}
