{"FTSE100": 0.760844776069393, "DJIA": -0.4417627568858808, "GBPUSD": -0.9534583063994855, "Gold": -0.5809731299927401}
