{"FTSE100": 0.15857629358143724, "DJIA": 0.11416773435395901, "GBPUSD": -0.46713742531231905, "Gold": -4.47503008423586}
