{"FTSE100": 0.31872207748726017, "DJIA": 0.5578824414237743, "GBPUSD": 0.19680390458948036, "Gold": 0.5765174595734793}
