{"FTSE100": -0.10927214428958995, "DJIA": -0.02347478196479723, "GBPUSD": 0.18178944040467662, "Gold": 0.6904833383368318}
