{"FTSE100": 0.06740412020515321, "DJIA": -0.11078415878568562, "GBPUSD": -0.1148560339023289, "Gold": 1.4669163545567943}
