{"FTSE100": 1.6241736198378005, "DJIA": 0.5036677750515509, "GBPUSD": 0.07068715353993872, "Gold": 1.6399882156535401}
