{"FTSE100": 0.3954675030071908, "DJIA": 0.9339390297073944, "GBPUSD": 0.21651716671821167, "Gold": 0.15015792471391617}
