{"FTSE100": 1.0600029225735523, "DJIA": -0.261834720959685, "GBPUSD": 0.16457211250747902, "Gold": -0.04883607357969265}
