{"FTSE100": 0.7247355648152329, "DJIA": 0.9966847090039459, "GBPUSD": -0.036459092897780876, "Gold": -0.35739377462810495}
