{"FTSE100": -0.11228009565400064, "DJIA": -0.15465879610922656, "GBPUSD": -0.016261484673548904, "Gold": -0.533862111043319}
