{"FTSE100": -0.27152499844472316, "DJIA": 0.774688528126865, "GBPUSD": 0.3560971749624079, "Gold": 0.4915212582944212}
