{"FTSE100": -0.2594963803612494, "DJIA": 0.23624570782327026, "GBPUSD": 0.2992832952666004, "Gold": 0.2912205567451898}
