{"FTSE100": -0.2681900609221918, "DJIA": 1.5743560346611192, "GBPUSD": -0.07207495795628437, "Gold": -0.15076134479119552}
