{"FTSE100": 0.39463225323795087, "DJIA": 2.3855873712526128, "GBPUSD": -0.8418520745640317, "Gold": -3.1540444924146973}
