{"FTSE100": 0.5704276657417866, "DJIA": 0.29258762146241046, "GBPUSD": 0.1529298132646501, "Gold": 0.728252194732637}
