{"FTSE100": 0.20965504803554585, "DJIA": 0.7264755570981459, "GBPUSD": 0.6116936765173036, "Gold": 1.2790005948839938}
