{"FTSE100": -0.5147599409894377, "DJIA": -0.09087056634996377, "GBPUSD": -0.09377930603314237, "Gold": -0.9845890410958904}
