{"FTSE100": -0.1406547538902329, "DJIA": 0.16204846779528298, "GBPUSD": -0.03080477474008132, "Gold": 0.8336087547280605}
