{"FTSE100": -3.832077840963411, "DJIA": -0.9644414312992498, "GBPUSD": -0.7238032571146503, "Gold": 0.9757632987094815}
