{"FTSE100": 0.17691982453357932, "DJIA": 0.39589525184368535, "GBPUSD": -0.151213688818129, "Gold": 0.16580415012811908}
