{"FTSE100": -0.730916278296602, "DJIA": -1.006827257503534, "GBPUSD": 0.045721252762320655, "Gold": -0.9531025681926797}
