{"FTSE100": 0.14571486990483523, "DJIA": -0.490648404370982, "GBPUSD": -0.06279927780829829, "Gold": -0.5145320539563301}
