{"FTSE100": 0.25006507069581546, "DJIA": 1.3564904820566428, "GBPUSD": -0.029468100780901427, "Gold": 0.3876928153097393}
