{"FTSE100": 0.41253146705679467, "DJIA": 0.150298832457945, "GBPUSD": -0.3459663469098883, "Gold": -0.17750861438864418}
