{"FTSE100": 0.4676484494950305, "DJIA": 0.6087592845161791, "GBPUSD": 0.5427515141980576, "Gold": 0.4865424430641869}
