{"FTSE100": 0.009526268208270896, "DJIA": -0.2628758738385836, "GBPUSD": 0.0, "Gold": -2.5998391852050453}
