{"FTSE100": -0.49184460861775603, "DJIA": -1.1615490920837686, "GBPUSD": -0.3709553017225547, "Gold": 1.310301990594226}
