{"FTSE100": -0.25116756032494114, "DJIA": -0.3306836771535578, "GBPUSD": 0.0809342120476352, "Gold": -0.285202383999405}
