{"FTSE100": -0.06302232828033019, "DJIA": 0.3320954767392385, "GBPUSD": -0.125598555616614, "Gold": 0.14369814119500807}
