{"FTSE100": 0.7247355648152329, "DJIA": 0.9966847090039459, "GBPUSD": -0.1128955897883913, "Gold": -1.94067008608536}
