{"FTSE100": -0.0008088695239587177, "DJIA": 0.10140534776691236, "GBPUSD": -0.13775220808684976, "Gold": 0.0}
