{"FTSE100": 0.5594220027401694, "DJIA": -0.5386340562507123, "GBPUSD": 0.04084512272103156, "Gold": 0.0}
