{"FTSE100": -0.4955862270449574, "DJIA": -0.6459536137669861, "GBPUSD": 0.24388325072770672, "Gold": 0.19279870772758298}
