{"FTSE100": -0.0064745453250545475, "DJIA": 0.19542928964835954, "GBPUSD": -0.40072287263299317, "Gold": -0.2128939695469229}
