{"FTSE100": -0.34840079911553934, "DJIA": -0.38453006172271775, "GBPUSD": 0.25320282680170547, "Gold": 2.5010097244229033}
