{"FTSE100": 0.5596128422245505, "DJIA": -0.12288419454244749, "GBPUSD": 0.16592920353982227, "Gold": 0.3947018862195943}
