{"FTSE100": -3.832077840963411, "DJIA": -0.873352531767609, "GBPUSD": -0.016576875259011848, "Gold": 0.0}
