{"FTSE100": 0.260971326803656, "DJIA": 0.6896185615159817, "GBPUSD": 0.1044344473007597, "Gold": -0.5498990419727705}
