{"FTSE100": 0.04993787888525364, "DJIA": 0.0771595410543349, "GBPUSD": -0.26533996683249333, "Gold": 1.119215991981731}
