{"FTSE100": -0.45165881120847645, "DJIA": 0.12235914278799044, "GBPUSD": -0.003751922860457245, "Gold": 0.07597701695236758}
