{"FTSE100": -0.23336131137938143, "DJIA": -0.5761716627504442, "GBPUSD": 0.057152188112338576, "Gold": -0.2681779082123251}
