{"FTSE100": -0.41994763347301284, "DJIA": -0.07923901922485799, "GBPUSD": -0.2449624654286924, "Gold": -1.2278018523239056}
