{"FTSE100": 1.347609003920449, "DJIA": -0.15830066251674343, "GBPUSD": -0.416632628053254, "Gold": -0.7609962132245882}
