{"FTSE100": 0.5661261726365566, "DJIA": 1.1541387126260585, "GBPUSD": 0.21273114056620504, "Gold": 0.37772948359722414}
