{"FTSE100": -0.04204370924799138, "DJIA": -0.5112606051573205, "GBPUSD": 0.0, "Gold": 0.7557198983129146}
