{"FTSE100": 0.8459782816024979, "DJIA": 0.3459584676963842, "GBPUSD": 0.4755267688775951, "Gold": 0.5858955063427268}
