{"FTSE100": 0.03994807766394509, "DJIA": 0.4360624251202109, "GBPUSD": -0.01868250943465691, "Gold": 0.0}
