{"FTSE100": 0.5439465081478678, "DJIA": 1.344757089127148, "GBPUSD": -0.0672243800418211, "Gold": 0.08167075020417687}
