{"FTSE100": -3.832077840963411, "DJIA": -0.873352531767609, "GBPUSD": -0.05801906340655987, "Gold": 0.0}
