{"FTSE100": 0.04993787888525364, "DJIA": 0.25611997763076694, "GBPUSD": -0.04151789421241941, "Gold": 0.49804141018467213}
