{"FTSE100": -0.4818276360394859, "DJIA": 0.23760217068305511, "GBPUSD": -0.4958313438865856, "Gold": 1.0943831524150374}
