{"FTSE100": 1.3372772273884561, "DJIA": 1.200804218695769, "GBPUSD": -0.3095470837406342, "Gold": -0.27283751010508606}
