{"FTSE100": 0.1789487919590571, "DJIA": -0.43996776605911503, "GBPUSD": -0.7543611504007411, "Gold": 0.09903570497785202}
