{"FTSE100": -0.8615028991371605, "DJIA": -1.0586608038636016, "GBPUSD": -0.07082710317148995, "Gold": -0.1793951819579819}
