{"FTSE100": 0.3043321737453004, "DJIA": -0.13297962426979354, "GBPUSD": 0.14675667742882315, "Gold": -0.2208376054893883}
