{"FTSE100": -0.35029856630480005, "DJIA": 0.14011735678268303, "GBPUSD": 0.20067396160692616, "Gold": 0.0}
