{"FTSE100": 0.6136339128835198, "DJIA": -0.6414057635521438, "GBPUSD": -0.5214917825537246, "Gold": -1.1409457478005907}
