{"FTSE100": 0.34340911595106904, "DJIA": 0.12941582381601738, "GBPUSD": -0.031350419311854845, "Gold": 0.29192878582296633}
