{"FTSE100": -0.07153230325122716, "DJIA": -0.13625368641594268, "GBPUSD": 0.048015364916768076, "Gold": 0.0}
