{"FTSE100": 0.44616702573637995, "DJIA": 0.5418783057353993, "GBPUSD": -0.18103109012199675, "Gold": 0.08917071237491105}
