{"FTSE100": -0.0938564750404962, "DJIA": -0.6280514052332244, "GBPUSD": -0.022263450834860476, "Gold": 0.0}
