{"FTSE100": 0.021989449645327265, "DJIA": -0.43107519378210224, "GBPUSD": -0.08285004142502035, "Gold": -1.0658715470559978}
