{"FTSE100": 0.6988855516734854, "DJIA": -1.4818807365084472, "GBPUSD": -0.11811953697141954, "Gold": -0.07611929970245217}
