{"FTSE100": 1.6289009576974902, "DJIA": 0.6952186631923145, "GBPUSD": -0.07826184176200912, "Gold": 0.0}
