{"FTSE100": -0.0982331407979975, "DJIA": 0.03998756396987386, "GBPUSD": 0.19017432646592375, "Gold": -0.07388092133854056}
