{"FTSE100": -0.4561840008684515, "DJIA": -1.6744174496529263, "GBPUSD": 0.5814919421830966, "Gold": -0.2608128667680914}
