{"FTSE100": -0.4647147496131775, "DJIA": 0.8194790170702327, "GBPUSD": -0.14173228346456881, "Gold": -0.043457267020767305}
