{"FTSE100": -2.346270701746393, "DJIA": -0.44071246929431523, "GBPUSD": 1.2634357910616665, "Gold": 0.0}
