{"FTSE100": -0.3530156642265132, "DJIA": -0.6729126043997171, "GBPUSD": -0.2146434533746661, "Gold": -0.5079437824625621}
