{"FTSE100": 0.6416603089560576, "DJIA": 0.12871979236174882, "GBPUSD": -0.07057687307306611, "Gold": 0.015202651342394112}
