{"FTSE100": 0.3464533975058989, "DJIA": 0.0, "GBPUSD": -0.2876020209871601, "Gold": 0.0}
