{"FTSE100": -1.5535843726186247, "DJIA": -3.9772108299001627, "GBPUSD": -0.11068279836647085, "Gold": 0.2486277042299087}
