{"FTSE100": -1.255400288015368, "DJIA": 0.4120198409917458, "GBPUSD": 0.008177283506418267, "Gold": 0.0}
