{"FTSE100": 0.40803075654748544, "DJIA": 1.4689919001806955, "GBPUSD": -0.6144635260753134, "Gold": -0.4982658394802425}
