{"FTSE100": -0.014598523496216985, "DJIA": 0.023032329668518616, "GBPUSD": -0.01189296333001962, "Gold": -0.047755491881569474}
