{"FTSE100": 0.5220537712080887, "DJIA": -0.14333462800699967, "GBPUSD": -0.06738039979038128, "Gold": 0.0}
