{"FTSE100": -1.2232890044702402, "DJIA": -0.5587739152559108, "GBPUSD": -0.2874035145343929, "Gold": 1.8151557705310288}
