{"FTSE100": 0.24807315591825782, "DJIA": -1.0586608038636016, "GBPUSD": 0.04721806878098165, "Gold": -0.1793951819579819}
