{"FTSE100": -0.5909915000824011, "DJIA": 0.11640997004562277, "GBPUSD": -0.2875215641173136, "Gold": 3.1669608944524588}
