{"FTSE100": -0.7345311242989868, "DJIA": -0.21924706590118948, "GBPUSD": -0.03962593120937905, "Gold": 0.03452527743526735}
