{"FTSE100": 1.171617550136535, "DJIA": 1.0898840231482658, "GBPUSD": 0.2258695979521242, "Gold": 1.327102803738329}
