{"FTSE100": -0.4699391769521416, "DJIA": -0.11223269071637548, "GBPUSD": -0.5781226228510443, "Gold": 0.0}
