{"FTSE100": 0.8164786908034067, "DJIA": 0.053417643127698165, "GBPUSD": 0.936813292725248, "Gold": 2.1329868154158125}
