{"FTSE100": 0.3256835834348527, "DJIA": 1.1224059696701365, "GBPUSD": 0.004056630562663219, "Gold": 0.061946580184375544}
