{"FTSE100": -1.239597826372306, "DJIA": 0.2280238172739175, "GBPUSD": 0.14990138067061243, "Gold": -0.0731299623903098}
