{"FTSE100": 0.08615102407059612, "DJIA": -0.06051378206193182, "GBPUSD": 0.06372978570858853, "Gold": 0.36905965621841164}
