{"FTSE100": -0.8771126103936367, "DJIA": -0.27362807286722257, "GBPUSD": -0.03297307199119542, "Gold": 0.0}
