{"FTSE100": 0.09089497413709965, "DJIA": -1.2890422287925116, "GBPUSD": 0.4306418219461775, "Gold": -0.15345829222843113}
