{"FTSE100": 0.07864009260657305, "DJIA": -0.4574558202974666, "GBPUSD": 0.3049031726411237, "Gold": 0.11339705167665148}
