{"FTSE100": 0.27656957340377536, "DJIA": -0.45391563353623593, "GBPUSD": 0.18613654977292599, "Gold": 0.002982314872801558}
