{"FTSE100": 1.014254569847397, "DJIA": 0.8194790170702327, "GBPUSD": -0.18897637795275257, "Gold": 0.8208594881699662}
