{"FTSE100": -0.04204370924799138, "DJIA": -0.5112606051573205, "GBPUSD": 0.0518710633567931, "Gold": -3.314124218939753}
