{"FTSE100": 0.19825383281616135, "DJIA": 1.0337215910189195, "GBPUSD": 0.4690641054277563, "Gold": 0.00895816536773812}
