{"FTSE100": -0.32164123962271646, "DJIA": 1.731892940539367e-14, "GBPUSD": 0.24000914320547131, "Gold": 0.2860261187008358}
