{"FTSE100": -0.27868825764007255, "DJIA": -0.94575707267771, "GBPUSD": -0.22439973072031502, "Gold": -0.9820015243008735}
