{"FTSE100": -0.27152499844472316, "DJIA": 0.3656221347284444, "GBPUSD": 0.18200522275856362, "Gold": 0.3686409437208159}
