{"FTSE100": -0.2179408615207367, "DJIA": 0.382678310932563, "GBPUSD": 0.05813953488373297, "Gold": 0.33014017427072234}
