{"FTSE100": 0.0007250229590542158, "DJIA": -2.4827916038508784, "GBPUSD": 0.19061857596711285, "Gold": 1.7438788092302298}
