{"FTSE100": -0.895183199164811, "DJIA": -1.197099874144723, "GBPUSD": 0.18109916103042192, "Gold": -1.4995680256716284}
