{"FTSE100": 0.3594472724332346, "DJIA": 0.45279139203426094, "GBPUSD": -0.7231319092344718, "Gold": -0.3101703215976517}
