{"FTSE100": -0.1912262137209688, "DJIA": 0.33703171538278354, "GBPUSD": 0.0, "Gold": 0.0}
