{"FTSE100": 1.1780248094908587, "DJIA": 0.6256291370527437, "GBPUSD": 0.4744606716584019, "Gold": 0.23468714845417518}
