{"FTSE100": 0.012860990346697456, "DJIA": 1.2161956788204773, "GBPUSD": -0.0949517328691144, "Gold": 0.23737788733681517}
