{"FTSE100": -0.710752610092799, "DJIA": 0.6914002799336821, "GBPUSD": -0.5167255915148253, "Gold": -0.21829044117648103}
