{"FTSE100": -1.2986147131886854, "DJIA": -0.8585878386325305, "GBPUSD": -0.13157894736840656, "Gold": -0.31778058007565974}
