{"FTSE100": 0.09236042123211698, "DJIA": -0.1681898295137389, "GBPUSD": -0.2899913786346921, "Gold": 0.2434570906877623}
