{"FTSE100": -0.27949418548987504, "DJIA": -0.14992069262634208, "GBPUSD": -0.11039268254217362, "Gold": -0.19301707128763831}
