{"FTSE100": -0.9133673526201364, "DJIA": 0.02711714794929295, "GBPUSD": -0.18928937613376115, "Gold": 0.10772168633402623}
