{"FTSE100": 0.43305706771826774, "DJIA": -0.04544759467284701, "GBPUSD": -0.031650577623038134, "Gold": 0.7075687026385465}
