{"FTSE100": 0.07772502238816999, "DJIA": 0.6486379955549604, "GBPUSD": 0.0963576797070706, "Gold": -0.09843596193808808}
