{"FTSE100": 0.33495694729795744, "DJIA": 0.4210155562078143, "GBPUSD": -0.3785537700865192, "Gold": -0.01322882561100939}
