{"FTSE100": -0.7781884415633168, "DJIA": -0.2518683324776206, "GBPUSD": 0.03962593120937905, "Gold": 0.03452527743526735}
