{"FTSE100": 0.006555665641269707, "DJIA": -0.6612938390196579, "GBPUSD": -0.36597979155065313, "Gold": -0.4945410278845056}
