{"FTSE100": -0.12396904674955661, "DJIA": 0.23386289665779014, "GBPUSD": -0.6344522316488338, "Gold": 0.762960726733807}
