{"FTSE100": 0.3848898049785846, "DJIA": 0.9078897269876526, "GBPUSD": -0.0634920634920565, "Gold": 0.7787770687836004}
