{"FTSE100": -0.387858247468488, "DJIA": -0.09677257692693851, "GBPUSD": -0.12632243802305745, "Gold": 0.029411764705893816}
