{"FTSE100": 0.8727839868146079, "DJIA": 1.3908810231385735, "GBPUSD": 0.763298083803773, "Gold": 0.937676254935135}
