{"FTSE100": -0.15397457797365144, "DJIA": 0.3853179154728225, "GBPUSD": -0.16614055490945354, "Gold": -0.315148880678111}
