{"FTSE100": -1.000605484782717, "DJIA": -0.19500431943737037, "GBPUSD": 0.3079054730198003, "Gold": 0.45558086560364824}
