{"FTSE100": 0.6404375810397994, "DJIA": -0.06931504474708237, "GBPUSD": -0.23900573613767634, "Gold": -0.06465845123993126}
