{"FTSE100": 0.18818697286335725, "DJIA": -0.32585965313005105, "GBPUSD": -0.08036001285759321, "Gold": 0.09096881791074718}
