{"FTSE100": -0.490806264424826, "DJIA": 0.500786870169679, "GBPUSD": -0.06372978570858853, "Gold": 0.05092686901609289}
