{"FTSE100": -0.1989866841277584, "DJIA": -0.13278714358665378, "GBPUSD": -0.4278583313524958, "Gold": -0.7217238890607278}
