{"FTSE100": -0.04016934608244975, "DJIA": -0.11545271782150118, "GBPUSD": -0.4681121971314151, "Gold": -1.0379061371841156}
