{"FTSE100": 0.10484100702434361, "DJIA": 0.4403964783910884, "GBPUSD": -0.07875492218263606, "Gold": 0.0}
