{"FTSE100": -0.19127486170799746, "DJIA": 0.23634814242700203, "GBPUSD": -0.04727014890096383, "Gold": 0.004901960784320413}
