{"FTSE100": -0.9105520261206285, "DJIA": -0.3756687185095184, "GBPUSD": -0.09957679860593227, "Gold": 0.5636373396317569}
