{"FTSE100": -0.26718061997658443, "DJIA": 0.12950275135830516, "GBPUSD": -0.12651221633589355, "Gold": -0.0300738958583871}
