{"FTSE100": 0.04450033858953626, "DJIA": -0.07421603969448541, "GBPUSD": 0.09508957437906304, "Gold": 0.970404670827476}
