{"FTSE100": -0.047378947436551105, "DJIA": 0.08107493735480292, "GBPUSD": -0.18758793184304812, "Gold": -0.3503887875588068}
