{"FTSE100": -0.1668005437056126, "DJIA": 0.3839172555858354, "GBPUSD": -0.3429847650953155, "Gold": -0.41514530085530843}
