{"FTSE100": 0.5863325133476636, "DJIA": -0.8540500718753662, "GBPUSD": 0.26756905642558015, "Gold": 0.02989919699298727}
