{"FTSE100": 0.03975513735461429, "DJIA": -2.4827916038508784, "GBPUSD": 0.05606428704915182, "Gold": 1.6352533615172278}
