{"FTSE100": 0.6681029952706222, "DJIA": 0.2295107512468774, "GBPUSD": -0.3406581065398744, "Gold": 1.6689743843339049}
