{"FTSE100": -1.867456928755915, "DJIA": -0.8251127668762696, "GBPUSD": -0.4402328010744677, "Gold": -3.2876595198905574}
