{"FTSE100": 0.08379888268157475, "DJIA": 0.4631753578661019, "GBPUSD": 0.771967002194824, "Gold": 0.9434863612477905}
