{"FTSE100": 0.3813319921090672, "DJIA": 0.0, "GBPUSD": 0.7315570614507981, "Gold": 0.2198139249565461}
