{"FTSE100": 0.25395517150343966, "DJIA": -0.7681128539340597, "GBPUSD": -0.0323834196891156, "Gold": -0.5044464090696368}
