{"FTSE100": 0.852253550340516, "DJIA": 0.5907490098695641, "GBPUSD": 0.8006279434850853, "Gold": 1.2351029252437704}
