{"FTSE100": -0.20314729793430933, "DJIA": -0.5426973864471119, "GBPUSD": -0.1646929652576261, "Gold": -0.060101710587134864}
