{"FTSE100": 0.5423412104789638, "DJIA": 0.3612942024034004, "GBPUSD": -0.04782400765185365, "Gold": -1.2949923679157114}
