{"FTSE100": 0.3159601411876119, "DJIA": 1.0462668361610967, "GBPUSD": 0.3182313039108787, "Gold": 0.20725388601037262}
