{"FTSE100": 0.15221689760545878, "DJIA": 0.32945334552794114, "GBPUSD": -0.3598887616555031, "Gold": -0.3127606338615513}
