{"FTSE100": -0.14346524942141226, "DJIA": -0.3078819966269235, "GBPUSD": -0.08104921898024454, "Gold": -1.0518585714594424}
