{"FTSE100": -0.04204370924799138, "DJIA": -0.5112606051573205, "GBPUSD": -0.037004144464175916, "Gold": 0.8643401895077547}
