{"FTSE100": 0.06747852401404279, "DJIA": -0.6120663862601452, "GBPUSD": 0.019668777782155186, "Gold": 0.10210255634549512}
