{"FTSE100": -0.895183199164811, "DJIA": -1.1696662511893627, "GBPUSD": -0.7799626496759345, "Gold": -1.2054140782490714}
