{"FTSE100": 0.027365705457338064, "DJIA": 0.6420607733242925, "GBPUSD": -0.06295247088449275, "Gold": 0.0}
