{"FTSE100": -0.6070128179831652, "DJIA": -0.635453758927654, "GBPUSD": -0.7213114754098167, "Gold": -1.918594226286534}
