{"FTSE100": -0.06987502100672778, "DJIA": 0.06612084902247252, "GBPUSD": 0.12067578439260311, "Gold": 0.22733013387218995}
