{"FTSE100": 0.044292073187143684, "DJIA": -0.06931504474708237, "GBPUSD": -0.1717595366486818, "Gold": 0.14453065571275395}
