{"FTSE100": -0.06607038961808087, "DJIA": 0.17398569450957196, "GBPUSD": 0.022284950230275363, "Gold": -0.5538301153269769}
