{"FTSE100": 0.7176968208486856, "DJIA": -0.18267213781370276, "GBPUSD": -0.11541755091402808, "Gold": 0.0}
