{"FTSE100": -0.8091212229410201, "DJIA": -0.8419972971909767, "GBPUSD": 0.24050782636123463, "Gold": -0.4752206381534249}
