{"FTSE100": 0.09864062940359665, "DJIA": 0.40664352328608083, "GBPUSD": 0.5109609362122947, "Gold": -0.6676280510601933}
