{"FTSE100": 0.6988855516734854, "DJIA": -0.9768045416940597, "GBPUSD": 1.0495348652301901, "Gold": 1.766074450084599}
