{"FTSE100": -0.45910745092598376, "DJIA": 0.7612472506021626, "GBPUSD": -0.5576658853956119, "Gold": 0.0}
