{"FTSE100": -0.16342072088295762, "DJIA": -0.3560550488227446, "GBPUSD": -0.04562390692724172, "Gold": 0.5851037115162404}
