{"FTSE100": 0.8006231093883155, "DJIA": 1.3863842059128055, "GBPUSD": 0.19493177387915547, "Gold": 0.6640977289497343}
