{"FTSE100": 0.38795323547517896, "DJIA": 0.0, "GBPUSD": -0.027776675528736992, "Gold": -1.1202830188679307}
