{"FTSE100": 0.9435670997366268, "DJIA": -0.0606378799878433, "GBPUSD": 0.07849293563580156, "Gold": -0.2076447156538728}
