{"FTSE100": 0.5002321635761529, "DJIA": 0.40468767167978803, "GBPUSD": 0.003694808793652726, "Gold": -0.20644335892067656}
