{"FTSE100": -0.42618926475139396, "DJIA": -0.7484484908479859, "GBPUSD": -0.3454799703874296, "Gold": 0.0}
