{"FTSE100": -0.3674889854471377, "DJIA": -1.0339353638831765, "GBPUSD": -0.6076750187297165, "Gold": 0.0}
