{"FTSE100": -1.1854162464340208, "DJIA": 0.0908264781194285, "GBPUSD": 0.23711844630962464, "Gold": 1.3060278207109808}
