{"FTSE100": 0.3336870020479223, "DJIA": -0.023643137848942092, "GBPUSD": 0.12098991750688552, "Gold": 0.137395459976116}
