{"FTSE100": -0.09203458836620312, "DJIA": 0.5394425373100535, "GBPUSD": 0.6253419838974444, "Gold": 0.6784190779668009}
