{"FTSE100": -0.17128148146349814, "DJIA": -0.36187429431689055, "GBPUSD": -0.2563023602769568, "Gold": -0.1343054489639294}
