{"FTSE100": -0.5607368443900992, "DJIA": 0.4697663719506376, "GBPUSD": 0.14931658945596066, "Gold": 0.2832540222071153}
