{"FTSE100": 0.09536206123621406, "DJIA": 0.11416773435395901, "GBPUSD": -0.315046170559468, "Gold": -3.918471720818301}
