{"FTSE100": 0.42362216563758537, "DJIA": 0.6946133338988119, "GBPUSD": -0.12644105615470694, "Gold": 0.0}
