{"FTSE100": 0.11649318448681684, "DJIA": -0.03282323571336199, "GBPUSD": 0.7521310379408237, "Gold": 0.9784203946295591}
