{"FTSE100": 0.06173515884108797, "DJIA": 0.3320383874025073, "GBPUSD": 0.5824622995292494, "Gold": 0.48207291352816656}
