{"FTSE100": 0.38572433744361223, "DJIA": 1.6383344263575952, "GBPUSD": -0.03884400248602913, "Gold": 0.2815126050420283}
