{"FTSE100": -0.12975093284091715, "DJIA": 0.3762949087976161, "GBPUSD": -0.13166556945359165, "Gold": 0.0}
