{"FTSE100": -0.2179408615207367, "DJIA": 0.20349813138102035, "GBPUSD": -0.008305647840530646, "Gold": 0.016236402013311387}
