{"FTSE100": -0.21792585306890816, "DJIA": 0.3366242464768863, "GBPUSD": 0.3158060950576173, "Gold": 1.5042016806722764}
