{"FTSE100": -0.38870347286447654, "DJIA": -0.1601575579645757, "GBPUSD": 0.0, "Gold": 0.0}
