{"FTSE100": 0.2263054998522728, "DJIA": -0.5314868872228719, "GBPUSD": -1.2818405916187392, "Gold": -1.0409924487594366}
