{"FTSE100": 0.9091702125597194, "DJIA": 1.443048832496858, "GBPUSD": 0.5070763641867971, "Gold": 0.6729684521725493}
