{"FTSE100": -0.49185893201608477, "DJIA": 0.05801922999052534, "GBPUSD": 0.23102047319365113, "Gold": 0.06620492972091843}
