{"FTSE100": -0.5842729154958207, "DJIA": -0.1045580090866439, "GBPUSD": 0.18191943567848995, "Gold": -1.3540621865596816}
