{"FTSE100": 0.005083200340569799, "DJIA": 1.2928433847263459, "GBPUSD": -0.4462778923682655, "Gold": 0.48921773840236216}
