{"FTSE100": 0.18814590527969322, "DJIA": -0.22314899842707114, "GBPUSD": 0.4174359797704177, "Gold": -0.034748076445759155}
