{"FTSE100": -0.6326567753182458, "DJIA": 0.0, "GBPUSD": -0.007843137254883682, "Gold": 0.8330518968816943}
