{"FTSE100": 0.28397894651545813, "DJIA": 0.12941582381601738, "GBPUSD": 0.07060484819956858, "Gold": 0.28899347700437616}
