{"FTSE100": 0.12276814805161049, "DJIA": 0.9827448635051533, "GBPUSD": 0.43509789702683677, "Gold": -0.09577095619739356}
