{"FTSE100": -0.9494076334360907, "DJIA": 0.07745309523779126, "GBPUSD": -0.5248315838947147, "Gold": 0.2807605162053022}
