{"FTSE100": 0.5808539883829273, "DJIA": -0.8277072151929433, "GBPUSD": 1.1476608187134536, "Gold": 0.0}
