{"FTSE100": 0.19825383281616135, "DJIA": 1.024602792171675, "GBPUSD": 0.46161864343684056, "Gold": 0.00895816536773812}
