{"FTSE100": 0.3482577774458151, "DJIA": 1.6034830108244549, "GBPUSD": -0.1903500786228743, "Gold": -0.18172806872624894}
