{"FTSE100": -0.17920598984055672, "DJIA": -0.15277998533845463, "GBPUSD": -0.475308144687023, "Gold": -0.05617977528089423}
