{"FTSE100": -0.03077894301180947, "DJIA": 0.5878335099737888, "GBPUSD": 0.015739356260327218, "Gold": 0.1826799644514686}
