{"FTSE100": 1.0408036635541282, "DJIA": 0.377089524600167, "GBPUSD": -0.3011685339115705, "Gold": 0.21253985122210414}
