{"FTSE100": 0.06466749424943236, "DJIA": 0.5515321384034096, "GBPUSD": -0.09836561743342, "Gold": 1.762791607111153e-14}
