{"FTSE100": 0.19825383281616135, "DJIA": 1.09953157571708, "GBPUSD": 0.014820303816226598, "Gold": 0.0}
