{"FTSE100": -0.7096949777042699, "DJIA": -0.31661186361566174, "GBPUSD": -0.3432940625731419, "Gold": -0.22977941176470587}
