{"FTSE100": 0.09877738294262763, "DJIA": 0.0, "GBPUSD": -0.08279124778237693, "Gold": 0.4339385634349524}
