{"FTSE100": -0.32173392663518025, "DJIA": -0.09677257692693851, "GBPUSD": -0.11053213327017745, "Gold": 0.029411764705893816}
