{"FTSE100": 0.040809936751290625, "DJIA": 0.10779661931209204, "GBPUSD": -0.3459663469098883, "Gold": 0.0}
