{"FTSE100": -0.03409022854272481, "DJIA": 0.44944606600237164, "GBPUSD": 0.14748117674454808, "Gold": -0.3668655283549431}
