{"FTSE100": 0.0004044363976546105, "DJIA": -0.04230605273076973, "GBPUSD": -0.10505899466624202, "Gold": 0.0}
