{"FTSE100": 0.04683969220837027, "DJIA": -0.19700194689063502, "GBPUSD": -0.45235446792732625, "Gold": 0.0}
