{"FTSE100": 0.35747890756336514, "DJIA": -0.18541707156395007, "GBPUSD": -0.8122816992933156, "Gold": -0.08543357539513756}
