{"FTSE100": -0.1663059756008441, "DJIA": 0.6287188262150586, "GBPUSD": 0.28394612304332106, "Gold": 1.3386352598348685}
