{"FTSE100": 0.354035527458719, "DJIA": 0.3371063919463779, "GBPUSD": 0.09382329945268708, "Gold": 0.4165895204591742}
