{"FTSE100": 0.4513214904413425, "DJIA": 1.7620722613699078, "GBPUSD": 0.007844983133285398, "Gold": -0.05367021715796308}
