{"FTSE100": 0.09390469588873067, "DJIA": 0.46766783006063156, "GBPUSD": -0.13991449669646513, "Gold": 0.0}
