{"FTSE100": -0.991263989037156, "DJIA": -1.6528918769150907, "GBPUSD": -0.3904029109653935, "Gold": 0.04776803840550287}
