{"FTSE100": -0.4332474003213635, "DJIA": 0.15112042251751578, "GBPUSD": 0.37857875226753984, "Gold": 0.28399353669880656}
