{"FTSE100": -1.303921376104213, "DJIA": -1.1819083437757547, "GBPUSD": -0.02660484208124742, "Gold": -0.7275766290588184}
