{"FTSE100": 1.0691786084110022, "DJIA": 0.9981709717002313, "GBPUSD": -0.05685971895052578, "Gold": -0.34572169403629843}
