{"FTSE100": 0.4952491194961733, "DJIA": 1.6612585944852694, "GBPUSD": 0.3299785513941413, "Gold": 0.4022121669180493}
