{"FTSE100": -0.17368986102531475, "DJIA": 0.08377085725195982, "GBPUSD": -0.17720023626697856, "Gold": -0.4450246246958998}
