{"FTSE100": -0.011190866146713094, "DJIA": 0.12661153708526426, "GBPUSD": 0.0634115409004369, "Gold": -0.00984155102844432}
