{"FTSE100": -1.6331628373425857, "DJIA": -0.6167640873375843, "GBPUSD": 0.22950300728077735, "Gold": 0.024679170779861797}
