{"FTSE100": 0.05367159906740063, "DJIA": 0.009816050040251186, "GBPUSD": -0.30902348578491995, "Gold": 0.009921619208245762}
