{"FTSE100": -0.23175971365389864, "DJIA": -0.3741705866935278, "GBPUSD": -0.5354330708661352, "Gold": -2.0280057943022696}
