{"FTSE100": 0.3459072115716132, "DJIA": 0.38706728756678344, "GBPUSD": 0.6086329782974156, "Gold": 0.0050253781597019475}
