{"FTSE100": 0.29929174227876076, "DJIA": -0.14333462800699967, "GBPUSD": -0.08984053305383617, "Gold": 0.0}
