{"FTSE100": 0.339425118894515, "DJIA": 0.08524701629661285, "GBPUSD": -0.160944206008583, "Gold": 0.5638058738990944}
