{"FTSE100": -0.5489098600715923, "DJIA": -0.028244410344191905, "GBPUSD": 0.3083003952569181, "Gold": 1.3992045617902065}
