{"FTSE100": 0.2868511753981341, "DJIA": 0.8348130023018706, "GBPUSD": 0.13455754313756804, "Gold": -0.03955891806359995}
