{"FTSE100": -0.8639171521255142, "DJIA": 0.27254384117075736, "GBPUSD": -0.07816280195034767, "Gold": -1.6961824213821657}
