{"FTSE100": 0.7236030856334934, "DJIA": 0.17665574821006988, "GBPUSD": 0.1524673682644831, "Gold": 1.2393251405957069}
