{"FTSE100": 0.8530995557755175, "DJIA": 0.0, "GBPUSD": -0.5577376276512259, "Gold": 0.0}
