{"FTSE100": -1.749979067236031, "DJIA": -0.7732145109847156, "GBPUSD": 0.008087997411839937, "Gold": 0.0}
