{"FTSE100": 0.015995577693232836, "DJIA": 0.146766687113467, "GBPUSD": -0.05609423832037206, "Gold": -1.141396320167062}
