{"FTSE100": 0.8432802699125398, "DJIA": 0.6752261431264824, "GBPUSD": -0.5498821681068434, "Gold": 0.0}
