{"FTSE100": -0.2623952481444751, "DJIA": -0.1941338524261538, "GBPUSD": 0.04777450433951221, "Gold": -0.06402363949765844}
