{"FTSE100": 0.6125770104179306, "DJIA": -0.1558911315197585, "GBPUSD": 0.1061088373503159, "Gold": -0.3085645476895334}
