{"FTSE100": 0.8267468958459228, "DJIA": 0.8887194691244535, "GBPUSD": 0.20931855182571707, "Gold": -0.113208925245587}
