{"FTSE100": -0.548856681380956, "DJIA": -0.13240324117957428, "GBPUSD": 0.17759360663015816, "Gold": 0.0}
