{"FTSE100": 0.17486060877677295, "DJIA": -0.028891600975112, "GBPUSD": 0.07113499841921442, "Gold": 0.9992709182141667}
