{"FTSE100": 0.7731712895651234, "DJIA": 0.3769688105201904, "GBPUSD": -0.1253082177937621, "Gold": 0.4803898020107744}
