{"FTSE100": -0.1467117684077984, "DJIA": 1.0031848348753987, "GBPUSD": 0.016193020808029954, "Gold": -0.15944041557373534}
