{"FTSE100": -0.2690856166122316, "DJIA": 0.7722443186353741, "GBPUSD": -0.11062821019360472, "Gold": 0.008496898631991592}
