{"FTSE100": -0.3593047678516988, "DJIA": 1.10810750227037, "GBPUSD": 0.040048057669198625, "Gold": -0.24140012070005806}
