{"FTSE100": 0.49490379065213064, "DJIA": -0.12079694235055477, "GBPUSD": 0.17676361883335848, "Gold": 0.10119323691865059}
