{"FTSE100": -0.3848184980268755, "DJIA": -0.6251422152067638, "GBPUSD": -0.10371138602859974, "Gold": 0.11323003575685882}
