{"FTSE100": 0.5563642461848097, "DJIA": 1.4689919001806955, "GBPUSD": 0.2297575661543436, "Gold": 0.10794367302880356}
