{"FTSE100": -0.4800378260190065, "DJIA": 0.46948262446271805, "GBPUSD": -0.09663391850538475, "Gold": 0.3622264170195352}
