{"FTSE100": 0.09281454250490496, "DJIA": 0.7096391661413785, "GBPUSD": 0.539357461111538, "Gold": 0.7503726165390417}
