{"FTSE100": -0.36806652123511535, "DJIA": -0.3698159508653571, "GBPUSD": -0.011917530687649029, "Gold": -0.18726591760299938}
