{"FTSE100": 0.1590186278964143, "DJIA": 0.022846606349750533, "GBPUSD": 0.4403313680125394, "Gold": 0.07167213257173037}
