{"FTSE100": 0.557922474511161, "DJIA": 0.08125730165247536, "GBPUSD": 0.39419741406497283, "Gold": 0.9685751183814033}
