{"FTSE100": -0.1409958107849335, "DJIA": 0.27325301549328884, "GBPUSD": 0.23323146211998572, "Gold": 0.3037010346425125}
