{"FTSE100": -1.2726049384885136, "DJIA": -1.0699665852762297, "GBPUSD": -0.08367564278106487, "Gold": 0.0}
