{"FTSE100": 0.32480187085877615, "DJIA": -0.6316249700117292, "GBPUSD": -0.9016326862155885, "Gold": -0.2189235369500286}
