{"FTSE100": 0.8171222146110566, "DJIA": 0.04056162329259467, "GBPUSD": -0.14890282131661542, "Gold": 1.931191977361867}
