{"FTSE100": 0.12214483438171606, "DJIA": -0.05021681341361588, "GBPUSD": -0.3254519076187018, "Gold": -1.7631136147486948}
