{"FTSE100": 0.6674680501075506, "DJIA": -0.507374573065161, "GBPUSD": -0.7227022780832754, "Gold": 0.0}
