{"FTSE100": -0.5089326084899126, "DJIA": -0.4718065581230504, "GBPUSD": -0.36894318274985227, "Gold": -0.8765759428602372}
