{"FTSE100": -0.37166802819883366, "DJIA": 0.3636407946585871, "GBPUSD": 0.0940217817127705, "Gold": 0.038701354547413074}
