{"FTSE100": -0.12918274183682235, "DJIA": -2.079379052991333, "GBPUSD": 0.3921264122374672, "Gold": 0.5430646835005283}
