{"FTSE100": -0.7413885881859336, "DJIA": -0.7065868955328439, "GBPUSD": 0.24958402662230564, "Gold": 0.08201651265788178}
