{"FTSE100": 0.4335509589127163, "DJIA": 0.19660393016077043, "GBPUSD": 0.03928038337653742, "Gold": 0.0}
