{"FTSE100": -0.1005927008778359, "DJIA": -0.328320913667747, "GBPUSD": -1.1230027132951397, "Gold": 0.11333157039779379}
