{"FTSE100": -0.08603975188436053, "DJIA": 0.3746010720720886, "GBPUSD": 0.0519827714243387, "Gold": 1.0813019201961125}
