{"FTSE100": 1.2059202462169285, "DJIA": -0.42764870319263815, "GBPUSD": -0.5557110302642635, "Gold": -0.4457445326647228}
