{"FTSE100": 0.4799710424710504, "DJIA": 1.1355156783693054, "GBPUSD": 0.9168704156479226, "Gold": 1.1254992133607684}
