{"FTSE100": 0.638230076069146, "DJIA": 1.0599285535638696, "GBPUSD": 0.04603345097436964, "Gold": 0.0}
