{"FTSE100": -0.08388990690182499, "DJIA": -1.6922105830537704, "GBPUSD": 0.15458339774308252, "Gold": 1.0205734650899076}
