{"FTSE100": -0.5413877881218271, "DJIA": -0.7338358320316399, "GBPUSD": -0.10724302920310828, "Gold": -0.14467902689958448}
