{"FTSE100": 0.8951957608572814, "DJIA": 0.0675870737246133, "GBPUSD": 0.46281519310565167, "Gold": 0.4985930789356833}
