{"FTSE100": -0.12773423137452927, "DJIA": 0.0, "GBPUSD": 0.48396357968993653, "Gold": -0.5369057547956606}
