{"FTSE100": 1.97539956576344e-14, "DJIA": -0.483173535864506, "GBPUSD": -0.0074041166888782015, "Gold": -0.36809476364441995}
