{"FTSE100": 0.3092791628581239, "DJIA": 0.5702564894352117, "GBPUSD": 0.7040025312450664, "Gold": 0.809356956028222}
