{"FTSE100": 0.08845393577015513, "DJIA": 0.2886270432320667, "GBPUSD": 0.6165425574505596, "Gold": 0.2740899357601752}
