{"FTSE100": -1.5060670855860454, "DJIA": 1.0567853185221285, "GBPUSD": -0.2467511103799878, "Gold": -0.3252544329031605}
