{"FTSE100": 0.10937749492461217, "DJIA": 0.0779169789529581, "GBPUSD": 0.4001778568252565, "Gold": -0.013725422914596675}
