{"FTSE100": 1.0417009091141463, "DJIA": 0.456591842729084, "GBPUSD": -0.2467956372900152, "Gold": 0.11629910406617303}
