{"FTSE100": -0.17146977911913727, "DJIA": 0.3320383874025073, "GBPUSD": 0.15070992305861922, "Gold": 0.0}
