{"FTSE100": 0.14577462382680564, "DJIA": 0.03110698850608543, "GBPUSD": -0.1125130595515427, "Gold": -1.3697947798366208}
