{"FTSE100": 0.4114690246855035, "DJIA": 0.11640997004562277, "GBPUSD": 0.04118276912941002, "Gold": -0.8872055618968511}
