{"FTSE100": -0.15268670097639572, "DJIA": 0.5516625720786568, "GBPUSD": 0.1561309977151643, "Gold": -0.14406915319352925}
