{"FTSE100": -1.007148419102206, "DJIA": -1.192592695962823, "GBPUSD": 0.008213552361395399, "Gold": 0.9442583003350546}
