{"FTSE100": 0.22624434389139988, "DJIA": -0.6615305745402872, "GBPUSD": 0.19985610360539982, "Gold": 0.0}
