{"FTSE100": 0.44938019491880377, "DJIA": 0.2779895816260505, "GBPUSD": -0.2446256486286033, "Gold": -0.7566850562238209}
