{"FTSE100": 0.46919728882998984, "DJIA": -0.3074109204177105, "GBPUSD": -0.4963417772712257, "Gold": -0.9093091651161449}
