{"FTSE100": -0.30736813982415273, "DJIA": 0.2199170427937952, "GBPUSD": 0.2818769689935207, "Gold": -0.4898183819482589}
