{"FTSE100": -0.23653459292644544, "DJIA": -0.4939818628694502, "GBPUSD": -0.030376670716886083, "Gold": 0.0}
