{"FTSE100": 0.1932571230181139, "DJIA": 0.6528694977071677, "GBPUSD": 0.10720575848074644, "Gold": 1.430970006868656}
