{"FTSE100": -0.49185893201608477, "DJIA": 0.21147610320034696, "GBPUSD": 0.15135824105791545, "Gold": -0.07639030352413934}
