{"FTSE100": -0.5631011648702252, "DJIA": -1.732940358136548, "GBPUSD": -0.018880036249659136, "Gold": -0.30962544339566467}
