{"FTSE100": 0.34007046821041415, "DJIA": 0.2717816151019117, "GBPUSD": 0.8547666718004089, "Gold": 0.15335855229526632}
