{"FTSE100": -0.17224306150620466, "DJIA": 0.32247150034181293, "GBPUSD": -0.2956830277942158, "Gold": 0.4339385634349524}
