{"FTSE100": 0.49001457007330373, "DJIA": 1.3422323002951637, "GBPUSD": -0.05269100489273037, "Gold": -0.6875296348980505}
