{"FTSE100": 0.05845974802766849, "DJIA": 0.6223204046828232, "GBPUSD": -0.32075006168270537, "Gold": -0.13164556962024856}
