{"FTSE100": 0.04045940240051879, "DJIA": -0.26992014496586036, "GBPUSD": 0.16026925234393796, "Gold": -0.5436935152846256}
