{"FTSE100": 0.6622328996023862, "DJIA": -0.9733856435851889, "GBPUSD": -0.07170172084130998, "Gold": 0.24174053182915953}
