{"FTSE100": 0.1837998557108593, "DJIA": -0.3715711855790323, "GBPUSD": -0.0415765840678484, "Gold": 0.4579653254825041}
