{"FTSE100": 1.0259769748947516, "DJIA": -0.028699169097835445, "GBPUSD": -0.3866913719487566, "Gold": -1.3867488443759675}
