{"FTSE100": 0.27769544365672133, "DJIA": 0.3636407946585871, "GBPUSD": 0.04701089085639395, "Gold": 0.030101053536885525}
