{"FTSE100": -0.36102741680410433, "DJIA": 1.7820305357421973e-14, "GBPUSD": 0.11856044670516237, "Gold": 1.8159386266530795e-14}
