{"FTSE100": -1.7514427771177283, "DJIA": -0.6167640873375843, "GBPUSD": 0.31655587211142794, "Gold": 0.024679170779861797}
