{"FTSE100": 0.17404992985952908, "DJIA": 0.5316160949274554, "GBPUSD": 0.04825090470445789, "Gold": -0.1888930865130336}
