{"FTSE100": -0.5549929303748256, "DJIA": 0.09267068427050526, "GBPUSD": 0.1426307448494472, "Gold": 1.0126032159930545}
