{"FTSE100": 0.3389139184961899, "DJIA": 0.46541016438256294, "GBPUSD": -0.07443799315171296, "Gold": -0.14697060587881333}
