{"FTSE100": 0.09655042893910842, "DJIA": -0.015629512992758544, "GBPUSD": -0.10397812608308549, "Gold": -0.06194883754829359}
