{"FTSE100": -1.5078030903200366, "DJIA": -0.6941836620043264, "GBPUSD": 0.07252215954874301, "Gold": 0.0861894139119877}
