{"FTSE100": -0.860553370217429, "DJIA": -0.616057076100454, "GBPUSD": 0.07422068283027386, "Gold": 0.0}
