{"FTSE100": 0.2624714328585794, "DJIA": 0.009816050040251186, "GBPUSD": -0.29357231149567564, "Gold": 0.009921619208245762}
