{"FTSE100": -0.49185893201608477, "DJIA": 0.1279201362195723, "GBPUSD": 0.14339201784434188, "Gold": -0.07639030352413934}
