{"FTSE100": 0.052054409742935785, "DJIA": 0.1981477734075402, "GBPUSD": -0.2418184749314939, "Gold": 0.0}
