{"FTSE100": 0.15281813623001053, "DJIA": 0.0, "GBPUSD": 0.14149538278224702, "Gold": -0.15354632965216655}
