{"FTSE100": 0.31072237379412326, "DJIA": 0.5190625735796204, "GBPUSD": 0.16398330351820228, "Gold": 0.278434777401866}
