{"FTSE100": 0.25070020769780926, "DJIA": 0.12120043233245743, "GBPUSD": -0.2662008152400043, "Gold": -0.37880837707668163}
