{"FTSE100": -0.49868476212851176, "DJIA": -0.9940569573174595, "GBPUSD": 0.33377318947449897, "Gold": 0.03771514777480316}
