{"FTSE100": -0.21089418308749835, "DJIA": 0.6210782430528998, "GBPUSD": 0.20219301656426905, "Gold": 0.42597402597402834}
