{"FTSE100": -0.1447904753526223, "DJIA": 0.7455030075655749, "GBPUSD": 0.38973567431989187, "Gold": 0.2521837652132464}
