{"FTSE100": 0.17141396366153033, "DJIA": -1.8957074033152979, "GBPUSD": -0.08234765683486306, "Gold": 2.34412334314244}
