{"FTSE100": 0.3301060337353937, "DJIA": 0.518734233630401, "GBPUSD": 0.08194278903457247, "Gold": 1.443948542924652}
