{"FTSE100": 0.49198319256862716, "DJIA": 0.656117355244831, "GBPUSD": 0.08432630614115376, "Gold": -0.5973715651135006}
