{"FTSE100": 3.425438323154264, "DJIA": 3.603683334386928, "GBPUSD": 0.3970281850701853, "Gold": 1.4807034188323727}
