{"FTSE100": 1.196352067415456, "DJIA": 0.9725793421183656, "GBPUSD": -0.039920159680652045, "Gold": -0.37917087967644086}
