{"FTSE100": -0.0024693957388693196, "DJIA": 0.5789231921862223, "GBPUSD": -0.109829763866013, "Gold": 0.0}
