{"FTSE100": 0.3454870254746392, "DJIA": 0.3409853210718432, "GBPUSD": 0.007874015748030629, "Gold": -0.28127313101405466}
