{"FTSE100": -0.09667822862857725, "DJIA": -0.16537795202167066, "GBPUSD": -0.007925814377426408, "Gold": 0.0}
