{"FTSE100": 0.4655054292799085, "DJIA": 0.04813523630716231, "GBPUSD": -0.015643332029720607, "Gold": 0.6669215411409997}
