{"FTSE100": -0.6792334621417853, "DJIA": -0.7853364091400432, "GBPUSD": -0.14828333523439383, "Gold": -0.21610372979030296}
