{"FTSE100": -0.16544618768741562, "DJIA": 0.5139324118740705, "GBPUSD": 1.0245061880173902, "Gold": 0.17123287671232187}
