{"FTSE100": 0.1222000357776634, "DJIA": 0.1359618973639427, "GBPUSD": -0.08402077604644827, "Gold": 0.2790623505023122}
