{"FTSE100": -0.19169303501967352, "DJIA": -0.23148674975193512, "GBPUSD": 0.34388995521434684, "Gold": 1.1124032967588613}
