{"FTSE100": 0.9404194125741158, "DJIA": -0.2683441114206481, "GBPUSD": -0.03733293511537123, "Gold": 0.3018016644819099}
