{"FTSE100": 0.4932924448476593, "DJIA": 1.2704714640198462, "GBPUSD": 0.23163715161025947, "Gold": -0.09567145023916589}
