{"FTSE100": -0.8337292595570499, "DJIA": -0.9940569573174595, "GBPUSD": 0.0, "Gold": -0.5485839676335459}
