{"FTSE100": 0.8257716770083278, "DJIA": 0.11332995823084009, "GBPUSD": 0.32443224357372863, "Gold": 0.0}
