{"FTSE100": -0.11470746319529108, "DJIA": 0.03104622192506316, "GBPUSD": -0.1851255634256253, "Gold": -0.3307046553039939}
