{"FTSE100": -1.2119457409229017, "DJIA": -1.7039390661941531, "GBPUSD": 0.43871568893894125, "Gold": 0.8889657557938524}
