{"FTSE100": 0.4394070926995979, "DJIA": -1.5901075689297077, "GBPUSD": 0.16852580049755161, "Gold": -0.19789201978919807}
