{"FTSE100": 0.12901924416989483, "DJIA": -0.5915571342052401, "GBPUSD": 0.04000320025601607, "Gold": 0.3412125407971561}
