{"FTSE100": 1.130835914584843, "DJIA": 0.6594453619770408, "GBPUSD": -0.007791803023218714, "Gold": 0.8731808731808732}
