{"FTSE100": -0.13290604019924818, "DJIA": 0.3104411713980244, "GBPUSD": -0.06489292667100371, "Gold": 0.0}
