{"FTSE100": -0.07739395214634757, "DJIA": -0.3306836771535578, "GBPUSD": 0.01927005048753871, "Gold": -0.285202383999405}
