{"FTSE100": 1.1689946572186576, "DJIA": 0.43551120190875253, "GBPUSD": 0.2653525398028854, "Gold": 0.36507738392410816}
