{"FTSE100": -0.7083657910531542, "DJIA": -1.810305551173148, "GBPUSD": -0.08909768346023819, "Gold": 0.0}
