{"FTSE100": -0.024386761400182852, "DJIA": 0.024135613754470688, "GBPUSD": 0.27353177795654443, "Gold": 0.5203334175296884}
