{"FTSE100": -0.11501169836909804, "DJIA": -0.9410654174711419, "GBPUSD": 0.730046755803454, "Gold": -0.5369057547956606}
