{"FTSE100": -0.5987299959859027, "DJIA": 1.2000869491721617, "GBPUSD": 0.16445481317169053, "Gold": 1.8159386266530795e-14}
