{"FTSE100": -0.1896319672055868, "DJIA": 0.22335342054977056, "GBPUSD": 0.07094994087505896, "Gold": 0.38566686194103156}
