{"FTSE100": 0.08202246599292688, "DJIA": 0.12661153708526426, "GBPUSD": -0.09511731135067295, "Gold": -0.329691959452812}
