{"FTSE100": -1.670435711765767, "DJIA": -1.3035554952028907, "GBPUSD": 0.8553459119496843, "Gold": 1.8422347345979235}
