{"FTSE100": 0.21973997436366918, "DJIA": -0.026689074681673246, "GBPUSD": 0.4174359797704177, "Gold": -0.034748076445759155}
