{"FTSE100": -0.9441402132975586, "DJIA": 1.6638617491559275e-14, "GBPUSD": -0.165556539483317, "Gold": -0.4113548769641235}
