{"FTSE100": 0.20163176642715686, "DJIA": 0.32210553609211356, "GBPUSD": -0.6694970607446101, "Gold": -0.2681779082123251}
