{"FTSE100": -0.08388990690182499, "DJIA": -1.6864185798007991, "GBPUSD": -0.14672947717968884, "Gold": 0.7513884351519111}
