{"FTSE100": -0.44358024757717596, "DJIA": 0.16705769703677525, "GBPUSD": 0.09620780886716025, "Gold": 0.0}
