{"FTSE100": 0.5741623702318673, "DJIA": 0.6528563581075048, "GBPUSD": 0.25373134328358726, "Gold": 0.8129866002859969}
