{"FTSE100": 0.6795704768727864, "DJIA": 0.0529465284662461, "GBPUSD": 0.12286899093841544, "Gold": 0.6307470172505533}
