{"FTSE100": 0.42294439398127454, "DJIA": -0.002194145880207233, "GBPUSD": -0.22699215483252735, "Gold": 0.30152671755725535}
