{"FTSE100": 0.33794225571691033, "DJIA": -0.5472073819348724, "GBPUSD": -0.198922503108179, "Gold": 0.13495276653170918}
