{"FTSE100": -0.9105103772978572, "DJIA": -0.31013323871229026, "GBPUSD": 0.39794395622615775, "Gold": -0.022014309301038173}
