{"FTSE100": -0.25614289600145485, "DJIA": 0.7735517288974445, "GBPUSD": -0.018307641609613963, "Gold": 0.1470764797694692}
