{"FTSE100": -0.022052956499536036, "DJIA": -0.17851534406947844, "GBPUSD": -0.11166945840313215, "Gold": -0.010003501225431173}
