{"FTSE100": 0.17829045085164016, "DJIA": -0.4947235771909508, "GBPUSD": -0.18033558099419544, "Gold": -0.026408915649923412}
