{"FTSE100": -0.1610083842956971, "DJIA": 0.029287993464166842, "GBPUSD": -0.12096774193547055, "Gold": 0.0}
