{"FTSE100": 0.16335241586556581, "DJIA": 1.3055963552889622, "GBPUSD": -0.1946399161551082, "Gold": 2.9955481777710684}
