{"FTSE100": -0.020458237961189975, "DJIA": -0.20337129924703878, "GBPUSD": 0.024030759372011296, "Gold": 0.1726573536336501}
