{"FTSE100": -0.42619165357316785, "DJIA": 0.05480834672548653, "GBPUSD": -0.3200833705523442, "Gold": -0.2549490101979604}
