{"FTSE100": -0.04155618685045135, "DJIA": -1.635343558191946, "GBPUSD": -0.3117969767533566, "Gold": -0.23129251700679343}
