{"FTSE100": 0.8119206880659015, "DJIA": 0.5228724792609903, "GBPUSD": 0.024557956777993366, "Gold": 0.9710550887021475}
