{"FTSE100": 0.24897358092157607, "DJIA": 0.6082849320834757, "GBPUSD": 0.0, "Gold": 0.0}
