{"FTSE100": 0.14008330782147413, "DJIA": -0.5311737113798481, "GBPUSD": -0.9323033600974064, "Gold": -0.514223471895032}
