{"FTSE100": 1.6289009576974902, "DJIA": 0.6952186631923145, "GBPUSD": -0.011187768040283012, "Gold": -0.1684460260972587}
