{"FTSE100": 0.5941088829457383, "DJIA": 0.2094896936205505, "GBPUSD": 0.5442287385265151, "Gold": 0.0406731404748566}
