{"FTSE100": -0.4361373144175973, "DJIA": -0.028037490934219783, "GBPUSD": -0.5998286203941762, "Gold": -1.4767825425018986}
