{"FTSE100": -0.28522192289924014, "DJIA": -0.15920665509372017, "GBPUSD": -0.04731114966093155, "Gold": 0.0}
