{"FTSE100": -0.32056748076653796, "DJIA": 0.08524701629661285, "GBPUSD": 0.007664009809948731, "Gold": 0.21741533699377566}
