{"FTSE100": 0.5478011552793167, "DJIA": 0.5823202104488486, "GBPUSD": -0.007699414844470972, "Gold": -0.17942583732057416}
