{"FTSE100": 0.022955084551215248, "DJIA": 0.2055601563437402, "GBPUSD": -0.3638273133040787, "Gold": -2.759455370650524}
