{"FTSE100": -0.5964769240671847, "DJIA": 0.0371225332893671, "GBPUSD": 0.14492215079336468, "Gold": 0.0}
