{"FTSE100": -0.7173543246073758, "DJIA": 0.6819818744632582, "GBPUSD": 0.3121906647377001, "Gold": 0.0}
