{"FTSE100": 0.026082702600698737, "DJIA": 1.706561154675814e-14, "GBPUSD": -0.09750548468350272, "Gold": 0.13786422237125784}
