{"FTSE100": 0.6352654836887265, "DJIA": 0.1525168228928394, "GBPUSD": -0.13412228796844455, "Gold": 0.14348622037503653}
