{"FTSE100": -0.30481308194746504, "DJIA": 0.5605149421433138, "GBPUSD": 0.4526987811955994, "Gold": 0.26291320657925144}
