{"FTSE100": -0.1268123375961507, "DJIA": 0.43329442530001805, "GBPUSD": 0.015932446427147133, "Gold": 0.3134479271991934}
