{"FTSE100": -0.14672226839450078, "DJIA": -0.4830011861464252, "GBPUSD": -0.3363914373088654, "Gold": 0.027862914460845364}
