{"FTSE100": 0.4385311137492456, "DJIA": 0.0, "GBPUSD": -0.36536934074663696, "Gold": -1.039460071924721}
