{"FTSE100": -1.8113356063819337, "DJIA": -1.6528918769150907, "GBPUSD": -0.1933062957207332, "Gold": 0.04776803840550287}
