{"FTSE100": 0.3981907053126721, "DJIA": -0.023643137848942092, "GBPUSD": 0.1943171402383165, "Gold": 0.008960573476707942}
