{"FTSE100": -0.796681479478907, "DJIA": -0.36454083119177816, "GBPUSD": -0.08067304367869044, "Gold": 0.42617740537417587}
