{"FTSE100": 0.022626061822765525, "DJIA": 0.46766783006063156, "GBPUSD": 0.1943256898562121, "Gold": 0.0}
