{"FTSE100": -0.2860013659766646, "DJIA": -0.4562469501016552, "GBPUSD": 0.07864284911807627, "Gold": 0.018050541516256433}
