{"FTSE100": 1.2096492841692668, "DJIA": 1.1120995521899237, "GBPUSD": 0.09064688916358475, "Gold": 0.2861925589934637}
