{"FTSE100": 0.3637462420538052, "DJIA": -0.6349749292456138, "GBPUSD": -0.9185303514376872, "Gold": -1.8419634546612518}
