{"FTSE100": -1.3219397507709407, "DJIA": 0.0743451223590785, "GBPUSD": 0.27602523659306455, "Gold": -0.38207892808541577}
