{"FTSE100": 0.07937067870748342, "DJIA": -0.11003251448037732, "GBPUSD": 0.03161805390877843, "Gold": 0.00435843793583983}
