{"FTSE100": -0.1702036777941841, "DJIA": 0.40651275426251615, "GBPUSD": 0.15147596704474875, "Gold": 0.19489086111777404}
