{"FTSE100": 0.1324662473936311, "DJIA": -0.2935017041456855, "GBPUSD": -0.1717443249701291, "Gold": -0.019298965093001275}
