{"FTSE100": 1.0653344785648353, "DJIA": -0.7540624789924405, "GBPUSD": -1.1863391252246702, "Gold": 1.2893655864901905}
