{"FTSE100": -1.2405487260345316, "DJIA": -0.9450369243999552, "GBPUSD": 0.2021260667764579, "Gold": 0.0}
