{"FTSE100": 0.20394817773921825, "DJIA": 0.5567352566083932, "GBPUSD": -0.015714622456211205, "Gold": -0.2128939695469229}
