{"FTSE100": 0.4844131105242977, "DJIA": -1.3549674215902217, "GBPUSD": -0.1661392405063284, "Gold": -0.9349877665152083}
