{"FTSE100": 1.0764787435712724, "DJIA": 0.03570612081713786, "GBPUSD": -0.05573100501579256, "Gold": 0.17945803672907817}
