{"FTSE100": 0.12001996208304712, "DJIA": 0.9339390297073944, "GBPUSD": -0.015465511908442465, "Gold": 0.36363636363636365}
