{"FTSE100": -0.4815066932985343, "DJIA": -0.936690839619537, "GBPUSD": -0.785854616895875, "Gold": -0.9674109542189844}
