{"FTSE100": 0.6486696351065441, "DJIA": 0.8036051013809912, "GBPUSD": -0.2403754435499076, "Gold": -0.30592734225621415}
