{"FTSE100": -0.18371434668915587, "DJIA": -0.16919160145741743, "GBPUSD": 0.07132102385292995, "Gold": 0.0}
