{"FTSE100": 0.13376410641562603, "DJIA": 0.825796465777775, "GBPUSD": -0.08647798742137412, "Gold": 0.046375736214812405}
