{"FTSE100": 0.07458482520567825, "DJIA": -0.13539847915705555, "GBPUSD": -0.36336670374489466, "Gold": -0.027858680511584376}
