{"FTSE100": -0.272375257582125, "DJIA": 0.15976816467024268, "GBPUSD": 0.14196703210032524, "Gold": -0.353183557343277}
