{"FTSE100": 0.28397894651545813, "DJIA": 0.045808891995205936, "GBPUSD": 0.14905467953242257, "Gold": 0.21468086863181476}
