{"FTSE100": 0.3882031140412511, "DJIA": -0.2878280428684172, "GBPUSD": -0.9245339747444361, "Gold": -3.798644840199071}
