{"FTSE100": -0.20960047860699485, "DJIA": -0.8377119719489592, "GBPUSD": -0.22948060888854063, "Gold": -0.43387156415629013}
