{"FTSE100": 1.7225403279653537, "DJIA": 0.7844043891229002, "GBPUSD": 0.38879631833691397, "Gold": -0.052140361854111264}
