{"FTSE100": 0.14008330782147413, "DJIA": -0.5311737113798481, "GBPUSD": -0.9246927204231427, "Gold": 0.0}
