{"FTSE100": 0.6436040817616061, "DJIA": 1.5635078949508472, "GBPUSD": 0.7903157407764441, "Gold": 2.465770791075042}
