{"FTSE100": 0.17153675950638558, "DJIA": 0.3769688105201904, "GBPUSD": -0.19806782812561877, "Gold": 0.14068558487458083}
