{"FTSE100": -0.980502432708629, "DJIA": 0.0, "GBPUSD": 0.2771149257178083, "Gold": 0.9511249650321776}
