{"FTSE100": 0.47676546679673654, "DJIA": 0.3006370750608393, "GBPUSD": -0.3243160746308417, "Gold": -0.03059273422561098}
