{"FTSE100": 0.20366413128262068, "DJIA": 0.0, "GBPUSD": 0.16497761018147464, "Gold": 0.26507929126167595}
