{"FTSE100": 0.1124788610532102, "DJIA": 0.03104622192506316, "GBPUSD": 0.23341918866710598, "Gold": -0.13228186212159293}
