{"FTSE100": -0.3118552159927078, "DJIA": 0.1042566928628082, "GBPUSD": -0.3870590812823969, "Gold": -0.4335860935674938}
