{"FTSE100": -0.48877423209674686, "DJIA": -0.14190121399148084, "GBPUSD": -0.154978690430066, "Gold": -0.0914913083257015}
