{"FTSE100": -0.1874768687520255, "DJIA": -0.041431396256527295, "GBPUSD": -0.18116611823860992, "Gold": 1.4640896308529985}
