{"FTSE100": 0.6179749753181801, "DJIA": 0.07492422732759449, "GBPUSD": -0.12563800549666634, "Gold": 0.0}
