{"FTSE100": 1.1122392297718989e-14, "DJIA": 0.691345975644746, "GBPUSD": 0.4719170663778427, "Gold": -0.12415102607171878}
