{"FTSE100": -0.37369699489718905, "DJIA": 0.500786870169679, "GBPUSD": -0.11949334820362119, "Gold": 0.05601955591769754}
