{"FTSE100": -0.035920397534958536, "DJIA": -0.2730854323389101, "GBPUSD": -0.29236435433040275, "Gold": -0.7500297630858404}
