{"FTSE100": 0.010847175852118836, "DJIA": 1.1128468560966747, "GBPUSD": 0.7357018743761415, "Gold": -2.1908399206560674}
