{"FTSE100": -0.20818512784031298, "DJIA": -0.21207662095522664, "GBPUSD": -0.33062819356777573, "Gold": -0.30489721506254536}
