{"FTSE100": 0.6043094487217797, "DJIA": -0.4562469501016552, "GBPUSD": 0.06742583158526542, "Gold": 0.015042117930204572}
