{"FTSE100": -0.03737619136610025, "DJIA": -1.719878054908802, "GBPUSD": 0.05918660691637126, "Gold": -0.05512983075141959}
