{"FTSE100": 0.6125770104179306, "DJIA": -0.24443276652572932, "GBPUSD": -0.4031194665260118, "Gold": 0.0}
