{"FTSE100": -0.27540706136409343, "DJIA": 0.3296678355405641, "GBPUSD": -0.04097688903457998, "Gold": 0.3628202730503188}
