{"FTSE100": -0.5578711753498377, "DJIA": 0.2234135113220554, "GBPUSD": 0.24511741915077728, "Gold": -0.07733287506443234}
