{"FTSE100": 0.4044354510615846, "DJIA": -0.2709172587362334, "GBPUSD": -0.3277640099128621, "Gold": -0.4211511464670169}
