{"FTSE100": -0.5568202914846913, "DJIA": -0.31301195247437186, "GBPUSD": -0.6994106090373209, "Gold": -0.3859871989055486}
