{"FTSE100": 0.07864009260657305, "DJIA": -0.17409368062132527, "GBPUSD": 0.19777503090234508, "Gold": 0.11339705167665148}
