{"FTSE100": 0.4388876690389104, "DJIA": 0.3445162992953167, "GBPUSD": 0.14506769825918953, "Gold": 0.0}
