{"FTSE100": 0.6092485549132879, "DJIA": -0.7124813051707788, "GBPUSD": -0.07112641784898786, "Gold": 0.9321531005835296}
