{"FTSE100": 0.03612862309658357, "DJIA": 0.26023131137162114, "GBPUSD": 0.10245094176056874, "Gold": 0.009722424772751585}
