{"FTSE100": -0.43418078510254443, "DJIA": -1.2671628247783644, "GBPUSD": 0.15826541109440545, "Gold": -0.07372818874416319}
