{"FTSE100": 0.06976375455842378, "DJIA": 0.39589525184368535, "GBPUSD": -0.09550338241144989, "Gold": 0.16580415012811908}
