{"FTSE100": -0.11192778382987591, "DJIA": 0.33703171538278354, "GBPUSD": 0.10932375449008808, "Gold": 0.0}
