{"FTSE100": -0.8013537651593416, "DJIA": -2.0607987361459204, "GBPUSD": -0.08254230293024266, "Gold": 0.010911074740864456}
