{"FTSE100": 0.5273560024013673, "DJIA": 0.0573506129724068, "GBPUSD": 0.4864775725593681, "Gold": -0.10998075336816057}
