{"FTSE100": 0.8538398860297982, "DJIA": 0.6679126218229057, "GBPUSD": 0.09062075215224964, "Gold": -0.3169115528666047}
