{"FTSE100": 0.18422926757817615, "DJIA": -0.28122323585680814, "GBPUSD": 0.08455229559481608, "Gold": -0.13231159380341204}
