{"FTSE100": 0.15319956438379453, "DJIA": -0.8241023352035658, "GBPUSD": -0.12613322822229592, "Gold": -0.17086506541691074}
