{"FTSE100": -0.08685202094944072, "DJIA": 0.34937839824878414, "GBPUSD": -0.13460015835313022, "Gold": -0.10313835273317304}
