{"FTSE100": 0.2601494524273627, "DJIA": -0.6080214447008778, "GBPUSD": -0.016568635572858748, "Gold": 0.0}
