{"FTSE100": 0.12004895156878805, "DJIA": 0.40468767167978803, "GBPUSD": 0.24458938630300034, "Gold": 0.05233775296579806}
