{"FTSE100": -0.11545479017736532, "DJIA": 0.0, "GBPUSD": -0.14561618638870255, "Gold": 0.4716807311051231}
