{"FTSE100": 0.008028436203066227, "DJIA": 0.19542928964835954, "GBPUSD": -0.3300070715801212, "Gold": -0.2128939695469229}
