{"FTSE100": 0.10484100702434361, "DJIA": 0.4403964783910884, "GBPUSD": -0.08625539096193395, "Gold": 0.03624326479329258}
