{"FTSE100": 0.20965504803554585, "DJIA": 0.583849936207769, "GBPUSD": 0.5243088655862678, "Gold": 1.2790005948839938}
