{"FTSE100": 0.5478011552793167, "DJIA": 0.23839424343233565, "GBPUSD": 0.2626699629171871, "Gold": -0.2561434403265865}
