{"FTSE100": -0.09123381943306619, "DJIA": 0.4049701256653451, "GBPUSD": -0.11089108910889868, "Gold": 0.07370283018867925}
