{"FTSE100": 1.4348524469062909, "DJIA": 0.4936135681616466, "GBPUSD": -0.45277623321946275, "Gold": 0.7559597320459495}
