{"FTSE100": -1.000605484782717, "DJIA": -0.14874122572256002, "GBPUSD": 0.3002078361943066, "Gold": 0.45558086560364824}
