{"FTSE100": -0.14702524360520555, "DJIA": 0.09276953647422888, "GBPUSD": -0.020079514878909396, "Gold": 0.5575355517131931}
