{"FTSE100": 0.352892879159254, "DJIA": 0.21987940545026316, "GBPUSD": 0.48138639281129697, "Gold": 0.4639282735613058}
