{"FTSE100": 0.16769289260007678, "DJIA": -0.026228563879088656, "GBPUSD": 0.32835820895522083, "Gold": 1.2181558180181133}
