{"FTSE100": 0.16239862888670376, "DJIA": -0.21613541412862727, "GBPUSD": 0.25153510394318784, "Gold": -0.059285608418556394}
