{"FTSE100": -0.4215142932822638, "DJIA": 0.39310104807927065, "GBPUSD": -0.0160423518087734, "Gold": -0.18621973929236726}
