{"FTSE100": -0.04317131393163344, "DJIA": -0.3306836771535578, "GBPUSD": 0.06551817165761109, "Gold": -0.285202383999405}
