{"FTSE100": 0.38728069959111816, "DJIA": -0.8030013994700549, "GBPUSD": 0.20489513094661777, "Gold": 0.0}
