{"FTSE100": 0.19326164874552387, "DJIA": 0.940872817102252, "GBPUSD": -0.0036417932189725393, "Gold": -1.1728006238939352}
