{"FTSE100": -0.31960064402908706, "DJIA": 0.20315749627711183, "GBPUSD": 0.07037847982482802, "Gold": -0.6876766654010117}
