{"FTSE100": 0.2585560479609572, "DJIA": 0.004499552042259242, "GBPUSD": 0.22184621169392804, "Gold": -0.2163215822378457}
