{"FTSE100": 0.23566021907319526, "DJIA": 0.4258768805950875, "GBPUSD": -0.521157436216547, "Gold": 1.0014424067587135}
