{"FTSE100": 0.2648074691523853, "DJIA": -1.0836312961629802, "GBPUSD": -0.24605127391061835, "Gold": 0.0}
