{"FTSE100": 0.5498621284011602, "DJIA": 0.21779488609067174, "GBPUSD": -0.2777263469727769, "Gold": 0.10174740101748206}
