{"FTSE100": -1.5535843726186247, "DJIA": -3.2046648787978405, "GBPUSD": 0.7188713335639848, "Gold": -1.3025892544348574}
