{"FTSE100": -0.13061233123181587, "DJIA": 0.9455415304220991, "GBPUSD": 0.15688735487919686, "Gold": -0.3866776654980408}
