{"FTSE100": 0.536923407770369, "DJIA": 1.229352249857853, "GBPUSD": 0.6465517241379257, "Gold": 2.971444465047279}
