{"FTSE100": 0.7395568184060373, "DJIA": 0.3459584676963842, "GBPUSD": 0.36894318274985227, "Gold": 0.5052676843689577}
