{"FTSE100": 0.29623872078213254, "DJIA": -0.27901675167203555, "GBPUSD": 0.2472280491459455, "Gold": 1.523642732049039}
