{"FTSE100": -0.06667104000129155, "DJIA": 0.526500436470395, "GBPUSD": 0.38424591738712094, "Gold": 0.025107964246258913}
