{"FTSE100": 0.6017269701738924, "DJIA": 0.07492422732759449, "GBPUSD": 0.03140950137416222, "Gold": 0.0}
