{"FTSE100": -0.00630048408720422, "DJIA": 0.30194559396477405, "GBPUSD": 0.4287030730398003, "Gold": 0.6028107804997658}
