{"FTSE100": 0.15650642484423716, "DJIA": 0.25340140410549394, "GBPUSD": 0.11944577161968918, "Gold": 0.11985788279612097}
