{"FTSE100": -0.603838061370364, "DJIA": -0.26063897930195007, "GBPUSD": -0.05507907781887992, "Gold": -0.10323113451016826}
