{"FTSE100": -0.6652909490064568, "DJIA": -0.7240619775185918, "GBPUSD": -0.058702670971522736, "Gold": 0.0}
