{"FTSE100": 0.5114687384387722, "DJIA": 0.424601430293911, "GBPUSD": 0.10346199761242172, "Gold": 0.7787770687836004}
