{"FTSE100": -1.3973463734316973, "DJIA": 0.8491701384703056, "GBPUSD": 0.08128879692581295, "Gold": 1.088615997344835}
