{"FTSE100": 0.1857198193591063, "DJIA": 0.5196036934800087, "GBPUSD": 0.028414856910905013, "Gold": -0.682902153490392}
