{"FTSE100": 1.219390126193114, "DJIA": -0.15830066251674343, "GBPUSD": -0.3757862919696052, "Gold": -0.7609962132245882}
