{"FTSE100": -0.09632574084589832, "DJIA": -0.5222118125101671, "GBPUSD": 0.0, "Gold": -0.015204115247191268}
