{"FTSE100": 0.30425382905513915, "DJIA": 1.0382648478631822, "GBPUSD": 0.799122532121591, "Gold": 0.11777128005198549}
