{"FTSE100": 0.2896194671148209, "DJIA": 0.0899767782371952, "GBPUSD": 0.5527442584663376, "Gold": 1.6145350307731103}
