{"FTSE100": 0.2096871864860313, "DJIA": 0.6092074879444653, "GBPUSD": 0.07254554247943742, "Gold": 0.0}
