{"FTSE100": 0.07696806615605825, "DJIA": 0.8552295089589758, "GBPUSD": -0.17210293394525414, "Gold": 0.018702075930428278}
