{"FTSE100": 0.4857060720475939, "DJIA": 0.2115251775397037, "GBPUSD": -0.12795905310299294, "Gold": 0.393054595715269}
