{"FTSE100": -0.22070253306871218, "DJIA": 1.5996082734088548, "GBPUSD": -0.07712478790682477, "Gold": 1.5436047711420235}
