{"FTSE100": -0.10075650947933347, "DJIA": 0.5516625720786568, "GBPUSD": 0.06095238095239116, "Gold": -0.9801976268899487}
