{"FTSE100": 0.13596210671342038, "DJIA": 0.009413923590769875, "GBPUSD": 0.09426551453258976, "Gold": -0.5689763247986972}
