{"FTSE100": -0.17224306150620466, "DJIA": 0.32247150034181293, "GBPUSD": -0.01976050270717792, "Gold": 0.28321123782191676}
