{"FTSE100": 0.28049565453923475, "DJIA": 0.13677594903375842, "GBPUSD": -0.2718912435026045, "Gold": 0.1094833428913982}
