{"FTSE100": 1.1489555182050009, "DJIA": 1.1223039382815223, "GBPUSD": -0.007590708972200315, "Gold": -0.06809669731018488}
