{"FTSE100": 0.009207206875425538, "DJIA": -0.6804313792889797, "GBPUSD": -0.07108443250927264, "Gold": -1.0279752467652092}
