{"FTSE100": -0.9494076334360907, "DJIA": 0.055358156804268165, "GBPUSD": -0.47783174056086436, "Gold": -0.3891242242143564}
