{"FTSE100": -0.634337662994314, "DJIA": -0.2329017107585267, "GBPUSD": -0.32389912855710506, "Gold": -0.5394736842105143}
