{"FTSE100": 0.5378542006303251, "DJIA": 1.229352249857853, "GBPUSD": 0.05538938739337753, "Gold": 0.5634564673533322}
