{"FTSE100": 0.20661183246165998, "DJIA": 0.2971982623153109, "GBPUSD": 0.5172135122030032, "Gold": 0.22063985558118998}
