{"FTSE100": 0.6323425182040978, "DJIA": -0.42425264551318215, "GBPUSD": -0.007836990595610422, "Gold": 1.9113339621704808}
