{"FTSE100": -0.6146013827538244, "DJIA": 1.1621354477690533, "GBPUSD": -0.49280350438047343, "Gold": -0.2223946211533465}
