{"FTSE100": -0.5014987618923441, "DJIA": -0.5915571342052401, "GBPUSD": -0.1280102408192692, "Gold": 0.15824349718128994}
