{"FTSE100": 0.6475845240402347, "DJIA": -0.39355397572927503, "GBPUSD": -0.2320880437224004, "Gold": 0.0}
