{"FTSE100": -0.21865238137774515, "DJIA": -0.21835283908797154, "GBPUSD": 0.0395569620253121, "Gold": -0.5487613671997491}
