{"FTSE100": 0.2976290263094765, "DJIA": 0.05207110258006159, "GBPUSD": 0.5539054346953622, "Gold": 0.12906428394143143}
