{"FTSE100": 0.053589319415642614, "DJIA": -0.04311920543392787, "GBPUSD": 0.0, "Gold": -0.18519062876626965}
