{"FTSE100": -0.08238683824489404, "DJIA": -0.0032250019349976847, "GBPUSD": 0.5663611297414152, "Gold": 0.9841144488655375}
