{"FTSE100": -0.013131039853836294, "DJIA": -0.7039618168513665, "GBPUSD": 0.24575513851653863, "Gold": -0.2066969822240595}
