{"FTSE100": -0.009146811552171159, "DJIA": -0.6845192538188556, "GBPUSD": 0.04845743821677887, "Gold": 0.12943308309603935}
