{"FTSE100": 0.35276721034678754, "DJIA": 1.2617376505069284, "GBPUSD": 0.06259291135279978, "Gold": 0.1838798651547609}
