{"FTSE100": 0.583789577052827, "DJIA": 0.1525168228928394, "GBPUSD": -0.07889546351085695, "Gold": 0.14348622037503653}
