{"FTSE100": -0.8459376227399169, "DJIA": -0.08872997172867947, "GBPUSD": 0.32894736842106626, "Gold": -0.8405507697308803}
