{"FTSE100": 0.09693712252930016, "DJIA": -0.7580271592361629, "GBPUSD": -0.27443700056502296, "Gold": 0.0}
