{"FTSE100": 0.1222000357776634, "DJIA": 0.08480476415189574, "GBPUSD": 0.5142374702586482, "Gold": -0.0995500338470115}
