{"FTSE100": -0.21965596384661842, "DJIA": -1.2634768174566209, "GBPUSD": -0.5253064287501019, "Gold": -1.2812160694896801}
