{"FTSE100": -0.10955751827008553, "DJIA": 0.2779895816260505, "GBPUSD": -0.10378057820606715, "Gold": -0.71749419673812}
