{"FTSE100": -0.3093945346442884, "DJIA": -0.3506916353808834, "GBPUSD": 0.11889663918833678, "Gold": -0.48223600039365977}
