{"FTSE100": 0.5936256497387495, "DJIA": -0.13424903271818125, "GBPUSD": 0.1486349057341792, "Gold": 0.44913351129190987}
