{"FTSE100": -0.11049399257744362, "DJIA": 3.1515413335455618, "GBPUSD": -1.49516945253796, "Gold": -2.853702149399694}
