{"FTSE100": 0.27181270592536094, "DJIA": -0.2878280428684172, "GBPUSD": -0.39457367254141185, "Gold": -0.27283084487617404}
