{"FTSE100": 0.4680970037640793, "DJIA": 0.3006370750608393, "GBPUSD": -0.18695867831659668, "Gold": -0.03059273422561098}
