{"FTSE100": -0.6610681737129405, "DJIA": -0.24781650419012533, "GBPUSD": -0.32326736576519693, "Gold": -0.47188360204482444}
