{"FTSE100": 0.10254787588472601, "DJIA": -1.6946282708172697, "GBPUSD": 0.023752969121137526, "Gold": 0.21105664488016807}
