{"FTSE100": -0.3742263398485182, "DJIA": -0.051148578398403866, "GBPUSD": -0.19224607497596585, "Gold": -0.0523204101920159}
