{"FTSE100": 0.5303078623282231, "DJIA": 0.02711714794929295, "GBPUSD": 0.13425999052282694, "Gold": 0.506341559335363}
