{"FTSE100": 0.6311739402978663, "DJIA": 0.7838949668673458, "GBPUSD": 0.28234512539444007, "Gold": 0.45413260672116257}
