{"FTSE100": 0.5431509419059306, "DJIA": 1.6957526960512054e-14, "GBPUSD": -0.003988672171024967, "Gold": -0.0459365310262917}
