{"FTSE100": -0.3849164926931087, "DJIA": -0.2212937402074206, "GBPUSD": -0.11583650504716761, "Gold": -0.30601092896174364}
