{"FTSE100": -0.09395814414220721, "DJIA": -0.483173535864506, "GBPUSD": -0.051828816822147405, "Gold": -0.6420901140263553}
