{"FTSE100": 0.2692098373985559, "DJIA": 1.3564904820566428, "GBPUSD": -0.04420215117135214, "Gold": 0.3876928153097393}
