{"FTSE100": -0.41791367295122134, "DJIA": 0.016613545021060376, "GBPUSD": 0.15928875717726218, "Gold": 0.08158983623754827}
