{"FTSE100": 0.37236068209706447, "DJIA": 0.0, "GBPUSD": 0.640166741104672, "Gold": 0.9591115598182685}
