{"FTSE100": 0.04551442003920325, "DJIA": -1.2890422287925116, "GBPUSD": 0.008281573498963891, "Gold": -0.14249698564069585}
