{"FTSE100": 0.3371930841071151, "DJIA": 0.5511257227108757, "GBPUSD": -0.18602574596323734, "Gold": 0.0}
