{"FTSE100": -0.46990344432567227, "DJIA": -0.006318004675324216, "GBPUSD": 0.1995052270369441, "Gold": 1.8586881868131946}
