{"FTSE100": -0.6550650339189544, "DJIA": -1.0023795171968468, "GBPUSD": -0.03975510853144191, "Gold": 0.30959752321981426}
