{"FTSE100": 0.7825143435670526, "DJIA": 1.3425975996968231, "GBPUSD": 0.3067144599238665, "Gold": 0.0}
