{"FTSE100": 0.41253146705679467, "DJIA": 0.150298832457945, "GBPUSD": 0.0, "Gold": 0.0}
