{"FTSE100": 0.02495936979301399, "DJIA": -0.0851426340039259, "GBPUSD": -0.21411695215592902, "Gold": -0.9523526968492364}
