{"FTSE100": 0.38437431069238404, "DJIA": 0.2234155730050659, "GBPUSD": -0.029623046730352952, "Gold": -0.246120599093564}
