{"FTSE100": 0.2879849387949128, "DJIA": 0.23729090544432, "GBPUSD": 0.0665483584738334, "Gold": 0.0}
