{"FTSE100": 0.16279161833105035, "DJIA": -0.3044605638596378, "GBPUSD": 0.2912697787924141, "Gold": -0.9269726430024835}
