{"FTSE100": -3.832077840963411, "DJIA": -0.873352531767609, "GBPUSD": 0.10774968918357701, "Gold": -0.8045261081698328}
