{"FTSE100": 0.32100393738967986, "DJIA": -1.732940358136548, "GBPUSD": -0.06797583081570248, "Gold": 0.5531172969398075}
