{"FTSE100": 0.8322795623567766, "DJIA": 0.13481064069114262, "GBPUSD": -0.09636053665405506, "Gold": 0.802800748475883}
