{"FTSE100": -0.3449742402071081, "DJIA": 0.2775285083218754, "GBPUSD": 0.11630960867445785, "Gold": -0.02136853601784596}
