{"FTSE100": -0.13366684708107657, "DJIA": -0.9441118709678648, "GBPUSD": -0.6409722800299709, "Gold": 0.0}
