{"FTSE100": -0.05669498760543379, "DJIA": 0.03159185761286059, "GBPUSD": 0.11819399574500312, "Gold": 0.2653900192537928}
