{"FTSE100": 0.4907138903137083, "DJIA": 0.12132273009826156, "GBPUSD": 0.09151414309485033, "Gold": 0.6069221936683202}
