{"FTSE100": -0.6070128179831652, "DJIA": -0.554797000774065, "GBPUSD": -0.6750241080038429, "Gold": -1.918594226286534}
