{"FTSE100": 0.41588817114082954, "DJIA": 1.2378173605225151, "GBPUSD": -0.5606279032516511, "Gold": 0.0}
