{"FTSE100": 0.32672115165497223, "DJIA": 0.2510403830314156, "GBPUSD": 0.43123363622362926, "Gold": 0.19425416624066835}
