{"FTSE100": -0.3672444646243423, "DJIA": -0.2526126619977634, "GBPUSD": 0.00793210121361061, "Gold": 0.4794725801618288}
