{"FTSE100": -1.1007438013345483, "DJIA": -1.1662991586820444, "GBPUSD": 0.17510347023242612, "Gold": 1.0499852114758923}
