{"FTSE100": -0.3014950997172074, "DJIA": -0.14132503648035638, "GBPUSD": 0.07926442612556371, "Gold": -0.48223600039365977}
