{"FTSE100": 0.3346879657172383, "DJIA": 0.43411590267303996, "GBPUSD": 0.1600512163892447, "Gold": 0.7002074688796799}
