{"FTSE100": -0.2292867599708537, "DJIA": 0.432630127557726, "GBPUSD": -0.26148123595918993, "Gold": 0.7505878097305145}
