{"FTSE100": 0.6436040817616061, "DJIA": 1.5635078949508472, "GBPUSD": 0.29816513761468, "Gold": 0.20482899882067868}
