{"FTSE100": 1.2395079013351196, "DJIA": 0.6707738238767136, "GBPUSD": 0.24691358024690466, "Gold": 0.520517485344651}
