{"FTSE100": -0.26827870618889776, "DJIA": 1.7620722613699078, "GBPUSD": 0.05491488193299779, "Gold": 0.004128478242915905}
