{"FTSE100": 0.0007250229590542158, "DJIA": -1.785999418019877, "GBPUSD": 0.8274409508048667, "Gold": 3.1764741439235924}
