{"FTSE100": -0.04480344239782593, "DJIA": 0.30194559396477405, "GBPUSD": 0.39665050683122177, "Gold": 0.7429993341043639}
