{"FTSE100": 0.6149260659512499, "DJIA": 0.20374432896980163, "GBPUSD": 0.10894093844835777, "Gold": 0.7908499511033593}
