{"FTSE100": 1.0408036635541282, "DJIA": 0.377089524600167, "GBPUSD": 0.016104356228357996, "Gold": 0.07438894792774933}
