{"FTSE100": -0.9922735896817056, "DJIA": -1.1868424340795243, "GBPUSD": -0.37005195678989344, "Gold": -1.0468341080426615}
