{"FTSE100": -0.428484008034224, "DJIA": 0.03631263072368768, "GBPUSD": -0.07598480303939263, "Gold": 0.48993133245890813}
