{"FTSE100": 0.10484100702434361, "DJIA": 0.4403964783910884, "GBPUSD": 0.11262106764772556, "Gold": 0.8529248314688231}
