{"FTSE100": -0.9494076334360907, "DJIA": 0.06362697945010817, "GBPUSD": -0.6266645777847413, "Gold": 0.2807605162053022}
