{"FTSE100": 0.3092791628581239, "DJIA": 0.4595504961397518, "GBPUSD": 0.798924220851131, "Gold": 0.809356956028222}
