{"FTSE100": 0.2085914373339065, "DJIA": -0.6991176859152085, "GBPUSD": 0.08718395815170808, "Gold": 1.1458861129516345}
