{"FTSE100": 0.20672433758982986, "DJIA": -0.6683535979045157, "GBPUSD": -1.1361001623000182, "Gold": 0.0}
