{"FTSE100": -1.0094295852072552, "DJIA": -0.36204580849431367, "GBPUSD": 0.02416821074679505, "Gold": 0.4494382022472003}
