{"FTSE100": 0.2128865800465088, "DJIA": -0.46806622716643537, "GBPUSD": 0.17228837244918146, "Gold": 0.0}
