{"FTSE100": -0.4190547582236219, "DJIA": 0.4379195185310188, "GBPUSD": 0.27548209366391646, "Gold": -0.16778523489933334}
