{"FTSE100": -0.3440910032041331, "DJIA": 0.37527292576419213, "GBPUSD": -0.4016977413975944, "Gold": -0.4841703878380458}
