{"FTSE100": 0.3724824725448207, "DJIA": -0.3676236728819397, "GBPUSD": -0.3569038590229694, "Gold": -2.5122851908929684}
