{"FTSE100": 0.48197451726669344, "DJIA": -0.4091173785115344, "GBPUSD": -0.033871514056666246, "Gold": -0.3524163011284854}
