{"FTSE100": -1.5535843726186247, "DJIA": -3.9772108299001627, "GBPUSD": -0.034349833975790195, "Gold": -0.18727801097835736}
