{"FTSE100": 0.08433006955744132, "DJIA": 1.2291647572612365, "GBPUSD": -0.3222663568912516, "Gold": -0.9483793517406935}
