{"FTSE100": -0.32180669762685965, "DJIA": -0.6866497075524879, "GBPUSD": -0.02482210822438912, "Gold": -0.41530054644808245}
