{"FTSE100": -0.43055580513576774, "DJIA": -0.0016270961806042655, "GBPUSD": 0.3735117889658326, "Gold": 1.4226896579837793}
