{"FTSE100": 1.0943886366615445, "DJIA": -0.15830066251674343, "GBPUSD": -0.416632628053254, "Gold": -0.7609962132245882}
