{"FTSE100": -0.05363710079410558, "DJIA": -0.02695126824661071, "GBPUSD": -0.2159327523713977, "Gold": -0.18092105263157895}
