{"FTSE100": -0.03819142676692605, "DJIA": 0.008813384632508322, "GBPUSD": -0.18700707374583045, "Gold": -0.6152125279642127}
