{"FTSE100": 0.4081793778619865, "DJIA": 0.11640997004562277, "GBPUSD": 0.08236553825880175, "Gold": -0.8872055618968511}
