{"FTSE100": 0.0033617198558861293, "DJIA": 1.6890311261240565e-14, "GBPUSD": -0.08082829760209348, "Gold": 0.14210919970082955}
