{"FTSE100": -0.8396042620203993, "DJIA": 0.5937661076064754, "GBPUSD": -0.07739339060443386, "Gold": -0.5879069767441759}
