{"FTSE100": 0.23686598959890529, "DJIA": -0.5738126324801933, "GBPUSD": -0.26389444222311714, "Gold": -0.026067462593191176}
