{"FTSE100": -0.3358788568782245, "DJIA": 0.993441695519574, "GBPUSD": 0.11933174224344129, "Gold": 0.9018648731274804}
