{"FTSE100": 0.015995577693232836, "DJIA": 0.6512884291800126, "GBPUSD": -0.36808834120188344, "Gold": 0.091324200913242}
