{"FTSE100": 1.4765799378081397, "DJIA": 0.024855338457940388, "GBPUSD": -0.2539077997302126, "Gold": -0.052140361854111264}
