{"FTSE100": 0.10937749492461217, "DJIA": 0.12028222811527477, "GBPUSD": 0.43251546141719277, "Gold": -0.0446076244724353}
