{"FTSE100": 0.03066095925687069, "DJIA": -0.5516723226797723, "GBPUSD": 0.0705384434516908, "Gold": 0.4378283712784588}
