{"FTSE100": 0.18012467637523225, "DJIA": 0.7756100194817952, "GBPUSD": -0.47462577583058785, "Gold": -0.40447472943919793}
