{"FTSE100": -2.224215478134056, "DJIA": 0.7247653060329118, "GBPUSD": 1.0309278350515436, "Gold": 2.271750805585402}
