{"FTSE100": 0.07341913389572946, "DJIA": 0.42169345508682693, "GBPUSD": -0.027475762452396316, "Gold": -0.301091456529921}
