{"FTSE100": 0.8538398860297982, "DJIA": 0.7229723777897362, "GBPUSD": 0.4443094216382418, "Gold": -0.13684817055603135}
