{"FTSE100": -0.20968376448566925, "DJIA": -0.031738297952710985, "GBPUSD": -0.02377744313227922, "Gold": 0.029610620342491685}
