{"FTSE100": 0.12465770454185489, "DJIA": -0.3698159508653571, "GBPUSD": -0.19406709176601553, "Gold": 0.7490636704119817}
