{"FTSE100": 0.18112156889422126, "DJIA": 0.29921503520032977, "GBPUSD": 0.15670296952127258, "Gold": 1.1997419909696878}
