{"FTSE100": 0.46848327908037907, "DJIA": 1.2161956788204773, "GBPUSD": -0.33233106504193555, "Gold": 0.2054231717337716}
