{"FTSE100": -0.3800083968577565, "DJIA": -1.3602618816302607, "GBPUSD": -0.4661616582036168, "Gold": 0.0}
