{"FTSE100": -0.2436133036435679, "DJIA": -0.5426061579456156, "GBPUSD": 0.536552649228696, "Gold": 1.782948091000207}
