{"FTSE100": 0.9999176125073985, "DJIA": 1.2448949596536296, "GBPUSD": 0.32543706955272783, "Gold": 0.20227953475706295}
