{"FTSE100": 1.8152187405318323, "DJIA": 0.49264015545466366, "GBPUSD": 0.4331480876103369, "Gold": 0.616382806163833}
