{"FTSE100": -0.3477753703699092, "DJIA": 0.09211731314487707, "GBPUSD": 0.2211377154186461, "Gold": -0.1447468939728965}
