{"FTSE100": -0.6821647552995302, "DJIA": -0.8810415279400265, "GBPUSD": 0.35137559808613555, "Gold": 0.34132862748742027}
