{"FTSE100": -0.3694863245321541, "DJIA": 0.500786870169679, "GBPUSD": -0.07966223213575335, "Gold": 0.05092686901609289}
