{"FTSE100": 0.49785611587956313, "DJIA": -0.13625368641594268, "GBPUSD": -0.6920139993636597, "Gold": -0.4974624390734179}
