{"FTSE100": 0.03612862309658357, "DJIA": 0.8692896823256527, "GBPUSD": 0.23644388398485902, "Gold": 0.8140846451866086}
