{"FTSE100": 0.3256835834348527, "DJIA": 1.0427515008221866, "GBPUSD": 0.06084945843982219, "Gold": 0.061946580184375544}
