{"FTSE100": -0.10346172109345095, "DJIA": -0.6941836620043264, "GBPUSD": 0.2659145850120756, "Gold": 0.0861894139119877}
