{"FTSE100": -2.2929253759460533, "DJIA": -1.513607747799949, "GBPUSD": -0.28129395218003184, "Gold": -0.09481799068310927}
