{"FTSE100": -0.1874768687520255, "DJIA": 0.16485852314223115, "GBPUSD": -0.08137298416924685, "Gold": 0.4595342196841341}
