{"FTSE100": 0.9091702125597194, "DJIA": 1.337755492963174, "GBPUSD": 0.46923484447136954, "Gold": 0.6729684521725493}
