{"FTSE100": 0.14577462382680564, "DJIA": -0.04569856351420274, "GBPUSD": -0.08840311821906927, "Gold": -1.4494919306634855}
