{"FTSE100": 0.29767538493502704, "DJIA": -0.31161725858526357, "GBPUSD": -0.4326328800988742, "Gold": -0.13890266891557604}
