{"FTSE100": 1.6896614599161173, "DJIA": 0.651892504104568, "GBPUSD": -0.47246660149886177, "Gold": -1.222716248989493}
