{"FTSE100": 0.9058784926424158, "DJIA": -1.3310770824471054, "GBPUSD": -0.8047808764940236, "Gold": 0.029726516052310942}
