{"FTSE100": 0.5350342824960354, "DJIA": 0.20022913954765184, "GBPUSD": 0.3876908165737935, "Gold": 0.4625207380222234}
