{"FTSE100": 0.05186009614247341, "DJIA": 0.028365240052119146, "GBPUSD": -0.2522664564446094, "Gold": -0.21769163143133388}
