{"FTSE100": -0.6297667567894708, "DJIA": -1.6572149860968854, "GBPUSD": 0.09224318658279905, "Gold": 0.0}
