{"FTSE100": 0.2215394336307435, "DJIA": -0.25011392616030026, "GBPUSD": -0.4885471728335731, "Gold": 0.0}
