{"FTSE100": -0.729718319968958, "DJIA": 0.2660475622764649, "GBPUSD": -0.13445507279781171, "Gold": 0.5850910141577512}
