{"FTSE100": 0.061474957077997334, "DJIA": 0.5789231921862223, "GBPUSD": -0.1255197301325838, "Gold": 0.45396230139149535}
