{"FTSE100": -0.07264669620271197, "DJIA": 0.36800301822922377, "GBPUSD": 0.21433674684448079, "Gold": 0.0}
