{"FTSE100": 0.2601494524273627, "DJIA": -0.5719816527889635, "GBPUSD": 0.2989536621823472, "Gold": 0.45413260672116257}
