{"FTSE100": -1.8897256084406402, "DJIA": -1.6572149860968854, "GBPUSD": 0.5618448637316501, "Gold": 0.0}
