{"FTSE100": -0.12441821160196194, "DJIA": 0.07576690339000201, "GBPUSD": -0.015503875968990541, "Gold": 0.0}
