{"FTSE100": -0.28522192289924014, "DJIA": -0.15920665509372017, "GBPUSD": -0.007885191610155258, "Gold": 0.0}
