{"FTSE100": 1.0408036635541282, "DJIA": 0.377089524600167, "GBPUSD": 0.0, "Gold": 0.04605030109812901}
