{"FTSE100": 0.5739607563638351, "DJIA": 0.5221269496553095, "GBPUSD": 0.4407312305982387, "Gold": 1.7645184418067468}
