{"FTSE100": 0.862892034773368, "DJIA": 0.020301566271700246, "GBPUSD": -0.5332902391725872, "Gold": 0.9388940761489734}
