{"FTSE100": 0.4063044868647663, "DJIA": -0.28678832699643436, "GBPUSD": 0.19649582446372668, "Gold": 0.5159958720330238}
