{"FTSE100": 1.7340978004686671, "DJIA": 0.7286806030656908, "GBPUSD": -0.4887585532746827, "Gold": -1.222716248989493}
