{"FTSE100": 0.1136540229309846, "DJIA": 0.3459584676963842, "GBPUSD": 0.20496843486102703, "Gold": 0.07525263384218936}
