{"FTSE100": 0.29023431017248613, "DJIA": -1.0782721567498783, "GBPUSD": 0.2005776636713871, "Gold": 0.1390061063396691}
