{"FTSE100": 0.13254927448487044, "DJIA": 0.2510403830314156, "GBPUSD": 0.30032342522716887, "Gold": 0.06645537266127975}
