{"FTSE100": -0.6073507856931544, "DJIA": -0.20321500315578817, "GBPUSD": 0.4710888230377618, "Gold": 0.41726787037397406}
