{"FTSE100": 0.34898793498854114, "DJIA": 0.14308455936887354, "GBPUSD": -0.09620365573890749, "Gold": 0.4384206164621619}
