{"FTSE100": 0.7170366094540553, "DJIA": 0.020301566271700242, "GBPUSD": -0.43632837750485387, "Gold": 1.54061624649859}
