{"FTSE100": -0.3733834952143292, "DJIA": -0.30166491988898186, "GBPUSD": -0.3282275711159723, "Gold": 0.0}
