{"FTSE100": 0.2868511753981341, "DJIA": 1.0450572150178392, "GBPUSD": 0.08706664555959148, "Gold": -0.03955891806359995}
