{"FTSE100": -0.3014950997172074, "DJIA": -0.14109263645690004, "GBPUSD": 0.12682308180089139, "Gold": -0.40350359216612763}
