{"FTSE100": -0.03900292831508212, "DJIA": 0.6679126218229057, "GBPUSD": -0.060413834768155254, "Gold": -0.27849803130700695}
