{"FTSE100": 0.39220439649873207, "DJIA": -0.022391943323506136, "GBPUSD": -0.1146109157016916, "Gold": 0.28321123782191676}
