{"FTSE100": -0.7722353197482186, "DJIA": -0.04639172875339033, "GBPUSD": -0.11300347082089497, "Gold": 0.14555284087955267}
