{"FTSE100": 0.42266328863389124, "DJIA": 1.1689480496810138, "GBPUSD": 0.4509499519479555, "Gold": 1.6215990303840733}
