{"FTSE100": -0.02809848785071606, "DJIA": 0.3758831564845854, "GBPUSD": 0.0477973392814414, "Gold": 0.10111223458038422}
