{"FTSE100": -0.6343721795108805, "DJIA": -0.8367720635315004, "GBPUSD": 0.03923107100825163, "Gold": 0.0}
