{"FTSE100": 0.012860990346697456, "DJIA": 1.2161956788204773, "GBPUSD": -0.06330115524607627, "Gold": 0.20085821236191415}
