{"FTSE100": 0.2858913363235065, "DJIA": 1.0810794206202639, "GBPUSD": -0.33528609852253444, "Gold": -0.7759572626615333}
