{"FTSE100": 1.171617550136535, "DJIA": 1.4847265082094643, "GBPUSD": -0.022586959795209076, "Gold": 0.4672897196261682}
