{"FTSE100": -0.9256976836018994, "DJIA": -0.26884921532461825, "GBPUSD": 0.3002078361943066, "Gold": 0.2797426367741677}
