{"FTSE100": -0.16600595313183436, "DJIA": -0.2596954006347366, "GBPUSD": -0.287120590648077, "Gold": 0.03853352416602694}
