{"FTSE100": -0.8624679782412303, "DJIA": -1.0531079290170324, "GBPUSD": -0.70453871254821, "Gold": 3.0953063760634842}
