{"FTSE100": -0.431303422810313, "DJIA": 0.6287188262150586, "GBPUSD": -0.0655355712517222, "Gold": 0.3794317629917436}
