{"FTSE100": -0.0657087257451794, "DJIA": -0.5079523690565482, "GBPUSD": 0.04835410079970537, "Gold": 0.5823015616269206}
