{"FTSE100": 0.37520935594497495, "DJIA": 1.5083119312081201, "GBPUSD": -0.20409765287698686, "Gold": 0.10762409057643463}
