{"FTSE100": 0.23123050463965433, "DJIA": 0.007125584596024881, "GBPUSD": -0.07773027594247103, "Gold": -0.2489457907839298}
