{"FTSE100": 0.056816978308617, "DJIA": 0.36801729316904, "GBPUSD": -0.27848597764267047, "Gold": -0.45384615384614335}
