{"FTSE100": -1.670435711765767, "DJIA": -0.2257644274382208, "GBPUSD": 1.0230607966457013, "Gold": 1.8477013065106844}
