{"FTSE100": 0.002245502061239765, "DJIA": 0.5595277945542726, "GBPUSD": 0.47957797138518143, "Gold": 0.3733442438500462}
