{"FTSE100": -0.4663938181139476, "DJIA": -0.4277238395672954, "GBPUSD": 0.04422495761776044, "Gold": -0.31088082901554404}
