{"FTSE100": -0.35832994682632063, "DJIA": -0.9091670230396776, "GBPUSD": -0.4771589486858569, "Gold": -0.3258339798293227}
