{"FTSE100": 0.1789487919590571, "DJIA": -0.9317152158009034, "GBPUSD": -0.9193776520509054, "Gold": 0.09903570497785202}
