{"FTSE100": -1.1362555552225937, "DJIA": -0.8299985440170138, "GBPUSD": -0.2791919855476965, "Gold": 1.3470640245488164}
