{"FTSE100": -0.03519120114922095, "DJIA": -0.7096213059205019, "GBPUSD": 0.015959144589848224, "Gold": 0.0}
