{"FTSE100": -0.7798113200180646, "DJIA": 0.12672300894125516, "GBPUSD": -0.106461387273776, "Gold": 0.0}
