{"FTSE100": -0.7415266588161196, "DJIA": -0.09651538489464513, "GBPUSD": -0.055476303693130675, "Gold": 0.03452527743526735}
