{"FTSE100": -0.5569442212921523, "DJIA": -0.20408175406198337, "GBPUSD": 0.18130871930113562, "Gold": 0.0961384393526654}
