{"FTSE100": -0.15369590796743943, "DJIA": -0.38930337468552095, "GBPUSD": -0.20627670546632634, "Gold": 0.26121147130798206}
