{"FTSE100": 0.1615163146584544, "DJIA": 0.2102188579891259, "GBPUSD": 0.33196332595636907, "Gold": 1.1879744392503244}
