{"FTSE100": 1.7225403279653537, "DJIA": 0.7468464970176504, "GBPUSD": 0.19836546853925008, "Gold": -0.052140361854111264}
