{"FTSE100": 0.3677859437796629, "DJIA": 0.21385812924196, "GBPUSD": -0.7646912143629039, "Gold": -0.07618218425204677}
