{"FTSE100": 0.0006184419386228296, "DJIA": 0.39148366026754317, "GBPUSD": 0.2119125104064282, "Gold": 0.4227774327616638}
