{"FTSE100": -0.22388656414083002, "DJIA": -0.5547281146282906, "GBPUSD": 0.023510971786831265, "Gold": 0.1910665760869565}
