{"FTSE100": 1.331930836040294, "DJIA": 0.306954066622394, "GBPUSD": 1.054049770169606, "Gold": 2.406295717096293}
