{"FTSE100": 0.695031579515704, "DJIA": 1.06403197348351, "GBPUSD": -0.15886885376120263, "Gold": 0.5650986115789045}
