{"FTSE100": -2.4671636260313137, "DJIA": 1.0567853185221285, "GBPUSD": -0.732028294127316, "Gold": 0.0}
