{"FTSE100": -0.1610083842956971, "DJIA": 0.029287993464166842, "GBPUSD": 0.5597014925373057, "Gold": 0.30508299291587415}
