{"FTSE100": 1.7465480789715262, "DJIA": -0.37635591468822505, "GBPUSD": 0.015761683347779807, "Gold": -0.13394165166798452}
