{"FTSE100": 0.21822248735334973, "DJIA": 0.5847392676162565, "GBPUSD": 0.558576003574891, "Gold": 1.145764211457646}
