{"FTSE100": -0.3474440743583212, "DJIA": -1.002379517196847, "GBPUSD": -0.06360817365030706, "Gold": 0.6413091552410438}
