{"FTSE100": 1.0439684098535111, "DJIA": -0.3621607367605679, "GBPUSD": -1.3744579890370732, "Gold": -2.692689036163447}
