{"FTSE100": 0.8006231093883155, "DJIA": 1.3863842059128055, "GBPUSD": 0.007781495603454126, "Gold": 0.42532308195648993}
