{"FTSE100": 0.4061739348028953, "DJIA": -0.1045580090866439, "GBPUSD": 0.22647113421200812, "Gold": -1.3216118945070559}
