{"FTSE100": 0.5886583016032559, "DJIA": -1.511438568704129, "GBPUSD": -0.20768431983384614, "Gold": 1.1687433594127306}
