{"FTSE100": -0.28889222984882684, "DJIA": 0.6915754274311104, "GBPUSD": 0.37192371607184666, "Gold": 0.33423445564021537}
