{"FTSE100": -0.8761228359183236, "DJIA": 0.0676580292569238, "GBPUSD": 0.08720469319802432, "Gold": 0.0}
