{"FTSE100": -0.04324256243668671, "DJIA": 0.3625831816832642, "GBPUSD": 0.11474030444427881, "Gold": 0.3549858252187869}
