{"FTSE100": 1.0266907511205368, "DJIA": 0.09312923497167463, "GBPUSD": -0.06678044075091807, "Gold": -0.36457659987071517}
