{"FTSE100": 1.6558605287803454, "DJIA": 2.6632409764527014, "GBPUSD": -0.22503938189182296, "Gold": -2.861091507880504}
