{"FTSE100": 0.036769197233824887, "DJIA": -0.5516723226797723, "GBPUSD": -0.05486323379574597, "Gold": 0.5368156552196721}
