{"FTSE100": 0.8178637633482226, "DJIA": 0.0, "GBPUSD": -0.12106537530266802, "Gold": 0.0}
