{"FTSE100": 0.4398158459478591, "DJIA": 0.34919893722060835, "GBPUSD": -0.22052453335432887, "Gold": 0.20674378538026314}
