{"FTSE100": -0.1390522410047065, "DJIA": -0.5516723226797723, "GBPUSD": 0.031350419311854845, "Gold": 0.5368156552196721}
