{"FTSE100": 1.8227100129501168, "DJIA": 0.5101977544617408, "GBPUSD": -0.5006257822277818, "Gold": 2.0946290374901437}
