{"FTSE100": 0.7623425326334531, "DJIA": 1.2633361362158366, "GBPUSD": -0.07298086279598791, "Gold": -0.182833925850681}
