{"FTSE100": 0.005069701901532446, "DJIA": 0.537713645659975, "GBPUSD": 0.4299226139294974, "Gold": 0.3237909235750606}
