{"FTSE100": 0.4476808954539394, "DJIA": -0.5529660292870888, "GBPUSD": -0.1808875033675922, "Gold": 1.2066666666666757}
