{"FTSE100": -0.8642711286506948, "DJIA": -0.06117581675466417, "GBPUSD": 0.09910802775023685, "Gold": -0.18648253616249408}
