{"FTSE100": -0.7681720862343059, "DJIA": -0.2166786438583101, "GBPUSD": 0.21986499517841784, "Gold": -0.03586157432311279}
