{"FTSE100": -0.5135404550157464, "DJIA": 0.2199170427937952, "GBPUSD": -0.28187696899353915, "Gold": 0.0}
