{"FTSE100": 0.15649068351050296, "DJIA": -0.0017188322372372147, "GBPUSD": -0.12096774193547055, "Gold": -0.21120956109622444}
