{"FTSE100": 0.15807981770976295, "DJIA": 0.05073161278989798, "GBPUSD": 0.16560030109145502, "Gold": 0.28153153153153154}
