{"FTSE100": 0.3256835834348527, "DJIA": 1.0468905898500724, "GBPUSD": 0.036509675063896914, "Gold": 0.061946580184375544}
