{"FTSE100": -0.25261976047904283, "DJIA": -0.6891722003363486, "GBPUSD": -0.5473025801407441, "Gold": -1.3837826797385573}
