{"FTSE100": 1.0896474629876949, "DJIA": 1.0124292338392082, "GBPUSD": 0.6160164271047279, "Gold": 0.1827596710325875}
