{"FTSE100": 0.40803075654748544, "DJIA": 1.4689919001806955, "GBPUSD": 0.2139122167643913, "Gold": 0.2060742848731684}
