{"FTSE100": -0.1927602196266018, "DJIA": -0.2076183236683842, "GBPUSD": 0.30390275111964377, "Gold": 0.546088891136166}
