{"FTSE100": 0.032336614356480886, "DJIA": 0.23078382140992562, "GBPUSD": 0.08701154880557672, "Gold": -0.00859217253083614}
