{"FTSE100": 0.5628500728294643, "DJIA": 0.7036031609778112, "GBPUSD": 0.2685199810456539, "Gold": 0.1868056238324626}
