{"FTSE100": 0.7292911423910847, "DJIA": 0.11332995823084009, "GBPUSD": 0.17469428500124703, "Gold": 0.0}
