{"FTSE100": -0.634337662994314, "DJIA": -0.22408238489826798, "GBPUSD": -0.362458548623423, "Gold": -0.5756578947368421}
