{"FTSE100": -1.2119457409229017, "DJIA": -1.141041489359408, "GBPUSD": 0.5008347245409067, "Gold": 0.1235881767310896}
