{"FTSE100": 0.26607417160413516, "DJIA": -0.19317652265894164, "GBPUSD": -0.23372287145241968, "Gold": -0.531914893617028}
