{"FTSE100": 0.0885633320593172, "DJIA": 1.176177736463645, "GBPUSD": -0.4137162861007314, "Gold": -0.4945410278845056}
