{"FTSE100": 0.6219548028892085, "DJIA": -1.6099292133409195, "GBPUSD": 0.04491690372809806, "Gold": 0.8035062089116107}
