{"FTSE100": 0.598081422922837, "DJIA": 0.5878335099737888, "GBPUSD": -0.2439600220351068, "Gold": 0.5184161153352423}
