{"FTSE100": 1.3735047116512433, "DJIA": -0.03282323571336199, "GBPUSD": -0.6641760066417606, "Gold": 0.9616969830191789}
