{"FTSE100": 0.00208922463957892, "DJIA": 0.06644797576185729, "GBPUSD": -0.13172075200574215, "Gold": -0.03789601333939669}
