{"FTSE100": -0.39870098102759327, "DJIA": -1.4818807365084472, "GBPUSD": 0.15748031496063006, "Gold": 0.7369732198463679}
