{"FTSE100": 1.5838700076622465, "DJIA": 0.5586178087421069, "GBPUSD": -0.4607549915124111, "Gold": -2.38075383589059}
