{"FTSE100": 0.7243325677410822, "DJIA": -0.4423541235492112, "GBPUSD": 0.11054958938724478, "Gold": 0.33052160440696726}
