{"FTSE100": 0.022457213099253477, "DJIA": 0.15303160187014456, "GBPUSD": 0.735643094447088, "Gold": 0.2566253763016245}
