{"FTSE100": -0.3616048118844284, "DJIA": -0.3704681377960019, "GBPUSD": -0.19335167695396263, "Gold": 0.3590471852308254}
