{"FTSE100": -0.7696602012387626, "DJIA": -0.30055321172013205, "GBPUSD": -0.023494400501228675, "Gold": 0.0}
