{"FTSE100": 0.7518347382514449, "DJIA": -0.19576191043155447, "GBPUSD": -0.07054018934470276, "Gold": -1.947323859865915}
