{"FTSE100": -0.07318348144276056, "DJIA": 0.23634814242700203, "GBPUSD": 0.08666193965176702, "Gold": 0.240196078431377}
