{"FTSE100": -0.7554321087280778, "DJIA": -0.21951426663119603, "GBPUSD": -0.26807537648820057, "Gold": -0.05406999606763218}
