{"FTSE100": -0.5903829908085251, "DJIA": -0.038200877995528945, "GBPUSD": 0.4862852366841396, "Gold": 0.41726787037397406}
