{"FTSE100": -1.7793493452875533, "DJIA": -0.6941836620043264, "GBPUSD": -0.26591458501209353, "Gold": 0.0861894139119877}
