{"FTSE100": 0.512456231887705, "DJIA": -0.4862820471075035, "GBPUSD": -1.396877567789657, "Gold": -1.3915857605177968}
