{"FTSE100": 0.5848387072436533, "DJIA": -0.6042097229734193, "GBPUSD": -0.015936254980077925, "Gold": 0.6885758998435095}
