{"FTSE100": 0.4904315426035869, "DJIA": -0.08150955449224176, "GBPUSD": 0.245619780579672, "Gold": 0.0}
