{"FTSE100": -0.18496971866702017, "DJIA": -0.8950587659342351, "GBPUSD": 0.05297812760161545, "Gold": -0.47413488075862437}
