{"FTSE100": -0.08388990690182499, "DJIA": -1.7331328590982757, "GBPUSD": -0.07722604062088886, "Gold": 0.6076445606011226}
