{"FTSE100": 0.14468194146970217, "DJIA": -0.15052621823904785, "GBPUSD": -0.09210223347916875, "Gold": 0.04778401624655828}
