{"FTSE100": 1.145190853019892, "DJIA": 0.41515736157951266, "GBPUSD": -0.36716897422167183, "Gold": -0.22920267528368185}
