{"FTSE100": -0.16749577893494946, "DJIA": -1.2493653688764783, "GBPUSD": -0.15496668216333503, "Gold": 0.38295038295037537}
