{"FTSE100": 0.35753939297700243, "DJIA": -1.0923094450703752, "GBPUSD": -0.7888923950773121, "Gold": 2.464173365955963}
