{"FTSE100": 0.039006069446046586, "DJIA": -0.13625368641594268, "GBPUSD": -0.20806658130601277, "Gold": 0.0}
