{"FTSE100": -0.23212968642838383, "DJIA": -0.20102183318147743, "GBPUSD": -0.007502438292444218, "Gold": -0.1780246386099836}
