{"FTSE100": 0.25675212188842295, "DJIA": -0.12524908001137738, "GBPUSD": -0.19577133907595512, "Gold": 1.1677046263345194}
