{"FTSE100": 0.23998974648713034, "DJIA": -1.037809090216601, "GBPUSD": 0.03148862473432874, "Gold": 0.1499882821654686}
