{"FTSE100": 2.7064117744816962, "DJIA": -0.8428946203931843, "GBPUSD": 0.47564762765832863, "Gold": 0.7454342154304883}
