{"FTSE100": -0.1002906677111419, "DJIA": 0.8603362734405032, "GBPUSD": -0.10859389627410232, "Gold": -0.4095920748696168}
