{"FTSE100": -0.019291926388704316, "DJIA": -0.3856438103780603, "GBPUSD": -0.015163002274465504, "Gold": -0.7054813523046938}
