{"FTSE100": 0.9560917867843794, "DJIA": -0.8971670233218855, "GBPUSD": 0.16280331808667267, "Gold": 0.26293685863491284}
