{"FTSE100": 1.7225403279653537, "DJIA": 0.5855906166612289, "GBPUSD": 0.08728080615727216, "Gold": -0.052140361854111264}
