{"FTSE100": 0.16239862888670376, "DJIA": -0.21613541412862727, "GBPUSD": -0.04794394246727195, "Gold": -0.02371424336741447}
