{"FTSE100": -0.6760643380273589, "DJIA": -0.24775165612416652, "GBPUSD": -0.030273215772342085, "Gold": -0.18282957949197776}
