{"FTSE100": 0.3137650154067473, "DJIA": 0.9339390297073944, "GBPUSD": 0.03866377977110616, "Gold": 0.22264795733443557}
