{"FTSE100": 0.6464319726982959, "DJIA": 0.7838949668673242, "GBPUSD": 0.4235176880916693, "Gold": 0.45413260672116257}
