{"FTSE100": -0.15155355323253056, "DJIA": 0.0676580292569238, "GBPUSD": -0.8567161832900975, "Gold": -0.05333591931729582}
