{"FTSE100": 0.09994928862874644, "DJIA": -1.4853557629860334, "GBPUSD": 0.02401921537229519, "Gold": -0.14401675831370261}
