{"FTSE100": -0.8615028991371605, "DJIA": -0.8781335531026552, "GBPUSD": -0.3918495297805559, "Gold": 0.1910665760869565}
