{"FTSE100": 0.6768917557046493, "DJIA": 0.6959214941560776, "GBPUSD": 0.611185532484918, "Gold": 0.2597833296484659}
