{"FTSE100": 1.4483013381951748, "DJIA": 0.7505365195989367, "GBPUSD": -0.6535413773384533, "Gold": -0.7609962132245882}
