{"FTSE100": -0.3868187286982944, "DJIA": -1.2493653688764605, "GBPUSD": -0.24794669146132572, "Gold": -0.07044296191937482}
