{"FTSE100": -1.8224776003605432, "DJIA": 0.22427389240417578, "GBPUSD": -0.20090003214400087, "Gold": 0.9806407980387106}
