{"FTSE100": -0.0294046529825683, "DJIA": 0.0908264781194285, "GBPUSD": -0.0450416635387684, "Gold": 0.07252185197908664}
