{"FTSE100": 0.3415721999749951, "DJIA": 0.2054322472467513, "GBPUSD": -0.6154817328178038, "Gold": 0.015478278815393381}
