{"FTSE100": -0.3760165669470017, "DJIA": -0.7174608442623172, "GBPUSD": -0.07887057338905985, "Gold": -0.3090128755364729}
