{"FTSE100": -0.2451170043528335, "DJIA": -0.31301195247437186, "GBPUSD": -0.30585836404987954, "Gold": 1.3791050699474132}
