{"FTSE100": -0.3372593595820767, "DJIA": -0.6539846154859934, "GBPUSD": 0.18637556578297235, "Gold": 0.970404670827476}
