{"FTSE100": -0.5578595014407595, "DJIA": -0.5184994007680247, "GBPUSD": -0.20914251568568223, "Gold": 0.0}
