{"FTSE100": 0.019628845823868393, "DJIA": 0.6362888122004199, "GBPUSD": 0.5237239115141036, "Gold": 0.7555121550084826}
