{"FTSE100": -0.12272067638336881, "DJIA": -0.5222118125101671, "GBPUSD": 0.022547914317923107, "Gold": -0.015204115247191268}
