{"FTSE100": -0.29642104906816136, "DJIA": 0.0607947273487332, "GBPUSD": 0.3979277723552881, "Gold": 0.0}
