{"FTSE100": -0.552082355398099, "DJIA": 1.242113056751515, "GBPUSD": 0.128747471031813, "Gold": 1.1597855571455875}
