{"FTSE100": 0.3640686348097449, "DJIA": 0.04624715770054857, "GBPUSD": 0.5293888672635375, "Gold": 1.6145350307731103}
