{"FTSE100": 0.019278056987558117, "DJIA": -0.05425878684391595, "GBPUSD": -0.4051535531966529, "Gold": -1.0547032700847845}
