{"FTSE100": 0.7203731024680711, "DJIA": -0.02251389309477291, "GBPUSD": -0.1221299462628102, "Gold": -0.3074558032282859}
