{"FTSE100": 0.2601494524273627, "DJIA": -0.5837509430802558, "GBPUSD": 0.18269390466699714, "Gold": 0.33659240262862394}
