{"FTSE100": 0.41253146705679467, "DJIA": 0.38208189649281016, "GBPUSD": -0.3381034753892098, "Gold": -0.17750861438864418}
