{"FTSE100": 0.4615398001941638, "DJIA": 0.6896185615159817, "GBPUSD": -0.1767352185089958, "Gold": -0.2577651759247325}
