{"FTSE100": 0.7825143435670526, "DJIA": 1.3393222207860471, "GBPUSD": 0.33627729943461465, "Gold": 0.0}
