{"FTSE100": 0.08708028724850195, "DJIA": -0.3743057045706011, "GBPUSD": 0.1191137933772776, "Gold": 0.4722843649018146}
