{"FTSE100": 0.18818697286335725, "DJIA": -0.40455141965733304, "GBPUSD": 0.3868471953578268, "Gold": 0.17889087656529518}
