{"FTSE100": -1.541297136677939, "DJIA": -0.6870764184124403, "GBPUSD": -0.7278703921108308, "Gold": -0.3710001545834001}
