{"FTSE100": 0.4596752440393193, "DJIA": 0.6896185615159817, "GBPUSD": -0.16870179948586042, "Gold": -0.4253125402758126}
