{"FTSE100": 0.3946649216186828, "DJIA": 0.2362660943573881, "GBPUSD": 0.7952945074973119, "Gold": -0.31959092361776925}
