{"FTSE100": 0.8266465041239193, "DJIA": 0.13819231698793377, "GBPUSD": -0.2462467233298993, "Gold": -0.14551658387275282}
