{"FTSE100": 0.3540796599126341, "DJIA": -0.2206359220029495, "GBPUSD": 0.047645517350903985, "Gold": 0.26752539014119847}
