{"FTSE100": 0.2490543485080674, "DJIA": 0.6773135605304403, "GBPUSD": -0.2461767997015933, "Gold": 0.5430926927122899}
