{"FTSE100": 0.20979943820073318, "DJIA": 0.16705769703677525, "GBPUSD": 0.2565541569790821, "Gold": 0.0}
