{"FTSE100": 0.3548043908767087, "DJIA": 0.16928970244030098, "GBPUSD": -0.0037203765020933422, "Gold": 0.3646118186316639}
