{"FTSE100": 1.0923464854115446, "DJIA": 1.3308824969184774, "GBPUSD": -0.35814981330487894, "Gold": 0.33820509723398745}
