{"FTSE100": -0.03409022854272481, "DJIA": 0.5763628523678676, "GBPUSD": 0.279438019094935, "Gold": -0.3668655283549431}
