{"FTSE100": 0.45620333779472166, "DJIA": 0.2908241010213683, "GBPUSD": 0.19903798308178636, "Gold": -0.5260897573545298}
