{"FTSE100": 0.2602613599506229, "DJIA": -1.037809090216601, "GBPUSD": 0.14957096748799598, "Gold": -0.1640496836184673}
