{"FTSE100": -1.3090030599047349, "DJIA": -0.19900022383048657, "GBPUSD": -0.5083217184553565, "Gold": -0.9847951950652045}
