{"FTSE100": 0.16022301311284823, "DJIA": 0.0, "GBPUSD": -0.2467308166789943, "Gold": -0.13164556962024856}
