{"FTSE100": -0.1874768687520255, "DJIA": 0.596068610129017, "GBPUSD": -0.13679890560874827, "Gold": 0.47761460518679716}
