{"FTSE100": 0.19604049004074553, "DJIA": 0.6211655801358724, "GBPUSD": -0.20498676903581903, "Gold": -0.08612941881365066}
