{"FTSE100": 0.11902422522318234, "DJIA": -1.290426750062135, "GBPUSD": 0.06420030495145927, "Gold": 0.03441600344160817}
