{"FTSE100": -0.6643769620489254, "DJIA": -0.3001720268624907, "GBPUSD": 0.04756619628983145, "Gold": 0.0}
