{"FTSE100": 0.20011257126231008, "DJIA": -0.13625368641594268, "GBPUSD": 0.09603072983355393, "Gold": 0.0}
