{"FTSE100": -0.33315362056753745, "DJIA": 0.2596668537126466, "GBPUSD": -0.20545239035953658, "Gold": -0.9856402413119326}
