{"FTSE100": 0.5596128422245505, "DJIA": -0.1707605734446902, "GBPUSD": -0.039463299131820596, "Gold": -0.1701516240027224}
