{"FTSE100": 0.2976290263094765, "DJIA": -0.03507442203778876, "GBPUSD": 0.5699606646865302, "Gold": -0.034748076445759155}
