{"FTSE100": 0.5992080442992093, "DJIA": 1.2633361362158366, "GBPUSD": -0.18650664936749664, "Gold": -0.5383443372270141}
