{"FTSE100": 0.7037473873347468, "DJIA": -0.31033208775128, "GBPUSD": 0.17268445839874252, "Gold": 0.12134344528711515}
