{"FTSE100": -0.886417784577652, "DJIA": -1.268079880901987, "GBPUSD": -0.14705882352941274, "Gold": 0.05164044479636451}
