{"FTSE100": -0.2700932955409789, "DJIA": -0.3653062469511603, "GBPUSD": -0.015445208124177772, "Gold": 0.7219862789938047}
