{"FTSE100": 0.8106731154601229, "DJIA": 0.05334990126330721, "GBPUSD": 0.23727704140076294, "Gold": 0.07244127082685829}
