{"FTSE100": 0.508074426745843, "DJIA": 0.04953897966396961, "GBPUSD": -0.3541355158574148, "Gold": 0.2962377801915671}
