{"FTSE100": -1.6271623975254008, "DJIA": -0.9771354349678317, "GBPUSD": -0.17310567314501374, "Gold": -0.10839269123567198}
