{"FTSE100": 0.3078517989786092, "DJIA": 0.699201867804577, "GBPUSD": 0.09189065012635653, "Gold": 0.9501640845607736}
