{"FTSE100": 0.048615164133151686, "DJIA": -0.17833431326245106, "GBPUSD": 0.08039877793858433, "Gold": 0.14033680834001375}
