{"FTSE100": -0.5546114567839022, "DJIA": -0.6458966231212456, "GBPUSD": 0.0409131822273273, "Gold": -0.23419203747072137}
