{"FTSE100": 0.16279161833105035, "DJIA": -0.33316271989806107, "GBPUSD": 0.40935212154609885, "Gold": -1.0475544502223295}
