{"FTSE100": 0.023997261786124227, "DJIA": -0.41103559386866934, "GBPUSD": 0.19787873990818003, "Gold": 0.36325179326835066}
