{"FTSE100": 0.5258191152045896, "DJIA": 0.17067721624145435, "GBPUSD": 0.40379068809230545, "Gold": 0.523786381554082}
