{"FTSE100": -0.27167257664334427, "DJIA": 1.0496807521419425, "GBPUSD": -0.20743445071357008, "Gold": -0.1483924154987534}
