{"FTSE100": 0.3454870254746392, "DJIA": 0.27176353139410586, "GBPUSD": 0.04724409448818377, "Gold": -0.28127313101405466}
