{"FTSE100": -0.39359407656330103, "DJIA": 0.7612472506021626, "GBPUSD": 0.24246342843286928, "Gold": 0.0}
