{"FTSE100": -0.3724267509350868, "DJIA": -0.6459536137669861, "GBPUSD": 0.1416096294548048, "Gold": 0.19279870772758298}
