{"FTSE100": 1.9896024284261156, "DJIA": -0.2213974377498522, "GBPUSD": -1.145703611457039, "Gold": 0.9616969830191789}
