{"FTSE100": 1.331930836040294, "DJIA": 0.4262846506250717, "GBPUSD": -0.054833150556158776, "Gold": 0.09358683873510447}
