{"FTSE100": -0.03162285278160872, "DJIA": 0.6072274615521405, "GBPUSD": -0.024513809445985208, "Gold": 0.8523658616544715}
