{"FTSE100": -0.446507134993896, "DJIA": -0.7681128539340811, "GBPUSD": -0.2590673575129608, "Gold": -0.21842009464871004}
