{"FTSE100": -1.255400288015368, "DJIA": 0.1708131847595024, "GBPUSD": -0.4558404558404598, "Gold": -0.4162905005517194}
