{"FTSE100": -0.22675056713503008, "DJIA": -0.4497342195254305, "GBPUSD": 0.01876665540667969, "Gold": 0.10508215513948571}
