{"FTSE100": -0.1102145711264015, "DJIA": 0.4994456137959619, "GBPUSD": 0.3783996846669403, "Gold": 0.5662956453817569}
