{"FTSE100": 0.3256835834348527, "DJIA": 1.2370817306818849, "GBPUSD": -0.17807997409745666, "Gold": 0.08711433756806138}
