{"FTSE100": 0.1363207067030351, "DJIA": 0.6092074879444653, "GBPUSD": -0.2660003224246397, "Gold": 0.0}
