{"FTSE100": 1.2977515884076714, "DJIA": 0.1289018350919405, "GBPUSD": 0.9985734664764577, "Gold": 2.5576350703727897}
