{"FTSE100": -0.990547243571611, "DJIA": -1.6922105830537704, "GBPUSD": -0.023187509661459806, "Gold": 1.0367730439008587}
