{"FTSE100": -0.6270620187252264, "DJIA": 0.035766844714000975, "GBPUSD": -0.1191007890427308, "Gold": -0.2549490101979604}
