{"FTSE100": 0.7273480792589208, "DJIA": -0.5481404791172816, "GBPUSD": -0.09670400515755417, "Gold": 0.7068062827225131}
