{"FTSE100": -0.13751600142449122, "DJIA": -0.0956184480071677, "GBPUSD": -0.48919046867602833, "Gold": -1.3804651162790664}
