{"FTSE100": 0.05195896484813664, "DJIA": -0.16904873273185966, "GBPUSD": -0.04016709511569464, "Gold": -0.5370107831765262}
