{"FTSE100": 0.15908578269771392, "DJIA": -0.08458759154957377, "GBPUSD": 0.09966409508694285, "Gold": 0.4782716252989097}
