{"FTSE100": -1.4053051083857522, "DJIA": -0.6532618070496287, "GBPUSD": -0.008036001285759322, "Gold": 0.667850198664288}
