{"FTSE100": -0.07318348144276056, "DJIA": 0.23634814242700203, "GBPUSD": 0.15756716300323026, "Gold": 0.2647058823529456}
