{"FTSE100": -0.04204370924799138, "DJIA": -0.5112606051573205, "GBPUSD": 0.044460911448679794, "Gold": 0.0}
