{"FTSE100": 0.8269038780277403, "DJIA": 1.0359226178285534, "GBPUSD": 0.27245894195111237, "Gold": 0.20227953475706295}
