{"FTSE100": -0.13662562586884688, "DJIA": -0.1499959311314959, "GBPUSD": -0.09445843828714325, "Gold": -0.1561605330279527}
