{"FTSE100": -0.15194890430793834, "DJIA": 1.5743560346611192, "GBPUSD": -0.13614158725074355, "Gold": -0.15076134479119552}
