{"FTSE100": 0.046101228592475695, "DJIA": -0.13539847915705555, "GBPUSD": -0.3707823507600959, "Gold": -0.05065214638470305}
