{"FTSE100": -0.6536063943443451, "DJIA": -0.04081238399145031, "GBPUSD": 0.0, "Gold": 0.25476354758239766}
