{"FTSE100": -0.42619165357316785, "DJIA": -0.32735793925960843, "GBPUSD": -0.5657287479529589, "Gold": 0.0030219697198606583}
