{"FTSE100": -0.7994359235155518, "DJIA": 1.6638617491559275e-14, "GBPUSD": -0.2117583644553983, "Gold": -0.4113548769641235}
