{"FTSE100": 0.5739607563638351, "DJIA": 0.5752573742019239, "GBPUSD": 0.6016939409036839, "Gold": 1.8481637855492747}
