{"FTSE100": -0.334503582040086, "DJIA": 0.7612472506021626, "GBPUSD": -0.6384870282065803, "Gold": 0.0}
