{"FTSE100": -0.823011681247171, "DJIA": -0.10530601237430072, "GBPUSD": 0.03170074496750325, "Gold": 0.03452527743526735}
