{"FTSE100": -0.4699391769521416, "DJIA": -0.3655969594551969, "GBPUSD": -0.7074395253308888, "Gold": 0.0}
