{"FTSE100": -0.30812941031657476, "DJIA": 0.6819818744632582, "GBPUSD": 0.19036016142542975, "Gold": 0.0}
