{"FTSE100": -1.2726049384885136, "DJIA": -0.6019715717283258, "GBPUSD": -0.04940899243662646, "Gold": 0.051707581316325045}
