{"FTSE100": 0.34815537239125705, "DJIA": 0.08154302873818876, "GBPUSD": 0.1161980013943632, "Gold": -0.037267080745345384}
