{"FTSE100": 0.07111419635086072, "DJIA": 0.007125584596024881, "GBPUSD": -0.17113963438350677, "Gold": 0.06109046479661039}
