{"FTSE100": -0.30506135526330885, "DJIA": 0.17763466547742116, "GBPUSD": -0.045850527281058685, "Gold": -0.3622264170195468}
