{"FTSE100": 0.4556845885950448, "DJIA": -0.14657810277626113, "GBPUSD": -0.5036949887863541, "Gold": -0.8822999819938806}
