{"FTSE100": -0.14374333107624765, "DJIA": 0.5004432764820844, "GBPUSD": -0.06225680933853182, "Gold": -0.3162619873495228}
