{"FTSE100": 0.263718975323667, "DJIA": -0.19700194689063502, "GBPUSD": -0.1936685288640548, "Gold": 1.3554292611778813}
