{"FTSE100": 1.2586746404316809, "DJIA": 0.005179498229663735, "GBPUSD": -0.06420030495144145, "Gold": 0.0}
