{"FTSE100": -0.18544705832711644, "DJIA": -0.4271368986338898, "GBPUSD": 0.09240436148587658, "Gold": 0.0}
