{"FTSE100": 0.23209209841504538, "DJIA": 0.49075158443910993, "GBPUSD": 0.6192181438376585, "Gold": 0.035274405479299005}
