{"FTSE100": -0.020118107325888413, "DJIA": -1.6562094403394099, "GBPUSD": -0.00741289844329051, "Gold": 0.0}
