{"FTSE100": 0.2906942470311656, "DJIA": -1.0210169772739706, "GBPUSD": -0.4619519569964774, "Gold": 0.11990407673859918}
