{"FTSE100": -0.04076555752425009, "DJIA": 0.0, "GBPUSD": -0.02401921537229519, "Gold": 0.2793052282447452}
