{"FTSE100": -0.31373928766151193, "DJIA": -0.27556613968992016, "GBPUSD": -0.22890646961969552, "Gold": 0.15879177105755318}
