{"FTSE100": -0.10307242628151575, "DJIA": -0.40388369937484736, "GBPUSD": -0.2812106860060537, "Gold": 0.8887464304446646}
