{"FTSE100": -0.3477753703699092, "DJIA": 0.09292343123922793, "GBPUSD": 0.015218383807637952, "Gold": 0.31361827027462436}
