{"FTSE100": 1.0848007363495953, "DJIA": 0.4565918427290651, "GBPUSD": -0.11941724384999879, "Gold": 0.11629910406617303}
