{"FTSE100": -0.481900965753444, "DJIA": 0.13044519619234918, "GBPUSD": -0.13918960717599935, "Gold": 0.434782608695656}
