{"FTSE100": -0.2179408615207367, "DJIA": 0.12120043233245743, "GBPUSD": -0.1827242524916927, "Gold": -0.18942469015532823}
