{"FTSE100": 0.6711030558565431, "DJIA": 1.06403197348351, "GBPUSD": -0.5957582016045627, "Gold": 0.5650986115789045}
