{"FTSE100": 0.13596210671342038, "DJIA": -0.047891678887082435, "GBPUSD": 0.18853102906519698, "Gold": -0.3616374945754376}
