{"FTSE100": -0.04071190678812425, "DJIA": 0.0023053111151395194, "GBPUSD": 0.6328112640405005, "Gold": -0.05428613729458305}
