{"FTSE100": 0.6728033073430821, "DJIA": 0.32507560724448625, "GBPUSD": 0.11978917105894081, "Gold": 0.31731057844861243}
