{"FTSE100": -0.027563423538155545, "DJIA": -0.19576191043155447, "GBPUSD": -0.28587339892332725, "Gold": -1.0892199263174838}
