{"FTSE100": 0.7832432944744634, "DJIA": -2.498962654324392, "GBPUSD": 0.7363429584795055, "Gold": 1.7653397565922861}
