{"FTSE100": -0.8448068312085567, "DJIA": 0.5823202104488487, "GBPUSD": 0.1539527365099087, "Gold": 0.9071654078247938}
