{"FTSE100": 0.3533085433407055, "DJIA": -0.12079694235055477, "GBPUSD": 0.1847983287803285, "Gold": 0.10119323691865059}
