{"FTSE100": 0.20603514328973932, "DJIA": -1.0586608038636016, "GBPUSD": 0.06295742504130887, "Gold": -0.2861780283615356}
