{"FTSE100": 0.5230879747395247, "DJIA": -0.21835283908797154, "GBPUSD": -0.15822784810126597, "Gold": -0.4703668861712135}
