{"FTSE100": -0.9470177007055273, "DJIA": -1.212100822116501, "GBPUSD": -0.16253869969040174, "Gold": 0.05164044479636451}
