{"FTSE100": 0.8267468958459228, "DJIA": 0.691345975644746, "GBPUSD": -0.011603171533559813, "Gold": -0.12415102607171878}
