{"FTSE100": -0.5101490314142264, "DJIA": -0.0975952610436687, "GBPUSD": 0.15135824105791545, "Gold": 0.025463434508046445}
