{"FTSE100": 0.06332166693991127, "DJIA": 0.28441796402708264, "GBPUSD": -0.2269260816189872, "Gold": -0.7590759075907509}
