{"FTSE100": 0.31225756871977184, "DJIA": -0.05983787843011736, "GBPUSD": 0.8051529790660232, "Gold": -0.31758034026463655}
