{"FTSE100": 0.9370692043039817, "DJIA": 0.004698489521830176, "GBPUSD": 0.46483953739169903, "Gold": 0.4452197458862713}
