{"FTSE100": -0.0407303038196345, "DJIA": 0.8844962512111914, "GBPUSD": -0.20496649586124838, "Gold": -0.21769163143133388}
