{"FTSE100": 0.08670502558960207, "DJIA": -0.47766834497799665, "GBPUSD": 0.12378152560730665, "Gold": -0.12415102607171878}
