{"FTSE100": 0.6706462274139373, "DJIA": 0.6288946278938743, "GBPUSD": -0.3452063392436811, "Gold": 0.0}
