{"FTSE100": -0.7492104086645949, "DJIA": 0.3269463908926365, "GBPUSD": 0.254243625214974, "Gold": -0.18152252013766143}
