{"FTSE100": 0.3313135250309391, "DJIA": 0.07374812681533562, "GBPUSD": 0.08759356585444346, "Gold": 0.11985788279612097}
