{"FTSE100": -0.39403573671711184, "DJIA": -0.37717947116818773, "GBPUSD": 0.06369665405224921, "Gold": 0.0}
