{"FTSE100": 0.1720367932133378, "DJIA": 0.15026302383086954, "GBPUSD": 0.47537406483790473, "Gold": 0.07141764015711184}
