{"FTSE100": 1.016623396346971, "DJIA": -1.2671628247783644, "GBPUSD": -0.03956635277359697, "Gold": 0.0638977635782837}
