{"FTSE100": 0.21710444194798167, "DJIA": -0.43163358734694895, "GBPUSD": -0.007453786523536595, "Gold": 0.0}
