{"FTSE100": 0.22465923838943327, "DJIA": 0.4322749834951116, "GBPUSD": 0.016151174997997255, "Gold": 0.08584557895267475}
