{"FTSE100": -0.9049040590443723, "DJIA": -0.5059219407574539, "GBPUSD": 0.49342105263159103, "Gold": -0.8405507697308803}
