{"FTSE100": 0.009526268208270896, "DJIA": -0.26249591304672937, "GBPUSD": -0.2088772845952938, "Gold": -2.1929290221973146}
