{"FTSE100": 0.08939527192488116, "DJIA": 0.12661153708526426, "GBPUSD": -0.10304375396322756, "Gold": -0.329691959452812}
