{"FTSE100": 1.4177867545213159, "DJIA": 1.5396137231484082, "GBPUSD": 0.43621399176955405, "Gold": 0.1364463311097543}
