{"FTSE100": -0.13061233123181587, "DJIA": 1.0370841867333194, "GBPUSD": 0.15688735487919686, "Gold": -0.3866776654980408}
