{"FTSE100": -0.1958094403124491, "DJIA": 0.3250181204907131, "GBPUSD": 0.30888642483762013, "Gold": 0.3765731840253759}
