{"FTSE100": 0.4611978182210877, "DJIA": -0.0861115803609354, "GBPUSD": -0.14508388824819735, "Gold": -0.28964831506818917}
