{"FTSE100": 0.09669731148825236, "DJIA": -1.6099292133409195, "GBPUSD": -0.1946399161551082, "Gold": 0.8035062089116107}
