{"FTSE100": 0.16239862888670376, "DJIA": -0.21613541412862727, "GBPUSD": 0.2811274691129872, "Gold": 0.6357829383320317}
