{"FTSE100": -0.4332474003213635, "DJIA": 0.13327870419978605, "GBPUSD": 0.2523858348450265, "Gold": 0.28399353669880656}
