{"FTSE100": 0.06749726942864336, "DJIA": 0.7257601448939694, "GBPUSD": 0.015902043412576766, "Gold": 0.0}
