{"FTSE100": -0.019291926388704316, "DJIA": -0.3856438103780603, "GBPUSD": 0.08339651250946768, "Gold": -0.5746898656414547}
