{"FTSE100": 0.14362558188036353, "DJIA": 0.12672300894125516, "GBPUSD": -0.3275734993039066, "Gold": 0.0}
