{"FTSE100": -0.5578711753498377, "DJIA": -0.012586317115962337, "GBPUSD": 0.2134893650668083, "Gold": -0.07733287506443234}
