{"FTSE100": 0.015450655992165262, "DJIA": 0.1375768309590416, "GBPUSD": -0.07846653962560217, "Gold": 0.0}
