{"FTSE100": 0.2776358803617793, "DJIA": -0.9409306361452374, "GBPUSD": 0.015287013681875562, "Gold": -0.07183908045977355}
