{"FTSE100": -0.41417025212110975, "DJIA": -0.1601575579645757, "GBPUSD": 0.07128712871288102, "Gold": 0.0}
