{"FTSE100": -0.6760643380273589, "DJIA": -0.1388736000276854, "GBPUSD": 0.5774637185624232, "Gold": 0.41726787037397406}
