{"FTSE100": 0.40897067709590607, "DJIA": -0.05305258639291864, "GBPUSD": -0.18386761531696927, "Gold": -0.4211511464670169}
