{"FTSE100": -0.2572489852288769, "DJIA": 0.46948262446271805, "GBPUSD": -0.12884522467386422, "Gold": 0.3622264170195352}
