{"FTSE100": 0.25241092175491664, "DJIA": -0.709197992525621, "GBPUSD": -0.057730054266253196, "Gold": 1.1166666666666667}
