{"FTSE100": -0.4032128058902135, "DJIA": -0.16809445488531832, "GBPUSD": 0.21672520738359632, "Gold": 1.6955801586609551}
