{"FTSE100": -0.25551119511628323, "DJIA": 1.2416678947547415, "GBPUSD": 0.7238552289542093, "Gold": 1.4080703649409767}
