{"FTSE100": -0.46990344432567227, "DJIA": -0.3019642234535238, "GBPUSD": 0.007980209081477055, "Gold": 0.7898351648351688}
