{"FTSE100": -0.7524980937666815, "DJIA": 0.04875180375750693, "GBPUSD": 0.0, "Gold": -0.1533571888960424}
