{"FTSE100": -0.28762004868623003, "DJIA": 0.4262846506250717, "GBPUSD": 0.1723327588908195, "Gold": 0.6304797556890924}
