{"FTSE100": -0.1701303954964594, "DJIA": 0.21860984257437446, "GBPUSD": 0.19082452095093883, "Gold": 0.7386112339672832}
