{"FTSE100": 0.4523249502442555, "DJIA": 1.0382648478631822, "GBPUSD": -0.11666796297737084, "Gold": 0.05270199051363064}
