{"FTSE100": -0.982052376126734, "DJIA": 0.2345917638122361, "GBPUSD": -0.12210012210012672, "Gold": -0.2909017955662645}
