{"FTSE100": -0.05363710079410558, "DJIA": -0.09560432202070016, "GBPUSD": -0.35759603183756844, "Gold": 0.15481405843408125}
