{"FTSE100": 0.8651396157700642, "DJIA": 2.127325533372524, "GBPUSD": 0.24809791597751518, "Gold": 0.5793369810106187}
