{"FTSE100": 0.08845393577015513, "DJIA": 0.28637806926106235, "GBPUSD": 0.6085355112498861, "Gold": 0.2740899357601752}
