{"FTSE100": 0.5176711440336935, "DJIA": -1.0756403436845956, "GBPUSD": -0.3741662599642051, "Gold": 0.0}
