{"FTSE100": -0.17182016067650246, "DJIA": -0.01416725966909566, "GBPUSD": -0.3373607406245073, "Gold": 0.313692685732211}
