{"FTSE100": 0.4819745172666934, "DJIA": -0.4091173785115344, "GBPUSD": -0.10161454217001546, "Gold": -0.3524163011284854}
