{"FTSE100": 1.3770264809747483, "DJIA": 0.9078897269876526, "GBPUSD": -0.18253968253968006, "Gold": -0.1398531541881002}
