{"FTSE100": -0.022819142000253763, "DJIA": 0.8120616239471145, "GBPUSD": -0.04954457105833434, "Gold": 0.10960768009676056}
