{"FTSE100": 0.16960144980179132, "DJIA": 0.4279592195578475, "GBPUSD": -0.04757373929590342, "Gold": 0.03599712023038391}
