{"FTSE100": 0.20303418927210629, "DJIA": -0.4134499703613934, "GBPUSD": 0.658103393593401, "Gold": 0.5502416949501205}
