{"FTSE100": 0.04559895850899647, "DJIA": 0.3853358454754037, "GBPUSD": 0.09069920844326178, "Gold": 0.192466318394281}
