{"FTSE100": -0.41791367295122134, "DJIA": 0.1572909870091696, "GBPUSD": -0.05920663114268146, "Gold": 0.0}
