{"FTSE100": 0.10513758340870631, "DJIA": 0.03104622192506316, "GBPUSD": 0.22537025112686218, "Gold": -0.13228186212159293}
