{"FTSE100": 0.9716749406406319, "DJIA": -0.04976684084675824, "GBPUSD": -0.44919960797123804, "Gold": 0.7741935483870968}
