{"FTSE100": 0.5031439899899145, "DJIA": 0.1117539771977792, "GBPUSD": -0.29191321499014095, "Gold": 0.5788926822027631}
