{"FTSE100": -0.45165881120847645, "DJIA": 0.21744609405791324, "GBPUSD": 0.06001950633957041, "Gold": -0.19938759524319458}
