{"FTSE100": 0.5058644298012057, "DJIA": 1.1772720209408987, "GBPUSD": 0.2630739795918432, "Gold": 1.035232709873866}
