{"FTSE100": -0.2594204599622949, "DJIA": 0.11352439177218392, "GBPUSD": 0.015675209655927422, "Gold": 0.17132414528287518}
