{"FTSE100": 0.0474081893981617, "DJIA": -0.6125483595503677, "GBPUSD": 0.09646922631682002, "Gold": 0.01461934870800176}
