{"FTSE100": 1.4399899223421377, "DJIA": -0.6243731483607998, "GBPUSD": -0.7263381383394738, "Gold": 0.4762457892902776}
