{"FTSE100": 0.23205311162126618, "DJIA": 0.18863536103515832, "GBPUSD": 0.3543481470544912, "Gold": 1.9510432661909547}
