{"FTSE100": 0.8929191430263659, "DJIA": 0.9363891026608395, "GBPUSD": 0.3481143804392856, "Gold": -0.49828713796325835}
