{"FTSE100": -0.8091212229410201, "DJIA": -0.7650029233158048, "GBPUSD": 0.29570634388675787, "Gold": -0.4752206381534249}
