{"FTSE100": -0.24838621516968692, "DJIA": -0.613484191855639, "GBPUSD": -0.023144576454248337, "Gold": 0.054726549673464915}
