{"FTSE100": 1.7273767824874995, "DJIA": 1.4005709452199757, "GBPUSD": 0.007925186241875812, "Gold": 2.461786813297682}
