{"FTSE100": -0.026443331806380903, "DJIA": -0.2535668695780367, "GBPUSD": 0.13399542839125186, "Gold": 0.12353609724761574}
