{"FTSE100": -0.1141671328762185, "DJIA": -0.19136923871006015, "GBPUSD": -0.41401744787816425, "Gold": -0.3517960112151558}
