{"FTSE100": -0.08374213572171037, "DJIA": 0.6281911320120952, "GBPUSD": -0.2955889040472785, "Gold": 0.31859916712658215}
