{"FTSE100": 0.18012467637523225, "DJIA": 0.7756100194817952, "GBPUSD": 1.3072432787963333, "Gold": -0.5101483074007943}
