{"FTSE100": 0.7200463022899893, "DJIA": -1.0164411980366876, "GBPUSD": 0.2762893503013947, "Gold": 0.08290957329206279}
