{"FTSE100": 0.08845393577015513, "DJIA": 0.382927044853433, "GBPUSD": -0.1353395430300163, "Gold": -0.17481026690542803}
