{"FTSE100": -0.028608599408410883, "DJIA": 0.14228611672027702, "GBPUSD": 0.04713275726629488, "Gold": -0.2410916630502917}
