{"FTSE100": 0.1571834302364875, "DJIA": -0.7808049707102946, "GBPUSD": 0.2993653454676023, "Gold": -0.8488706988024893}
