{"FTSE100": 0.7470435074305112, "DJIA": 0.031589054875868036, "GBPUSD": -0.26213360870601954, "Gold": -0.03010687942194335}
