{"FTSE100": -0.32854468995356284, "DJIA": -0.5952226822072232, "GBPUSD": -0.14913131011855954, "Gold": -0.9754960066846702}
