{"FTSE100": 1.4177867545213159, "DJIA": 1.6964902336858947, "GBPUSD": 0.008196049504138103, "Gold": 0.1364463311097543}
