{"FTSE100": -1.2796921168021325, "DJIA": -0.6399761247481977, "GBPUSD": -0.6231040419775397, "Gold": -0.9847951950652045}
