{"FTSE100": 0.03864532404167928, "DJIA": 1.1738124087788122, "GBPUSD": -0.04983388704318388, "Gold": 0.33014017427072234}
