{"FTSE100": 0.5279730054489413, "DJIA": 0.31749278250615887, "GBPUSD": -0.023198267862663696, "Gold": 0.18394648829431817}
