{"FTSE100": -0.07605523346851005, "DJIA": 0.500786870169679, "GBPUSD": -0.09559467856290049, "Gold": 0.05601955591769754}
