{"FTSE100": 0.7560886742170657, "DJIA": 0.5910813281874785, "GBPUSD": -0.1697152555157355, "Gold": 0.02734753747855478}
