{"FTSE100": -0.33763711797578644, "DJIA": -1.0856999866524848, "GBPUSD": 0.03192083632590822, "Gold": 0.19745879120880683}
