{"FTSE100": 0.03807434955202505, "DJIA": 1.0239771371289148, "GBPUSD": -0.09445100354190224, "Gold": 0.4656692757356516}
