{"FTSE100": 1.0546323321721187, "DJIA": 1.165215974496087, "GBPUSD": 0.2861014907393484, "Gold": 1.2679127725856782}
