{"FTSE100": -1.1439046433088464, "DJIA": 0.03631263072368768, "GBPUSD": -0.18796240751850224, "Gold": -0.00771545405448163}
