{"FTSE100": 0.2842664092664031, "DJIA": -0.434599829936005, "GBPUSD": 0.24446142093201617, "Gold": 0.2055042914131589}
