{"FTSE100": -1.670435711765767, "DJIA": -1.2471918960429493, "GBPUSD": 0.9224318658280837, "Gold": 1.8422347345979235}
