{"FTSE100": 1.247609961988782, "DJIA": -0.12799942310120083, "GBPUSD": 0.2176366274383302, "Gold": -0.15121729925903524}
