{"FTSE100": 0.22710097924998163, "DJIA": 0.9686424484211156, "GBPUSD": 0.1334170459896433, "Gold": 0.04383828543595182}
