{"FTSE100": -0.27540706136409343, "DJIA": -0.31730292748063965, "GBPUSD": -0.14751680052448793, "Gold": 0.29923321488685245}
