{"FTSE100": -0.3941778188568549, "DJIA": 0.11871357329645985, "GBPUSD": -0.2954937207584378, "Gold": -0.01601965077161075}
