{"FTSE100": 0.11939876358640458, "DJIA": 0.726194062922776, "GBPUSD": -0.1406790616326305, "Gold": 0.0}
