{"FTSE100": 0.5810710358722989, "DJIA": 0.06964078669440135, "GBPUSD": -0.01185630162430324, "Gold": 0.6079601238577111}
