{"FTSE100": -0.4941510119753597, "DJIA": 0.5516625720786568, "GBPUSD": -0.2015132504467542, "Gold": -0.21610372979030296}
