{"FTSE100": 0.11797093929922645, "DJIA": 0.625096404177658, "GBPUSD": -0.11111111111111531, "Gold": 0.9106095176010393}
