{"FTSE100": 0.8279458310194038, "DJIA": 0.7758393695976818, "GBPUSD": -0.17784452436468903, "Gold": 0.6079601238577111}
