{"FTSE100": -0.15034016727002675, "DJIA": -0.3081788779435541, "GBPUSD": 0.0669897939078707, "Gold": 0.7310882987992038}
