{"FTSE100": -0.216343979692132, "DJIA": 0.2506417746651279, "GBPUSD": -0.18663970759778814, "Gold": 0.6560686348725674}
