{"FTSE100": 0.10480882922217677, "DJIA": -1.1143419349634143, "GBPUSD": 0.5867427846495282, "Gold": 0.02056978298878245}
