{"FTSE100": 1.0266907511205368, "DJIA": 0.09312923497167463, "GBPUSD": 0.24171655944369472, "Gold": 0.0}
