{"FTSE100": -0.44254646066571524, "DJIA": 0.0, "GBPUSD": 0.015620118712900498, "Gold": 0.3609035326086956}
