{"FTSE100": 0.09654581924844624, "DJIA": 0.2971982623153109, "GBPUSD": 0.06465168902536866, "Gold": 0.22063985558118998}
