{"FTSE100": -1.4545334109286279, "DJIA": -1.828663908734238, "GBPUSD": -0.22053601465256295, "Gold": -0.0236906007541472}
