{"FTSE100": 0.0032509365406271965, "DJIA": 0.2696752076129649, "GBPUSD": -0.3172261158244169, "Gold": 0.0}
