{"FTSE100": -0.4294047711935159, "DJIA": -0.18884705514233294, "GBPUSD": 0.031473758753635686, "Gold": -0.24775472282440147}
