{"FTSE100": 0.3109826589595391, "DJIA": -0.7124813051707788, "GBPUSD": -0.0636394264964637, "Gold": 0.9321531005835296}
