{"FTSE100": -0.9232605670417496, "DJIA": -0.38575644366307066, "GBPUSD": 0.26913875598088144, "Gold": -0.8405507697308803}
