{"FTSE100": 1.1521005469568137, "DJIA": 0.489092058524462, "GBPUSD": -0.43601315688822895, "Gold": -0.22920267528368185}
