{"FTSE100": 0.0398412443592372, "DJIA": 0.3058802269914348, "GBPUSD": 0.08037293039705128, "Gold": -0.2855284082694843}
