{"FTSE100": -0.3849623703140985, "DJIA": -0.49200584247563706, "GBPUSD": 0.02361460957180329, "Gold": -0.3821027979785604}
