{"FTSE100": 2.7064117744816962, "DJIA": -0.7934024485323588, "GBPUSD": 0.5228192932112147, "Gold": 0.8064242876020797}
