{"FTSE100": 1.213727729696392, "DJIA": 1.529457692198864, "GBPUSD": 0.16341140767255394, "Gold": 1.479654747225655}
