{"FTSE100": -0.3627791155521097, "DJIA": 0.11195885563985154, "GBPUSD": -0.49496782709123943, "Gold": -0.39652770335440274}
