{"FTSE100": 0.6597205585879746, "DJIA": 1.092818710795105, "GBPUSD": 0.015570260801866716, "Gold": 0.7160713529087789}
