{"FTSE100": 0.19604049004074553, "DJIA": 0.6211655801358724, "GBPUSD": -0.17517051172150513, "Gold": -0.026213301378063887}
