{"FTSE100": 0.2434834683392689, "DJIA": 0.4445395139979995, "GBPUSD": 0.798924220851131, "Gold": 0.809356956028222}
