{"FTSE100": -0.48241834372517417, "DJIA": -0.22419281713781608, "GBPUSD": -0.5082890209571608, "Gold": -3.324473695312837}
