{"FTSE100": 0.25520623765397044, "DJIA": -0.5112606051573205, "GBPUSD": -0.0074008288928351824, "Gold": 0.8643401895077547}
