{"FTSE100": -0.7132769893881117, "DJIA": -0.5890337246545329, "GBPUSD": -0.03723562704795539, "Gold": -0.2643193776026708}
