{"FTSE100": -0.888614005317937, "DJIA": 0.2345917638122361, "GBPUSD": -0.07326007326008326, "Gold": -0.23071521717324386}
