{"FTSE100": -0.0762634580883992, "DJIA": 0.9218564783072003, "GBPUSD": -0.4268081670319316, "Gold": -0.02305741295826009}
