{"FTSE100": 0.5555858036011244, "DJIA": 0.7139381110624423, "GBPUSD": 0.4407670893906618, "Gold": 0.23376189681081982}
