{"FTSE100": -0.837524705060607, "DJIA": -0.30055321172013205, "GBPUSD": 0.11747200250605644, "Gold": 0.0}
