{"FTSE100": -0.09199686617126848, "DJIA": 0.07747425877557135, "GBPUSD": 0.02361460957180329, "Gold": -0.5300135584863837}
