{"FTSE100": 0.13961130478147812, "DJIA": -0.008403445095375993, "GBPUSD": -0.39603183939144404, "Gold": -1.7301924061745622}
