{"FTSE100": -0.7698829736010235, "DJIA": -0.31661186361566174, "GBPUSD": -0.15604275571506607, "Gold": -0.22977941176470587}
