{"FTSE100": 0.4677202275565661, "DJIA": -0.10366478404593148, "GBPUSD": -0.564833005893902, "Gold": 0.21341939513819733}
