{"FTSE100": -0.3064836398169651, "DJIA": -0.5139200357818361, "GBPUSD": -0.06571921465537763, "Gold": 0.43866688065050113}
