{"FTSE100": 0.2318587606860118, "DJIA": -0.4718065581230504, "GBPUSD": 0.1229810609166235, "Gold": -0.34630160705590013}
