{"FTSE100": 0.4907138903137083, "DJIA": 0.015739496029909383, "GBPUSD": 0.024958402662245343, "Gold": 0.6069221936683202}
