{"FTSE100": 0.11889249517662749, "DJIA": 0.9800716895676744, "GBPUSD": 0.4339282790240775, "Gold": 0.0}
