{"FTSE100": 0.3314947578946568, "DJIA": -0.17047839556846292, "GBPUSD": -0.7391763463569253, "Gold": -0.08543357539513756}
