{"FTSE100": 0.3962575817240739, "DJIA": 0.6717580353725615, "GBPUSD": -0.04113533525297778, "Gold": 0.20303483650352394}
