{"FTSE100": 1.331930836040294, "DJIA": 0.0802906640668977, "GBPUSD": 1.0778253288952335, "Gold": 2.406295717096293}
