{"FTSE100": 1.0653344785648353, "DJIA": -0.3571577995788784, "GBPUSD": 0.10499959615540577, "Gold": 0.0752190755575614}
