{"FTSE100": 0.08013797248515114, "DJIA": 0.07179224890081833, "GBPUSD": -0.20198881292729626, "Gold": 0.2815126050420283}
