{"FTSE100": -0.1938427936243773, "DJIA": 0.4771422371478012, "GBPUSD": 0.09302325581396045, "Gold": 0.50456143927424}
