{"FTSE100": 0.17123934311806185, "DJIA": 0.19753731468750937, "GBPUSD": 0.4792206771938089, "Gold": -0.009301027763580562}
