{"FTSE100": -0.2260717475439027, "DJIA": -0.05677212355518442, "GBPUSD": -0.10241058767922473, "Gold": -0.3032045585237051}
