{"FTSE100": -0.8616542116855282, "DJIA": 0.7722443186353741, "GBPUSD": -0.0790201501382941, "Gold": 0.008496898631991592}
