{"FTSE100": -0.04520112860543046, "DJIA": -0.7428935919073757, "GBPUSD": -0.07192882831724447, "Gold": -0.17612049070813135}
