{"FTSE100": 0.20979943820073318, "DJIA": 0.16670929725149805, "GBPUSD": -0.2958816473410665, "Gold": 0.06777540274229468}
