{"FTSE100": -0.1329574653082452, "DJIA": -0.4188890430992602, "GBPUSD": 0.023612750885493035, "Gold": 0.0}
