{"FTSE100": 0.6125770104179306, "DJIA": 0.44295971376568727, "GBPUSD": -0.3127001469314017, "Gold": 0.0}
