{"FTSE100": 0.4908754836969398, "DJIA": 0.6896185615159817, "GBPUSD": -0.0883676092545068, "Gold": -0.5069381793186485}
