{"FTSE100": 0.38820264337224486, "DJIA": -0.1045580090866439, "GBPUSD": 0.18191943567848995, "Gold": -1.1977107793970119}
