{"FTSE100": 0.05517038231746642, "DJIA": -0.434599829936005, "GBPUSD": 0.16806722689077172, "Gold": 0.2055042914131589}
