{"FTSE100": 0.053819313798982825, "DJIA": -0.5929709141274098, "GBPUSD": 0.029609889703174033, "Gold": 1.1876383449684842}
