{"FTSE100": 0.23467232461959542, "DJIA": -1.0836312961629802, "GBPUSD": -0.11905706802127604, "Gold": 0.0}
