{"FTSE100": -0.38290379242560313, "DJIA": 0.08118231374492527, "GBPUSD": 0.23275575423947878, "Gold": 0.2248740705205085}
