{"FTSE100": 0.4785843455160138, "DJIA": -0.9753276832691349, "GBPUSD": -0.11987532965716109, "Gold": -0.42492917847025885}
