{"FTSE100": 0.053334963286615335, "DJIA": 0.6388966227422316, "GBPUSD": 0.043859649122802186, "Gold": 0.0}
