{"FTSE100": -0.4332474003213635, "DJIA": -0.22075120044316224, "GBPUSD": 0.4495622683176937, "Gold": 0.28399353669880656}
