{"FTSE100": -0.09566706176741659, "DJIA": -0.6769923957852934, "GBPUSD": -0.23742395014097725, "Gold": 1.5409193980622597}
