{"FTSE100": -0.4190547582236219, "DJIA": 0.10992624681680237, "GBPUSD": 0.1652892561983464, "Gold": 0.4540071061981862}
