{"FTSE100": -0.2944136673319025, "DJIA": 0.14872222783215802, "GBPUSD": 0.12660113196306486, "Gold": -0.21722630793791323}
