{"FTSE100": -0.22043049963407965, "DJIA": -1.0023795171968468, "GBPUSD": -0.023853065118865147, "Gold": 1.8913480885311953}
