{"FTSE100": 0.16682010156400395, "DJIA": 0.029287993464166842, "GBPUSD": -0.20161290322580216, "Gold": 0.0}
