{"FTSE100": 0.20163176642715686, "DJIA": 0.6223204046828232, "GBPUSD": -0.7348138471587294, "Gold": -0.15179881596923542}
