{"FTSE100": -0.28231657497359697, "DJIA": 0.6900935969219066, "GBPUSD": 0.03148862473432874, "Gold": 0.045218177707431535}
