{"FTSE100": 0.14723578590709782, "DJIA": 0.4322749834951116, "GBPUSD": 0.09690704998789389, "Gold": 0.16664141796697238}
