{"FTSE100": 3.044086318344477, "DJIA": -3.530275102841888, "GBPUSD": 0.9402676446490669, "Gold": 3.0623261900867123}
