{"FTSE100": -0.5489098600715923, "DJIA": -0.0561818162281512, "GBPUSD": 0.33992094861659844, "Gold": 1.4231635440126416}
