{"FTSE100": 0.1895583003201259, "DJIA": 0.13235271038239552, "GBPUSD": 0.2581957593302622, "Gold": -0.1583409949943884}
