{"FTSE100": 0.0979608896590308, "DJIA": -0.20163508038452232, "GBPUSD": -0.0036915353095266323, "Gold": 0.8492385640671329}
