{"FTSE100": -0.1490057738280976, "DJIA": 0.30007714661525275, "GBPUSD": 0.23693827557126285, "Gold": 0.5716503758072011}
