{"FTSE100": -0.12945977679439782, "DJIA": 0.13115253392820286, "GBPUSD": 0.1355013550135352, "Gold": -0.6655657308712496}
