{"FTSE100": 0.3582632944730669, "DJIA": 0.8715810794123549, "GBPUSD": 0.21546564519989822, "Gold": -2.5646702830362744}
