{"FTSE100": -0.04155997211768234, "DJIA": -0.5516723226797722, "GBPUSD": 0.015675209655927422, "Gold": 0.4378283712784588}
