{"FTSE100": -0.49185893201608477, "DJIA": 0.14408749169834376, "GBPUSD": 0.1832231339122097, "Gold": -0.07639030352413934}
