{"FTSE100": 0.07315846076444989, "DJIA": -0.4761263082243945, "GBPUSD": 0.07722604062090602, "Gold": 0.7023848415550473}
