{"FTSE100": 0.4857060720475939, "DJIA": 0.17706393280982727, "GBPUSD": -0.06397952655149647, "Gold": 0.393054595715269}
