{"FTSE100": 0.2281068897230153, "DJIA": 1.4299348501031526, "GBPUSD": 0.06455777921239642, "Gold": 0.6328502415458893}
