{"FTSE100": -0.006586225526763414, "DJIA": 0.08574954147668495, "GBPUSD": -0.11405976731807899, "Gold": 0.949224047009184}
