{"FTSE100": -0.3758326475377669, "DJIA": 0.09801691482875922, "GBPUSD": 0.0803212851405534, "Gold": -0.23342670401493928}
