{"FTSE100": 3.044086318344477, "DJIA": -2.499504413490283, "GBPUSD": 1.026101205571378, "Gold": 3.5825290364796336}
