{"FTSE100": 0.760844776069393, "DJIA": -0.40066922907250807, "GBPUSD": -1.01001939237233, "Gold": -0.4409171075837742}
