{"FTSE100": 0.44129953540908023, "DJIA": 1.344757089127148, "GBPUSD": -0.08963250672242813, "Gold": 0.6883677517209194}
