{"FTSE100": -0.634337662994314, "DJIA": -0.18055781997706022, "GBPUSD": -0.41644173671626816, "Gold": -0.7335526315789384}
