{"FTSE100": -0.27152499844472316, "DJIA": 0.36392319723856414, "GBPUSD": 0.3481839044076885, "Gold": 0.4816908331285418}
