{"FTSE100": 0.5020191185285741, "DJIA": 2.1208611690249506, "GBPUSD": -0.44987146529563377, "Gold": -0.6043843474697784}
