{"FTSE100": 0.4166631583885266, "DJIA": 0.08233753137203556, "GBPUSD": -0.19193857965450717, "Gold": 0.393054595715269}
