{"FTSE100": -0.3908028432551616, "DJIA": 0.500786870169679, "GBPUSD": -0.06372978570858853, "Gold": 0.05092686901609289}
