{"FTSE100": 0.12004895156878805, "DJIA": 0.40468767167978803, "GBPUSD": -0.05542213190467603, "Gold": -0.1628285647825049}
