{"FTSE100": 0.4799710424710504, "DJIA": 0.17996322047218496, "GBPUSD": -0.02271178741766727, "Gold": 0.3470560076591598}
