{"FTSE100": -1.2393003302175174, "DJIA": -1.262198363077308, "GBPUSD": -0.20806658130601277, "Gold": 1.512554199858828}
