{"FTSE100": 0.4991476695147214, "DJIA": -0.7879770052576615, "GBPUSD": -0.1289386735433996, "Gold": 0.8691099476439862}
