{"FTSE100": -1.1145347319651486, "DJIA": -0.6526720275650322, "GBPUSD": -0.1594775212636688, "Gold": -0.6262843722477826}
