{"FTSE100": 0.0, "DJIA": 0.1359618973639427, "GBPUSD": -0.003818688662304462, "Gold": -0.44923272640533224}
