{"FTSE100": -0.05260088655221674, "DJIA": 2.127325533372524, "GBPUSD": 0.28117763810784563, "Gold": 0.7670850767085052}
