{"FTSE100": -0.14026897265178753, "DJIA": -0.03706468446607502, "GBPUSD": 0.1641423561889114, "Gold": 1.1276305393952322}
