{"FTSE100": -0.24811712301462535, "DJIA": -0.21835283908797154, "GBPUSD": 0.07120253164557934, "Gold": -0.5487613671997491}
