{"FTSE100": 0.170264932234557, "DJIA": -1.0104511581288504, "GBPUSD": -0.18549946718238736, "Gold": -0.40816326530612246}
