{"FTSE100": 0.6845226633804379, "DJIA": 0.5370553617606709, "GBPUSD": -0.1021530724500909, "Gold": 0.0}
