{"FTSE100": 0.043993012874432885, "DJIA": -0.3743057045706011, "GBPUSD": 0.1032319542603096, "Gold": 0.4722843649018146}
