{"FTSE100": -1.670435711765767, "DJIA": -1.070288322441955, "GBPUSD": 0.1662786830728302, "Gold": 2.2155361050328226}
