{"FTSE100": -1.239597826372306, "DJIA": 0.27967813419034593, "GBPUSD": 0.1420118343195285, "Gold": 0.0731299623903098}
