{"FTSE100": 0.3551885396754106, "DJIA": 1.7620722613699078, "GBPUSD": -0.015689966266588216, "Gold": -0.05367021715796308}
