{"FTSE100": -0.20484223267119894, "DJIA": 0.17796855021226818, "GBPUSD": 0.03930508607813418, "Gold": 0.16484469894151166}
