{"FTSE100": 0.3451724988916543, "DJIA": -0.07631359503334861, "GBPUSD": 0.11849218692142825, "Gold": 0.17108383107722236}
