{"FTSE100": -0.4224165088144852, "DJIA": -0.6791021115596814, "GBPUSD": 0.5977011494252896, "Gold": 0.0}
