{"FTSE100": -0.626402223574615, "DJIA": 0.27647956120281014, "GBPUSD": 0.5344155583236263, "Gold": 0.5500171880371262}
