{"FTSE100": -0.04143584839139903, "DJIA": -0.041431396256527295, "GBPUSD": -0.17043349388662235, "Gold": 0.37755845532223736}
