{"FTSE100": 0.032336614356480886, "DJIA": 0.07559013734040232, "GBPUSD": -0.04746084480303227, "Gold": -0.00859217253083614}
