{"FTSE100": 0.20672162472260971, "DJIA": -0.14012881890648238, "GBPUSD": 0.05638885756174794, "Gold": -0.6091250480499101}
