{"FTSE100": -1.9480996270747535, "DJIA": -0.7289253743173357, "GBPUSD": -0.29008863819500785, "Gold": 0.0861894139119877}
