{"FTSE100": 0.3699115584748462, "DJIA": 0.8357554944813419, "GBPUSD": -0.2204030226700184, "Gold": -0.1561605330279527}
