{"FTSE100": -0.02331548492761674, "DJIA": 0.23476913772385002, "GBPUSD": -0.48063982773867553, "Gold": 0.07576007114859455}
