{"FTSE100": -0.2660980210550905, "DJIA": -0.613484191855639, "GBPUSD": 0.25464927849371716, "Gold": -0.2663358750775193}
