{"FTSE100": -0.46118648294707143, "DJIA": -0.12806863913209343, "GBPUSD": 0.49928673323822886, "Gold": -0.15060240963855423}
