{"FTSE100": 0.2966457888931549, "DJIA": 0.3636407946585871, "GBPUSD": 0.03134059390426843, "Gold": 0.09030316061061747}
