{"FTSE100": 0.0007250229590542158, "DJIA": -2.4827916038508784, "GBPUSD": 0.5867308560252766, "Gold": 3.0948710974098614}
