{"FTSE100": -0.43689296612120704, "DJIA": 0.12950275135828654, "GBPUSD": 0.10279117577289924, "Gold": -0.14607320845504537}
