{"FTSE100": -0.13184958599229998, "DJIA": -0.016969227246874177, "GBPUSD": 0.13450904199671376, "Gold": -0.5697203387994754}
