{"FTSE100": 0.3962575817240739, "DJIA": 0.44142997439480314, "GBPUSD": -0.1480872069107383, "Gold": 0.20303483650352394}
