{"FTSE100": 1.2142841466358774, "DJIA": 1.4685213042484302, "GBPUSD": 0.08185985592666273, "Gold": 1.1241830065359613}
