{"FTSE100": 1.0344361052902262, "DJIA": 0.15944645647302655, "GBPUSD": 0.10640723569203221, "Gold": 1.7652647897184555}
