{"FTSE100": 0.047710855134711225, "DJIA": -0.5874581989831967, "GBPUSD": -0.6018646001337425, "Gold": -0.8470730600514328}
