{"FTSE100": -0.8144769229364541, "DJIA": 0.20008700902402662, "GBPUSD": -0.04695938013617703, "Gold": 0.4173751739063295}
