{"FTSE100": 0.5647675785097541, "DJIA": 1.1541387126260585, "GBPUSD": 0.22091310751105767, "Gold": 0.37772948359722414}
