{"FTSE100": 0.6988855516734854, "DJIA": -1.4818807365084472, "GBPUSD": -0.04724781478856083, "Gold": -0.14185869490000377}
