{"FTSE100": -0.33678011135745084, "DJIA": 0.7722443186353741, "GBPUSD": -0.04741209008296594, "Gold": 0.008496898631991592}
