{"FTSE100": -0.07852015745194577, "DJIA": -0.579464611786464, "GBPUSD": -0.1672876587331915, "Gold": 0.949224047009184}
