{"FTSE100": -1.2405487260345316, "DJIA": -0.9450369243999552, "GBPUSD": -0.4958061509785681, "Gold": -0.16711684576670416}
