{"FTSE100": -0.06210397153164122, "DJIA": 1.3073369639648103, "GBPUSD": 0.023228803716606034, "Gold": 0.19548075011596616}
