{"FTSE100": -0.20603747919858945, "DJIA": 0.6930911437743497, "GBPUSD": -0.06662225183210459, "Gold": 0.0}
