{"FTSE100": 1.016623396346971, "DJIA": -0.8180431717198343, "GBPUSD": -0.6912804399057455, "Gold": -0.26981946624803765}
