{"FTSE100": 0.17582752742111554, "DJIA": 0.5062228344885726, "GBPUSD": 0.1405637345565018, "Gold": 0.31341412452987877}
