{"FTSE100": 1.1308195989182435, "DJIA": 0.4226882269452459, "GBPUSD": -0.2906869779592963, "Gold": 0.0}
