{"FTSE100": 0.5058644298012057, "DJIA": 1.1772720209408987, "GBPUSD": 0.32684948979591777, "Gold": 0.6611570247934003}
