{"FTSE100": 0.5478011552793167, "DJIA": 0.5823202104488486, "GBPUSD": -0.10006927873141844, "Gold": -0.17942583732057416}
