{"FTSE100": -0.11109815636026846, "DJIA": -0.03771410985065024, "GBPUSD": 0.12586532410321316, "Gold": 0.0}
