{"FTSE100": 0.31415133741304624, "DJIA": 1.1434852860627347, "GBPUSD": -0.305810397553524, "Gold": -0.11639358939923272}
