{"FTSE100": 0.15123089199671683, "DJIA": 0.8357554944813419, "GBPUSD": -0.2125314861460898, "Gold": -0.1561605330279527}
