{"FTSE100": 0.5542312991955334, "DJIA": 0.25199130394292024, "GBPUSD": -0.3677352306339563, "Gold": -0.4211511464670169}
