{"FTSE100": 1.213727729696392, "DJIA": 1.935566908985013, "GBPUSD": 0.13228542525873743, "Gold": 1.479654747225655}
