{"FTSE100": -0.20071245168530397, "DJIA": 0.3745557446196195, "GBPUSD": 0.2228883252632484, "Gold": -0.003716090672609032}
