{"FTSE100": 0.18012467637523225, "DJIA": 0.7756100194817952, "GBPUSD": -0.14198206969290644, "Gold": -0.3206646503662202}
