{"FTSE100": 1.0259769748947516, "DJIA": -0.08997980904450097, "GBPUSD": -0.4028035124466378, "Gold": -1.3867488443759675}
