{"FTSE100": 0.673757097413698, "DJIA": 0.9648811299810072, "GBPUSD": 0.2641467316492551, "Gold": 1.1016485662942346}
