{"FTSE100": 1.8077657030438534, "DJIA": -0.2213974377498522, "GBPUSD": -0.7388958073889688, "Gold": 0.0}
