{"FTSE100": -0.033035194809040436, "DJIA": -0.6148593875402726, "GBPUSD": -0.22284950230277012, "Gold": 0.2780009990660943}
