{"FTSE100": 0.5238081493858082, "DJIA": 1.117045217631898, "GBPUSD": -0.2387168966803334, "Gold": -0.1545060418780723}
