{"FTSE100": 1.7189870051637424, "DJIA": 1.6034830108244549, "GBPUSD": 0.3062153438715397, "Gold": 0.08811057877635932}
