{"FTSE100": -0.3941778188568549, "DJIA": -0.06244471196518936, "GBPUSD": -0.2626610851186154, "Gold": -0.01601965077161075}
