{"FTSE100": -0.3477753703699092, "DJIA": 0.09292343123922793, "GBPUSD": 0.2440140308067784, "Gold": 0.2533070644525826}
