{"FTSE100": -0.6821647552995302, "DJIA": -0.6243731483607998, "GBPUSD": 0.3214712918660431, "Gold": 0.0}
