{"FTSE100": -0.1019652968537923, "DJIA": -0.046265452111982304, "GBPUSD": 0.33352789126990773, "Gold": -0.05428881650380022}
