{"FTSE100": -0.4133473384809005, "DJIA": -0.5630042457605596, "GBPUSD": -0.8168289135056352, "Gold": 0.09375871069102243}
