{"FTSE100": 0.0062243716213908505, "DJIA": -0.22265895761822127, "GBPUSD": 0.18979569052138381, "Gold": -0.31092191477817366}
