{"FTSE100": 0.19087030080707232, "DJIA": -0.3729195547664761, "GBPUSD": 0.018396556164675774, "Gold": -0.12095554883580284}
