{"FTSE100": 0.13821737645803506, "DJIA": 0.32427187436485805, "GBPUSD": 0.40666788789156744, "Gold": 0.0}
