{"FTSE100": 0.27837963013880784, "DJIA": -1.0586608038636016, "GBPUSD": 0.04721806878098165, "Gold": -0.17085255424568596}
