{"FTSE100": 0.2512437659836873, "DJIA": -0.8586024389241369, "GBPUSD": -0.12568735271013712, "Gold": -0.04695036066413031}
