{"FTSE100": 0.7940562048318781, "DJIA": 1.2467612887530868, "GBPUSD": -0.4544915622653379, "Gold": 0.6079601238577111}
