{"FTSE100": -0.26333263542009655, "DJIA": -0.6567395116590249, "GBPUSD": -0.3448804414469611, "Gold": 0.309540479787747}
