{"FTSE100": -0.37881195266229795, "DJIA": -1.5270081147355825, "GBPUSD": 0.18902102858942724, "Gold": 1.5503211991434807}
