{"FTSE100": 0.34382931164285124, "DJIA": -0.6615305745402872, "GBPUSD": 0.13590215045167756, "Gold": 0.0}
