{"FTSE100": -0.1892952995276024, "DJIA": -0.043760700284933014, "GBPUSD": 0.2528069001412796, "Gold": 0.5878685312193737}
