{"FTSE100": -0.6306387453928376, "DJIA": -0.1681898295137389, "GBPUSD": -0.07837604827963711, "Gold": 0.039127032431946616}
