{"FTSE100": -1.0072397232945005, "DJIA": -0.43714697610663666, "GBPUSD": 0.037388768413964324, "Gold": -0.6428922588208599}
