{"FTSE100": 0.16814336917562558, "DJIA": 0.6629220358178965, "GBPUSD": 0.5012989864246787, "Gold": 0.159297887048773}
