{"FTSE100": 0.14837522043580945, "DJIA": 0.3104411713980244, "GBPUSD": -0.056781310837130505, "Gold": 0.0}
