{"FTSE100": 0.5813601404953659, "DJIA": -0.2048516761231542, "GBPUSD": -0.8403361344537786, "Gold": -0.12968150223052183}
