{"FTSE100": -0.3740003094439075, "DJIA": -2.3137550754303735, "GBPUSD": -0.5213936936191503, "Gold": -1.6190318850156997}
