{"FTSE100": 0.6540274959592383, "DJIA": 0.6288946278938743, "GBPUSD": -0.298132747528621, "Gold": 0.0}
