{"FTSE100": 0.5163248959564463, "DJIA": 0.33991808342511315, "GBPUSD": -0.048426150121051774, "Gold": -0.6293810589112575}
