{"FTSE100": -0.35155446686329356, "DJIA": -0.24781650419012533, "GBPUSD": -0.3626902152487533, "Gold": -0.3342508847817516}
