{"FTSE100": 0.1892843141620101, "DJIA": 0.5691257684465376, "GBPUSD": 0.15044215315745843, "Gold": -0.3938291053289152}
