{"FTSE100": 0.5693062844312236, "DJIA": -0.30778961596335436, "GBPUSD": -0.24213075060533604, "Gold": 0.0}
