{"FTSE100": 0.06575929239881699, "DJIA": 0.8692896823256527, "GBPUSD": 0.3467843631778026, "Gold": 0.8140846451866086}
