{"FTSE100": -5.164879366553358, "DJIA": -5.502574487747598, "GBPUSD": 0.06206361520557888, "Gold": 0.07636122177955451}
