{"FTSE100": -0.14911963594606367, "DJIA": 0.29920841251814084, "GBPUSD": 0.015755475027570347, "Gold": -0.015682994406396283}
