{"FTSE100": 0.09654581924844624, "DJIA": 0.2971982623153109, "GBPUSD": -0.30613066945943973, "Gold": -0.3296373988612481}
