{"FTSE100": -0.48241834372517417, "DJIA": 0.0663732118642822, "GBPUSD": -0.539568345323751, "Gold": -2.700080158629709}
