{"FTSE100": 0.3708885018656819, "DJIA": 0.3497367967820414, "GBPUSD": -0.29631296650537475, "Gold": -2.574886535552191}
