{"FTSE100": 0.05015011330958858, "DJIA": 0.09265642083159922, "GBPUSD": 0.12930337805075529, "Gold": 0.0}
