{"FTSE100": 0.7083607844064146, "DJIA": 0.02487581986640328, "GBPUSD": -0.10863267670915823, "Gold": 4.304623274756772}
