{"FTSE100": 0.10668747375947486, "DJIA": 0.5525166793809657, "GBPUSD": -0.0037217611373615298, "Gold": 0.0}
