{"FTSE100": -0.1874768687520255, "DJIA": 0.015759936763254333, "GBPUSD": -0.02588087403407775, "Gold": 1.316787930187921}
