{"FTSE100": -0.8091212229410201, "DJIA": -0.611059923856543, "GBPUSD": 0.25627883136852697, "Gold": -0.4752206381534249}
