{"FTSE100": 0.0346670142056543, "DJIA": 0.9827448635051533, "GBPUSD": 0.6445894770767873, "Gold": -0.02016230656787595}
