{"FTSE100": -0.15998526754369358, "DJIA": 0.7173818611272302, "GBPUSD": 0.10412792859799687, "Gold": 0.9579267886115699}
