{"FTSE100": -0.6460853397067853, "DJIA": 0.0, "GBPUSD": -0.7359273467470504, "Gold": -0.3539159761835366}
