{"FTSE100": 0.31456572044952824, "DJIA": -1.5983086595338798, "GBPUSD": -0.1557632398753887, "Gold": 1.029653240606591}
