{"FTSE100": 0.3087857323857004, "DJIA": -0.28645766650004273, "GBPUSD": -0.015804030027655312, "Gold": 0.16319404911003005}
