{"FTSE100": 0.23481180000594418, "DJIA": 0.19140688296957092, "GBPUSD": 0.7360672975814954, "Gold": 0.06397757738240034}
