{"FTSE100": 1.7878536166994183, "DJIA": 0.9800716895676744, "GBPUSD": 0.14737186834779956, "Gold": 0.0}
