{"FTSE100": 0.17867863761446118, "DJIA": 0.5210389894994409, "GBPUSD": -0.046758104738166766, "Gold": 0.0}
