{"FTSE100": 0.17094454607420945, "DJIA": 0.03794789956680398, "GBPUSD": -0.24420986292737534, "Gold": -0.307752430267205}
