{"FTSE100": 0.11077921531957247, "DJIA": -0.254550442705645, "GBPUSD": 0.04422169811321904, "Gold": 0.04476676515355}
