{"FTSE100": 0.17357284549262247, "DJIA": 0.9686424484210966, "GBPUSD": -0.3924030764401109, "Gold": -1.1495372625426161}
