{"FTSE100": 0.33343708134295474, "DJIA": -0.31818228450353336, "GBPUSD": -0.3618718644625347, "Gold": 0.36962025316456615}
