{"FTSE100": -0.06803791245527076, "DJIA": 0.03104622192506316, "GBPUSD": 0.008048937540261673, "Gold": -0.3307046553039939}
