{"FTSE100": -0.22070253306871218, "DJIA": 1.8471231770240168, "GBPUSD": 0.04627844195913274, "Gold": 1.5436047711420235}
