{"FTSE100": 0.12001996208304712, "DJIA": 0.9339390297073944, "GBPUSD": -0.007732755954221232, "Gold": 0.1035571894578781}
