{"FTSE100": 0.07936410733750031, "DJIA": 1.8471231770240168, "GBPUSD": 0.4704974932510601, "Gold": 0.2639701104613385}
