{"FTSE100": 0.5174174462430541, "DJIA": 0.07634675873089147, "GBPUSD": 0.2090592334494715, "Gold": 0.24186601285533518}
