{"FTSE100": -0.12787003900438249, "DJIA": 0.10265054635165127, "GBPUSD": 0.24554455445545367, "Gold": 0.0}
