{"FTSE100": -0.2681633424329197, "DJIA": -0.6459536137669861, "GBPUSD": 0.165211234363936, "Gold": 0.19279870772758298}
