{"FTSE100": 0.9567002294909243, "DJIA": -1.352230485666809, "GBPUSD": -0.26213360870601954, "Gold": -0.1103918912138113}
