{"FTSE100": 0.2386680292749212, "DJIA": 0.36629677848377074, "GBPUSD": -0.5066344993968614, "Gold": 0.734584225328464}
