{"FTSE100": 1.130835914584843, "DJIA": 0.7244375950615627, "GBPUSD": -0.007791803023218714, "Gold": 0.6486486486486449}
