{"FTSE100": 0.16165519501013143, "DJIA": -0.13026472437604933, "GBPUSD": -0.19213425871464856, "Gold": -1.642402516643503}
