{"FTSE100": -0.8116900403582253, "DJIA": -0.5880352068583713, "GBPUSD": 0.12446067042814941, "Gold": 0.15388843088761647}
