{"FTSE100": -0.15369590796743943, "DJIA": -0.4283204649952242, "GBPUSD": -0.08103727714747892, "Gold": 0.0}
