{"FTSE100": 0.4856909804421754, "DJIA": -0.44721173462843405, "GBPUSD": 0.2039855640985531, "Gold": 0.22348110805051474}
