{"FTSE100": 0.2505845759365955, "DJIA": 1.4299348501031526, "GBPUSD": 0.03417764781833148, "Gold": 0.5410628019323803}
