{"FTSE100": 0.6898354911194534, "DJIA": -0.47781910048031023, "GBPUSD": -0.5486246805952099, "Gold": -0.027947973771905447}
