{"FTSE100": 0.7164923984535534, "DJIA": 0.2199170427937952, "GBPUSD": -0.18239097993700892, "Gold": 0.0}
