{"FTSE100": -0.36686496229857724, "DJIA": -1.0231216312168163, "GBPUSD": 0.42509643391325447, "Gold": 0.0}
