{"FTSE100": -1.0461793105528452, "DJIA": -0.5929709141274098, "GBPUSD": -0.007402472425789399, "Gold": 1.1876383449684842}
