{"FTSE100": 0.4902070434129049, "DJIA": -0.035180231639627725, "GBPUSD": -0.28891028965108634, "Gold": 0.035756853396909205}
