{"FTSE100": 0.03612862309658357, "DJIA": 0.29420127390033735, "GBPUSD": 0.14185515013003575, "Gold": -0.14097515920468798}
