{"FTSE100": -0.041369729090024815, "DJIA": 0.08574954147668495, "GBPUSD": -0.1292677362938206, "Gold": 0.949224047009184}
