{"FTSE100": 1.4177867545213159, "DJIA": 1.3550884789530069, "GBPUSD": 0.22222222222221602, "Gold": 0.1364463311097543}
