{"FTSE100": 0.12001996208304712, "DJIA": 0.9339390297073944, "GBPUSD": -0.03093102381688493, "Gold": 0.0}
