{"FTSE100": 0.03273216097226875, "DJIA": 0.3853179154728225, "GBPUSD": -0.25751786010964284, "Gold": -0.315148880678111}
