{"FTSE100": -0.9580122092957633, "DJIA": -1.3549674215902217, "GBPUSD": -0.11867088607595386, "Gold": -0.49370849353373736}
