{"FTSE100": 0.6593820648078395, "DJIA": 0.4407269131518739, "GBPUSD": -0.3992015968063964, "Gold": -0.3087090743075746}
