{"FTSE100": -0.22934835663081382, "DJIA": 0.0, "GBPUSD": 0.16828271496113398, "Gold": -0.5436935152846256}
