{"FTSE100": -0.424174137475926, "DJIA": 0.5270381416418123, "GBPUSD": 0.007712478790682476, "Gold": 0.6644929629782454}
