{"FTSE100": -0.25551119511628323, "DJIA": 1.5606873892359068, "GBPUSD": 0.7958408318336255, "Gold": 1.4427899081861002}
