{"FTSE100": 1.171617550136535, "DJIA": 0.1379078998863269, "GBPUSD": 0.052746590309692025, "Gold": 2.4196293202141237}
