{"FTSE100": 0.3962575817240739, "DJIA": 0.5534934918897194, "GBPUSD": -0.032908268202382226, "Gold": 0.20303483650352394}
