{"FTSE100": 0.12304205749213061, "DJIA": 0.2615040911995162, "GBPUSD": 0.0339430511031538, "Gold": -0.1267742176042136}
