{"FTSE100": 0.46363201428381184, "DJIA": -0.422202883030337, "GBPUSD": 0.04097902618932686, "Gold": 0.0}
