{"FTSE100": 0.5704276657417866, "DJIA": 0.29258762146241046, "GBPUSD": 0.02414681262074928, "Gold": 0.019952114924175157}
