{"FTSE100": 0.7440360222801333, "DJIA": 1.0031848348753987, "GBPUSD": -0.01620351616300559, "Gold": 0.06686210975672244}
