{"FTSE100": 0.0963566069220297, "DJIA": 0.23255092098790875, "GBPUSD": -0.08762845534932692, "Gold": 0.36905965621841164}
