{"FTSE100": -0.546162681584301, "DJIA": -0.7428935919073757, "GBPUSD": -0.48078743138368935, "Gold": -0.03643872221548259}
