{"FTSE100": -2.577581033381304, "DJIA": -0.28361335320611575, "GBPUSD": -0.1477711189557345, "Gold": 0.026154731390908615}
