{"FTSE100": 0.22483925014451078, "DJIA": -0.3269597669235241, "GBPUSD": -0.34121171770971975, "Gold": 0.17147143928839595}
