{"FTSE100": 0.2143701871232344, "DJIA": 0.2696752076129649, "GBPUSD": -0.02951158329645698, "Gold": 0.0}
