{"FTSE100": 0.3294792629708741, "DJIA": -0.8272700735603145, "GBPUSD": 0.3976472537486468, "Gold": -0.6072227548737664}
