{"FTSE100": -0.38310577915251737, "DJIA": -0.14190121399148084, "GBPUSD": -0.0774893452150244, "Gold": 0.01248907206195337}
