{"FTSE100": 0.06663709177762679, "DJIA": 0.0, "GBPUSD": -0.037064492216452555, "Gold": -1.761869079870131}
