{"FTSE100": -0.2151308278723408, "DJIA": 1.7163406475245196e-14, "GBPUSD": 0.08076892011954705, "Gold": 0.0752190755575614}
