{"FTSE100": 0.2893365785949617, "DJIA": -0.6125483595503677, "GBPUSD": 0.18907968358094257, "Gold": 0.01461934870800176}
