{"FTSE100": -0.1892952995276024, "DJIA": 0.8883872322055988, "GBPUSD": 0.40297238345226644, "Gold": -1.5039819995855221}
