{"FTSE100": -0.026443331806380903, "DJIA": -0.37998190086207523, "GBPUSD": -0.39351487486226144, "Gold": 0.13367660164371808}
