{"FTSE100": -0.3010770574292029, "DJIA": 0.16635361271460578, "GBPUSD": 0.18100259699378046, "Gold": -0.22711318495271915}
