{"FTSE100": 0.5926560607240813, "DJIA": 0.5691882314080857, "GBPUSD": 0.7638498030071612, "Gold": 0.6924996181068236}
