{"FTSE100": -0.017002095607132492, "DJIA": -0.5412225972964565, "GBPUSD": 0.31451486082717434, "Gold": 0.0}
