{"FTSE100": -0.09582349779138874, "DJIA": 0.6210782430528998, "GBPUSD": 0.3966093786453149, "Gold": 0.5974025974025974}
