{"FTSE100": 0.2776358803617793, "DJIA": -0.9542945853574992, "GBPUSD": -0.3049710277523638, "Gold": 0.04535490210899607}
