{"FTSE100": -0.6070128179831652, "DJIA": -0.8971670233218856, "GBPUSD": -0.06977285060856663, "Gold": 0.26293685863491284}
