{"FTSE100": 0.638230076069146, "DJIA": 1.0599285535638696, "GBPUSD": -0.12275586926500273, "Gold": -0.010115314586285933}
