{"FTSE100": 0.9421927033276115, "DJIA": 0.9981709717002313, "GBPUSD": 0.21119324181625665, "Gold": 0.17794498957750773}
