{"FTSE100": -0.4752394785980018, "DJIA": -0.0025749426324333025, "GBPUSD": -0.24989743015924376, "Gold": -0.4229218707491383}
