{"FTSE100": -0.3177595777485519, "DJIA": 0.47323261775398445, "GBPUSD": 0.6056074766355136, "Gold": 0.029248976285834085}
