{"FTSE100": -0.5271906403999888, "DJIA": -0.6459536137669861, "GBPUSD": 0.05507041145463951, "Gold": 0.19279870772758298}
