{"FTSE100": -0.3267844899448917, "DJIA": -0.45902704795618826, "GBPUSD": -0.17351526145594917, "Gold": 0.6167164636481999}
