{"FTSE100": 0.1136540229309846, "DJIA": 0.6317087761141565, "GBPUSD": 0.6428218229767619, "Gold": -0.5768306361160167}
