{"FTSE100": 0.7648569563786098, "DJIA": 0.899140375938602, "GBPUSD": -0.04792273380763206, "Gold": -1.9502913545011404}
