{"FTSE100": 0.06529387640571879, "DJIA": 0.2994536296275326, "GBPUSD": -0.26334334779866786, "Gold": 0.15935784689841337}
