{"FTSE100": -0.035920397534958536, "DJIA": -0.25061055931952125, "GBPUSD": -0.3758970269962418, "Gold": -0.7500297630858404}
