{"FTSE100": -0.1638711121217577, "DJIA": 0.23839424343233565, "GBPUSD": 0.18541409147094853, "Gold": 0.10806051388776985}
