{"FTSE100": -0.1989866841277584, "DJIA": -0.5618624186262472, "GBPUSD": 0.0, "Gold": -0.7371894009691814}
