{"FTSE100": -0.012030727661809975, "DJIA": -0.7156252646692237, "GBPUSD": -0.17085128509879427, "Gold": 0.2780009990660943}
