{"FTSE100": 0.4335509589127163, "DJIA": 0.6057505483321345, "GBPUSD": 0.3148862473431476, "Gold": 0.5765174595734793}
