{"FTSE100": -0.8085558272488911, "DJIA": -0.9771354349678317, "GBPUSD": -0.46423794161617876, "Gold": -0.08774646433364537}
