{"FTSE100": -0.7811799597295004, "DJIA": -0.819270447529468, "GBPUSD": -0.21159874608149878, "Gold": 0.1910665760869565}
