{"FTSE100": 0.6617146236924588, "DJIA": 0.11332995823084009, "GBPUSD": 0.04991265285749387, "Gold": 0.0}
