{"FTSE100": -0.09395814414220721, "DJIA": -0.6011228529486956, "GBPUSD": 0.6922733363108595, "Gold": 1.2395535363733192}
