{"FTSE100": -1.1133506941890197, "DJIA": -0.16809445488531832, "GBPUSD": 0.3127792672028583, "Gold": 2.5934966437102256}
