{"FTSE100": 0.0427651233026982, "DJIA": -0.474474719137322, "GBPUSD": -0.11587485515642659, "Gold": 0.0}
