{"FTSE100": -0.4102032869192433, "DJIA": -1.0023795171968468, "GBPUSD": -0.07155919535659544, "Gold": 0.4599734630694423}
