{"FTSE100": 0.9877283452605671, "DJIA": 0.6284138112126875, "GBPUSD": 0.5708848715508938, "Gold": 0.03666457154829486}
