{"FTSE100": 0.68780946838933, "DJIA": 0.14716746857850027, "GBPUSD": 0.23766141170879457, "Gold": 2.009092242264268}
