{"FTSE100": 0.5031439899899145, "DJIA": 0.08288397637216474, "GBPUSD": -0.3234714003944767, "Gold": 0.5788926822027631}
