{"FTSE100": -0.37155046455755464, "DJIA": -1.5270081147355825, "GBPUSD": -0.06300700952980325, "Gold": 1.5503211991434807}
