{"FTSE100": 0.5563900461796417, "DJIA": 0.6744767593329295, "GBPUSD": -0.23333592595474167, "Gold": -0.8553938460291224}
