{"FTSE100": -0.28718214791396546, "DJIA": -0.38453006172271775, "GBPUSD": 0.26076112013906905, "Gold": 2.5010097244229033}
