{"FTSE100": 0.08845393577015513, "DJIA": 0.3307560788981804, "GBPUSD": 0.5925214188485748, "Gold": 0.2740899357601752}
