{"FTSE100": 0.13690824986971206, "DJIA": 0.22115950520776653, "GBPUSD": 0.10710733685256259, "Gold": 0.0}
