{"FTSE100": -0.10506328355706225, "DJIA": 1.3863842059128055, "GBPUSD": 0.21010038129327868, "Gold": -0.06930006930006188}
