{"FTSE100": -0.4211110240161121, "DJIA": -0.12173146939566765, "GBPUSD": 0.02332996344972136, "Gold": 0.340651021953062}
