{"FTSE100": 0.02483586346216863, "DJIA": -0.10146210128758919, "GBPUSD": 0.5182514646236973, "Gold": 0.06397757738240034}
