{"FTSE100": -0.98903556920312, "DJIA": -0.47556003243707184, "GBPUSD": -0.37672666387608267, "Gold": -0.1299902507311906}
