{"FTSE100": 0.017129646416589137, "DJIA": 0.11376013625401434, "GBPUSD": 0.07483785132212713, "Gold": 0.03271180896304309}
