{"FTSE100": 0.45310923557453064, "DJIA": -0.6280514052332244, "GBPUSD": -0.23379225887853833, "Gold": 0.0}
