{"FTSE100": 0.260212456410624, "DJIA": 0.0, "GBPUSD": -0.07922674694976152, "Gold": 1.7362677009109768}
