{"FTSE100": -0.15262139019599122, "DJIA": -0.6520909716923109, "GBPUSD": 0.3924954863019166, "Gold": 1.0159714150415389}
