{"FTSE100": 0.9080532926565162, "DJIA": -0.20337129924703878, "GBPUSD": -0.18417680973734532, "Gold": 0.0}
