{"FTSE100": 0.5088209326391392, "DJIA": -0.39551219010609984, "GBPUSD": -0.03934839065081805, "Gold": -0.17823930564165796}
