{"FTSE100": 0.5233809130443895, "DJIA": 0.382927044853433, "GBPUSD": -0.15126184221001615, "Gold": -1.313208834313984}
