{"FTSE100": 0.16044320013837474, "DJIA": -0.7580271592361629, "GBPUSD": -0.26636532407781743, "Gold": 0.0}
