{"FTSE100": 0.12032149393883282, "DJIA": -0.6509155777175725, "GBPUSD": 0.20890845333133728, "Gold": 1.7405728704266157}
