{"FTSE100": -0.08465746288095428, "DJIA": -0.09677257692693851, "GBPUSD": -0.039475761882217505, "Gold": 0.029411764705893816}
