{"FTSE100": -0.1362636231455053, "DJIA": 0.020301566271700242, "GBPUSD": 0.5194805194805344, "Gold": 1.1712878984192867}
