{"FTSE100": 2.7064117744816962, "DJIA": 0.5957234970605114, "GBPUSD": 0.4677856833995143, "Gold": 0.8064242876020797}
