{"FTSE100": 0.3695001636508228, "DJIA": 2.5062194874201817, "GBPUSD": -0.7666867107636791, "Gold": -2.7732805660490496}
