{"FTSE100": 0.33054137351955426, "DJIA": -0.33588448142926675, "GBPUSD": -0.10670606582944092, "Gold": 0.0}
