{"FTSE100": 0.3695371004380146, "DJIA": 0.8120616239471143, "GBPUSD": -0.35071668191521327, "Gold": 0.33638219064177527}
