{"FTSE100": 0.7972982649971403, "DJIA": -0.207964188578472, "GBPUSD": -0.7199541847337102, "Gold": -2.12388456922194}
