{"FTSE100": 0.12641008715080265, "DJIA": 0.293170164287002, "GBPUSD": 0.5904412351392382, "Gold": 0.09541026413578843}
