{"FTSE100": 0.40491907759789053, "DJIA": 1.5774460717160004, "GBPUSD": 0.0, "Gold": 0.015028554253078575}
