{"FTSE100": -0.06347737602979418, "DJIA": -0.107157370322774, "GBPUSD": 0.054884742041706354, "Gold": 0.06338139755980658}
