{"FTSE100": 0.5619295782088253, "DJIA": 0.12842318672237388, "GBPUSD": 0.38332159899868, "Gold": 0.7160713529087789}
