{"FTSE100": 0.18210916742452773, "DJIA": -0.09432501080713554, "GBPUSD": 0.2906976744186223, "Gold": 0.278434777401866}
