{"FTSE100": 0.1616615489998225, "DJIA": -0.1010870042331129, "GBPUSD": 0.22388059701491728, "Gold": 1.2658227848101193}
