{"FTSE100": 0.28345774933403833, "DJIA": -0.4457888358008879, "GBPUSD": -0.5641693297037117, "Gold": -0.35030521642618995}
