{"FTSE100": -0.443323355400266, "DJIA": -0.5169346533361571, "GBPUSD": 0.031429244912387515, "Gold": 0.0}
