{"FTSE100": 0.33343708134295474, "DJIA": 0.2607616218757503, "GBPUSD": -0.09869232667159042, "Gold": 0.36962025316456615}
