{"FTSE100": -0.3786244676722941, "DJIA": 0.40379188180452935, "GBPUSD": 0.2668903461949107, "Gold": -0.1447468939728965}
