{"FTSE100": -0.11337838198765768, "DJIA": 0.3320383874025073, "GBPUSD": 0.05552470849527428, "Gold": 0.0}
