{"FTSE100": -0.37166802819883366, "DJIA": 0.3636407946585871, "GBPUSD": 0.05484603933245671, "Gold": 0.3354117394108872}
