{"FTSE100": -0.29642104906816136, "DJIA": 0.02506999065926413, "GBPUSD": 0.42796005706134377, "Gold": 0.0}
