{"FTSE100": 0.20163176642715686, "DJIA": 0.6223204046828232, "GBPUSD": 0.08224360555967694, "Gold": 0.0}
