{"FTSE100": 0.4120508051919327, "DJIA": 1.6890311261240565e-14, "GBPUSD": 0.16550556175667575, "Gold": 0.14210919970082955}
