{"FTSE100": -0.13001605338854486, "DJIA": -1.7280440208378673, "GBPUSD": -1.5556110140587438, "Gold": -1.2067752584014262}
