{"FTSE100": -0.5583559704633365, "DJIA": 0.5516625720786568, "GBPUSD": -0.087449146420287, "Gold": -0.21610372979030296}
