{"FTSE100": 0.23549978035115815, "DJIA": 0.21456085998331217, "GBPUSD": -0.4206642066420529, "Gold": -0.24308994327902414}
