{"FTSE100": 0.30490595950598437, "DJIA": -0.16065806234268626, "GBPUSD": 0.16417910447761042, "Gold": 1.1254700492558656}
