{"FTSE100": -0.6317817998664205, "DJIA": -0.36454083119177816, "GBPUSD": -0.3572663362913312, "Gold": 0.4550707887893639}
