{"FTSE100": -0.35220957193699465, "DJIA": -0.32647052721014186, "GBPUSD": -0.5579567779960617, "Gold": -0.3859871989055486}
