{"FTSE100": 0.4883231087611909, "DJIA": 0.4896193646091157, "GBPUSD": -0.039360780917889075, "Gold": 0.23784812316208268}
