{"FTSE100": 0.9832992324709422, "DJIA": -0.16270529702400935, "GBPUSD": -0.13460015835313022, "Gold": 0.3568950133835652}
