{"FTSE100": -0.6760643380273589, "DJIA": 0.28067945675377753, "GBPUSD": 0.8813919914900125, "Gold": 0.0}
