{"FTSE100": -0.08685202094944072, "DJIA": 0.06949665419170171, "GBPUSD": -0.8868309527546591, "Gold": -0.871894788114947}
