{"FTSE100": 0.6978453538734489, "DJIA": -0.8586024389241369, "GBPUSD": -0.1413982717989021, "Gold": 0.11951000896325843}
