{"FTSE100": -0.5093864468864406, "DJIA": -0.3267555029162249, "GBPUSD": -0.10291323622546539, "Gold": -0.5187490736623684}
