{"FTSE100": 0.07517132300202807, "DJIA": 0.006287942951395388, "GBPUSD": -0.429902077860031, "Gold": 0.22246941045605537}
