{"FTSE100": 0.05470409849461254, "DJIA": -0.254550442705645, "GBPUSD": -0.23212114513098162, "Gold": 0.2477094338496352}
