{"FTSE100": -0.6536063943443451, "DJIA": 0.07492422732759449, "GBPUSD": -0.07061592781482157, "Gold": 0.20168780850273096}
