{"FTSE100": 1.1955088974673025, "DJIA": 0.9595131249361981, "GBPUSD": 0.07528986598404697, "Gold": 1.2679127725856782}
