{"FTSE100": 0.7955447106879341, "DJIA": 0.4811218096983887, "GBPUSD": -0.2381129548329557, "Gold": 0.0}
