{"FTSE100": 0.13103871915925971, "DJIA": -0.4798065636487061, "GBPUSD": -0.36462745386910317, "Gold": -0.85449727573169}
