{"FTSE100": -1.020518761696703, "DJIA": -0.9409306361452374, "GBPUSD": 0.09171507184347981, "Gold": -0.36675741076829316}
