{"FTSE100": -0.14346524942141226, "DJIA": -0.8952859304793712, "GBPUSD": -0.27262010020629346, "Gold": -2.4924944383248135}
