{"FTSE100": 0.3294792629708741, "DJIA": -0.7338358320316399, "GBPUSD": -0.09899356541825521, "Gold": 0.0}
