{"FTSE100": 0.5439878535544713, "DJIA": 0.17665574821006988, "GBPUSD": -0.03346844669218991, "Gold": 0.45042699437617634}
