{"FTSE100": -0.1362636231455053, "DJIA": 0.020301566271700242, "GBPUSD": 0.4058441558441652, "Gold": 1.0987302409950788}
