{"FTSE100": -1.007148419102206, "DJIA": -1.192592695962823, "GBPUSD": 0.23819301848050306, "Gold": 3.5524256651017168}
