{"FTSE100": 0.10572100923314849, "DJIA": 0.6704195290423641, "GBPUSD": 0.2595972309628586, "Gold": -0.4782450486042546}
