{"FTSE100": -0.6639208896139811, "DJIA": -0.7463171662394951, "GBPUSD": -0.34256776884122264, "Gold": 0.0}
