{"FTSE100": -0.0650029813397421, "DJIA": -0.6125483595503677, "GBPUSD": 0.2276673741076603, "Gold": 0.01461934870800176}
