{"FTSE100": -0.5963706948293233, "DJIA": -1.810305551173148, "GBPUSD": -0.07289810464928907, "Gold": 0.0}
