{"FTSE100": 0.08360372079026045, "DJIA": -0.0606378799878433, "GBPUSD": 0.243003841028463, "Gold": -0.00423764725823837}
