{"FTSE100": 0.3294890949969281, "DJIA": 0.5928974953895598, "GBPUSD": 0.05695409499943262, "Gold": -0.0595261716734791}
