{"FTSE100": 0.6922372752287939, "DJIA": 1.0213862227792982, "GBPUSD": 0.09945681279166527, "Gold": 0.5634091374718295}
