{"FTSE100": -1.3649401860357164, "DJIA": -0.871776794605106, "GBPUSD": -0.36002191437739195, "Gold": -0.28855567578708247}
