{"FTSE100": -0.9177546233358049, "DJIA": -2.079379052991333, "GBPUSD": -0.015535187199004036, "Gold": -0.2870978900034496}
