{"FTSE100": 0.08670502558960207, "DJIA": -0.6125483595503677, "GBPUSD": 0.20888132446233534, "Gold": -0.07668151610313166}
