{"FTSE100": 0.14268048024270055, "DJIA": -0.31988677401942933, "GBPUSD": 0.26111608475082504, "Gold": 0.5368326871458395}
