{"FTSE100": -0.033858672989997854, "DJIA": 0.11940301321730427, "GBPUSD": 0.24709570348515317, "Gold": 0.10078553431154857}
