{"FTSE100": 0.49785611587956313, "DJIA": -0.13625368641594268, "GBPUSD": -0.6363347120585433, "Gold": -0.49243756595145743}
