{"FTSE100": 0.10508489855314905, "DJIA": 0.08444918483118927, "GBPUSD": -0.09679761232555198, "Gold": -0.21250129573960344}
