{"FTSE100": 0.7470435074305112, "DJIA": 0.2980972101560609, "GBPUSD": -0.21447295257765878, "Gold": -0.13046314416176974}
