{"FTSE100": -0.021826068178184287, "DJIA": -1.6946282708172697, "GBPUSD": 0.0950118764845501, "Gold": 0.4323257080609959}
