{"FTSE100": -0.888614005317937, "DJIA": -0.08095507633286396, "GBPUSD": 0.11415525114153992, "Gold": 2.3936716663242197}
