{"FTSE100": 0.0014769272318083384, "DJIA": -0.1565264952520663, "GBPUSD": -0.46718576195772876, "Gold": 0.8205647714321918}
