{"FTSE100": 0.2617387485808563, "DJIA": -1.0456165539326052, "GBPUSD": 0.22419662874698368, "Gold": 0.0}
