{"FTSE100": 0.35466872694390655, "DJIA": 0.25589541253462206, "GBPUSD": -0.6081459550292111, "Gold": 0.781735159817355}
