{"FTSE100": 1.026941312529564, "DJIA": 1.3286342748421298, "GBPUSD": -0.16419013217305656, "Gold": -0.20400690484908005}
