{"FTSE100": -0.45165881120847645, "DJIA": 0.26200112265296216, "GBPUSD": 0.04127115146514633, "Gold": -0.18514562415438726}
