{"FTSE100": -0.24379104143540586, "DJIA": 1.5159902469355957, "GBPUSD": 0.7271909438488673, "Gold": -4.378172588832495}
