{"FTSE100": 0.6623560369953979, "DJIA": -0.9733856435851889, "GBPUSD": -0.055768005098782894, "Gold": 0.24174053182915953}
