{"FTSE100": 0.38975994330765434, "DJIA": 0.7227088649545987, "GBPUSD": 0.14479500076207993, "Gold": 0.8877590926867529}
