{"FTSE100": 0.124376111218216, "DJIA": -1.0456165539326052, "GBPUSD": 0.14946441916464348, "Gold": 0.0}
