{"FTSE100": 0.24010487031660974, "DJIA": -0.35866167652239184, "GBPUSD": -0.4702832808739016, "Gold": -0.440168104401673}
