{"FTSE100": -1.1623134741590138, "DJIA": -0.4687382804399733, "GBPUSD": -0.2791919855476965, "Gold": 1.8151557705310288}
