{"FTSE100": -0.1490057738280976, "DJIA": 0.30194559396477405, "GBPUSD": -0.020032853880352697, "Gold": 0.1542074089650612}
