{"FTSE100": 0.03807434955202505, "DJIA": 1.0547228733598666, "GBPUSD": 0.16535433070866068, "Gold": 0.0}
