{"FTSE100": 0.1520693226360359, "DJIA": 0.05590755505569928, "GBPUSD": 0.24951706374759358, "Gold": -0.40193335029253946}
