{"FTSE100": 0.7265562322803542, "DJIA": 1.4242348819290567, "GBPUSD": 0.18571539116303937, "Gold": -0.23563771530982586}
