{"FTSE100": 0.576633488816253, "DJIA": -0.03291344220424867, "GBPUSD": 0.17242730621521904, "Gold": 0.5961925907651824}
