{"FTSE100": -1.841810902727126, "DJIA": 0.08042907520343401, "GBPUSD": 0.0, "Gold": 0.23670639952658334}
