{"FTSE100": -0.8960147168434932, "DJIA": -1.6292390189370023, "GBPUSD": 0.19569471624265797, "Gold": 0.0}
