{"FTSE100": -1.0438828711252996, "DJIA": 0.3618587411279183, "GBPUSD": -0.21225097747160818, "Gold": -1.5016635194676777}
