{"FTSE100": -0.5014987618923441, "DJIA": -0.6293832205147836, "GBPUSD": 0.7090484247844588, "Gold": 1.9607843137254948}
