{"FTSE100": 0.37283427151108345, "DJIA": -0.2790299128069409, "GBPUSD": -0.36138358286010225, "Gold": -0.5203533026113566}
