{"FTSE100": 0.3942172507855836, "DJIA": 0.5258353021775473, "GBPUSD": -0.1601788042465915, "Gold": 0.0}
