{"FTSE100": -0.11490243278940114, "DJIA": -0.2212937402074206, "GBPUSD": -0.01654807214959275, "Gold": -0.5573770491803179}
