{"FTSE100": -0.05031599493065589, "DJIA": 0.4712900155928925, "GBPUSD": -0.06873377119292216, "Gold": 0.31397944415825857}
