{"FTSE100": -0.4711430974720083, "DJIA": -0.14190121399148084, "GBPUSD": -0.18597442851607576, "Gold": -0.0914913083257015}
