{"FTSE100": 0.8952778868459181, "DJIA": 1.0048600540112893, "GBPUSD": 0.1238581823811771, "Gold": 0.2529780965799952}
