{"FTSE100": -0.5898225784036513, "DJIA": -0.21531337491151747, "GBPUSD": 0.15863803443606944, "Gold": 0.3591009650838524}
