{"FTSE100": 0.027223954986236552, "DJIA": -0.5507333579038514, "GBPUSD": 0.1970055161544481, "Gold": 0.4249893752656183}
