{"FTSE100": 0.0, "DJIA": 0.09381604038431346, "GBPUSD": -0.6707868555923958, "Gold": -0.26821804994145904}
