{"FTSE100": 0.1129432556074866, "DJIA": -0.37501581505559534, "GBPUSD": 0.16920473773266292, "Gold": 0.24484750517032786}
