{"FTSE100": -0.00952372706729227, "DJIA": 0.3224715003418129, "GBPUSD": -0.16994032328181435, "Gold": 0.28321123782191676}
