{"FTSE100": 0.7731712895651234, "DJIA": 0.20133894915513728, "GBPUSD": -0.2014666774115518, "Gold": 1.4159662400167372}
