{"FTSE100": 0.3143203708942084, "DJIA": 0.3411859521503659, "GBPUSD": -0.34837927900635696, "Gold": 0.0}
