{"FTSE100": 0.08244250510624088, "DJIA": -0.025100906291881178, "GBPUSD": 0.20144743714093297, "Gold": 2.0661255955373425}
