{"FTSE100": 1.3030397906305606, "DJIA": 0.7221393780165964, "GBPUSD": -0.24606666169561245, "Gold": 3.361898483849695}
