{"FTSE100": 0.4091428708231372, "DJIA": 0.2948045121425698, "GBPUSD": 0.032010243277845386, "Gold": -0.09076763485476785}
