{"FTSE100": 1.4177867545213159, "DJIA": 1.525488826605771, "GBPUSD": 0.40329218106995096, "Gold": 0.1364463311097543}
