{"FTSE100": 0.34354917840629035, "DJIA": 1.5083119312081201, "GBPUSD": -0.09419891671244743, "Gold": 0.3314821989754108}
