{"FTSE100": -0.017812494679167797, "DJIA": 0.05518319219153589, "GBPUSD": -0.11025358324146069, "Gold": 0.0}
