{"FTSE100": 0.7148862992173902, "DJIA": 0.0, "GBPUSD": 0.985833816585206, "Gold": 0.12783636944711255}
