{"FTSE100": 0.5406368665599224, "DJIA": 1.001197626385646, "GBPUSD": 0.6325008108984779, "Gold": 0.7516505840528279}
