{"FTSE100": 0.3708885018656819, "DJIA": 0.3497367967820414, "GBPUSD": -0.6600783143762837, "Gold": -0.9551645172954024}
