{"FTSE100": -0.29225928911308763, "DJIA": 0.07576690339000201, "GBPUSD": 0.05426356589146689, "Gold": 0.0}
