{"FTSE100": 0.6113375535762694, "DJIA": 0.40277986563212687, "GBPUSD": -0.12301099162731165, "Gold": -1.1965871254162042}
