{"FTSE100": 0.42211250437397235, "DJIA": 0.4262114479541502, "GBPUSD": 0.011010386464571843, "Gold": 0.9058228567946757}
