{"FTSE100": 0.2272218048581153, "DJIA": 0.8874720413992259, "GBPUSD": 0.36955496147192374, "Gold": 0.46987574396992793}
