{"FTSE100": -0.18176982326893587, "DJIA": -0.17851534406947844, "GBPUSD": 0.07178750897344842, "Gold": -0.010003501225431173}
