{"FTSE100": 0.33358240455267685, "DJIA": 0.5370553617606709, "GBPUSD": -0.35360678925034955, "Gold": 0.09903570497785202}
