{"FTSE100": -0.049291435613065086, "DJIA": 0.27325301549328884, "GBPUSD": 0.032195750160993075, "Gold": -1.1905367590943712}
