{"FTSE100": 0.7874970521373037, "DJIA": 0.06517049275640284, "GBPUSD": -0.4365850974061636, "Gold": -0.17202891724181418}
