{"FTSE100": -0.01665734029123987, "DJIA": -0.24781650419012533, "GBPUSD": -0.1419222581408203, "Gold": -0.18187180495478006}
