{"FTSE100": -0.06347737602979418, "DJIA": -0.04289773007241864, "GBPUSD": 0.1884570082449908, "Gold": 0.39764593605853343}
