{"FTSE100": -0.8400105429625696, "DJIA": -0.9782146707198871, "GBPUSD": -0.15650741350906203, "Gold": -0.2710581496445651}
