{"FTSE100": -0.12976891664196757, "DJIA": 0.039785602364751205, "GBPUSD": 0.007908264136038833, "Gold": 0.2978760145052707}
