{"FTSE100": 0.5020383512003578, "DJIA": 1.1120995521899237, "GBPUSD": 0.46147507210548405, "Gold": 0.2861925589934637}
