{"FTSE100": 0.3131765446033916, "DJIA": -0.7519028174464846, "GBPUSD": -0.9685230024213083, "Gold": -0.7253333333333204}
