{"FTSE100": -0.009523502932166321, "DJIA": 0.23634814242700203, "GBPUSD": -0.007878358150160638, "Gold": 0.16666666666667113}
