{"FTSE100": 0.6540813811027487, "DJIA": 0.6914002799336821, "GBPUSD": -0.1670616574070379, "Gold": 0.3484987745098004}
