{"FTSE100": 0.31097278600053246, "DJIA": -0.42135113965951027, "GBPUSD": -0.5116316252298314, "Gold": 0.0}
