{"FTSE100": -0.016053271580899982, "DJIA": 0.7955544708420131, "GBPUSD": -0.15822784810126597, "Gold": 0.4729758782302102}
