{"FTSE100": 0.3294792629708741, "DJIA": -0.7515977638228728, "GBPUSD": 0.3893629359622174, "Gold": -0.6072227548737664}
