{"FTSE100": 0.01238563139725878, "DJIA": 0.09312923497167463, "GBPUSD": 0.1595251344834054, "Gold": -0.19909502262442969}
