{"FTSE100": 0.3981113238735933, "DJIA": -0.8440343786204596, "GBPUSD": 0.0, "Coffee": 0.0, "Gold": -0.005586592178765869}
