{"FTSE100": 0.7440360222801333, "DJIA": 1.0031848348753987, "GBPUSD": 0.17447050231275635, "Gold": 0.12347584503781915}
