{"FTSE100": -0.16975017989172075, "DJIA": -0.5496796595544707, "GBPUSD": -0.398881640260948, "Gold": 0.16219070609534275}
