{"FTSE100": -0.4294047711935159, "DJIA": 0.128845672021157, "GBPUSD": 0.09442127626090704, "Gold": -0.2322700526478786}
