{"FTSE100": -1.1007438013345483, "DJIA": -0.8762132551870067, "GBPUSD": 0.183062718879353, "Gold": 0.8675934141772605}
