{"FTSE100": 0.16871579445973245, "DJIA": 0.14637127657105953, "GBPUSD": -0.055044428717458745, "Gold": 0.06865774116031192}
