{"FTSE100": 0.1484168216229201, "DJIA": 1.2633361362158366, "GBPUSD": -0.1459617255919578, "Gold": -0.3098019299136571}
