{"FTSE100": -0.4440607716146937, "DJIA": -0.8585878386325305, "GBPUSD": -0.02467105263157623, "Gold": -0.31778058007565974}
