{"FTSE100": -0.05031599493065589, "DJIA": 0.6586599621454292, "GBPUSD": 0.05345959981670405, "Gold": 0.31397944415825857}
