{"FTSE100": 0.7236191983496171, "DJIA": 0.1943430954406277, "GBPUSD": -0.15433352286573088, "Gold": 0.43784707390003297}
