{"FTSE100": -0.4442989181361289, "DJIA": -0.11328302823798174, "GBPUSD": -0.04749841671943745, "Gold": 0.6373202904994745}
