{"FTSE100": -0.16122405533414896, "DJIA": 0.48672578462557897, "GBPUSD": -0.40822991508818707, "Gold": -0.2681779082123251}
