{"FTSE100": 0.5926560607240813, "DJIA": 0.6147087039215176, "GBPUSD": 0.7799308514915206, "Gold": 0.7536025255868402}
