{"FTSE100": 0.17305412362693195, "DJIA": -1.0210169772739706, "GBPUSD": -0.2519737947253581, "Gold": 0.11990407673859918}
