{"FTSE100": 0.19104902415249447, "DJIA": 0.21459202793874604, "GBPUSD": -0.12445785404487493, "Gold": 0.49474181438480697}
