{"FTSE100": -0.5402262446720867, "DJIA": 0.7722443186353741, "GBPUSD": -0.1896483603318813, "Gold": 0.008496898631991592}
