{"FTSE100": 0.08670502558960207, "DJIA": -0.5016861190820291, "GBPUSD": 0.23982670586415772, "Gold": -0.05477251150222741}
