{"FTSE100": -0.3422605654627961, "DJIA": -0.7445889782479554, "GBPUSD": -0.3432585615071599, "Gold": 0.0}
