{"FTSE100": 0.644911948682123, "DJIA": -0.507374573065161, "GBPUSD": -0.7855459544383353, "Gold": 0.0}
