{"FTSE100": 0.0, "DJIA": 0.17398569450957196, "GBPUSD": 0.08913980092111795, "Gold": -0.5538301153269769}
