{"FTSE100": -0.37382456292673283, "DJIA": 0.4697663719506376, "GBPUSD": 0.15697385045370094, "Gold": 0.2832540222071153}
