{"FTSE100": -0.317632134478154, "DJIA": 0.00551109960615874, "GBPUSD": 0.7609286435282266, "Gold": 1.1808367071524966}
