{"FTSE100": -0.5964769240671847, "DJIA": 0.008833440401992205, "GBPUSD": 0.18951358180670003, "Gold": 0.0681723872191648}
