{"FTSE100": 0.6390502386750792, "DJIA": -0.7096213059205019, "GBPUSD": 0.15161187360357586, "Gold": 0.009873130275956236}
