{"FTSE100": 0.14889531839266193, "DJIA": 0.15609511883952565, "GBPUSD": -0.2705068024504789, "Gold": -0.5402099684028085}
