{"FTSE100": -0.09217452283282003, "DJIA": -0.37826407564846926, "GBPUSD": -0.13997347870928178, "Gold": 0.26121147130798206}
