{"FTSE100": -0.2059122918981229, "DJIA": -0.14992069262634208, "GBPUSD": -0.023655574830465775, "Gold": -0.19301707128763831}
