{"FTSE100": 0.24691741667669753, "DJIA": -0.018641102523978954, "GBPUSD": -0.680762453948436, "Gold": 0.0}
