{"FTSE100": 0.19734903892047434, "DJIA": -0.8024158270873926, "GBPUSD": 0.007959248646926854, "Gold": 2.1394064872325673}
