{"FTSE100": 0.0, "DJIA": -0.15830066251674343, "GBPUSD": -0.6126950412547864, "Gold": 0.12379842703175396}
