{"FTSE100": 1.375113210851078, "DJIA": 0.71200223359167, "GBPUSD": -0.7236237156678529, "Gold": -0.3795793285973008}
