{"FTSE100": -1.2405487260345316, "DJIA": -0.9450369243999552, "GBPUSD": -0.6860040265453639, "Gold": -1.132896756767264}
