{"FTSE100": 0.655568752049525, "DJIA": -0.107157370322774, "GBPUSD": 0.15681354869060699, "Gold": 0.06338139755980658}
