{"FTSE100": 0.8868902459734632, "DJIA": 0.2976393616679964, "GBPUSD": 0.34364261168386545, "Gold": 0.7554589671944483}
