{"FTSE100": -0.055379929390599617, "DJIA": 0.5160268773380287, "GBPUSD": 0.018597731076814842, "Gold": -1.0642319211421698}
