{"FTSE100": 0.08289530252034454, "DJIA": 0.1008409495247714, "GBPUSD": 0.07087172218285873, "Gold": 0.04145593234391841}
