{"FTSE100": 0.3611183002652636, "DJIA": 0.1338219295843244, "GBPUSD": 0.18767359807821835, "Gold": 0.07252185197908664}
