{"FTSE100": 0.5808539883829273, "DJIA": -0.8277072151929433, "GBPUSD": -0.39354442719427774, "Gold": 0.0}
