{"FTSE100": -0.85870824992097, "DJIA": -0.3470569860364145, "GBPUSD": 0.15686274509805678, "Gold": 1.249577845322533}
