{"FTSE100": 0.9832992324709422, "DJIA": -0.16537795202167066, "GBPUSD": -0.02377744313227922, "Gold": 0.0}
