{"FTSE100": 0.07766663022484271, "DJIA": -0.8611615933926299, "GBPUSD": 0.18292455295479623, "Gold": 0.9023564917842852}
