{"FTSE100": 0.4335509589127163, "DJIA": 0.6029774636330577, "GBPUSD": 0.40935212154609885, "Gold": 0.7686899460979654}
