{"FTSE100": -0.2607923756183723, "DJIA": -0.8463667374654162, "GBPUSD": 0.08781558726674642, "Gold": 0.0}
