{"FTSE100": -0.03519120114922095, "DJIA": -0.7109924298437138, "GBPUSD": -0.7680126682502012, "Gold": -0.5942733657482508}
