{"FTSE100": -0.5928423738757361, "DJIA": -0.22317395878720894, "GBPUSD": -0.2517213296808949, "Gold": -0.033342426722450476}
