{"FTSE100": 0.0499109327521569, "DJIA": -0.20583182580650172, "GBPUSD": -0.007963051441311434, "Gold": 0.492273447198322}
