{"FTSE100": -2.036524843083113, "DJIA": -2.1090281514125526, "GBPUSD": -0.30473511486169824, "Gold": -1.0141402481757993}
