{"FTSE100": -0.6760643380273589, "DJIA": -0.24775165612416652, "GBPUSD": 0.015136607886187847, "Gold": -0.18282957949197776}
