{"FTSE100": -0.03156668592843327, "DJIA": 0.34919893722060835, "GBPUSD": -0.22840040954555427, "Gold": 0.27565838050702124}
