{"FTSE100": -0.8061405330751009, "DJIA": -0.27951385052576544, "GBPUSD": 0.08259002312519738, "Gold": -0.18648253616249408}
