{"FTSE100": -0.3593047678516988, "DJIA": 1.2264276111757755, "GBPUSD": -0.016019223067697236, "Gold": -0.24140012070005806}
