{"FTSE100": -0.2179408615207367, "DJIA": 0.13096355092408493, "GBPUSD": -0.17441860465116202, "Gold": 0.016236402013311387}
