{"FTSE100": -0.1585118440211183, "DJIA": -0.5298774867595512, "GBPUSD": -0.485552813818355, "Gold": -0.5139653203197936}
