{"FTSE100": 0.3722565400313323, "DJIA": 0.20474588936478988, "GBPUSD": -0.28002240179214805, "Gold": 0.03461576500840893}
