{"FTSE100": 0.341277862137965, "DJIA": -0.7065868955328439, "GBPUSD": 0.4991680532445928, "Gold": 0.27885614303679307}
