{"FTSE100": 0.20787649264447056, "DJIA": -0.030124164077094923, "GBPUSD": 0.11484823625923443, "Gold": 0.14312451833094292}
