{"FTSE100": 0.3722565400313323, "DJIA": -0.007035426816887135, "GBPUSD": -0.37603008240658664, "Gold": 0.00989021857383273}
