{"FTSE100": -1.2623780547489263, "DJIA": -0.49322315972153385, "GBPUSD": -0.39798355001326435, "Gold": -2.784876639040826}
