{"FTSE100": 0.22870614567790004, "DJIA": 0.3349229209303808, "GBPUSD": -0.1734893507068659, "Gold": -0.23088975014430857}
