{"FTSE100": -3.1910630514010996, "DJIA": -0.8428946203931843, "GBPUSD": 0.35249882500393004, "Gold": 2.9342406683735316}
