{"FTSE100": -0.09486113841614394, "DJIA": 0.6210782430528998, "GBPUSD": 0.10109650828214316, "Gold": 0.42597402597402834}
