{"FTSE100": -0.5549929303748256, "DJIA": 0.234743583845753, "GBPUSD": 0.20602218700476685, "Gold": 1.0951760104302595}
