{"FTSE100": -0.5231132109600442, "DJIA": -0.39029174819030704, "GBPUSD": 0.07274397947855803, "Gold": 0.2832540222071153}
