{"FTSE100": -0.07580431197506962, "DJIA": 0.33557066492533033, "GBPUSD": -0.2284321937105089, "Gold": -0.08166598611677772}
