{"FTSE100": 0.8178118247413871, "DJIA": -0.6280514052332244, "GBPUSD": -0.12988458826584912, "Gold": 0.0}
