{"FTSE100": 0.5924024613738861, "DJIA": 1.2617376505069284, "GBPUSD": 0.07041702527189758, "Gold": 0.1838798651547609}
