{"FTSE100": -0.5130311611298336, "DJIA": 0.6217023551237342, "GBPUSD": -0.1924261083743972, "Gold": -0.6006628003314002}
