{"FTSE100": 0.3595862508421117, "DJIA": 0.6217023551237342, "GBPUSD": -0.21551724137932077, "Gold": -0.6006628003314002}
