{"FTSE100": -0.47747076457971654, "DJIA": -0.01416725966909566, "GBPUSD": -0.11768397928760668, "Gold": 0.313692685732211}
