{"FTSE100": 0.5637750959072669, "DJIA": 1.5774460717160004, "GBPUSD": 0.13149243918475062, "Gold": 0.015028554253078575}
