{"FTSE100": -0.2318684744797422, "DJIA": -0.2228864271728175, "GBPUSD": -0.07885191610155258, "Gold": -0.5747619456120825}
