{"FTSE100": -0.19795838216131095, "DJIA": 0.16928970244030098, "GBPUSD": 0.03721622627465165, "Gold": 0.0}
