{"FTSE100": 0.7164923984535534, "DJIA": 0.5568468948335348, "GBPUSD": 0.8874748827863314, "Gold": 0.3482202078266612}
