{"FTSE100": -0.1651833220470138, "DJIA": 0.09292343123922794, "GBPUSD": 0.09508957437906304, "Gold": 0.47513589691967717}
