{"FTSE100": -0.5784187890920525, "DJIA": -0.5389256699666518, "GBPUSD": 0.039215686274522904, "Gold": 0.3039513677811516}
