{"FTSE100": -0.12020443811865127, "DJIA": -0.3557265081615591, "GBPUSD": 0.3176367823393952, "Gold": 0.7805120556798432}
