{"FTSE100": -0.05154134644333555, "DJIA": -0.4716527227349482, "GBPUSD": -0.03947576188219998, "Gold": 0.3115022194533136}
