{"FTSE100": 0.08013797248515114, "DJIA": -0.12173146939566765, "GBPUSD": -0.06998989034916407, "Gold": -0.04205568172260072}
