{"FTSE100": -0.48409550853055455, "DJIA": 0.16702326473587073, "GBPUSD": 0.24695291962079824, "Gold": 0.025463434508046445}
