{"FTSE100": 0.5842243694164169, "DJIA": 0.13335475483852277, "GBPUSD": -0.20464963981662956, "Gold": 0.24465150174379496}
