{"FTSE100": -1.0322192847606013, "DJIA": -0.38299203886750255, "GBPUSD": -0.031466331025798926, "Gold": 0.17692667950252852}
