{"FTSE100": 0.24123184504515538, "DJIA": 0.14637127657105953, "GBPUSD": 0.1023058156921269, "Gold": -0.09011328527291061}
