{"FTSE100": 0.638230076069146, "DJIA": 1.0599285535638696, "GBPUSD": 0.0076722418290616065, "Gold": 1.3316943249334152}
