{"FTSE100": 0.3738416582630831, "DJIA": -0.026689074681673242, "GBPUSD": 0.22477321987638563, "Gold": 0.0}
