{"FTSE100": -0.019291926388704316, "DJIA": -0.5146119440976444, "GBPUSD": -0.5958217060110127, "Gold": 1.8023358205638465e-14}
