{"FTSE100": -0.37166802819883366, "DJIA": 0.18508709775186044, "GBPUSD": -0.1562011871290223, "Gold": -0.911957726071748}
