{"FTSE100": -0.03869594659960249, "DJIA": 0.09292343123922794, "GBPUSD": 0.08748240842873868, "Gold": 0.47513589691967717}
