{"FTSE100": -1.8224776003605432, "DJIA": 0.5526418234901154, "GBPUSD": -0.04018000642879661, "Gold": 0.9806407980387106}
