{"FTSE100": -0.7214454213764422, "DJIA": -0.36454083119177816, "GBPUSD": -0.5877607468018851, "Gold": 0.4550707887893639}
