{"FTSE100": -0.5809637949916178, "DJIA": -1.0023795171968468, "GBPUSD": -0.09541226047547824, "Gold": 0.30959752321981426}
