{"FTSE100": -1.3372584802488336, "DJIA": 0.0743451223590785, "GBPUSD": 0.18927444794952347, "Gold": -0.5233957918978331}
