{"FTSE100": -0.32385712433098557, "DJIA": 0.6189623624281557, "GBPUSD": -0.10945461407812426, "Gold": 0.07280228113813128}
