{"FTSE100": -0.8075238168114272, "DJIA": -1.1158460826290997, "GBPUSD": -0.42964145849967167, "Gold": -0.9004322074595805}
