{"FTSE100": -0.13106982803951883, "DJIA": 0.42698522857089755, "GBPUSD": -0.008214901831922203, "Gold": 2.0488953084042127}
