{"FTSE100": 0.3473704778515048, "DJIA": 1.724302765769174e-14, "GBPUSD": -1.1305396442568512, "Gold": -0.26821804994145904}
