{"FTSE100": -0.2531353167079039, "DJIA": -0.15578132955870114, "GBPUSD": -0.3392772605333731, "Gold": -0.9599999999999899}
