{"FTSE100": 0.4419400302834989, "DJIA": -0.5915571342052401, "GBPUSD": -0.3440275222017738, "Gold": 0.13351795074671374}
