{"FTSE100": -0.1867236972075008, "DJIA": 0.0, "GBPUSD": -0.15558148580318953, "Gold": 0.06109046479661039}
