{"FTSE100": -0.3890772232842236, "DJIA": -0.28361335320611575, "GBPUSD": -0.2544947048682276, "Gold": 0.026154731390908615}
