{"FTSE100": 0.3249682110971851, "DJIA": 0.13366356667734236, "GBPUSD": 0.9625750808563205, "Gold": 0.15335855229526632}
