{"FTSE100": 0.3187926320612398, "DJIA": 1.3564904820566428, "GBPUSD": -0.2799469574185799, "Gold": 0.27770903791690477}
