{"FTSE100": -0.8337292595570499, "DJIA": -0.9940569573174595, "GBPUSD": 0.01552433439416114, "Gold": -0.49372557087019436}
