{"FTSE100": 0.39387665523362725, "DJIA": 0.0, "GBPUSD": -0.5045651129264932, "Gold": 0.0}
