{"FTSE100": -0.08965730550433071, "DJIA": 0.12561002805738813, "GBPUSD": 0.5144847237612751, "Gold": 0.53899025861642}
