{"FTSE100": 0.1948557544763883, "DJIA": 1.0547228733598666, "GBPUSD": -0.06299212598424503, "Gold": -0.28127313101405466}
