{"FTSE100": -0.5360338289804468, "DJIA": -1.10201340876698, "GBPUSD": -0.07446632467318574, "Gold": 0.049180327868857426}
