{"FTSE100": -0.40920488744904787, "DJIA": 0.4262846506250717, "GBPUSD": 0.1723327588908195, "Gold": 0.5713722785932488}
