{"FTSE100": 0.0862167019268153, "DJIA": 0.2858317647443825, "GBPUSD": 0.14479302023390522, "Gold": -0.5015045135406219}
