{"FTSE100": -1.60516142222553, "DJIA": -2.4942617367967825, "GBPUSD": 1.2955060931072948, "Gold": -2.4363833243096913}
