{"FTSE100": -0.13762458065646035, "DJIA": 0.3745557446196195, "GBPUSD": 0.2613173468603543, "Gold": -0.003716090672609032}
