{"FTSE100": 0.8205519062932878, "DJIA": -0.11214988755090552, "GBPUSD": -0.3108348134991105, "Gold": 0.9036283799399206}
