{"FTSE100": -0.19169303501967352, "DJIA": -0.17851534406947844, "GBPUSD": 0.27191298784389556, "Gold": 1.0668958891641875}
