{"FTSE100": -0.1268123375961507, "DJIA": 0.43329442530001805, "GBPUSD": 0.23102047319365113, "Gold": 0.5156723963599619}
