{"FTSE100": -0.22685390656657625, "DJIA": 0.993441695519574, "GBPUSD": 0.06364359586317693, "Gold": 0.9018648731274804}
