{"FTSE100": 0.2949070473143967, "DJIA": 1.3422323002951637, "GBPUSD": -0.09785472337221353, "Gold": -0.05926979611190138}
