{"FTSE100": -0.4561840008684515, "DJIA": -2.0607987361459204, "GBPUSD": -0.008254230293024266, "Gold": 0.0}
