{"FTSE100": 0.689151258836653, "DJIA": 1.780109015993295, "GBPUSD": -0.4681682456592956, "Gold": -1.9502913545011404}
