{"FTSE100": 0.4620270259209833, "DJIA": 0.9406513014145945, "GBPUSD": 0.11587485515644319, "Gold": 0.01380103507763919}
