{"FTSE100": 0.42294439398127454, "DJIA": 0.9091301059618588, "GBPUSD": 0.07571832782050822, "Gold": -0.32824427480915686}
