{"FTSE100": 0.49785611587956313, "DJIA": 0.7314457212997225, "GBPUSD": 0.7047329222391221, "Gold": 0.0050253781597019475}
