{"FTSE100": -0.46118648294707143, "DJIA": -0.25230411749914206, "GBPUSD": -0.09856878129558595, "Gold": 0.01885796183148525}
