{"FTSE100": 0.6860491532172491, "DJIA": 0.5948067219996409, "GBPUSD": -0.16912669126691113, "Gold": 0.4562489815870872}
