{"FTSE100": 0.05971857929252835, "DJIA": -0.4716527227349482, "GBPUSD": 0.15000789515237745, "Gold": 0.3115022194533136}
