{"FTSE100": 0.4609712347055462, "DJIA": 0.47523783179916024, "GBPUSD": -0.18310644057001582, "Gold": 0.37415309940337055}
