{"FTSE100": -0.12646975635379648, "DJIA": 1.1808025691264488, "GBPUSD": -0.2167217976502809, "Gold": -0.09496444920618574}
