{"FTSE100": 0.06749726942864336, "DJIA": 0.6705699786589174, "GBPUSD": 0.007951021706288383, "Gold": 0.23023389670869465}
