{"FTSE100": 0.3037336344747137, "DJIA": -0.45391563353623593, "GBPUSD": 0.022336385972763682, "Gold": 0.09245176105692966}
