{"FTSE100": 0.2868511753981341, "DJIA": 1.3559430895488191, "GBPUSD": 0.20579388950450653, "Gold": -0.03955891806359995}
