{"FTSE100": -1.1801491771994674, "DJIA": -1.6292390189370023, "GBPUSD": 0.22831050228309796, "Gold": 0.0}
