{"FTSE100": -0.20750027302666882, "DJIA": -0.59207244905334, "GBPUSD": -0.008040524242179704, "Gold": 0.10214504596527069}
