{"FTSE100": -0.8178886333954459, "DJIA": -0.8543515200682841, "GBPUSD": -0.40752351097177675, "Gold": 0.1910665760869565}
