{"FTSE100": 0.10856111241933815, "DJIA": 0.6104516361361215, "GBPUSD": 0.21052631578948514, "Gold": 0.7214888907108268}
