{"FTSE100": 0.022955084551215248, "DJIA": 0.2055601563437402, "GBPUSD": 0.060231892787224205, "Gold": 1.0467289719626283}
