{"FTSE100": 0.17829045085164016, "DJIA": -0.507374573065161, "GBPUSD": 0.11783189316573721, "Gold": 0.0}
