{"FTSE100": 0.2426763963011077, "DJIA": 0.23153066744324088, "GBPUSD": 0.32460004637143375, "Gold": 0.0}
