{"FTSE100": -0.2244653281460338, "DJIA": -0.2343375431877598, "GBPUSD": -0.10451841132013642, "Gold": 0.14033680834001375}
