{"FTSE100": -0.0358540445695252, "DJIA": 0.32972885493729187, "GBPUSD": 0.008006405124098398, "Gold": 0.3534956794972466}
