{"FTSE100": -0.15883476115645048, "DJIA": 0.47294449414792844, "GBPUSD": -0.5004691898655131, "Gold": -2.2233472556216625}
