{"FTSE100": -0.4262773565975039, "DJIA": 0.03794789956680398, "GBPUSD": 0.007878358150160638, "Gold": 0.24509803921568626}
