{"FTSE100": -0.18281601874044617, "DJIA": 0.6663545364751647, "GBPUSD": 0.10253174540579532, "Gold": -0.34334763948497854}
