{"FTSE100": -0.5465406983313196, "DJIA": -0.414411572231597, "GBPUSD": 0.21313846388063587, "Gold": 0.0}
