{"FTSE100": -0.9823883655525013, "DJIA": -0.05517866347197125, "GBPUSD": 0.031399638904149145, "Gold": -0.2918336053816028}
