{"FTSE100": -0.12399942962188346, "DJIA": -0.1614469344348213, "GBPUSD": 0.31778878131699007, "Gold": -0.47222751625267734}
