{"FTSE100": -0.4594136995247144, "DJIA": -0.24737160418128915, "GBPUSD": 0.3195122846964689, "Gold": 0.12323044092452612}
