{"FTSE100": 0.507179412352804, "DJIA": -0.21895347333965848, "GBPUSD": -0.03256798567008272, "Gold": -0.3074558032282859}
