{"FTSE100": 0.5031439899899145, "DJIA": 0.0023053111151395194, "GBPUSD": 0.10283183040658747, "Gold": 0.0}
