{"FTSE100": -0.755524933116274, "DJIA": -0.9771354349678317, "GBPUSD": -0.4327641828625431, "Gold": -0.08774646433364537}
