{"FTSE100": 0.4846421521276208, "DJIA": -0.10313620729345407, "GBPUSD": 0.0499334221038745, "Gold": 0.300075018754696}
