{"FTSE100": -1.2654678951495855, "DJIA": -0.9771354349678317, "GBPUSD": -0.1258950350145602, "Gold": -0.14452358831423323}
