{"FTSE100": 0.23719377987004134, "DJIA": 0.33333708026362724, "GBPUSD": -0.09322444717902624, "Gold": 0.0}
