{"FTSE100": -0.07318348144276056, "DJIA": 0.23634814242700203, "GBPUSD": 0.1654455211533909, "Gold": 0.3970588235294073}
