{"FTSE100": -0.138865027068992, "DJIA": -0.8779550348882654, "GBPUSD": -0.9347275031685528, "Gold": 0.07387343018960847}
