{"FTSE100": 0.7142697235702826, "DJIA": -0.11108026269691053, "GBPUSD": 0.4012519059465625, "Gold": -0.8388900838890084}
