{"FTSE100": -0.1957158079094719, "DJIA": 1.8471231770240168, "GBPUSD": 0.4859236405707653, "Gold": -0.08528265107212106}
