{"FTSE100": 0.536923407770369, "DJIA": 1.4897362449436748, "GBPUSD": 0.6093935790725316, "Gold": 0.0}
