{"FTSE100": -0.4877628425840124, "DJIA": -0.682834275202848, "GBPUSD": 0.12031763856580048, "Gold": 0.6089888771452971}
