{"FTSE100": 0.2984133528152682, "DJIA": 0.3410953549239348, "GBPUSD": -0.031286664059441215, "Gold": 0.271866105942827}
