{"FTSE100": 0.7478124007083939, "DJIA": 0.5418783057353993, "GBPUSD": -0.1652892561983464, "Gold": 0.08917071237491105}
