{"FTSE100": 0.0856240677243654, "DJIA": -0.35258272093663195, "GBPUSD": -0.02352756646537267, "Gold": 0.0}
