{"FTSE100": 1.2252143335641446, "DJIA": 0.5685327599120856, "GBPUSD": -0.09934871398607208, "Gold": 0.11756194610237207}
