{"FTSE100": -0.4263883832495196, "DJIA": 0.5228858866842576, "GBPUSD": -0.08513931888543953, "Gold": 0.18934829758666985}
