{"FTSE100": 0.09504169065796095, "DJIA": -0.22434998507272352, "GBPUSD": -0.10586989765909598, "Gold": -1.5143755944107136}
