{"FTSE100": -0.09557416238851217, "DJIA": 0.5136416087847838, "GBPUSD": 0.6843800322061332, "Gold": -1.0472589792060423}
