{"FTSE100": 0.40055484081440246, "DJIA": 1.2684840894999678, "GBPUSD": -0.20145668681233037, "Gold": -1.980690341026817}
