{"FTSE100": -0.34313272018189567, "DJIA": -0.09087056634996377, "GBPUSD": -0.2735229759299827, "Gold": -1.2714041095890334}
