{"FTSE100": 0.0688925874701439, "DJIA": -0.31282267726665675, "GBPUSD": -0.46352768968041297, "Gold": 0.0727650727650775}
