{"FTSE100": 0.17144532018517017, "DJIA": 0.6034891630965501, "GBPUSD": 0.2767828069032764, "Gold": 0.0}
