{"FTSE100": -0.28322939807100334, "DJIA": -1.017168800958807, "GBPUSD": 0.4513217279174586, "Gold": 0.085255767301908}
