{"FTSE100": -0.8384205498314056, "DJIA": -0.1830302542024926, "GBPUSD": 0.40048360284117296, "Gold": 0.0}
