{"FTSE100": 0.3651717724885504, "DJIA": 0.2560898621822598, "GBPUSD": -0.06888106536046999, "Gold": -0.08654425045154206}
