{"FTSE100": -0.09930761194048057, "DJIA": 0.011084016847710078, "GBPUSD": -0.02349808099006728, "Gold": 1.0246516613076138}
