{"FTSE100": 0.11015079948587381, "DJIA": 0.5595277945542726, "GBPUSD": 0.06394372951801709, "Gold": 0.0}
