{"FTSE100": 2.1993948418481106, "DJIA": 1.4005709452199757, "GBPUSD": 0.0713266761768999, "Gold": 2.73419764919537}
