{"FTSE100": -0.5389197570366824, "DJIA": -0.16809445488531832, "GBPUSD": 0.09715267917196613, "Gold": 0.03487054310869702}
