{"FTSE100": 0.12907739351437728, "DJIA": -0.17194963406987326, "GBPUSD": -0.3309387359754615, "Gold": -0.0364185005983063}
