{"FTSE100": -0.4133473384809005, "DJIA": -0.6769913080573273, "GBPUSD": -0.8839655365335062, "Gold": 0.09375871069102243}
