{"FTSE100": 0.03043338158344628, "DJIA": 0.16923231441487935, "GBPUSD": 0.3058596265293002, "Gold": -0.45173163794546517}
