{"FTSE100": 1.7115398750917266, "DJIA": 0.9355433120858956, "GBPUSD": 0.22854440854282468, "Gold": 0.47298145745260484}
