{"FTSE100": 0.25395517150343966, "DJIA": -0.5038542495632606, "GBPUSD": -0.33879164313946775, "Gold": -0.31616046439307083}
