{"FTSE100": 0.4458808753715753, "DJIA": 0.6486379955549604, "GBPUSD": -0.026980150317968812, "Gold": -0.09843596193808808}
