{"FTSE100": -0.41777266367666255, "DJIA": 0.2555483858613559, "GBPUSD": 0.15147596704474875, "Gold": 0.056968097865198214}
