{"FTSE100": 0.18112156889422126, "DJIA": 0.2480929981925192, "GBPUSD": 0.007821666014860304, "Gold": 1.126639432380145}
