{"FTSE100": -0.22822886548715052, "DJIA": -0.03706468446607502, "GBPUSD": 0.27605759904499266, "Gold": 1.4077425842131548}
