{"FTSE100": -0.1268123375961507, "DJIA": 0.37767736421478404, "GBPUSD": 0.0, "Gold": -0.9157784116499115}
