{"FTSE100": -0.845377850407395, "DJIA": 0.10727709522195028, "GBPUSD": -0.2705209460503987, "Gold": 1.2797667260651222}
