{"FTSE100": -0.39024761808036995, "DJIA": 0.30326630731445975, "GBPUSD": 0.12062726176116259, "Gold": -0.1888930865130336}
