{"FTSE100": 0.6113375535762694, "DJIA": -0.29512367164282793, "GBPUSD": -0.0833300265862286, "Gold": -1.42549944506104}
