{"FTSE100": -0.1946832050788018, "DJIA": 0.9966847090039459, "GBPUSD": -0.11666909727286318, "Gold": 0.372667012860061}
