{"FTSE100": -0.04155618685045135, "DJIA": -1.5909988647849, "GBPUSD": -0.3117969767533566, "Gold": -0.10544217687074521}
