{"FTSE100": 1.1810602554632519, "DJIA": 0.9208982632319762, "GBPUSD": -0.26217643366197274, "Gold": 0.9961910342806872}
