{"FTSE100": -0.2347510823015117, "DJIA": -0.27556613968992016, "GBPUSD": -0.18071563391027373, "Gold": -0.3528706023501182}
