{"FTSE100": -0.12636179987708418, "DJIA": -0.5523806491666671, "GBPUSD": -0.10906824555936957, "Gold": -0.36340982244834386}
