{"FTSE100": -0.7918985450330865, "DJIA": -0.19413570536235045, "GBPUSD": -0.03137254901960439, "Gold": 1.0582010582010684}
