{"FTSE100": 0.03864532404167928, "DJIA": 1.1738124087788122, "GBPUSD": -0.1079734219268984, "Gold": 0.0}
