{"FTSE100": 0.142603150925615, "DJIA": 0.34937839824878414, "GBPUSD": -0.055423594616005135, "Gold": -0.6433868670497587}
