{"FTSE100": 0.47948314716038676, "DJIA": -0.11808764193646888, "GBPUSD": -0.17098192476795235, "Gold": -0.3177043300025528}
