{"FTSE100": 0.6792441758112724, "DJIA": 0.09267068427050526, "GBPUSD": -0.015825288811519067, "Gold": 0.04302000430200043}
