{"FTSE100": 0.04220633259965738, "DJIA": 0.6210782430528998, "GBPUSD": 0.2799595613966908, "Gold": 0.40519480519481466}
