{"FTSE100": -0.4030140551606705, "DJIA": -0.1572463613099072, "GBPUSD": -0.07861017215626837, "Gold": -0.08676036786395973}
