{"FTSE100": -0.1989866841277584, "DJIA": -0.5618624186262472, "GBPUSD": 0.023879646581245643, "Gold": 0.0}
