{"FTSE100": -0.3859348198970734, "DJIA": -0.9513908380310588, "GBPUSD": -0.19465971278510605, "Gold": 1.3428377059362917}
