{"FTSE100": 0.2781658631017697, "DJIA": 0.9890061791908787, "GBPUSD": -0.021842009464868365, "Gold": 1.26274890723652}
