{"FTSE100": 0.3533085433407055, "DJIA": -0.12079694235055477, "GBPUSD": 0.0562429696287902, "Gold": 0.0}
