{"FTSE100": -0.15928332778838486, "DJIA": 0.18269666806951174, "GBPUSD": -0.44527202072539346, "Gold": 0.21842009464871004}
