{"FTSE100": 0.5445226407612634, "DJIA": 0.10203563588618289, "GBPUSD": 0.08805850147403856, "Gold": -0.801922652475667}
