{"FTSE100": 0.7320105155185429, "DJIA": 1.1541387126260585, "GBPUSD": 0.1390934380625131, "Gold": 0.37772948359722414}
