{"FTSE100": 0.18770438450831517, "DJIA": 0.3491989372206274, "GBPUSD": 0.055131133338577845, "Gold": 0.5463942899335533}
