{"FTSE100": -0.39565663659444633, "DJIA": 0.324012006674884, "GBPUSD": 0.15187997777366974, "Gold": 0.16147500073397725}
