{"FTSE100": 0.4787736128499876, "DJIA": 2.488867913094755, "GBPUSD": 0.0, "Gold": 0.43893622514845587}
