{"FTSE100": -0.9367186302340225, "DJIA": -1.6292390189370023, "GBPUSD": 0.22015655577298796, "Gold": 0.0}
