{"FTSE100": 0.1243072525473594, "DJIA": 0.3853179154728225, "GBPUSD": -0.2492108323641711, "Gold": -0.315148880678111}
