{"FTSE100": 0.2096871864860313, "DJIA": 0.19366497707432984, "GBPUSD": -0.28225806451611585, "Gold": -0.21120956109622444}
