{"FTSE100": -0.1892952995276024, "DJIA": 0.8883872322055988, "GBPUSD": 0.2846685644571061, "Gold": -0.8792965627498082}
