{"FTSE100": -0.3848184980268755, "DJIA": -0.6251422152067638, "GBPUSD": -0.5708393179390803, "Gold": 0.0}
