{"FTSE100": -0.08159143735706777, "DJIA": 1.011049412844147, "GBPUSD": 0.09767826282967007, "Gold": -1.0635198135198178}
