{"FTSE100": 0.1590186278964143, "DJIA": 0.11734388707838322, "GBPUSD": 0.4925740726919874, "Gold": 0.07167213257173037}
