{"FTSE100": -0.16884728454682651, "DJIA": 0.007125584596024881, "GBPUSD": -0.186697782963824, "Gold": 0.06109046479661039}
