{"FTSE100": -1.259161055285277, "DJIA": -2.5846549704372133, "GBPUSD": 0.6243289457987143, "Gold": -0.9937417030153544}
