{"FTSE100": 0.6397072861862438, "DJIA": 2.6632409764527014, "GBPUSD": -0.35507381797795046, "Gold": -1.3064411954670894}
