{"FTSE100": -0.03077894301180947, "DJIA": 0.5775211017325732, "GBPUSD": -0.0551267916207216, "Gold": 0.0}
