{"FTSE100": 0.5926560607240813, "DJIA": 0.4658403495534576, "GBPUSD": 0.02395209580838059, "Gold": 0.7434187076735022}
