{"FTSE100": 0.0789187559388917, "DJIA": 0.0, "GBPUSD": 0.13185449468704216, "Gold": -0.1955201866017157}
