{"FTSE100": -0.029127621156406578, "DJIA": -0.5412225972964565, "GBPUSD": 0.36169208995124524, "Gold": 0.0}
