{"FTSE100": 0.0004853626751134429, "DJIA": -0.0606378799878433, "GBPUSD": 0.219487340283759, "Gold": -0.00423764725823837}
