{"FTSE100": -0.3530156642265132, "DJIA": -0.9733856435851889, "GBPUSD": -0.04780114722752819, "Gold": 0.05755726948313571}
