{"FTSE100": -0.2967043512315579, "DJIA": -0.8275391460364453, "GBPUSD": 0.08878844135926053, "Gold": 0.2339242085564277}
