{"FTSE100": 0.23565853129494618, "DJIA": 0.1623152397675232, "GBPUSD": 0.2562674094707651, "Gold": 0.32792004996876545}
