{"FTSE100": -1.386328650835055, "DJIA": -0.6941836620043264, "GBPUSD": -0.008058017727638112, "Gold": 0.0861894139119877}
