{"FTSE100": 0.5320646975133888, "DJIA": 0.7149109598820735, "GBPUSD": 0.35587188612100995, "Gold": 0.712312208599551}
