{"FTSE100": -0.3627791155521097, "DJIA": 0.31608421157583966, "GBPUSD": -0.5279656822306701, "Gold": -0.39652770335440274}
