{"FTSE100": -0.1019652968537923, "DJIA": 0.3853179154728225, "GBPUSD": -0.04985459077689521, "Gold": 0.29398954703833247}
