{"FTSE100": 0.058052491674049085, "DJIA": -0.2613344519060054, "GBPUSD": 0.05501847048653187, "Gold": -0.08937881722031653}
