{"FTSE100": -1.5535843726186247, "DJIA": -3.8176383269564376, "GBPUSD": 0.6342982354976257, "Gold": -1.1974903659352178}
