{"FTSE100": 0.5711963868507698, "DJIA": -1.0756403436845956, "GBPUSD": -0.3416300634455817, "Gold": 0.0}
