{"FTSE100": 0.5467328451687802, "DJIA": -0.9282916865650261, "GBPUSD": 0.023221611579841085, "Gold": 0.2755165936130206}
