{"FTSE100": 0.24024275650734112, "DJIA": -0.12013399087831275, "GBPUSD": 0.06402048655569077, "Gold": -0.09076763485476785}
