{"FTSE100": -0.7345311242989868, "DJIA": -0.23599852711610897, "GBPUSD": 0.03170074496750325, "Gold": 0.03452527743526735}
