{"FTSE100": -0.0729038033708028, "DJIA": -0.08033025969138469, "GBPUSD": -0.14154010940667205, "Gold": 0.6446661550268681}
