{"FTSE100": 0.2313881536277085, "DJIA": 0.2510403830314156, "GBPUSD": 0.6391498536886028, "Gold": 0.19425416624066835}
