{"FTSE100": 0.32214801652949865, "DJIA": -0.873352531767609, "GBPUSD": 0.0, "Gold": 0.13495276653170918}
