{"FTSE100": -0.9494076334360907, "DJIA": -0.16239645514498754, "GBPUSD": -0.720664264452442, "Gold": -0.3891242242143564}
