{"FTSE100": -0.5231132109600442, "DJIA": -0.7542049013101592, "GBPUSD": -0.4742599250363162, "Gold": -0.22920267528368185}
