{"FTSE100": 1.0048633238302942, "DJIA": 0.14600473034185793, "GBPUSD": -0.007922674694976152, "Gold": 0.4464942838918556}
