{"FTSE100": -0.968727373582073, "DJIA": -0.014006033967027435, "GBPUSD": -0.02470559169893675, "Gold": 0.6807559439138432}
