{"FTSE100": -0.7607168846993553, "DJIA": 0.7722443186353741, "GBPUSD": -0.09482418016594941, "Gold": 0.008496898631991592}
