{"FTSE100": -0.18496971866702017, "DJIA": -0.8950587659342351, "GBPUSD": -0.06054643154468417, "Gold": -0.8090958412945576}
