{"FTSE100": 0.3131765446033916, "DJIA": -0.7519028174464846, "GBPUSD": -0.6778019849915244, "Gold": 0.1848888888888986}
