{"FTSE100": -0.15325155919669844, "DJIA": 0.290565069834431, "GBPUSD": 0.22052453335432887, "Gold": 0.2912205567451898}
