{"FTSE100": -0.26827870618889776, "DJIA": 1.7620722613699078, "GBPUSD": 0.13336471326585178, "Gold": -0.15275369498803867}
