{"FTSE100": 1.8152187405318323, "DJIA": 0.7701017567509284, "GBPUSD": 0.375939849624055, "Gold": 0.32981886996486276}
