{"FTSE100": -1.8224776003605432, "DJIA": 0.16923231441487935, "GBPUSD": 0.06439150032196829, "Gold": -0.45173163794546517}
