{"FTSE100": -0.3457878586279721, "DJIA": 0.36800301822922377, "GBPUSD": 0.21433674684448079, "Gold": 0.0}
