{"FTSE100": 1.0800851426842246, "DJIA": 0.2503453075418671, "GBPUSD": -0.007600516835143952, "Gold": 2.59038855828374}
