{"FTSE100": 0.0511419755897957, "DJIA": 1.1832258371956732, "GBPUSD": 0.17378939884666875, "Gold": 0.3317324355102265}
