{"FTSE100": 0.09497792405008221, "DJIA": -0.11808764193646888, "GBPUSD": 0.11398794984530759, "Gold": 0.010248526774278528}
