{"FTSE100": 1.1239329768568616, "DJIA": 0.71200223359167, "GBPUSD": -0.6996361891816284, "Gold": -0.3795793285973008}
