{"FTSE100": -0.04204370924799138, "DJIA": -0.5112606051573205, "GBPUSD": -0.1258140911781981, "Gold": 0.26808412294893375}
