{"FTSE100": 0.3053090971173743, "DJIA": 1.6034830108244549, "GBPUSD": -0.05793263262436025, "Gold": -0.027534555867613855}
