{"FTSE100": -0.035920397534958536, "DJIA": 0.5516625720786568, "GBPUSD": -0.03046458492002711, "Gold": -0.8373348148736025}
