{"FTSE100": -0.11017270171206923, "DJIA": -1.0244040114475925, "GBPUSD": -0.5793263262434922, "Gold": -0.7985021201608018}
