{"FTSE100": -0.6209755871589265, "DJIA": -0.3466542954553843, "GBPUSD": 0.17411491584446395, "Gold": 0.6027766199621719}
