{"FTSE100": -0.20484223267119894, "DJIA": -0.025748092927155998, "GBPUSD": 0.03930508607813418, "Gold": -0.08676036786395973}
