{"FTSE100": -2.346270701746393, "DJIA": -0.2661538145360239, "GBPUSD": 1.4821798981708594, "Gold": 1.1237420392549118}
