{"FTSE100": -0.5465406983313196, "DJIA": -0.6342046755328646, "GBPUSD": 0.1826901118976903, "Gold": 0.3844317696424579}
