{"FTSE100": -1.0072397232945005, "DJIA": -0.5149953914872408, "GBPUSD": 0.0822552905107215, "Gold": -0.6769277313466736}
