{"FTSE100": -0.3404103496476114, "DJIA": 0.15224454833879175, "GBPUSD": 0.23538491221300384, "Gold": 0.2521837652132464}
