{"FTSE100": 0.5486861820608904, "DJIA": -0.4249450433492822, "GBPUSD": -1.0120822218735221, "Gold": 0.0}
