{"FTSE100": -1.4357699376620001, "DJIA": 0.20008700902402662, "GBPUSD": 0.06261250684823604, "Gold": 0.453444633379706}
