{"FTSE100": 0.5739607563638351, "DJIA": 0.5752573742019239, "GBPUSD": 0.18287107589149326, "Gold": 0.0}
