{"FTSE100": -0.020118107325888413, "DJIA": -1.7056996568530574, "GBPUSD": 0.07417297136922488, "Gold": 0.0}
