{"FTSE100": -0.3906530726809905, "DJIA": -0.5761716627504442, "GBPUSD": 0.07348138471586388, "Gold": 0.0}
