{"FTSE100": 0.4398158459478591, "DJIA": 0.34919893722060835, "GBPUSD": -0.165393400015751, "Gold": 0.059069652965791065}
