{"FTSE100": 0.9672359284688973, "DJIA": 0.8114099019148687, "GBPUSD": -0.589000229480595, "Gold": -0.22920267528368185}
