{"FTSE100": 1.1489555182050009, "DJIA": 1.075901920743764, "GBPUSD": -0.015181417944417484, "Gold": 0.11687932209993625}
