{"FTSE100": 0.19270086715391255, "DJIA": 0.3224715003418129, "GBPUSD": -0.21736552977907997, "Gold": 0.28321123782191676}
