{"FTSE100": 1.2059202462169285, "DJIA": -0.28001073244478997, "GBPUSD": -0.5956902410746377, "Gold": -0.3865440869201965}
