{"FTSE100": 0.5986114764421329, "DJIA": -0.4472117346284341, "GBPUSD": -0.18829436686018813, "Gold": -0.05716958578037193}
