{"FTSE100": -0.6206215068070484, "DJIA": 0.39445647817210266, "GBPUSD": 0.3175359212510918, "Gold": 0.17203244040304744}
