{"FTSE100": 0.6063365986397287, "DJIA": 0.5522206129690573, "GBPUSD": 0.026155513208539587, "Gold": 0.0}
