{"FTSE100": -0.5001513336118178, "DJIA": -1.2372630858564577, "GBPUSD": 0.26506024096384406, "Gold": -0.12307953484424457}
