{"FTSE100": 0.6898354911194534, "DJIA": -0.01535329677643002, "GBPUSD": 0.4321783304268738, "Gold": 0.8190906159303528}
