{"FTSE100": 0.5863325133476636, "DJIA": -0.8361007389402284, "GBPUSD": 0.19674195325410768, "Gold": -0.008542627712295952}
