{"FTSE100": 0.5230879747395247, "DJIA": -0.295283307503168, "GBPUSD": -0.7924054605366389, "Gold": 0.0}
