{"FTSE100": 1.8762164970571442, "DJIA": 0.7215758806219776, "GBPUSD": -0.9856070087609469, "Gold": 2.0946290374901437}
