{"FTSE100": -0.5196354033563331, "DJIA": -0.11328302823798175, "GBPUSD": -0.015832805573145817, "Gold": 0.15315448841459953}
