{"FTSE100": 0.22733159071173872, "DJIA": 0.02326781680191176, "GBPUSD": 0.05929879178712727, "Gold": 0.2867145530271021}
