{"FTSE100": -0.395353706272643, "DJIA": -0.14190121399148084, "GBPUSD": -0.0774893452150244, "Gold": -0.0914913083257015}
