{"FTSE100": 0.5885044158100419, "DJIA": 0.4899492589682867, "GBPUSD": -0.2781745733403531, "Gold": -1.2047070512621536}
