{"FTSE100": -0.27152499844472316, "DJIA": 0.4532927026589822, "GBPUSD": 0.2848777399699333, "Gold": 0.1966085033177685}
