{"FTSE100": -0.1331711641138578, "DJIA": 0.39148366026754317, "GBPUSD": 0.5070763641867971, "Gold": 0.22691444131275973}
