{"FTSE100": 0.03864532404167928, "DJIA": 1.1738124087788122, "GBPUSD": 0.8290762917678416, "Gold": 1.1180801745295883}
