{"FTSE100": -0.15364277569972642, "DJIA": 0.6217023551237342, "GBPUSD": -0.1154556650246349, "Gold": -0.6006628003314002}
