{"FTSE100": -0.49340857421664647, "DJIA": -0.5139200357818361, "GBPUSD": 0.23001725129383993, "Gold": 0.43866688065050113}
