{"FTSE100": 0.9616628867594409, "DJIA": 0.40393778322575075, "GBPUSD": 0.82690625745408, "Gold": 1.53694303440496}
