{"FTSE100": -0.0938564750404962, "DJIA": -0.6280514052332244, "GBPUSD": -0.08905380333950783, "Gold": 0.0}
