{"FTSE100": 0.19797460945605597, "DJIA": -0.07631359503334861, "GBPUSD": 0.10368066355625179, "Gold": 0.15907794819460716}
