{"FTSE100": 0.1695730964617859, "DJIA": 0.0501329395860629, "GBPUSD": 0.16523959741625202, "Gold": 0.06397757738240034}
