{"FTSE100": -0.5620880784928353, "DJIA": 0.0, "GBPUSD": 0.09721079787630724, "Gold": -0.20421283515486482}
