{"FTSE100": -0.028608599408410883, "DJIA": 0.26537237110598716, "GBPUSD": -0.5314991402219899, "Gold": -0.657578957473352}
