{"FTSE100": 0.753502814320675, "DJIA": -1.1185536979590924, "GBPUSD": 0.04124731892426537, "Gold": 0.7591754650578248}
