{"FTSE100": 0.12669925752758393, "DJIA": -0.13539847915705555, "GBPUSD": -0.44493882091212494, "Gold": 0.12916297328100199}
