{"FTSE100": 0.04822261187702802, "DJIA": -0.7039618168513665, "GBPUSD": 0.19362526064940108, "Gold": -0.038386582413044996}
