{"FTSE100": -0.19022749056198285, "DJIA": -0.1154119363518417, "GBPUSD": 0.14238253440911436, "Gold": -0.10310607036989693}
