{"FTSE100": 1.044836653621879, "DJIA": 0.4658403495534576, "GBPUSD": 0.09580838323352237, "Gold": 0.03538928210313678}
