{"FTSE100": -0.04573167033410123, "DJIA": 1.02572767302188, "GBPUSD": 0.01147622508703527, "Gold": 0.06523407521106189}
