{"FTSE100": -0.7801010294775912, "DJIA": 0.055056120971122606, "GBPUSD": -0.49841772151898517, "Gold": 0.1660258650821272}
