{"FTSE100": 0.17634896132969605, "DJIA": 1.780109015993295, "GBPUSD": -0.11845709632042983, "Gold": -0.033342426722450476}
