{"FTSE100": 0.23565853129494618, "DJIA": 0.16485852314223115, "GBPUSD": -0.0073975440153696516, "Gold": 0.0}
