{"FTSE100": 0.8955566508449941, "DJIA": 0.7794331637690505, "GBPUSD": 0.4006868918145314, "Gold": -1.2562433782352096}
