{"FTSE100": -0.5400281198074273, "DJIA": -1.2890422287925116, "GBPUSD": -0.04140786749481946, "Gold": -0.15345829222843113}
