{"FTSE100": -1.807817904276071, "DJIA": -0.6941836620043264, "GBPUSD": -0.378726833199045, "Gold": 0.0861894139119877}
