{"FTSE100": 0.11797093929922645, "DJIA": 1.0734713430240346, "GBPUSD": 0.4021148261225759, "Gold": 0.7367854629744683}
