{"FTSE100": 0.5303013571921271, "DJIA": 0.42625615973051006, "GBPUSD": 0.04714757190005941, "Gold": 0.3206685453308672}
