{"FTSE100": -0.7816983586486494, "DJIA": -1.5065052926780245, "GBPUSD": 1.6931874708329368e-14, "Gold": 0.15278838808251305}
