{"FTSE100": 0.1809493601776225, "DJIA": -0.6683535979045157, "GBPUSD": 0.09380129758460624, "Gold": 0.20044200030837697}
