{"FTSE100": -0.03077894301180947, "DJIA": 0.5878335099737888, "GBPUSD": -0.15739356260328966, "Gold": 0.577663671373558}
