{"FTSE100": 0.5739607563638351, "DJIA": 0.5752573742019239, "GBPUSD": 0.19049070405363813, "Gold": 0.0}
