{"FTSE100": -0.3674889854471377, "DJIA": -1.0164411980366876, "GBPUSD": 0.033489618218348616, "Gold": -0.016581914658410045}
