{"FTSE100": -0.17861606464344307, "DJIA": -1.0856999866524848, "GBPUSD": 0.1117229271406965, "Gold": 0.042925824175824176}
