{"FTSE100": -0.39883352951391887, "DJIA": 0.24903563236967763, "GBPUSD": -0.17501988862368797, "Gold": 0.3362885967594077}
