{"FTSE100": -0.3859348198970734, "DJIA": -1.1805401369682564, "GBPUSD": -0.12120321739449291, "Gold": 1.3901623827974798}
