{"FTSE100": 0.7212432872017216, "DJIA": 0.25122059726733825, "GBPUSD": -0.5783619817997969, "Gold": 0.7318446237568024}
