{"FTSE100": -0.2882389432751771, "DJIA": -0.16164292644372305, "GBPUSD": 0.3174351241964926, "Gold": 0.71822436402391}
