{"FTSE100": -1.0902956668845427, "DJIA": -0.9013845815336152, "GBPUSD": -0.36314626932724503, "Gold": -2.5714857028594174}
