{"FTSE100": -0.2723523461209269, "DJIA": -0.03771410985065024, "GBPUSD": 0.08653241032094704, "Gold": 0.0}
