{"FTSE100": -0.7907513095585617, "DJIA": -1.4818807365084472, "GBPUSD": 0.2913385826771682, "Gold": 1.1348695592000457}
