{"FTSE100": 0.4655054292799085, "DJIA": 0.06581230916942978, "GBPUSD": -0.07039499413374274, "Gold": 0.6371861858034918}
