{"FTSE100": 0.23565853129494618, "DJIA": 0.16485852314223115, "GBPUSD": -0.01479508803075573, "Gold": 0.28330507718389886}
