{"FTSE100": 0.06465452128463535, "DJIA": -0.30817887794355414, "GBPUSD": -0.02760361212980405, "Gold": -0.06439637865069957}
