{"FTSE100": -0.7259514582946418, "DJIA": -1.1684921344088604, "GBPUSD": -0.4261682242990517, "Gold": 0.0}
