{"FTSE100": 0.2552068335382697, "DJIA": 1.5774460717160006, "GBPUSD": -0.057527942143338666, "Gold": 0.21039975954313422}
