{"FTSE100": 0.7000001043997287, "DJIA": 1.16068155912717, "GBPUSD": -0.20259623321076947, "Gold": -1.226517997818444}
