{"FTSE100": -0.2700932955409789, "DJIA": -0.3653062469511603, "GBPUSD": 0.4383752958063338, "Gold": 0.14051369191555216}
