{"FTSE100": -0.4059185214030343, "DJIA": -1.0023795171968468, "GBPUSD": 0.0, "Gold": 0.5218929677134092}
