{"FTSE100": -0.20180615176406735, "DJIA": -0.15277998533845463, "GBPUSD": -0.5075324256827497, "Gold": -0.12768130745658834}
