{"FTSE100": -0.22753841293622806, "DJIA": -0.01416725966909566, "GBPUSD": -0.18044876824101436, "Gold": 0.313692685732211}
