{"FTSE100": 0.4063044868647663, "DJIA": -0.01302187306131214, "GBPUSD": 0.26199443261831434, "Gold": 0.9649122807017567}
