{"FTSE100": -1.6110680387492549, "DJIA": -0.6167640873375843, "GBPUSD": 0.427350427350433, "Gold": 0.024679170779861797}
