{"FTSE100": -0.6858820562234537, "DJIA": -0.6025688077656519, "GBPUSD": -0.37265068049255984, "Gold": -1.1101973684210595}
