{"FTSE100": 0.6957291343448551, "DJIA": 0.6752261431264824, "GBPUSD": -0.4634721131186187, "Gold": 0.0}
