{"FTSE100": 0.18656673683439967, "DJIA": -0.43107519378210224, "GBPUSD": 0.007891414141413271, "Gold": -1.158407018986914}
