{"FTSE100": 0.7825978430840018, "DJIA": 1.2322095096329828, "GBPUSD": 0.7554368561617718, "Gold": 0.0}
