{"FTSE100": -0.07318348144276056, "DJIA": 0.4834509602368511, "GBPUSD": 0.46732673267326863, "Gold": 0.0}
