{"FTSE100": -0.3814057334153508, "DJIA": -0.6459536137669861, "GBPUSD": 0.23601604909132967, "Gold": 0.19279870772758298}
