{"FTSE100": -0.27540706136409343, "DJIA": 0.5228724792609903, "GBPUSD": 0.07375840026226217, "Gold": 0.5535814475406838}
