{"FTSE100": 0.13242441826418627, "DJIA": 0.17459712995045848, "GBPUSD": -0.15091342335186755, "Gold": 0.0}
