{"FTSE100": 0.16629098187206307, "DJIA": 0.48164754966561724, "GBPUSD": 0.19640191688270456, "Gold": 0.20927312468027714}
