{"FTSE100": -0.25551119511628323, "DJIA": 1.176177736463645, "GBPUSD": 0.563887222555489, "Gold": 1.4080703649409767}
