{"FTSE100": -1.6975660914629973, "DJIA": 0.20008700902402662, "GBPUSD": 0.054785943492206536, "Gold": 0.4173751739063295}
