{"FTSE100": 0.25875192224014043, "DJIA": 0.029287993464166842, "GBPUSD": -0.00806451612903137, "Gold": 0.0}
