{"FTSE100": -0.8326716563618647, "DJIA": -0.24956904248889447, "GBPUSD": -0.14972419227738476, "Gold": -0.2974925626859414}
