{"FTSE100": 0.17929033625087834, "DJIA": -0.02347478196479723, "GBPUSD": 0.16566740296623467, "Gold": 0.12801365478984425}
