{"FTSE100": -0.44113768874661496, "DJIA": -0.17699822254187136, "GBPUSD": -0.11666796297737084, "Gold": 0.04131093362710415}
