{"FTSE100": 0.6394262045340465, "DJIA": 0.47947084903889636, "GBPUSD": 0.09961685823755394, "Gold": 0.0}
