{"FTSE100": 0.09289391301037522, "DJIA": 0.08976539779614091, "GBPUSD": -0.1948587274226138, "Gold": -1.7947178871548537}
