{"FTSE100": -0.13501819929949765, "DJIA": -1.068517153202919, "GBPUSD": -0.0627943485086273, "Gold": 0.24624089694556742}
