{"FTSE100": 0.31959478134324487, "DJIA": 0.023631909563282445, "GBPUSD": 0.41340617156356485, "Gold": 2.246108451509948}
