{"FTSE100": 0.9010343765473726, "DJIA": 0.34028500983560556, "GBPUSD": -0.39489921842862324, "Gold": 0.20303483650352394}
