{"FTSE100": -1.3398975386638623, "DJIA": 0.10456630843510124, "GBPUSD": 0.13757260776521124, "Gold": -0.36675741076829316}
