{"FTSE100": 1.3790122706429688, "DJIA": 1.200804218695769, "GBPUSD": -0.3665689149560075, "Gold": -0.27283751010508606}
