{"FTSE100": -0.522835478751533, "DJIA": 0.02487581986640328, "GBPUSD": 0.16657010428736738, "Gold": 4.585564522211325}
