{"FTSE100": 0.2638205496115838, "DJIA": 0.613379729434263, "GBPUSD": 0.07405761682589883, "Gold": 0.0870426508989432}
