{"FTSE100": 0.29856413687873773, "DJIA": 0.009816050040251186, "GBPUSD": 0.1238102607753653, "Gold": 0.3617536756164626}
