{"FTSE100": 0.7535634075584364, "DJIA": 1.0197405493453557, "GBPUSD": 0.5514109633473822, "Gold": 0.8024377856780184}
