{"FTSE100": 0.12001996208304712, "DJIA": 0.9339390297073944, "GBPUSD": -0.023198267862663696, "Gold": 0.05177859472893905}
