{"FTSE100": -0.40765315671581287, "DJIA": -0.7621181892157094, "GBPUSD": 0.007887057338905984, "Gold": -0.5193133047210261}
