{"FTSE100": -0.19433094092036757, "DJIA": -1.719878054908802, "GBPUSD": 0.10991798427327969, "Gold": -0.05512983075141959}
