{"FTSE100": 0.40876539748505425, "DJIA": 0.5878335099737888, "GBPUSD": -0.18100259699379795, "Gold": 0.5826009677100797}
