{"FTSE100": -0.2216652420207827, "DJIA": -0.3531302670427772, "GBPUSD": -0.1975768872320627, "Gold": 0.16219070609534275}
