{"FTSE100": 0.9445057629326713, "DJIA": 1.0262393264666687, "GBPUSD": -0.0938673341676993, "Gold": 2.1826776032253536}
