{"FTSE100": -0.057813685272608537, "DJIA": 0.305474387107668, "GBPUSD": 0.10250749093203587, "Gold": -0.7849360899030703}
