{"FTSE100": -2.036524843083113, "DJIA": -2.602066674954433, "GBPUSD": 0.0704611289438582, "Gold": 0.8369071907398887}
