{"FTSE100": -0.03607717776001661, "DJIA": 0.4477788499280037, "GBPUSD": 0.4924183210880078, "Gold": 0.06873797085510035}
