{"FTSE100": -0.5165577224353032, "DJIA": 0.324012006674884, "GBPUSD": 0.09260974254491375, "Gold": 0.16147500073397725}
