{"FTSE100": 0.03612862309658357, "DJIA": -0.22203299883568525, "GBPUSD": 0.03940731399747359, "Gold": 0.7699475258692582}
