{"FTSE100": -2.2654613534112134, "DJIA": -0.8428946203931843, "GBPUSD": 0.4543318188939392, "Gold": 2.641153483358041}
