{"FTSE100": -0.019042300927534568, "DJIA": 0.09698634730649904, "GBPUSD": 0.1250390747108507, "Gold": 0.0}
