{"FTSE100": -0.3182034355902929, "DJIA": -0.28361335320611575, "GBPUSD": -0.21344717182496806, "Gold": -0.5544803054872579}
