{"FTSE100": 0.11939876358640458, "DJIA": 0.6819818744632582, "GBPUSD": -0.16349188243793744, "Gold": 0.0}
