{"FTSE100": -0.008727434293008584, "DJIA": 0.127595015725482, "GBPUSD": 0.1591216485002786, "Gold": -0.07134848639281742}
