{"FTSE100": 1.014254569847397, "DJIA": 0.5069415527682347, "GBPUSD": 0.40405640944383653, "Gold": 1.1137824444335431}
