{"FTSE100": -0.5567691471281175, "DJIA": -0.0676546457551688, "GBPUSD": 0.2767454732347463, "Gold": 0.30073895858394917}
