{"FTSE100": 0.7518347382514449, "DJIA": -0.19576191043155447, "GBPUSD": -0.12251717096713788, "Gold": -1.0892199263174838}
