{"FTSE100": -0.41994763347301284, "DJIA": 0.03988781328926147, "GBPUSD": -0.0790201501382941, "Gold": -1.3510068824878996}
