{"FTSE100": -1.8916777771336857, "DJIA": -0.48845109332755454, "GBPUSD": -0.0725221595487609, "Gold": 0.0861894139119877}
