{"FTSE100": 0.1068594967415629, "DJIA": 0.13651286958910497, "GBPUSD": 0.23086088769735646, "Gold": 0.12697100336619993}
