{"FTSE100": 0.5097531938275637, "DJIA": 1.676996438132721e-14, "GBPUSD": 0.06191048472269489, "Gold": -2.2796124658808004}
