{"FTSE100": -0.06570005505471688, "DJIA": 0.14872222783215802, "GBPUSD": 0.15638963360142916, "Gold": -0.6228898950508971}
