{"FTSE100": 0.6883512430539588, "DJIA": -0.13847957420075363, "GBPUSD": -0.023221611579841085, "Gold": 0.2755165936130206}
