{"FTSE100": 0.8911561265481751, "DJIA": 0.4658403495534576, "GBPUSD": -0.039920159680652045, "Gold": 0.1263902932254803}
