{"FTSE100": -0.09391428029818426, "DJIA": -0.6991176859152085, "GBPUSD": -0.38686246644559485, "Gold": 0.3115022194533136}
