{"FTSE100": -3.1716185834694044, "DJIA": 0.0, "GBPUSD": -0.6662279980259908, "Gold": 0.0}
