{"FTSE100": 0.08501267933008877, "DJIA": 0.5320172041844566, "GBPUSD": 0.20287023818469807, "Gold": 0.0}
