{"FTSE100": -0.1970045108258365, "DJIA": 0.5100315966036798, "GBPUSD": 0.8196049504139012, "Gold": 0.17123287671232187}
