{"FTSE100": -0.4882997300398188, "DJIA": -0.2751883081939169, "GBPUSD": -0.18050541516245242, "Gold": 0.022739331463651518}
