{"FTSE100": -0.23795275310624245, "DJIA": -0.09677257692693851, "GBPUSD": -0.15000789515237742, "Gold": 0.029411764705893816}
