{"FTSE100": -0.03564822139791459, "DJIA": -0.07400524731385381, "GBPUSD": -0.01494544911074413, "Gold": -0.5697203387994754}
