{"FTSE100": -0.2325413730951962, "DJIA": -0.15249231074717406, "GBPUSD": -0.229702970297022, "Gold": -0.388168238993704}
