{"FTSE100": -0.4253515780387581, "DJIA": 0.057048800828031654, "GBPUSD": 0.374824301108866, "Gold": 0.9175162187210464}
