{"FTSE100": 0.6804456595410969, "DJIA": 0.5970091038403529, "GBPUSD": 0.9125920964500929, "Gold": 0.45876630554941156}
