{"FTSE100": -0.4386243527191379, "DJIA": -0.1769702193420633, "GBPUSD": -0.14824951533811503, "Gold": -0.4998375527953415}
