{"FTSE100": -0.18394983709527313, "DJIA": 0.22651839511626945, "GBPUSD": 0.35441442860517824, "Gold": 0.2912205567451898}
