{"FTSE100": 0.8208299462164476, "DJIA": 0.19461895832765136, "GBPUSD": -0.28308563340410847, "Gold": 0.33470648815654747}
