{"FTSE100": 0.11190694515982841, "DJIA": 0.19829176408112037, "GBPUSD": 0.3168316831683171, "Gold": -1.4043895654533767}
