{"FTSE100": 0.2601494524273627, "DJIA": -0.4492531331344002, "GBPUSD": 0.3653878093339943, "Gold": 0.45413260672116257}
