{"FTSE100": -0.17010886755945534, "DJIA": 0.5996050179747561, "GBPUSD": 0.26278249117802077, "Gold": 1.481141421219228}
