{"FTSE100": -0.4810291835663138, "DJIA": 0.03857636442923924, "GBPUSD": 0.13138446378716093, "Gold": 0.7437457741717353}
