{"FTSE100": 1.2309740479835085, "DJIA": 1.0223330286687726, "GBPUSD": -1.173132955068231, "Gold": -0.638616209904025}
