{"FTSE100": 0.16279161833105035, "DJIA": -0.487670069160637, "GBPUSD": 0.4329685900968323, "Gold": -0.8214635616851376}
