{"FTSE100": -0.3674889854471377, "DJIA": -1.1628191064040532, "GBPUSD": -0.5077832348289348, "Gold": 0.0}
