{"FTSE100": 0.16984165000875118, "DJIA": 0.13128669873500579, "GBPUSD": 0.6329113924050604, "Gold": 1.5430546825895777}
