{"FTSE100": -0.8639171521255142, "DJIA": 0.518734233630401, "GBPUSD": 0.037246722288434515, "Gold": 1.2028926704694534}
