{"FTSE100": -0.175570955474942, "DJIA": -1.011555680456962, "GBPUSD": 0.6726273480436374, "Gold": -0.5369057547956606}
