{"FTSE100": 0.3246346780634349, "DJIA": 0.2994536296275326, "GBPUSD": -0.13723526575423073, "Gold": 0.15935784689841337}
