{"FTSE100": -0.41777266367666255, "DJIA": 0.07761973277970954, "GBPUSD": -0.0332042058660809, "Gold": 0.005995203836938635}
