{"FTSE100": 0.07988022583478961, "DJIA": -1.0104511581288504, "GBPUSD": -0.24864822196787198, "Gold": -0.45918367346938777}
