{"FTSE100": 0.9091702125597194, "DJIA": 1.417580855405991, "GBPUSD": 0.5222129720729682, "Gold": 0.6729684521725493}
