{"FTSE100": -1.5535843726186247, "DJIA": -3.043126730596716, "GBPUSD": 0.7880675047091739, "Gold": -1.1051307366476582}
