{"FTSE100": -0.15918224964213873, "DJIA": 0.42053915993055707, "GBPUSD": -0.6460875807609473, "Gold": -0.300105036762867}
