{"FTSE100": -0.4268841679922661, "DJIA": 0.22136206439765654, "GBPUSD": 0.03468876469455089, "Gold": -0.09843596193808808}
