{"FTSE100": 0.12214483438171606, "DJIA": -0.5310252474825794, "GBPUSD": -0.6548249225581192, "Gold": -1.8216402077694118}
