{"FTSE100": 0.3131765446033916, "DJIA": -0.7434139155160333, "GBPUSD": -0.14493920605523986, "Gold": -0.4073680481756996}
