{"FTSE100": -0.12762343470897367, "DJIA": -0.9222524036813342, "GBPUSD": 0.030890416248372694, "Gold": 0.8167265599477295}
