{"FTSE100": -1.0461793105528452, "DJIA": -0.5929709141274098, "GBPUSD": -0.05921977940631519, "Gold": 0.0}
