{"FTSE100": -0.7344766100272646, "DJIA": -0.04593069179479727, "GBPUSD": 0.5991417698971802, "Gold": 0.44746181144884106}
