{"FTSE100": -0.4592166402935673, "DJIA": -0.0025749426324333025, "GBPUSD": -0.3692514266532235, "Gold": -0.4229218707491383}
