{"FTSE100": -0.11958690673142025, "DJIA": 0.5228858866842576, "GBPUSD": -0.270897832817342, "Gold": 0.09639549695320436}
