{"FTSE100": 0.47248124698920096, "DJIA": -0.060497360851205204, "GBPUSD": 0.052129877867154076, "Gold": -0.1256248527833685}
