{"FTSE100": -0.298536815607294, "DJIA": 1.0031848348753987, "GBPUSD": 0.29147437454457514, "Gold": 0.1697268939978375}
