{"FTSE100": 0.06081228818191922, "DJIA": -1.633587364131322, "GBPUSD": 0.29491917721283606, "Gold": 0.9480840167057862}
