{"FTSE100": -0.22043049963407965, "DJIA": -0.9922953179239574, "GBPUSD": 0.15139442231075798, "Gold": 1.5783590431477836}
