{"FTSE100": -0.5766540581277096, "DJIA": -0.958185332565781, "GBPUSD": -0.4582739631070128, "Gold": -0.9620290066321728}
