{"FTSE100": 0.42362216563758537, "DJIA": 0.4645113463893092, "GBPUSD": -0.13387876534027696, "Gold": -0.7542023822776329}
