{"FTSE100": 0.5547317832392226, "DJIA": 2.1208611690249506, "GBPUSD": -0.3775706940874155, "Gold": -0.6043843474697784}
