{"FTSE100": 0.288889133295943, "DJIA": -1.0586608038636016, "GBPUSD": -0.039348390650835514, "Gold": -0.22637963437554165}
