{"FTSE100": -0.13950670193742745, "DJIA": -0.5051635134530411, "GBPUSD": 0.459259259259258, "Gold": 0.5541069100391097}
