{"FTSE100": 1.171617550136535, "DJIA": 1.3851018429090824, "GBPUSD": 0.16577499811619165, "Gold": 2.0699897892880377}
