{"FTSE100": 0.0364481563957235, "DJIA": -0.2557529963355154, "GBPUSD": 0.18907880804719004, "Gold": -1.0192973775358734}
