{"FTSE100": 0.5279226049149291, "DJIA": -0.6280514052332244, "GBPUSD": -0.2634801647678734, "Gold": 0.0}
