{"FTSE100": -1.1362555552225937, "DJIA": -0.4907986287287521, "GBPUSD": -0.22171128264082154, "Gold": 1.8151557705310288}
