{"FTSE100": 0.3131765446033916, "DJIA": -0.7519028174464846, "GBPUSD": -0.9360122649883043, "Gold": -0.11377777777777132}
