{"FTSE100": 0.10553508879838441, "DJIA": 0.19542928964835954, "GBPUSD": -0.23571933684294125, "Gold": -0.2128939695469229}
