{"FTSE100": 0.7518347382514449, "DJIA": -0.13973855354089523, "GBPUSD": -0.31823564239194574, "Gold": 1.0792697018719626}
