{"FTSE100": -0.5534250779979321, "DJIA": -0.5386340562507123, "GBPUSD": -0.2042256136051248, "Gold": 0.0}
