{"FTSE100": 0.6362398305118172, "DJIA": -1.0210169772739706, "GBPUSD": 0.03359650596337611, "Gold": 0.19620667102680994}
