{"FTSE100": -0.860553370217429, "DJIA": -1.1185536979590924, "GBPUSD": -0.016498927569724466, "Gold": 0.7591754650578248}
