{"FTSE100": 0.17013748752365282, "DJIA": -2.4827916038508784, "GBPUSD": -0.026163333956258677, "Gold": 1.6088309553167672}
