{"FTSE100": 0.49978441703211185, "DJIA": 2.1208611690249506, "GBPUSD": -0.5302056555270052, "Gold": -0.5941405449702882}
