{"FTSE100": 0.2128865800465088, "DJIA": -0.47697413693514684, "GBPUSD": 0.10337302346951908, "Gold": 0.0}
