{"FTSE100": 0.5855091483599615, "DJIA": 0.6512884291800126, "GBPUSD": -0.4160998639673419, "Gold": 0.0182648401826484}
