{"FTSE100": 0.11015079948587381, "DJIA": 0.5595277945542726, "GBPUSD": -0.49327711035086186, "Gold": -0.21914177963510112}
