{"FTSE100": 0.8848336849849074, "DJIA": 0.8119888224640356, "GBPUSD": -0.2884469409442693, "Gold": 0.688263047813614}
