{"FTSE100": 0.6551473272422669, "DJIA": 0.7978554537875318, "GBPUSD": 0.2388403887333143, "Gold": 0.37874746612610205}
