{"FTSE100": -0.20038012377754785, "DJIA": 0.6679126218229057, "GBPUSD": -0.22655188038059898, "Gold": -0.28810141169691733}
