{"FTSE100": 0.5842243694164169, "DJIA": -0.1927346964237268, "GBPUSD": -0.34381139489194346, "Gold": 0.24465150174379496}
