{"FTSE100": 0.6571929987283329, "DJIA": 0.30623296387359294, "GBPUSD": 0.04215690031809684, "Gold": 1.023659682944327}
