{"FTSE100": -1.1025675049006725, "DJIA": -0.37383795656136565, "GBPUSD": -0.00784621420164684, "Gold": 0.40337561700546193}
