{"FTSE100": 0.1994910454818391, "DJIA": -0.4267107831152267, "GBPUSD": -0.18826482585505017, "Gold": -0.18560527943906663}
