{"FTSE100": -0.25529862067651815, "DJIA": 0.3205791708779788, "GBPUSD": 0.21712907117007837, "Gold": -0.1888930865130336}
