{"FTSE100": 0.0004044363976546105, "DJIA": -0.019758482642469304, "GBPUSD": -0.06465168902536866, "Gold": 0.0}
