{"FTSE100": 0.07341913389572946, "DJIA": 0.42169345508682693, "GBPUSD": -0.3297479783308457, "Gold": -1.0876928867143258}
