{"FTSE100": 0.92798926714741, "DJIA": 1.4689919001806955, "GBPUSD": 0.253525590239272, "Gold": 0.45140081448408054}
