{"FTSE100": -0.17575538058724532, "DJIA": 0.40272694964615735, "GBPUSD": -0.6381111908750106, "Gold": -0.3351172910518704}
