{"FTSE100": 0.33795814488007436, "DJIA": -0.8030013994700549, "GBPUSD": 0.13038781060240215, "Gold": 0.0}
