{"FTSE100": -0.04204370924799138, "DJIA": -0.5745933616185418, "GBPUSD": -0.03705075954058295, "Gold": -3.314124218939753}
