{"FTSE100": -1.2236021557649626, "DJIA": -0.7360735174958257, "GBPUSD": -1.0140254089125456, "Gold": -0.5438112745098144}
