{"FTSE100": -2.346270701746393, "DJIA": -0.44071246929431523, "GBPUSD": -0.19729739790790612, "Gold": 0.0}
