{"FTSE100": 0.0688925874701439, "DJIA": -0.02600496266262812, "GBPUSD": -0.3578981617048934, "Gold": 0.0}
