{"FTSE100": 0.016739489555545786, "DJIA": -0.6125483595503677, "GBPUSD": 0.11962184063285065, "Gold": 0.01461934870800176}
