{"FTSE100": 0.3158367500688159, "DJIA": 0.19838740499920998, "GBPUSD": -0.3094128611370064, "Gold": 0.4186783343391637}
