{"FTSE100": 0.6058055249357003, "DJIA": -0.11664376752894585, "GBPUSD": -0.25931928687195055, "Gold": 0.0}
