{"FTSE100": -0.4882997300398188, "DJIA": -0.2751883081939169, "GBPUSD": -0.07063255375921369, "Gold": 0.3903585234593999}
