{"FTSE100": 0.23178182733645325, "DJIA": 0.0, "GBPUSD": 0.6304365174367582, "Gold": -1.867227572973169}
