{"FTSE100": 0.09679471969975155, "DJIA": 0.10140534776691236, "GBPUSD": -0.2592982740458528, "Gold": -0.7771497779572109}
