{"FTSE100": 0.17039101418450062, "DJIA": -0.7552689855293765, "GBPUSD": 0.3080082135523626, "Gold": 0.3637793727263834}
