{"FTSE100": 0.3981113238735933, "DJIA": -0.8612880864969604, "GBPUSD": 0.01647446457991763, "Coffee": 0.0, "Gold": -0.21787709497205943}
