{"FTSE100": 0.1571834302364875, "DJIA": -0.9455797700215582, "GBPUSD": 0.4191114836546503, "Gold": -0.8488706988024893}
