{"FTSE100": 0.0013092961115083895, "DJIA": 1.042902600868546, "GBPUSD": 0.025781739162467125, "Gold": -0.08634293030041655}
