{"FTSE100": 0.008674848418440654, "DJIA": 0.05034610680587373, "GBPUSD": 1.6166334541320082e-14, "Gold": 1.7423506556580892}
