{"FTSE100": 0.00867373904073072, "DJIA": 1.2276663169415103, "GBPUSD": 0.24003097173827956, "Gold": 0.19548075011596616}
