{"FTSE100": -0.23333759277598187, "DJIA": 1.0496807521419425, "GBPUSD": -0.14105542648523356, "Gold": -0.1483924154987534}
