{"FTSE100": -0.04883440331761336, "DJIA": 2.127325533372524, "GBPUSD": 0.3473370823685066, "Gold": 0.7670850767085052}
