{"FTSE100": -0.3077349007581551, "DJIA": -0.14826910732495874, "GBPUSD": -0.39582013932869814, "Gold": -0.17291635788745613}
