{"FTSE100": 0.2799620523052202, "DJIA": 0.09267068427050526, "GBPUSD": 0.0474758664345572, "Gold": 0.04302000430200043}
