{"FTSE100": 0.6152803002784883, "DJIA": 0.32296056811985335, "GBPUSD": -0.2568206349797114, "Gold": -0.21087314662272277}
