{"FTSE100": 0.4398158459478591, "DJIA": 0.2467296838661651, "GBPUSD": -0.2518297001652704, "Gold": 0.3011750765280887}
