{"FTSE100": 0.025735973894221283, "DJIA": 0.3853179154728225, "GBPUSD": -0.01661819692563174, "Gold": 0.1195392306020455}
