{"FTSE100": 0.7416778682691634, "DJIA": 0.3126579848380299, "GBPUSD": -0.24735255468811096, "Gold": 0.0}
