{"FTSE100": 0.67130529218549, "DJIA": 0.07594681563280696, "GBPUSD": -0.5798252581413886, "Gold": -1.2759249224099753}
