{"FTSE100": -0.40868671533734713, "DJIA": -1.017168800958807, "GBPUSD": 0.64474532559639, "Gold": 0.085255767301908}
