{"FTSE100": 0.6672472166992881, "DJIA": 0.29258762146241046, "GBPUSD": -0.016097875080487604, "Gold": 0.34916201117318435}
