{"FTSE100": -0.09653737740998707, "DJIA": 0.12672300894125516, "GBPUSD": -0.21292277454753383, "Gold": 0.0}
