{"FTSE100": 0.07316884921145984, "DJIA": -0.01936384410780747, "GBPUSD": -0.22051555014828716, "Gold": 0.949224047009184}
