{"FTSE100": 0.06609853402894124, "DJIA": -0.11861659163697665, "GBPUSD": -0.28433773003712565, "Gold": 0.7525823905558378}
