{"FTSE100": 0.13596210671342038, "DJIA": -0.034712185860012325, "GBPUSD": 0.07069913589944232, "Gold": -0.30377549544337634}
