{"FTSE100": 0.20943399431640572, "DJIA": -0.0606378799878433, "GBPUSD": 0.1332601708865748, "Gold": -0.00423764725823837}
