{"FTSE100": 0.2783009842066158, "DJIA": 0.0, "GBPUSD": 0.08687411151477657, "Gold": 0.1868056238324626}
