{"FTSE100": 1.2317804457463373, "DJIA": 0.71200223359167, "GBPUSD": -0.6916403470195536, "Gold": -0.3795793285973008}
