{"FTSE100": 0.0, "DJIA": -1.5518193040996278, "GBPUSD": 0.07034547444113654, "Gold": 0.35056365136100553}
