{"FTSE100": 0.09486550266955325, "DJIA": -0.38314131982452637, "GBPUSD": 0.06460991762236586, "Gold": 0.12943308309603935}
