{"FTSE100": -0.03118915751468983, "DJIA": 0.0, "GBPUSD": 0.13005890903525458, "Gold": 0.5634091374718295}
