{"FTSE100": 2.1719719571196143, "DJIA": 1.4005709452199757, "GBPUSD": 0.301157077191316, "Gold": 2.73419764919537}
