{"FTSE100": -1.5543412898319502, "DJIA": -0.7125039432309532, "GBPUSD": -0.6965641386866954, "Gold": -0.2988612356366236}
