{"FTSE100": -0.20769447734020946, "DJIA": 0.0050461647029549014, "GBPUSD": 0.06443054765965643, "Gold": 0.0}
