{"FTSE100": 0.0, "DJIA": 0.4481499985904223, "GBPUSD": -0.19307886529035614, "Gold": -0.6682854024191931}
