{"FTSE100": -0.07539156834800925, "DJIA": -0.5761716627504442, "GBPUSD": -0.073481384715882, "Gold": -0.2681779082123251}
