{"FTSE100": 0.15785506164146323, "DJIA": 0.7458314057590976, "GBPUSD": -0.026104792093982657, "Gold": -0.509220200072318}
