{"FTSE100": 0.6241541192962219, "DJIA": 0.46948262446271805, "GBPUSD": -0.18521501046867198, "Gold": 0.0}
