{"FTSE100": -0.22419404259182113, "DJIA": -0.26718038897760865, "GBPUSD": -0.22417801394886636, "Gold": -0.4530567685589495}
