{"FTSE100": 1.4618262900657262, "DJIA": 1.0599285535638696, "GBPUSD": -0.5600736535215655, "Gold": -0.010115314586285933}
