{"FTSE100": 0.7566153652002696, "DJIA": 0.2779895816260505, "GBPUSD": -0.18532246108227923, "Gold": -0.6360977962678352}
