{"FTSE100": 0.3735818895240006, "DJIA": -0.45391563353623593, "GBPUSD": -0.17101643244850687, "Gold": 0.05069935283766717}
