{"FTSE100": 1.5028568495287322, "DJIA": -0.06045425284321284, "GBPUSD": -0.09523809523808476, "Gold": 0.2697167973627623}
