{"FTSE100": -0.4831098543992124, "DJIA": 0.46948262446271805, "GBPUSD": -0.19326783701078737, "Gold": 0.2448854650272922}
