{"FTSE100": -0.12269357092152929, "DJIA": -0.5937798212891447, "GBPUSD": 0.19917379758040163, "Gold": -0.3096399408121808}
