{"FTSE100": -0.4877628425840124, "DJIA": -0.6154037940605661, "GBPUSD": 0.39490651192778076, "Gold": -0.37111334002005336}
