{"FTSE100": 0.13545166087848862, "DJIA": -0.1487139344587109, "GBPUSD": -0.05187106335680955, "Gold": -3.314124218939753}
