{"FTSE100": 0.6146874846081869, "DJIA": -0.1493954644899611, "GBPUSD": 0.6464837590665393, "Gold": 1.6616444253120926}
