{"FTSE100": -0.2436133036435679, "DJIA": -0.6116234251628423, "GBPUSD": -0.003686364139041064, "Gold": -0.6718991556665584}
