{"FTSE100": 0.4857060720475939, "DJIA": 0.42960827851679734, "GBPUSD": -0.0799744081893706, "Gold": 0.393054595715269}
