{"FTSE100": -0.3758326475377669, "DJIA": -0.6532618070496287, "GBPUSD": -0.056252009000315246, "Gold": 0.667850198664288}
