{"FTSE100": 0.5130985614310186, "DJIA": -0.305081231250134, "GBPUSD": -0.2288880857728, "Gold": 1.0036825763593105}
