{"FTSE100": 0.012447143264289017, "DJIA": -0.7159106651013718, "GBPUSD": 0.6130815812239141, "Gold": 3.1377404644701503}
