{"FTSE100": 0.260212456410624, "DJIA": -0.6845214843382148, "GBPUSD": -0.6417366502931386, "Gold": 0.9966627581852578}
