{"FTSE100": 0.2071032701234401, "DJIA": -0.17969851069133566, "GBPUSD": 0.03170325750970563, "Gold": 1.4693845734107578}
