{"FTSE100": -0.43328956805944774, "DJIA": 0.46948262446271805, "GBPUSD": -0.1530037043002104, "Gold": 0.3622264170195352}
