{"FTSE100": 0.40831096373493003, "DJIA": 0.9333153946699003, "GBPUSD": -0.13097576948264947, "Gold": -0.3539638748633571}
