{"FTSE100": -0.012879716860891496, "DJIA": -0.03771410985065024, "GBPUSD": 0.03933291378224865, "Gold": 0.0}
