{"FTSE100": 0.7495180804587857, "DJIA": 1.711388020962844e-14, "GBPUSD": 0.32505224053865656, "Gold": -0.007368110816379977}
