{"FTSE100": 0.283558180178515, "DJIA": 0.15976816467024268, "GBPUSD": 0.06319614503516344, "Gold": 0.8664653166311829}
