{"FTSE100": 0.052054409742935785, "DJIA": 0.11699761498062525, "GBPUSD": -0.2418184749314939, "Gold": 0.0}
