{"FTSE100": -0.4146504694362237, "DJIA": -0.7681128539340597, "GBPUSD": -0.14572538860103817, "Gold": -0.8736803785948283}
