{"FTSE100": -0.3590279760862781, "DJIA": -0.22229651382237875, "GBPUSD": 0.6931886678722027, "Gold": 1.45505971087367}
