{"FTSE100": 0.04561076597436358, "DJIA": -0.5784810709515997, "GBPUSD": -0.07050877648717901, "Gold": 0.45524902121460437}
