{"FTSE100": 0.5668676932540258, "DJIA": -0.22644728425532468, "GBPUSD": 0.4834746770230636, "Gold": 1.7539073157422924}
