{"FTSE100": -0.08716033380660236, "DJIA": -2.602066674954433, "GBPUSD": -0.5793470602051258, "Gold": 0.4996460840238164}
