{"FTSE100": 0.42893867938660274, "DJIA": 1.0865528618869906, "GBPUSD": -0.10233862714626557, "Gold": 0.7077169132347171}
