{"FTSE100": 0.4638010343106085, "DJIA": -0.42086777752016297, "GBPUSD": -0.29807459921050805, "Gold": 0.03496154230346846}
