{"FTSE100": -2.577581033381304, "DJIA": -0.28361335320611575, "GBPUSD": 1.2969737279680793, "Gold": 2.706766917293238}
