{"FTSE100": 0.08604331796711084, "DJIA": 0.08337352620218463, "GBPUSD": -0.08179046769275626, "Gold": -0.5373949704581326}
