{"FTSE100": -0.6574409815634261, "DJIA": -0.5618624186262472, "GBPUSD": -0.08755870413116922, "Gold": -0.0467241200290657}
