{"FTSE100": 0.4271515187335987, "DJIA": 0.2310402602924975, "GBPUSD": -0.08782435129741323, "Gold": -0.15652854471933167}
