{"FTSE100": 0.5995117703178108, "DJIA": -0.02347478196479723, "GBPUSD": 0.1341117071631457, "Gold": 0.4395135481118064}
