{"FTSE100": -0.047320595791208855, "DJIA": 0.10751297283731569, "GBPUSD": -0.16526324073345328, "Gold": -0.83307501549907}
