{"FTSE100": -0.36807672727731056, "DJIA": -0.02695126824661071, "GBPUSD": -0.1927971003316069, "Gold": -0.08223684210526316}
