{"FTSE100": 1.2197007605780283, "DJIA": 0.08233753137203556, "GBPUSD": -0.0799744081893706, "Gold": 0.393054595715269}
