{"FTSE100": -0.11108574346435536, "DJIA": -0.14992069262634208, "GBPUSD": -0.1340482573726569, "Gold": -0.19301707128763831}
