{"FTSE100": -0.46215580832442377, "DJIA": 0.03766096191943483, "GBPUSD": -0.44818367667872605, "Gold": -0.1645836547857864}
