{"FTSE100": -0.03409022854272481, "DJIA": 0.45700846518993954, "GBPUSD": 0.15524334394162864, "Gold": -0.3668655283549431}
