{"FTSE100": -0.0637028437718782, "DJIA": 0.20316690624365805, "GBPUSD": 0.28844020412691473, "Gold": 0.2377584494537602}
