{"FTSE100": -1.1775475100184856, "DJIA": -0.7519028174464846, "GBPUSD": -0.6295399515738522, "Gold": -0.1564444444444315}
