{"FTSE100": 0.034071803538275144, "DJIA": -0.4716527227349482, "GBPUSD": 0.16579819990527497, "Gold": 0.3115022194533136}
