{"FTSE100": -0.4021587721825926, "DJIA": 0.0, "GBPUSD": -0.26578073089699916, "Gold": 0.33014017427072234}
