{"FTSE100": -0.29677094525503733, "DJIA": 0.15976816467024268, "GBPUSD": 0.023661172016717955, "Gold": -0.353183557343277}
