{"FTSE100": 0.3669358469849277, "DJIA": 0.7732504727616141, "GBPUSD": 0.2158701801399527, "Gold": 0.05608839531101015}
