{"FTSE100": -1.2758075397650364, "DJIA": 0.7478474233106724, "GBPUSD": -0.11455691023646558, "Gold": -1.328785256083897}
