{"FTSE100": -0.6503952872698529, "DJIA": -0.3560467520484415, "GBPUSD": -0.26807537648820057, "Gold": -0.13271726307511036}
