{"FTSE100": 0.06081228818191922, "DJIA": -1.7960392940124525, "GBPUSD": 0.2501213275096102, "Gold": 0.9480840167057862}
