{"FTSE100": -0.16832851674206087, "DJIA": -0.41103559386866934, "GBPUSD": 0.26188397746211256, "Gold": 0.8016310643621789}
