{"FTSE100": 1.3834386268888341, "DJIA": 1.0223330286687726, "GBPUSD": -1.157797883760151, "Gold": -0.638616209904025}
