{"FTSE100": 0.46063814099330946, "DJIA": -0.6615305745402872, "GBPUSD": 0.1678791270285387, "Gold": 0.0}
