{"FTSE100": -0.24742731143478597, "DJIA": -0.3081788779435541, "GBPUSD": 0.027584032785598966, "Gold": 0.7310882987992038}
