{"FTSE100": 0.3021203234971261, "DJIA": 0.8498600443797134, "GBPUSD": -0.14247269273389454, "Gold": 0.53899025861642}
