{"FTSE100": 0.20979943820073318, "DJIA": 0.19179408179090748, "GBPUSD": -0.22391043582568054, "Gold": 0.06777540274229468}
