{"FTSE100": 0.013256756071783086, "DJIA": 0.5789231921862223, "GBPUSD": -0.2745744096650238, "Gold": 0.45396230139149535}
