{"FTSE100": 0.10063198986133085, "DJIA": 1.0778702516553311, "GBPUSD": -0.04582251412862043, "Gold": -0.39738023401281114}
