{"FTSE100": -0.019291926388704316, "DJIA": -0.252166640404351, "GBPUSD": -0.4223546270457839, "Gold": 1.8023358205638465e-14}
