{"FTSE100": 0.12730032937689975, "DJIA": -0.002566084251074419, "GBPUSD": 0.35560823825751336, "Gold": 1.2555324722247256}
