{"FTSE100": 0.5886583016032559, "DJIA": -1.364870543362314, "GBPUSD": -0.06675567423230239, "Gold": 0.13191855463149882}
