{"FTSE100": 0.4785843455160138, "DJIA": -0.9497952727079738, "GBPUSD": 0.3611267153519116, "Gold": -0.19789201978919807}
