{"FTSE100": -1.670435711765767, "DJIA": -1.070288322441955, "GBPUSD": 0.5237778516794124, "Gold": 1.2352309344790549}
