{"FTSE100": -0.39403573671711184, "DJIA": -0.44300591830929176, "GBPUSD": -0.9147021640514597, "Gold": -0.07225240172334871}
