{"FTSE100": -0.23647957954555623, "DJIA": 0.19660393016077043, "GBPUSD": 0.14926545683085965, "Gold": 0.13951541645351812}
