{"FTSE100": 0.13831765204260668, "DJIA": 0.14637127657105953, "GBPUSD": 0.2046116313842713, "Gold": -0.06436663233779609}
