{"FTSE100": 0.3981113238735933, "DJIA": -0.4948898040914321, "GBPUSD": -0.12349744771941847, "Coffee": -0.060919890344193914, "Gold": 0.11187559433909493}
