{"FTSE100": -0.12649956144489735, "DJIA": -0.21207662095522664, "GBPUSD": 0.15833521827640734, "Gold": -0.7480983214936734}
