{"FTSE100": 0.36986890772225467, "DJIA": 0.03104622192506316, "GBPUSD": -0.104526815148354, "Gold": 0.2553626149131767}
