{"FTSE100": 0.04964733496484668, "DJIA": 0.5004432764820844, "GBPUSD": 0.02334630350194295, "Gold": -0.42338298306467836}
