{"FTSE100": 1.0095985195814376, "DJIA": 0.9763440252558995, "GBPUSD": -0.25908709898651755, "Gold": 0.7327777106736029}
