{"FTSE100": 0.9371524543614947, "DJIA": -0.20337129924703878, "GBPUSD": -0.1601537475976939, "Gold": 0.0}
