{"FTSE100": 1.0923464854115446, "DJIA": 1.0056410382246603, "GBPUSD": -0.3429093957174387, "Gold": 0.7247252083585157}
