{"FTSE100": -0.32769058954915764, "DJIA": -0.06358741156993665, "GBPUSD": -0.39354442719427774, "Gold": 0.0}
