{"FTSE100": -0.4541681038383317, "DJIA": -0.31301195247437186, "GBPUSD": -0.26664575327425843, "Gold": 0.24429569550985622}
