{"FTSE100": 0.2655033365911782, "DJIA": 0.2961486821397024, "GBPUSD": 0.11724245740191158, "Gold": 0.11999616012287606}
