{"FTSE100": 0.07502816601199543, "DJIA": 0.2405162384032634, "GBPUSD": 0.41523033531808856, "Gold": 0.29645873944120293}
