{"FTSE100": 0.7777545046310805, "DJIA": 0.8119888224640356, "GBPUSD": -0.04554425383330302, "Gold": 0.688263047813614}
