{"FTSE100": 1.0691786084110022, "DJIA": 0.9354129205028684, "GBPUSD": -0.21069692058346318, "Gold": 0.0}
