{"FTSE100": 0.06758759414208683, "DJIA": 0.0, "GBPUSD": 0.04755488626455844, "Gold": 1.4693845734107578}
