{"FTSE100": 0.06749726942864336, "DJIA": 0.6827981564566141, "GBPUSD": 0.08746123876918986, "Gold": 0.23023389670869465}
