{"FTSE100": 0.6402568082404365, "DJIA": 0.0, "GBPUSD": 0.12647221563513128, "Gold": -0.46635285913527796}
