{"FTSE100": -0.028608599408410883, "DJIA": 0.14228611672027702, "GBPUSD": 0.03142183817752992, "Gold": 0.0}
