{"FTSE100": 0.23834512877147535, "DJIA": -0.4457888358008879, "GBPUSD": -0.035712868536950076, "Gold": -0.8705604883462786}
