{"FTSE100": -0.10407454541533097, "DJIA": 0.13121827694036156, "GBPUSD": -0.6077303297949793, "Gold": -0.9588211546225271}
