{"FTSE100": 0.41214295761004177, "DJIA": -0.1593029612476509, "GBPUSD": 0.17193384640576312, "Gold": 0.0}
