{"FTSE100": 0.7617322750759041, "DJIA": 0.5937661076064754, "GBPUSD": -0.294094884296883, "Gold": -0.5879069767441759}
