{"FTSE100": -0.36806652123511535, "DJIA": -0.3698159508653571, "GBPUSD": 0.023837902264615733, "Gold": 0.4924400055486134}
