{"FTSE100": -0.4262773565975039, "DJIA": 0.18657717287017261, "GBPUSD": -0.11029701410226643, "Gold": 0.24509803921568626}
