{"FTSE100": 0.20481529794447867, "DJIA": 0.28441796402708264, "GBPUSD": -0.3980506677578934, "Gold": -0.7950795079507951}
