{"FTSE100": -0.34511745201514626, "DJIA": 0.9247514478540337, "GBPUSD": 0.595021250758971, "Gold": 0.5790597517281314}
