{"FTSE100": 4.444832202180369, "DJIA": 7.870403943728889, "GBPUSD": 0.5345089930162712, "Gold": 1.5344348110584032}
