{"FTSE100": -0.016869354517149347, "DJIA": -0.11367148199528888, "GBPUSD": 0.24837753385146244, "Gold": 0.7359888607091329}
