{"FTSE100": -0.2464786864373014, "DJIA": 0.18091678195571365, "GBPUSD": 0.2387525180929711, "Gold": 1.5106897459838504}
