{"FTSE100": -0.16749577893494946, "DJIA": -1.2493653688764783, "GBPUSD": -0.14721834805516915, "Gold": -0.07044296191937482}
