{"FTSE100": 0.5926560607240813, "DJIA": 0.4658403495534576, "GBPUSD": -0.02395209580839832, "Gold": -0.045500505561166006}
