{"FTSE100": 0.3505609802478675, "DJIA": 0.17601959752044372, "GBPUSD": -0.5609224057338809, "Gold": -0.2647700134980744}
