{"FTSE100": 0.30230555075601756, "DJIA": 0.13972443443698357, "GBPUSD": 0.47933364765049635, "Gold": 0.3206685453308672}
