{"FTSE100": -2.2154394161337554, "DJIA": 0.6920165818229216, "GBPUSD": 1.0641835716661059, "Gold": 2.3684210526315863}
