{"FTSE100": -0.3477753703699092, "DJIA": -0.11825508165853232, "GBPUSD": 0.2745157846576384, "Gold": -0.1447468939728965}
