{"FTSE100": 0.19734903892047434, "DJIA": -0.8024158270873926, "GBPUSD": 0.17510347023242612, "Gold": 0.7197081731243177}
