{"FTSE100": 0.13182683711556314, "DJIA": -0.5309762524629833, "GBPUSD": 0.11837321383276128, "Gold": -0.13231159380341204}
