{"FTSE100": -0.4263915574471649, "DJIA": 0.09200504751704267, "GBPUSD": 0.5622364516632903, "Gold": 0.7877664504170528}
