{"FTSE100": 0.33054137351955426, "DJIA": 0.13942655217969407, "GBPUSD": 0.8435329143235185, "Gold": 0.6222508314558597}
