{"FTSE100": 0.3084570965939834, "DJIA": 0.12120043233245743, "GBPUSD": -0.2079693869062614, "Gold": -0.6277395962984961}
