{"FTSE100": -0.6128490579439144, "DJIA": -0.6459536137669861, "GBPUSD": 0.18881283927306722, "Gold": 0.19279870772758298}
