{"FTSE100": -0.8615685532210265, "DJIA": -1.8957074033152979, "GBPUSD": 0.3081548290116492, "Gold": 0.2590608415704666}
