{"FTSE100": -0.3502480225231273, "DJIA": -1.100256240299082, "GBPUSD": 0.21090201168072156, "Gold": 0.0}
