{"FTSE100": -0.5014987618923441, "DJIA": -0.6850063167480822, "GBPUSD": 0.684876319394082, "Gold": 1.8146075911084227}
