{"FTSE100": 1.3842957712776665, "DJIA": 0.6114152269129451, "GBPUSD": -0.6195885296687431, "Gold": 1.1227124733355787}
