{"FTSE100": 0.35954430072835436, "DJIA": 1.117045217631898, "GBPUSD": -0.1491980604252146, "Gold": -0.47043630661379354}
