{"FTSE100": -0.08685202094944072, "DJIA": 0.34937839824878414, "GBPUSD": 0.03958828186856254, "Gold": 0.2308334561170888}
