{"FTSE100": 0.1716878205554294, "DJIA": 0.07787561582343737, "GBPUSD": -0.1919385796544978, "Gold": -1.0235069171071938}
