{"FTSE100": -0.1668005437056126, "DJIA": 0.526500436470395, "GBPUSD": 0.17611271213576526, "Gold": -0.3902341404842883}
