{"FTSE100": 0.3058928910233965, "DJIA": 0.35548841970708095, "GBPUSD": -0.007818608287723922, "Gold": 0.4165895204591742}
