{"FTSE100": -0.9305544584993054, "DJIA": -1.3549674215902217, "GBPUSD": -0.055379746835436935, "Gold": -0.49370849353373736}
