{"FTSE100": 0.021430900166215083, "DJIA": 0.08377085725195982, "GBPUSD": -0.1476668635558182, "Gold": -0.3174508989497499}
