{"FTSE100": 0.22674076833468607, "DJIA": -0.3231541195029228, "GBPUSD": -0.3083782277540313, "Gold": 0.0}
