{"FTSE100": -0.08851896905565187, "DJIA": -0.5468671780450398, "GBPUSD": -0.20903322135124403, "Gold": 0.27328562573956927}
