{"FTSE100": -0.2179408615207367, "DJIA": 0.07175592682692095, "GBPUSD": -0.1079734219268984, "Gold": 0.016236402013311387}
