{"FTSE100": -0.1989866841277584, "DJIA": -0.3797034879732303, "GBPUSD": -0.356548609460419, "Gold": -0.7217238890607278}
