{"FTSE100": 0.10480882922217677, "DJIA": -0.8295305874058752, "GBPUSD": 0.3488740881699936, "Gold": 0.02056978298878245}
