{"FTSE100": 0.0, "DJIA": -2.4827916038508784, "GBPUSD": 0.16819286114745544, "Gold": 2.3310433914626296}
