{"FTSE100": -0.6473636164933008, "DJIA": -1.008917915594655, "GBPUSD": -0.20024028834602872, "Gold": 0.0}
