{"FTSE100": 0.19825383281616135, "DJIA": 1.09953157571708, "GBPUSD": 0.49884595339141913, "Gold": 0.0}
