{"FTSE100": -0.07738089551668564, "DJIA": 0.18093495816449032, "GBPUSD": -0.18902038132807106, "Gold": 0.24045686804929137}
