{"FTSE100": -1.2236021557649626, "DJIA": -0.862774881793168, "GBPUSD": 0.027456363992945477, "Gold": -0.11538461538461539}
