{"FTSE100": 0.0, "DJIA": 0.0, "GBPUSD": -0.04653688047779073, "Gold": -0.1955201866017157}
