{"FTSE100": 0.03223200557066656, "DJIA": 0.47323261775398445, "GBPUSD": 0.3379758588672278, "Gold": 1.129460468883585}
