{"FTSE100": -0.27204039739208175, "DJIA": -0.3181822845035333, "GBPUSD": -0.03303600925007895, "Gold": 0.15624212489289394}
