{"FTSE100": -0.16342072088295762, "DJIA": -0.3726646436600651, "GBPUSD": 0.03801992243935403, "Gold": 0.5851037115162404}
