{"FTSE100": -0.3318083240990615, "DJIA": -1.2372630858564577, "GBPUSD": 0.3132530120481939, "Gold": 0.10610304727951786}
