{"FTSE100": 0.0, "DJIA": -0.7699569309741626, "GBPUSD": -0.06359806025915508, "Gold": -0.034372135655365524}
