{"FTSE100": 0.8939828970430925, "DJIA": 0.6386246022945836, "GBPUSD": 0.15573770491803385, "Gold": 0.0}
