{"FTSE100": -0.6402875440235316, "DJIA": 0.20315749627711183, "GBPUSD": 0.04691898654988535, "Gold": -1.6031725941863897}
