{"FTSE100": 0.612780415295247, "DJIA": 0.71200223359167, "GBPUSD": -0.2518690281053841, "Gold": -0.47360356595627395}
