{"FTSE100": 0.1571834302364875, "DJIA": -1.077325750476626, "GBPUSD": 0.2275176625553841, "Gold": -0.8488706988024893}
