{"FTSE100": 0.8581517666043277, "DJIA": 0.4120198409917458, "GBPUSD": 0.016354567012836534, "Gold": 0.0}
