{"FTSE100": 1.1313547381567763, "DJIA": 0.71200223359167, "GBPUSD": -0.4597609243193477, "Gold": -0.4213678785346275}
