{"FTSE100": -0.4269749293321561, "DJIA": 0.024578114348522355, "GBPUSD": 0.5903187721369545, "Gold": 0.0}
