{"FTSE100": 0.29392886726255385, "DJIA": -0.3704681377960019, "GBPUSD": -0.5988466656809105, "Gold": 0.0}
