{"FTSE100": 0.40677251499852335, "DJIA": 1.3564904820566428, "GBPUSD": -0.13997347870928178, "Gold": 0.3052049822651134}
