{"FTSE100": -0.21792585306890816, "DJIA": 0.09433304455700235, "GBPUSD": 0.3158060950576173, "Gold": 0.9243697478991597}
