{"FTSE100": 0.3469919469445746, "DJIA": 0.11640997004562277, "GBPUSD": 0.09060209208468009, "Gold": -0.8872055618968511}
