{"FTSE100": 0.058876316460771204, "DJIA": -0.8903340515928254, "GBPUSD": 0.25758763579347843, "Gold": 0.9023564917842852}
