{"FTSE100": 0.41756198324211496, "DJIA": 1.1411733828527122, "GBPUSD": 0.2992795122852473, "Gold": 0.0}
