{"FTSE100": -0.2687143672173671, "DJIA": 1.1621354477690533, "GBPUSD": -0.320713391739674, "Gold": -0.17584690974915249}
