{"FTSE100": 1.660082254502723, "DJIA": 0.7104139672465875, "GBPUSD": -0.39915281850764944, "Gold": -1.222716248989493}
