{"FTSE100": -0.364501153052554, "DJIA": -0.031041116091428917, "GBPUSD": 0.08048937540245589, "Gold": -1.4745441865099087}
