{"FTSE100": -0.18496971866702017, "DJIA": -0.40943976937078547, "GBPUSD": -0.05288606829859058, "Gold": 0.36744660171158994}
