{"FTSE100": -0.12725608336493008, "DJIA": -0.20527800401616966, "GBPUSD": 0.09369144284820953, "Gold": -1.4904751936361695}
