{"FTSE100": 0.3159569905807103, "DJIA": 0.3023118509650154, "GBPUSD": 0.3796139245618406, "Gold": 0.6435071137700444}
