{"FTSE100": 0.4695550569619066, "DJIA": 0.330510789976329, "GBPUSD": -0.48363513665503277, "Gold": -1.3243709238111896}
