{"FTSE100": -0.03234073476603499, "DJIA": 0.11699761498062525, "GBPUSD": -0.4352732548766783, "Gold": 0.0}
