{"FTSE100": -0.6297667567894708, "DJIA": -1.3755549051173224, "GBPUSD": 0.5911163654787953, "Gold": 0.15998234677553322}
