{"FTSE100": 0.0473086244835431, "DJIA": -0.27488709070380263, "GBPUSD": -0.09563520905856496, "Gold": -0.1343054489639294}
