{"FTSE100": -0.34753639604224174, "DJIA": 0.005179498229663735, "GBPUSD": 0.07222534307038946, "Gold": -0.27755349212757363}
