{"FTSE100": -0.12377859104526868, "DJIA": 0.3853179154728225, "GBPUSD": 0.42365841501911483, "Gold": -0.315148880678111}
