{"FTSE100": -0.6686389045748126, "DJIA": -0.9771354349678317, "GBPUSD": -0.30686914784798286, "Gold": -0.08774646433364537}
