{"FTSE100": -0.03696645761900748, "DJIA": 0.19088802681881578, "GBPUSD": -0.34397636680019955, "Gold": 0.16333938294010888}
