{"FTSE100": 0.3335023282147962, "DJIA": 0.09898491425418575, "GBPUSD": -0.5466485673404803, "Gold": -1.0374352847471018}
