{"FTSE100": 0.1718976832758351, "DJIA": -0.22540248431104792, "GBPUSD": 0.1104797979797858, "Gold": 0.6990911814640967}
