{"FTSE100": 0.05446497394450278, "DJIA": -0.3653062469511603, "GBPUSD": -0.046335624372533316, "Gold": 0.594576935641956}
