{"FTSE100": -1.0094295852072552, "DJIA": -0.7010306033572219, "GBPUSD": -0.21751389672117333, "Gold": 0.3728294177732473}
