{"FTSE100": 0.28566664008177767, "DJIA": 1.5083119312081201, "GBPUSD": -0.2590470209592653, "Gold": 0.10762409057643463}
