{"FTSE100": -0.5688359179251182, "DJIA": -1.0104511581288504, "GBPUSD": 0.03157562361856298, "Gold": -0.36054421768707173}
