{"FTSE100": 1.1810602554632519, "DJIA": 0.9898895771459274, "GBPUSD": -0.29910269192421896, "Gold": 0.0}
