{"FTSE100": 0.05956088800342185, "DJIA": 0.413813977485255, "GBPUSD": 0.31456432840515913, "Gold": -0.798080689385035}
