{"FTSE100": 0.7582310725599011, "DJIA": 0.8484399095769031, "GBPUSD": 0.07187350263537158, "Gold": 0.31731057844861243}
