{"FTSE100": 0.7424378029869353, "DJIA": 0.13151942685282184, "GBPUSD": 0.5604743725123796, "Gold": 0.7168641008693837}
