{"FTSE100": 0.24691741667669753, "DJIA": -0.288622913236309, "GBPUSD": -0.7047893640877895, "Gold": 0.0}
