{"FTSE100": -1.1582544501533496, "DJIA": -0.5700223821083189, "GBPUSD": 0.029682398337798902, "Gold": 0.0}
