{"FTSE100": 0.01603722495579326, "DJIA": -0.3721283373536014, "GBPUSD": 0.5009107468123815, "Gold": 0.5962732919254743}
