{"FTSE100": 0.20738545229457525, "DJIA": 0.24580372744246395, "GBPUSD": -0.04445102978220151, "Gold": 0.4848083350898825}
