{"FTSE100": -0.22272662616575517, "DJIA": 0.03998756396987386, "GBPUSD": 0.19809825673533651, "Gold": 0.41720990873532854}
