{"FTSE100": 0.14676449234422095, "DJIA": 0.28269037535719965, "GBPUSD": -0.05452987458128245, "Gold": -0.7815275310834744}
