{"FTSE100": 0.5563900461796417, "DJIA": 0.5457223874681811, "GBPUSD": -0.22555806175623416, "Gold": -0.7378278671909949}
