{"FTSE100": 0.46363201428381184, "DJIA": -0.0861115803609354, "GBPUSD": 0.10803561449913746, "Gold": 0.0}
