{"FTSE100": 0.06680295856526243, "DJIA": 0.28269037535719965, "GBPUSD": -0.07789982083042081, "Gold": -0.2588175589951743}
