{"FTSE100": 0.20672433758982986, "DJIA": 0.3365698088857685, "GBPUSD": -0.7574001082000178, "Gold": 0.0}
