{"FTSE100": 0.9122892105305159, "DJIA": 0.27487036286794064, "GBPUSD": 0.06758786422349977, "Gold": 0.009833808634075037}
