{"FTSE100": -0.3254689409639282, "DJIA": -0.3470569860364145, "GBPUSD": -0.21143304620203013, "Gold": 0.1260379596678394}
