{"FTSE100": -0.3740003094439075, "DJIA": -1.9077805688317149, "GBPUSD": -0.49656542249441404, "Gold": -1.0408062117958088}
