{"FTSE100": -0.8760498024618703, "DJIA": -0.78702972146006, "GBPUSD": 0.0, "Gold": 0.5816819481415731}
