{"FTSE100": -0.4133473384809005, "DJIA": -0.5222118125101671, "GBPUSD": -0.037579857196538516, "Gold": -0.015204115247191268}
