{"FTSE100": -0.48536114557451204, "DJIA": 0.1844860347834945, "GBPUSD": 0.09732724414163785, "Gold": 0.3727810650887682}
