{"FTSE100": 0.6167618943383291, "DJIA": -0.11108026269691053, "GBPUSD": 0.3611267153519116, "Gold": 0.03011400301141204}
