{"FTSE100": 0.187091584494003, "DJIA": 0.029287993464166842, "GBPUSD": -0.11290322580643918, "Gold": 0.0}
