{"FTSE100": -1.011235686509755, "DJIA": -1.2115235026794196, "GBPUSD": -0.125598555616614, "Gold": 0.9075975359342878}
