{"FTSE100": -0.87070601522823, "DJIA": -0.07182535692740982, "GBPUSD": 0.0037264766163670965, "Gold": -0.7342677400233386}
