{"FTSE100": 1.171617550136535, "DJIA": 0.05600541950455151, "GBPUSD": 0.256197724361378, "Gold": 2.40106438936848}
