{"FTSE100": -0.4294047711935159, "DJIA": -0.18884705514233294, "GBPUSD": -0.007865963973884133, "Gold": 0.0}
