{"FTSE100": 0.5445774589250294, "DJIA": -0.40707833905014884, "GBPUSD": -0.04824314545307823, "Gold": -0.4531798971434437}
