{"FTSE100": 0.5135398158763139, "DJIA": -0.2864576665000428, "GBPUSD": 0.1975347661188327, "Gold": 0.20494136399863716}
