{"FTSE100": 0.6424805335381841, "DJIA": -0.40707833905014884, "GBPUSD": -0.12060786363271342, "Gold": -0.4888232598401094}
