{"FTSE100": 0.18012467637523225, "DJIA": 0.7756100194817952, "GBPUSD": 0.09737888501177391, "Gold": -0.5101483074007943}
