{"FTSE100": 0.31571403161848993, "DJIA": -1.037809090216601, "GBPUSD": 0.14169881130441817, "Gold": -0.31403796578391463}
