{"FTSE100": 0.0820400628973823, "DJIA": 0.714870977089899, "GBPUSD": -0.16121171221833872, "Gold": 0.0}
