{"FTSE100": -0.03409022854272481, "DJIA": 0.5228858866842576, "GBPUSD": -0.04643962848296702, "Gold": 0.09639549695320436}
