{"FTSE100": 0.41351650136484946, "DJIA": -0.5915571342052401, "GBPUSD": -0.232018561484911, "Gold": 0.13351795074671374}
