{"FTSE100": -0.5327216197770486, "DJIA": 0.19651595316745127, "GBPUSD": -0.18426534209261086, "Gold": 0.3368357548640111}
