{"FTSE100": -0.13364005398424172, "DJIA": -0.14109263645690004, "GBPUSD": -0.11088230635197747, "Gold": -0.08402115356101643}
