{"FTSE100": 3.044086318344477, "DJIA": -4.033963374617838, "GBPUSD": 0.9012523896843799, "Gold": 3.203009978733849}
