{"FTSE100": 1.2197007605780283, "DJIA": 0.1444445845763847, "GBPUSD": -0.20698988934001558, "Gold": 0.11629910406617303}
