{"FTSE100": 0.10480882922217677, "DJIA": -0.6763100328187924, "GBPUSD": 0.5074532191563559, "Gold": 0.02056978298878245}
