{"FTSE100": -0.6395437113371824, "DJIA": -0.005054950890394371, "GBPUSD": 0.14232624337786048, "Gold": -0.07733287506443234}
