{"FTSE100": 0.38427770468792355, "DJIA": 0.869606700811641, "GBPUSD": -0.5229612681810721, "Gold": 0.9834990711397661}
