{"FTSE100": 0.07630560460084744, "DJIA": -1.0530181844855433, "GBPUSD": 0.07880220646177225, "Gold": 0.5147093544883428}
