{"FTSE100": 0.06528213097007345, "DJIA": -1.0033003571936376, "GBPUSD": -0.8835594824865965, "Gold": -0.635801152122897}
