{"FTSE100": 0.17066442921956157, "DJIA": -0.14103673116313456, "GBPUSD": -0.07966396292003758, "Gold": -0.0996540312876087}
