{"FTSE100": 0.43509990437364643, "DJIA": 1.1120995521899237, "GBPUSD": 0.42027194066749934, "Gold": 0.2861925589934637}
