{"FTSE100": -0.9535023867294622, "DJIA": -1.6292390189370023, "GBPUSD": 0.27723418134375793, "Gold": 0.0}
