{"FTSE100": -0.5502597979563839, "DJIA": -1.2115235026794196, "GBPUSD": 0.0, "Gold": 1.133470225872705}
