{"FTSE100": 0.1505728397706142, "DJIA": 1.1388703134055618, "GBPUSD": 0.09584664536741933, "Gold": 0.171459364130701}
