{"FTSE100": 0.19193141339691658, "DJIA": 0.30194559396477405, "GBPUSD": 0.3726110821747879, "Gold": 0.6799144849823043}
