{"FTSE100": -0.48241834372517417, "DJIA": -0.17317210720417184, "GBPUSD": -0.5317485142321035, "Gold": -3.2147829388685087}
