{"FTSE100": 0.7064127038519339, "DJIA": 1.4242348819290567, "GBPUSD": 0.1779772498645801, "Gold": -0.23563771530982586}
