{"FTSE100": 0.12893133232621884, "DJIA": 0.40380000302538394, "GBPUSD": 0.22026431718060993, "Gold": -0.27031241877631884}
