{"FTSE100": 0.15209532674291976, "DJIA": -0.5858457426113359, "GBPUSD": -0.3776313675076271, "Gold": -0.4532188841201654}
