{"FTSE100": 0.631140937894463, "DJIA": 0.6814109996095004, "GBPUSD": -0.5689001264222578, "Gold": 0.0}
