{"FTSE100": -0.1829059384256318, "DJIA": -0.19136923871006015, "GBPUSD": -0.36226526689338345, "Gold": -0.21425170607840985}
