{"FTSE100": -0.3476409587253553, "DJIA": -0.17360282009512165, "GBPUSD": 0.6436420722134996, "Gold": 1.037355267983442}
