{"FTSE100": 0.7804798988232355, "DJIA": -0.44721173462843405, "GBPUSD": -0.09414718343008535, "Gold": -0.10914193648979452}
