{"FTSE100": 1.213727729696392, "DJIA": 1.6383344263575952, "GBPUSD": 0.15951445356573998, "Gold": 1.479654747225655}
