{"FTSE100": -1.2796921168021325, "DJIA": -0.2212937402074206, "GBPUSD": -0.1489326493463531, "Gold": -0.5573770491803179}
