{"FTSE100": 0.7353356557763085, "DJIA": 0.2055601563437402, "GBPUSD": 0.1129347989760621, "Gold": 1.3395638629283488}
