{"FTSE100": -0.29642104906816136, "DJIA": -0.03706468446607502, "GBPUSD": 0.007462129691813222, "Gold": 0.0}
