{"FTSE100": 1.133506842201916, "DJIA": 0.5586178087421069, "GBPUSD": -0.09700105084472474, "Gold": -0.6295863909272811}
