{"FTSE100": -0.28397334858397255, "DJIA": -0.6358626836531823, "GBPUSD": 0.27802825368199857, "Gold": -0.407369687991847}
