{"FTSE100": 0.3981113238735933, "DJIA": -0.4948898040914321, "GBPUSD": 0.008233163181293345, "Coffee": 0.0, "Gold": 0.0}
