{"FTSE100": -0.1834701765030977, "DJIA": 0.14150680169541643, "GBPUSD": 0.18902102858942724, "Gold": 0.2912205567451898}
