{"FTSE100": -0.7842008792335553, "DJIA": -0.22686977753143586, "GBPUSD": 0.026771713772140014, "Gold": 1.8159386266530795e-14}
