{"FTSE100": 0.1616615489998225, "DJIA": 0.14872222783215802, "GBPUSD": 0.03724117384179539, "Gold": 0.08113271742259438}
