{"FTSE100": -0.038596065262842434, "DJIA": 0.6132647159586982, "GBPUSD": -0.3826882865822402, "Gold": -1.5045582288025254}
