{"FTSE100": 0.5502319159314998, "DJIA": 0.6061085736780483, "GBPUSD": -0.3973200373948352, "Gold": -0.17651334233204566}
