{"FTSE100": 0.6362398305118172, "DJIA": -0.9334900722187347, "GBPUSD": -1.1366464780552596, "Gold": -0.1673143350604564}
