{"FTSE100": -0.46990344432567227, "DJIA": 0.19489614422314444, "GBPUSD": 0.1276833453036506, "Gold": 1.1632898351648508}
