{"FTSE100": -0.352425913784815, "DJIA": -1.744730092770791, "GBPUSD": -0.4357798165137644, "Gold": -0.3980416351550372}
