{"FTSE100": 0.8807689410936116, "DJIA": 0.4670862221125936, "GBPUSD": -0.4001645536482266, "Gold": 1.093524475866631}
