{"FTSE100": -0.4021099324923904, "DJIA": 0.15975801488197997, "GBPUSD": 0.13845903241570573, "Gold": 0.0}
