{"FTSE100": -0.15184213586963544, "DJIA": 0.825796465777775, "GBPUSD": -0.06289308176099936, "Gold": 0.046375736214812405}
