{"FTSE100": 0.04191470486133714, "DJIA": 0.1440814014874075, "GBPUSD": 0.05587930071045923, "Gold": 0.0}
