{"FTSE100": -1.007148419102206, "DJIA": -1.192592695962823, "GBPUSD": 0.3778234086242248, "Gold": 3.5524256651017168}
