{"FTSE100": -0.10955751827008553, "DJIA": 0.2779895816260505, "GBPUSD": 0.1373065647381829, "Gold": 0.597893714528522}
