{"FTSE100": 0.10484100702434361, "DJIA": 0.7056806543777565, "GBPUSD": -0.026251640727550908, "Gold": 0.03624326479329258}
