{"FTSE100": -0.42301565988186535, "DJIA": -0.09982784682565425, "GBPUSD": -0.5229649840836673, "Gold": -0.4841703878380458}
