{"FTSE100": -0.0007813934589605667, "DJIA": 0.0, "GBPUSD": 0.007793017456358243, "Gold": 0.0}
