{"FTSE100": 0.24916604425188943, "DJIA": 1.7642739747664254e-14, "GBPUSD": 0.2842955157120594, "Gold": -0.011926058437675498}
