{"FTSE100": 0.03612862309658357, "DJIA": 0.13480993003525507, "GBPUSD": 0.19702104184726507, "Gold": -0.14097515920468798}
