{"FTSE100": 0.7966326247385376, "DJIA": 0.6714875713563946, "GBPUSD": 0.056152435143939534, "Gold": 0.6010886165172067}
