{"FTSE100": -0.08388990690182499, "DJIA": -1.6922105830537704, "GBPUSD": -0.08494864468297775, "Gold": 0.9474028095393662}
