{"FTSE100": 0.638230076069146, "DJIA": 1.073257896768436, "GBPUSD": -0.26776834213144046, "Gold": 1.3316943249334152}
