{"FTSE100": 0.12032149393883282, "DJIA": -0.31809615355095106, "GBPUSD": 0.2685965828545883, "Gold": 0.18924349329471435}
