{"FTSE100": 0.31820085091318273, "DJIA": 0.26237049896480596, "GBPUSD": 0.7273599232675154, "Gold": -0.7671457065411956}
