{"FTSE100": 0.16373619232440872, "DJIA": -0.12079694235055477, "GBPUSD": 0.24907600835608873, "Gold": 0.10119323691865059}
