{"FTSE100": -0.09582925828942755, "DJIA": -0.48109218559146316, "GBPUSD": -0.12050128534704825, "Gold": 0.48658061872567093}
