{"FTSE100": -0.3727183640842149, "DJIA": -0.015629512992758544, "GBPUSD": -0.0731697924288354, "Gold": -0.06194883754829359}
