{"FTSE100": 0.17448354635286706, "DJIA": -1.0569959448376638, "GBPUSD": 0.08764940239042858, "Gold": 1.0909903867650388}
