{"FTSE100": 0.25048027277382556, "DJIA": 0.13406351942121691, "GBPUSD": 0.32081524816002, "Gold": 0.8827276587999728}
