{"FTSE100": 1.5028568495287322, "DJIA": -0.3743057045706011, "GBPUSD": 0.0, "Gold": 0.08475421278293177}
