{"FTSE100": -0.0651228319072198, "DJIA": -0.7611775552451117, "GBPUSD": 0.7851851851851809, "Gold": 0.5541069100391097}
