{"FTSE100": -0.023939625658624317, "DJIA": -0.5081808342823921, "GBPUSD": 0.9335154826958088, "Gold": 0.9751552795031084}
