{"FTSE100": -0.1599821164772168, "DJIA": 0.15975801488197997, "GBPUSD": 0.0407232448281615, "Gold": 0.0}
