{"FTSE100": -0.7899481577839809, "DJIA": -1.0603400902916702, "GBPUSD": -0.4448500057031984, "Gold": -0.9004322074595805}
