{"FTSE100": 0.541075769911641, "DJIA": -0.2584990077997856, "GBPUSD": -0.20956652818118454, "Gold": -0.9993397755236835}
