{"FTSE100": 0.01079186850895686, "DJIA": 0.2480929981925192, "GBPUSD": 0.0547516621040395, "Gold": 0.4927573170213824}
