{"FTSE100": -0.06863218745918666, "DJIA": 1.011049412844147, "GBPUSD": 0.17281538808326627, "Gold": -1.0635198135198178}
