{"FTSE100": 0.39773528996754254, "DJIA": -0.11003251448037732, "GBPUSD": 0.06323610781755686, "Gold": -0.12203626220363414}
