{"FTSE100": -0.7816983586486494, "DJIA": -1.0986433151729789, "GBPUSD": -0.3840158168890916, "Gold": -0.8373348148736024}
