{"FTSE100": -0.8087449400544493, "DJIA": -0.2790868093458619, "GBPUSD": -0.17210387424942541, "Gold": 1.8159386266530795e-14}
