{"FTSE100": 0.49785611587956313, "DJIA": 0.8041113741553872, "GBPUSD": -0.2068087814190213, "Gold": 0.0}
