{"FTSE100": 1.7187907764423722e-14, "DJIA": 0.629594313616355, "GBPUSD": 0.05182881682216385, "Gold": 0.0}
