{"FTSE100": 0.654880905154869, "DJIA": 0.6752261431264824, "GBPUSD": -0.5970149253731383, "Gold": 0.0}
