{"FTSE100": -0.05699289440575518, "DJIA": 0.6099885466374421, "GBPUSD": -0.09066183136900044, "Gold": 0.8107531470023426}
