{"FTSE100": 0.9669287322271936, "DJIA": -0.9282916865650085, "GBPUSD": -0.038702685966401806, "Gold": 0.2755165936130206}
