{"FTSE100": -0.3654652940294313, "DJIA": -1.002379517196847, "GBPUSD": -0.04770613023773029, "Gold": 0.5218929677134092}
