{"FTSE100": -0.3672444646243423, "DJIA": -0.16442428189765323, "GBPUSD": 0.03172840485444244, "Gold": 0.4794725801618288}
