{"FTSE100": 0.8786126357093755, "DJIA": 0.18864540300116348, "GBPUSD": 0.092358350399549, "Gold": 1.6968734204635714}
