{"FTSE100": -0.9731276493326857, "DJIA": -0.7453123533346824, "GBPUSD": -0.0411759861648824, "Gold": 0.6807559439138432}
