{"FTSE100": -0.5578711753498377, "DJIA": 0.41442938284664826, "GBPUSD": -0.007883948281298406, "Gold": -0.07733287506443234}
