{"FTSE100": -0.24379104143540586, "DJIA": 1.384455960368138, "GBPUSD": -0.3015748910979641, "Gold": -1.7915124543039562}
