{"FTSE100": -0.32995749800310575, "DJIA": -0.7410133453787118, "GBPUSD": -0.029713266973700483, "Gold": 0.047781421714480334}
