{"FTSE100": -0.1268123375961507, "DJIA": 0.31119069892933193, "GBPUSD": 0.07173601147775392, "Gold": -0.8657358754941791}
