{"FTSE100": 1.2252143335641446, "DJIA": 0.432630127557726, "GBPUSD": -0.09934871398607208, "Gold": 0.0}
