{"FTSE100": 0.5488859939205656, "DJIA": -0.11664376752894585, "GBPUSD": -0.17017828200972374, "Gold": 0.0}
