{"FTSE100": -0.6879591432067316, "DJIA": -0.46591209953368606, "GBPUSD": -0.12620950778291423, "Gold": 1.8159386266530795e-14}
