{"FTSE100": -0.14466828929746972, "DJIA": 0.9033702918558976, "GBPUSD": 0.28169014084508226, "Gold": 0.2521837652132464}
