{"FTSE100": 0.26672081431070593, "DJIA": -1.0210169772739706, "GBPUSD": -0.4031580715605692, "Gold": 0.11990407673859918}
