{"FTSE100": 0.4928460492908016, "DJIA": 0.34027004965234975, "GBPUSD": -0.5312135026183928, "Gold": 0.0}
