{"FTSE100": -0.6148752206838122, "DJIA": -0.2226392059964714, "GBPUSD": -0.4536616979909307, "Gold": -1.1101973684210595}
