{"FTSE100": 0.6898354911194534, "DJIA": 0.35525464431851494, "GBPUSD": 1.677834403241887e-14, "Gold": 0.0}
