{"FTSE100": 0.1162761102158247, "DJIA": 0.10779661931209204, "GBPUSD": 0.633011552460833, "Gold": 0.3356744474282173}
