{"FTSE100": 0.13094985505699963, "DJIA": -0.7552689855293765, "GBPUSD": 0.22903174853894526, "Gold": 0.3637793727263834}
