{"FTSE100": -0.2179408615207367, "DJIA": 0.12120043233245743, "GBPUSD": -0.19933554817275398, "Gold": -0.18942469015532823}
