{"FTSE100": -0.2122480912159706, "DJIA": -0.13850382697967156, "GBPUSD": -0.07828518173345725, "Gold": 0.3356970428485248}
