{"FTSE100": 0.2096871864860313, "DJIA": 0.293238706679492, "GBPUSD": 0.03225806451614339, "Gold": -0.6284772305790256}
