{"FTSE100": 0.3267876060114686, "DJIA": 0.8484399095769031, "GBPUSD": -0.07985944737261538, "Gold": 0.31731057844861243}
