{"FTSE100": 0.5163248959564463, "DJIA": 0.4503468325907459, "GBPUSD": -0.13782827342148685, "Gold": 0.0}
