{"FTSE100": -0.4529647165603309, "DJIA": -0.006461788948816712, "GBPUSD": 0.3135533432625228, "Gold": 0.7966776845495265}
