{"FTSE100": 0.7243325677410822, "DJIA": -0.43107519378210224, "GBPUSD": -0.12626262626262988, "Gold": -0.9185002399067853}
