{"FTSE100": -0.25894691524551466, "DJIA": -1.810305551173148, "GBPUSD": -0.008099789405474565, "Gold": -0.21497483221476033}
