{"FTSE100": -0.1410938997992213, "DJIA": 0.4232863746927993, "GBPUSD": -0.2255229800139904, "Gold": 0.5677517032551097}
