{"FTSE100": -0.028608599408410883, "DJIA": 0.14228611672027702, "GBPUSD": 0.24351924587587434, "Gold": -0.2410916630502917}
