{"FTSE100": 0.1789487919590571, "DJIA": -0.5627885955899432, "GBPUSD": -0.7386452931007271, "Gold": 0.09903570497785202}
