{"FTSE100": -0.2436133036435679, "DJIA": -0.6116234251628423, "GBPUSD": 0.20685579196216855, "Gold": -0.924604590319906}
