{"FTSE100": 0.41756198324211496, "DJIA": 0.8074388730146072, "GBPUSD": 0.24755218917420757, "Gold": -1.4858106536403788}
