{"FTSE100": -0.07245279361251766, "DJIA": 0.9651360103565872, "GBPUSD": -0.09949487218734554, "Gold": -0.08654425045154206}
