{"FTSE100": 0.39989569730780805, "DJIA": -0.8950587659342351, "GBPUSD": -0.16650268674788146, "Gold": -1.3351260821362103}
