{"FTSE100": 0.2828570335931999, "DJIA": 0.3272030537741547, "GBPUSD": -0.34562211981566665, "Gold": -0.372758412250648}
