{"FTSE100": 0.8265196734517891, "DJIA": 0.9300170921900529, "GBPUSD": 0.5556477027699578, "Gold": -0.6871376422589747}
