{"FTSE100": -0.3077349007581551, "DJIA": -0.24579858161042667, "GBPUSD": -0.3641545281823889, "Gold": -0.3260708463020669}
