{"FTSE100": -0.49223686458476135, "DJIA": -0.7681128539340597, "GBPUSD": -0.34812176165802866, "Gold": -0.3380310988610952}
