{"FTSE100": -1.0403974130658886, "DJIA": -1.0557474896930077, "GBPUSD": 0.01591849729387138, "Gold": 0.9612540668441177}
