{"FTSE100": 0.8134421818577824, "DJIA": 0.6420607733242925, "GBPUSD": -0.2045955303745796, "Gold": 0.27269572115622986}
