{"FTSE100": 0.06609853402894124, "DJIA": 0.12162051830827923, "GBPUSD": 0.0871425176265627, "Gold": -0.10265434814488483}
