{"FTSE100": 1.4217533888066052, "DJIA": 0.8283962860164604, "GBPUSD": -0.2833494892252482, "Gold": 0.0}
