{"FTSE100": -0.4815066932985343, "DJIA": -0.6879475902149885, "GBPUSD": -0.691552062868363, "Gold": -0.3859871989055486}
