{"FTSE100": 0.40803075654748544, "DJIA": 0.7380663283133534, "GBPUSD": -0.5593193634788172, "Gold": -0.28821259342484934}
