{"FTSE100": 0.12001996208304712, "DJIA": 0.7146097736298173, "GBPUSD": 0.47437592347771945, "Gold": 0.32207792207792446}
