{"FTSE100": -0.5020360655701646, "DJIA": -0.7428935919073757, "GBPUSD": -0.32178686352451913, "Gold": 0.19130329163123183}
