{"FTSE100": 0.9263533194327327, "DJIA": 0.7590352114147928, "GBPUSD": 0.24464378382386245, "Gold": 0.23468714845417518}
