{"FTSE100": 0.2532683742078958, "DJIA": 0.01771738784443489, "GBPUSD": 0.37729790479248027, "Gold": -0.034748076445759155}
