{"FTSE100": 0.20672433758982986, "DJIA": -0.6257861741458047, "GBPUSD": -1.0665430095061468, "Gold": 0.0}
