{"FTSE100": -0.055379929390599617, "DJIA": 0.5835522772594325, "GBPUSD": 0.05579319323042801, "Gold": -1.0118926463318942}
