{"FTSE100": -0.5928423738757361, "DJIA": -0.5784810709515997, "GBPUSD": -0.04453681710214934, "Gold": 0.1335924216662508}
