{"FTSE100": -4.953072306643027, "DJIA": -5.502574487747598, "GBPUSD": -1.622075493301765, "Gold": -1.9825637713916575}
