{"FTSE100": 0.42294439398127454, "DJIA": 0.9091301059618588, "GBPUSD": -0.027920705197227908, "Gold": -0.03445239826972748}
