{"FTSE100": -0.05270800985150889, "DJIA": -0.4948898040914321, "GBPUSD": 0.11526428453810685, "Gold": 0.8110980589584382}
