{"FTSE100": -0.18472504648709975, "DJIA": -0.5169346533361571, "GBPUSD": 0.18071815824624565, "Gold": -0.005273983439699194}
