{"FTSE100": 0.2778333293788143, "DJIA": 0.6887564490936596, "GBPUSD": 0.2506635210852307, "Gold": -0.8772441128468147}
