{"FTSE100": 0.039895521928474065, "DJIA": 0.526500436470395, "GBPUSD": 0.1360870957412772, "Gold": -0.3902341404842883}
