{"FTSE100": -0.9886330821935869, "DJIA": 0.150298832457945, "GBPUSD": 0.27613412228797307, "Gold": -0.0731299623903098}
