{"FTSE100": 0.07035650247196167, "DJIA": -0.3256629419526956, "GBPUSD": -0.49827212087117123, "Gold": -0.5678421996413673}
