{"FTSE100": -0.8396042620203993, "DJIA": 0.7087232507968462, "GBPUSD": -0.6275747892041813, "Gold": -0.45211977468128584}
