{"FTSE100": -0.5137283403565319, "DJIA": -0.5350095436311513, "GBPUSD": 0.0758840491728555, "Gold": 1.8134764351829005e-14}
