{"FTSE100": -0.5578711753498377, "DJIA": -0.030329705342329073, "GBPUSD": 0.18186131098283928, "Gold": -0.07733287506443234}
