{"FTSE100": -0.3146871034437182, "DJIA": -1.3671452926668235, "GBPUSD": 0.2907459710915483, "Gold": -0.34775048902413014}
