{"FTSE100": -0.8115708717146358, "DJIA": 0.7955544708420131, "GBPUSD": -0.06329113924049935, "Gold": 1.485494582313876}
