{"FTSE100": 0.02202278055365486, "DJIA": 0.8844962512111914, "GBPUSD": -0.23649980291682238, "Gold": -0.21769163143133388}
