{"FTSE100": -0.8781766631827652, "DJIA": 0.23350383201190494, "GBPUSD": -0.22414592672746195, "Gold": 1.2797667260651222}
