{"FTSE100": 0.6352427489379778, "DJIA": 0.7838949668673242, "GBPUSD": 0.3736920777279478, "Gold": 0.45413260672116257}
