{"FTSE100": 0.12865936418976573, "DJIA": -0.6986950186753783, "GBPUSD": 0.2994483845547695, "Gold": 0.4249893752656183}
