{"FTSE100": 0.3131765446033916, "DJIA": -0.7519028174464846, "GBPUSD": -0.20130445285449286, "Gold": -0.48529932695713135}
