{"FTSE100": 0.016516040378415517, "DJIA": 0.39589525184368535, "GBPUSD": -0.13529645841622068, "Gold": 0.16580415012811908}
