{"FTSE100": 0.23201700833280903, "DJIA": -1.0456165539326052, "GBPUSD": 0.20758947106202327, "Gold": 0.0}
