{"FTSE100": -0.019291926388704316, "DJIA": -0.4567217367062253, "GBPUSD": -0.5731955652764198, "Gold": 1.8023358205638465e-14}
