{"FTSE100": -0.859749337891144, "DJIA": -0.30055321172013205, "GBPUSD": 0.03915733416868548, "Gold": 0.0}
