{"FTSE100": 0.20096851667462698, "DJIA": 0.01750522268031231, "GBPUSD": 0.03230495881119189, "Gold": 0.12943308309603935}
