{"FTSE100": 0.206151725043497, "DJIA": -0.07631359503334861, "GBPUSD": -0.03702880841294119, "Gold": 0.10805294594350959}
