{"FTSE100": -0.4221970108499608, "DJIA": 0.3269463908926365, "GBPUSD": 0.2691991325805597, "Gold": 0.12101501342509617}
