{"FTSE100": -1.2589331503966248, "DJIA": 0.07434512235907852, "GBPUSD": 0.2523659305993763, "Gold": -0.8164974353606268}
