{"FTSE100": 0.06749726942864336, "DJIA": 0.6203762202702477, "GBPUSD": 0.1428231373482523, "Gold": 0.0}
