{"FTSE100": -0.2945993751583535, "DJIA": 0.6033365563105125, "GBPUSD": -0.22943297279581576, "Gold": -1.052242938896068}
