{"FTSE100": 0.047929271143267296, "DJIA": -0.3238716884627628, "GBPUSD": 0.2674330419510609, "Gold": -0.03789601333939669}
