{"FTSE100": -0.01046066137530594, "DJIA": -0.024509001882573527, "GBPUSD": 0.09975246610263142, "Gold": 0.1798992564164068}
