{"FTSE100": -0.024612204714770484, "DJIA": 3.571726318202797, "GBPUSD": 0.1941144498796449, "Gold": -0.19118308591994163}
