{"FTSE100": -1.6156162295782754, "DJIA": 0.5605149421433138, "GBPUSD": 1.1186714335140169, "Gold": -1.6879518456001783}
