{"FTSE100": -0.4451597615973855, "DJIA": 0.1529099361811351, "GBPUSD": 0.559981071062395, "Gold": 0.28399353669880656}
