{"FTSE100": 1.0764787435712724, "DJIA": -0.07036598996442812, "GBPUSD": -0.24460751612184856, "Gold": 0.8903241383473169}
