{"FTSE100": 0.28345774933403833, "DJIA": 0.6543623852028109, "GBPUSD": -0.4458121276679633, "Gold": -1.1378435807800336}
