{"FTSE100": -0.16075014984068994, "DJIA": -0.4718065581230504, "GBPUSD": -0.385340657538733, "Gold": -0.8765759428602372}
