{"FTSE100": 0.027365705457338064, "DJIA": 0.20150032838364174, "GBPUSD": -0.22793366344414862, "Gold": 0.2284125328963657}
