{"FTSE100": -0.6925722840390054, "DJIA": -0.053620257723329456, "GBPUSD": 0.19674195325410768, "Gold": -0.9414873848949159}
