{"FTSE100": -0.03162285278160872, "DJIA": 0.5898960655036961, "GBPUSD": 0.03268507926131361, "Gold": 1.7101956070374797}
