{"FTSE100": -0.10781606658804921, "DJIA": -0.15277998533845463, "GBPUSD": -0.3705792314508932, "Gold": 0.05107252298263534}
