{"FTSE100": 0.49028866749989436, "DJIA": 0.8469044252918984, "GBPUSD": -0.07912644405759534, "Gold": -0.08262755629001803}
