{"FTSE100": -2.577581033381304, "DJIA": 0.08495865199356865, "GBPUSD": 0.9727302959760594, "Gold": 2.572502685284645}
