{"FTSE100": 0.15921514688052507, "DJIA": -0.3698159508653571, "GBPUSD": -0.25743593805695075, "Gold": 1.2553752254126722}
