{"FTSE100": -0.05363710079410558, "DJIA": -0.1332550769540879, "GBPUSD": -0.3499057945937503, "Gold": 0.15481405843408125}
