{"FTSE100": -0.27231537175414194, "DJIA": 0.03998756396987386, "GBPUSD": -0.02377179080823827, "Gold": -0.17818339852237763}
