{"FTSE100": -0.08465746288095428, "DJIA": 0.13430891049413288, "GBPUSD": -0.12613322822229592, "Gold": -0.21769163143133388}
