{"FTSE100": 0.17972870840235722, "DJIA": -0.40561648912725684, "GBPUSD": 0.5550269584522594, "Gold": 0.6788028386300548}
