{"FTSE100": 0.07341913389572946, "DJIA": 0.42169345508682693, "GBPUSD": 0.32706781731489915, "Gold": 0.34471002689495467}
