{"FTSE100": -0.860553370217429, "DJIA": -1.2210722815494102, "GBPUSD": -0.12370113805047474, "Gold": 0.0}
