{"FTSE100": 0.36986890772225467, "DJIA": 0.03104622192506316, "GBPUSD": -0.04829362524146281, "Gold": 0.0}
