{"FTSE100": 0.2389436870085633, "DJIA": -0.5523806491666671, "GBPUSD": -0.34278591461514174, "Gold": -0.20766275568476794}
