{"FTSE100": -0.21783599222633862, "DJIA": 1.5743560346611192, "GBPUSD": -0.2642748458396797, "Gold": -0.4171063872556387}
