{"FTSE100": -0.7554321087280778, "DJIA": -0.06001681702517092, "GBPUSD": 0.05528789195167404, "Gold": 0.18199704869650987}
