{"FTSE100": 0.3353967224246522, "DJIA": 0.1191527476896709, "GBPUSD": -0.007821666014860304, "Gold": 0.271866105942827}
