{"FTSE100": 0.5163248959564463, "DJIA": 0.5190625735796204, "GBPUSD": 0.022363026462912182, "Gold": 0.0}
