{"FTSE100": 0.07818967340402241, "DJIA": -0.30817887794355414, "GBPUSD": 0.153682468376886, "Gold": 0.8712451229213227}
