{"FTSE100": -0.022088038129806538, "DJIA": 0.126974687992568, "GBPUSD": 0.07166175650928601, "Gold": -0.3201181974883034}
