{"FTSE100": 0.24945887102404626, "DJIA": 0.4056610416625994, "GBPUSD": -0.024125452352228946, "Gold": -0.1888930865130336}
