{"FTSE100": 0.04967182835732327, "DJIA": -0.15878732642403706, "GBPUSD": 0.007497375918427723, "Gold": 0.0}
