{"FTSE100": 0.43552949381966927, "DJIA": 0.07234036589433464, "GBPUSD": 0.25789813023854524, "Gold": 0.17889087656529518}
