{"FTSE100": -0.13295215538691818, "DJIA": 0.2765969764780759, "GBPUSD": 0.46541230756992186, "Gold": 0.9575401518330564}
