{"FTSE100": 0.20926359269256883, "DJIA": 0.5995957171364917, "GBPUSD": 0.3063869903370268, "Gold": -0.009301027763580562}
