{"FTSE100": 0.3656665053372439, "DJIA": 0.08154302873818876, "GBPUSD": 0.37958013788828754, "Gold": -0.037267080745345384}
