{"FTSE100": -0.5868772545130448, "DJIA": -0.3639044538072273, "GBPUSD": -0.37017043263668664, "Gold": -1.2861842105263128}
