{"FTSE100": -0.3545531849614488, "DJIA": -0.18884705514233294, "GBPUSD": 0.0235978919216524, "Gold": 0.15527950310559005}
