{"FTSE100": -0.1989866841277584, "DJIA": -0.4198611217556975, "GBPUSD": -0.45955154108232527, "Gold": -0.7217238890607278}
