{"FTSE100": 0.29392886726255385, "DJIA": -0.2901316360780184, "GBPUSD": -0.6210261718172382, "Gold": 0.0}
