{"FTSE100": 0.19843051631966727, "DJIA": 0.431484600114922, "GBPUSD": 0.09979671040474473, "Gold": 0.29368978673180407}
