{"FTSE100": 0.04111793521800047, "DJIA": 0.7458314057590976, "GBPUSD": -0.17527503263099564, "Gold": -0.509220200072318}
