{"FTSE100": 0.6436040817616061, "DJIA": 1.0349889350971868, "GBPUSD": 0.5590038166467465, "Gold": 2.316810344827583}
