{"FTSE100": 1.0600029225735523, "DJIA": -0.10194384627528646, "GBPUSD": 0.037402752842621706, "Gold": 0.09984442844870045}
