{"FTSE100": 0.7954916824091137, "DJIA": -0.1261238658692044, "GBPUSD": -0.18044876824101436, "Gold": -0.5353152123070503}
