{"FTSE100": 0.6929179515563629, "DJIA": 0.3126579848380299, "GBPUSD": -0.49470510937620477, "Gold": -0.222503160556251}
