{"FTSE100": -0.05309309717005549, "DJIA": -0.6475351796070524, "GBPUSD": -0.2915219040773254, "Gold": 0.7239235900545751}
