{"FTSE100": 0.6585374998070389, "DJIA": 1.275035800661542, "GBPUSD": 0.03765627353516681, "Gold": 0.7706783761985759}
