{"FTSE100": -0.1487741808079924, "DJIA": -0.35773318510350655, "GBPUSD": -0.2451380944598702, "Gold": 0.8523658616544715}
