{"FTSE100": -0.09199686617126848, "DJIA": 0.16635361271460578, "GBPUSD": 0.07082710317147248, "Gold": -0.1484780994803229}
