{"FTSE100": -0.888614005317937, "DJIA": -0.033874376329018366, "GBPUSD": 0.163078930202218, "Gold": 2.3936716663242197}
