{"FTSE100": -0.0741880497655817, "DJIA": 0.605925431185562, "GBPUSD": 0.27827918170880406, "Gold": -1.5052936653457174}
