{"FTSE100": 0.47263937772985554, "DJIA": 0.3963478790757515, "GBPUSD": -0.11480177560078332, "Gold": -0.08654425045154206}
