{"FTSE100": 0.6050206136867456, "DJIA": -0.9927453141093638, "GBPUSD": -0.22564267870095378, "Gold": 1.5380322951905943}
