{"FTSE100": 0.7689402408079936, "DJIA": 0.6528563581075048, "GBPUSD": -0.06341154090042862, "Gold": -0.26216831735607465}
