{"FTSE100": 0.31820085091318273, "DJIA": 0.5502207017897212, "GBPUSD": 0.8232755175445587, "Gold": -0.6239451746535081}
