{"FTSE100": -0.12396904674955661, "DJIA": 0.3746010720720886, "GBPUSD": -0.6196975285872345, "Gold": 0.3922102682827207}
