{"FTSE100": -0.3471495274773906, "DJIA": 0.0, "GBPUSD": -0.10159424820256946, "Gold": -0.877568493150685}
