{"FTSE100": -0.8237363638664627, "DJIA": -0.2393738609403202, "GBPUSD": -0.31532652891876406, "Gold": 0.03757582264211957}
