{"FTSE100": -0.04155618685045135, "DJIA": -1.7592778085255498, "GBPUSD": -0.2881161937087999, "Gold": -0.10544217687074521}
