{"FTSE100": 0.35009651798832125, "DJIA": 0.1359618973639427, "GBPUSD": 0.04964295261007671, "Gold": -0.44923272640533224}
