{"FTSE100": 0.6060623150114113, "DJIA": 0.22143946286765562, "GBPUSD": 1.667502289914624e-14, "Gold": 0.0}
