{"FTSE100": 0.4641294926323756, "DJIA": -0.11003251448037732, "GBPUSD": 0.09485416172633529, "Gold": -0.12203626220363414}
