{"FTSE100": 1.5420213670664216, "DJIA": 1.0223330286687726, "GBPUSD": -0.9967796350252952, "Gold": -0.638616209904025}
