{"FTSE100": 0.3256835834348527, "DJIA": 1.0359909887432848, "GBPUSD": -0.028396413938588494, "Gold": 0.061946580184375544}
