{"FTSE100": -0.03519120114922095, "DJIA": -0.7096213059205019, "GBPUSD": 0.15959144589849997, "Gold": 0.0}
