{"FTSE100": -1.4545334109286279, "DJIA": -1.6099292133409195, "GBPUSD": -0.19810862333196586, "Gold": 0.0}
