{"FTSE100": 0.17123934311806185, "DJIA": 0.2497086861324275, "GBPUSD": 0.46350852384319396, "Gold": -0.009301027763580562}
