{"FTSE100": 0.8929191430263659, "DJIA": 1.0653320185966422, "GBPUSD": 0.45586406962286263, "Gold": -0.49828713796325835}
