{"FTSE100": -0.30481308194746504, "DJIA": 0.5605149421433138, "GBPUSD": 0.3753143741536269, "Gold": 1.391516239699897}
