{"FTSE100": -0.13751600142449122, "DJIA": -0.1959734135626649, "GBPUSD": -0.06735607591424346, "Gold": -0.2861445783132496}
