{"FTSE100": -0.002750397948200629, "DJIA": -0.02306484523274858, "GBPUSD": 0.1373065647381829, "Gold": 0.6555585905490275}
