{"FTSE100": 0.30495832501042985, "DJIA": 1.0471000058129012, "GBPUSD": 0.04436229205175112, "Gold": -0.27989285821772}
