{"FTSE100": 0.9100004706898941, "DJIA": 1.6383344263575952, "GBPUSD": -0.3340584213797366, "Gold": 0.2815126050420283}
