{"FTSE100": -1.0466714153975896, "DJIA": -1.6764542899548711, "GBPUSD": 0.4644787938780337, "Gold": -0.9585196460850579}
