{"FTSE100": 0.3799950224294098, "DJIA": 0.04053127880320813, "GBPUSD": -0.3327227186063079, "Gold": 0.3983156936383293}
