{"FTSE100": 0.23549978035115815, "DJIA": 0.06538552201780078, "GBPUSD": -0.44280442804428083, "Gold": -0.24308994327902414}
