{"FTSE100": -0.8544022689063119, "DJIA": -0.8865806091150762, "GBPUSD": -0.24678028842445204, "Gold": -1.2861842105263128}
