{"FTSE100": 0.4857060720475939, "DJIA": 0.18997404091011463, "GBPUSD": -0.11996161228405589, "Gold": 0.393054595715269}
