{"FTSE100": -0.17052356912755337, "DJIA": -1.6562094403394099, "GBPUSD": 0.037064492216469014, "Gold": -0.8780525294445544}
