{"FTSE100": 0.016367335576982035, "DJIA": -0.5064832108151335, "GBPUSD": 0.07078254030671655, "Gold": -0.753390256152687}
