{"FTSE100": 0.3640686348097449, "DJIA": 0.11804731761450116, "GBPUSD": 0.4982483456598041, "Gold": 1.7789393811651553}
