{"FTSE100": 0.04625520798325368, "DJIA": 0.2771280948387882, "GBPUSD": -0.04017354973485015, "Gold": -0.4669527896995677}
