{"FTSE100": 0.8954686261796692, "DJIA": 1.0707382911364858, "GBPUSD": 0.049032550069780065, "Gold": 1.465067301529164}
