{"FTSE100": 0.4934378355790178, "DJIA": 0.3636407946585871, "GBPUSD": 0.12536237561702154, "Gold": 0.5332186626531967}
