{"FTSE100": 0.06749726942864336, "DJIA": 0.3784621028389693, "GBPUSD": 0.13516736900692014, "Gold": 0.5441892104023789}
