{"FTSE100": -0.3627791155521097, "DJIA": 0.20106896523074277, "GBPUSD": -0.4372215805972679, "Gold": -0.39652770335440274}
