{"FTSE100": 0.3411442881519312, "DJIA": -0.13625368641594268, "GBPUSD": 0.032010243277845386, "Gold": 0.0}
