{"FTSE100": 0.1064264334880402, "DJIA": 0.47323261775398445, "GBPUSD": 0.32311977715878004, "Gold": 1.129460468883585}
