{"FTSE100": 0.8332920413661001, "DJIA": -0.006455044298041865, "GBPUSD": 0.14025245441795417, "Gold": 0.6985446985447061}
