{"FTSE100": -0.36806652123511535, "DJIA": -0.16087608917898688, "GBPUSD": 0.21883579357816657, "Gold": -1.5858368365289344}
