{"FTSE100": 0.21389047138255063, "DJIA": -0.03921543926540378, "GBPUSD": 0.31743688173630374, "Gold": 2.246108451509948}
