{"FTSE100": 0.1932571230181139, "DJIA": 0.8568779661432125, "GBPUSD": 0.12252086683513637, "Gold": 1.430970006868656}
