{"FTSE100": -0.8337292595570499, "DJIA": -1.4472200655759833, "GBPUSD": 0.0, "Gold": 0.06860357424621823}
