{"FTSE100": -0.7816983586486494, "DJIA": -1.4388009743262578, "GBPUSD": -0.3840158168890916, "Gold": -0.4682247478789746}
