{"FTSE100": -0.347441120542546, "DJIA": -0.8024158270873926, "GBPUSD": 0.03979624323465194, "Gold": 0.5816819481415731}
