{"FTSE100": -1.2236021557649626, "DJIA": -0.862774881793168, "GBPUSD": -0.058835065699158924, "Gold": 0.2923076923077063}
