{"FTSE100": 0.2781658631017697, "DJIA": 1.0340682126247653, "GBPUSD": -0.021842009464868365, "Gold": 1.4145216124332172}
