{"FTSE100": 0.06609853402894124, "DJIA": -0.0624662700114194, "GBPUSD": -0.3633204328252063, "Gold": 0.7525823905558378}
