{"FTSE100": -0.4304225908218866, "DJIA": 0.20008700902402662, "GBPUSD": -0.03130625342411802, "Gold": 0.36584737465863537}
