{"FTSE100": -0.47495703233407577, "DJIA": -0.09087056634996377, "GBPUSD": -0.1406689590497049, "Gold": -0.9845890410958904}
