{"FTSE100": 0.05956088800342185, "DJIA": -0.007313275917884089, "GBPUSD": 0.2909720037747748, "Gold": -0.4700352526439438}
