{"FTSE100": 0.025337194888471613, "DJIA": -0.21613541412862727, "GBPUSD": -0.018439977872016334, "Gold": -0.07707129094412062}
