{"FTSE100": 0.5720032383443194, "DJIA": -0.2864576665000428, "GBPUSD": 0.22914032869784312, "Gold": 0.32259288777562717}
