{"FTSE100": 0.8495228962803912, "DJIA": -0.04099806693651931, "GBPUSD": -0.08167265599476396, "Gold": 0.7741935483870968}
