{"FTSE100": 0.0007250229590542158, "DJIA": -1.3006668245524093, "GBPUSD": 0.7446968557243884, "Gold": 3.040469066400698}
