{"FTSE100": -0.15155355323253056, "DJIA": -0.18933635167741655, "GBPUSD": -0.7859781498074361, "Gold": -0.05333591931729582}
