{"FTSE100": -0.39403573671711184, "DJIA": -0.4337260370917739, "GBPUSD": -0.8180263255744701, "Gold": 0.0}
