{"FTSE100": 0.42600260605183904, "DJIA": 0.646095484870066, "GBPUSD": 0.12780993910232574, "Gold": -0.5216257335361933}
