{"FTSE100": 0.6084597071882262, "DJIA": -0.02347478196479723, "GBPUSD": 0.14200063111391795, "Gold": 0.4395135481118064}
