{"FTSE100": -0.40989320469564117, "DJIA": -1.6342130446203906, "GBPUSD": -0.4506719108489069, "Gold": 0.018460402436773122}
