{"FTSE100": 0.5976358885398171, "DJIA": 1.4299348501031526, "GBPUSD": 0.186078304788673, "Gold": 0.0966183574879227}
