{"FTSE100": 0.4071017788801906, "DJIA": -0.3698159508653571, "GBPUSD": 0.26221692491061427, "Gold": 0.38493549729504467}
