{"FTSE100": 0.34143944382045377, "DJIA": 0.9714077959259579, "GBPUSD": 0.24738648152580642, "Gold": -1.8746079191113962}
