{"FTSE100": 0.32196233228263166, "DJIA": 0.11376013625401434, "GBPUSD": 0.2827207716613876, "Gold": 0.0}
