{"FTSE100": 0.42294439398127454, "DJIA": 0.0, "GBPUSD": -0.21106288080919272, "Gold": -0.32824427480915686}
