{"FTSE100": -0.04844390975803883, "DJIA": -0.705814697128246, "GBPUSD": -0.2368545712932174, "Gold": 0.3115022194533136}
