{"FTSE100": -0.03331977296062761, "DJIA": -0.35258272093663195, "GBPUSD": -0.14116539879225345, "Gold": 0.0}
