{"FTSE100": -0.3495977467901064, "DJIA": -0.12749456266418618, "GBPUSD": -0.34703052291189834, "Gold": 0.33325672259250044}
