{"FTSE100": 1.2252143335641446, "DJIA": 0.6191419824869479, "GBPUSD": -0.16558118997680857, "Gold": 0.05737407899503672}
