{"FTSE100": 0.11347956100310663, "DJIA": 0.1359618973639427, "GBPUSD": 0.15656623515485601, "Gold": -0.44923272640533224}
