{"FTSE100": 0.08013797248515114, "DJIA": -0.10054364027600583, "GBPUSD": -0.10099440646364813, "Gold": 0.2815126050420283}
