{"FTSE100": 0.37028589485970803, "DJIA": -0.10070640163735789, "GBPUSD": -0.09641651936365818, "Gold": 0.5354808786945995}
