{"FTSE100": 0.16167013675768113, "DJIA": 0.3098917504588919, "GBPUSD": 0.5856867779204176, "Gold": 0.34403669724770164}
