{"FTSE100": -0.3574008983875843, "DJIA": -0.16537795202167066, "GBPUSD": 0.03170325750970563, "Gold": 0.014805310171245843}
