{"FTSE100": -0.13638759192007155, "DJIA": -0.5311737113798481, "GBPUSD": 0.023037935800949698, "Gold": 0.9068571573321105}
