{"FTSE100": -0.12396904674955661, "DJIA": 0.33496292565497204, "GBPUSD": -0.6270748801180341, "Gold": 0.08171047255889963}
