{"FTSE100": -0.024386761400182852, "DJIA": 0.19651595316745127, "GBPUSD": 0.04005768306362498, "Gold": 0.3368357548640111}
