{"FTSE100": -0.13124525862012934, "DJIA": -0.16919160145741743, "GBPUSD": -0.08717014026467064, "Gold": -0.19153324820743853}
