{"FTSE100": 0.751551106507598, "DJIA": -0.6116234251628423, "GBPUSD": -0.003686364139041064, "Gold": -1.3081222499702698}
