{"FTSE100": 0.6722439998718313, "DJIA": 0.2568335780422132, "GBPUSD": -0.055586436909387985, "Gold": 0.44092147634382417}
