{"FTSE100": 0.1883254010779362, "DJIA": 0.38915971202503047, "GBPUSD": 0.8226546432526471, "Gold": 0.809356956028222}
