{"FTSE100": 0.37902847679518503, "DJIA": 0.0764253125056181, "GBPUSD": 0.015842839036771233, "Gold": -0.396892703280295}
