{"FTSE100": -1.0421998718001886, "DJIA": -0.27556613968992016, "GBPUSD": -0.0963855421686819, "Gold": -0.2964113059741025}
