{"FTSE100": 0.370667869313566, "DJIA": 0.869606700811641, "GBPUSD": -0.4494198398430984, "Gold": 1.1255600480821841}
