{"FTSE100": 0.8951957608572814, "DJIA": 0.273136196551761, "GBPUSD": 0.47877433769549993, "Gold": 0.46403712296984206}
