{"FTSE100": 1.689495114522181, "DJIA": 0.2649895752163833, "GBPUSD": -0.4850052542235878, "Gold": -2.38075383589059}
