{"FTSE100": 0.027648266784508296, "DJIA": -0.6052168866565538, "GBPUSD": -0.3990303934365068, "Gold": -0.5272990237435218}
