{"FTSE100": -0.16688608245826267, "DJIA": 0.15990990283314852, "GBPUSD": 0.20657873828064183, "Gold": 1.2468315407275499}
