{"FTSE100": -0.11428683423019215, "DJIA": -0.2591656295038857, "GBPUSD": -0.6897092248608762, "Gold": 1.1303364924789148}
