{"FTSE100": 0.4954465853903876, "DJIA": -0.026689074681673242, "GBPUSD": 0.32110459982339273, "Gold": 0.0}
