{"FTSE100": 1.3503497420131283, "DJIA": 1.1001751205532533, "GBPUSD": -0.5310023690874888, "Gold": 0.1893387707544521}
