{"FTSE100": -0.07318348144276056, "DJIA": 0.2036029860639284, "GBPUSD": 0.47524752475247567, "Gold": 1.5359379660005896}
