{"FTSE100": -0.06743298981288118, "DJIA": 0.05258080098231964, "GBPUSD": 0.3467099439362589, "Gold": -0.01357883873771115}
