{"FTSE100": 0.03612862309658357, "DJIA": 0.17080901018196926, "GBPUSD": 0.24432534678435375, "Gold": 0.8189887695551981}
