{"FTSE100": -0.008363172704658238, "DJIA": 0.09698634730649904, "GBPUSD": 0.07033447952484377, "Gold": 0.0}
