{"FTSE100": 0.8320057946756523, "DJIA": 0.0, "GBPUSD": -0.9067305771919113, "Gold": 0.14453065571275395}
