{"FTSE100": 0.5453636706813373, "DJIA": -0.19700194689063502, "GBPUSD": -0.08938547486032535, "Gold": 1.3780616607151768}
