{"FTSE100": -4.381140611149868, "DJIA": -1.558429288270923, "GBPUSD": -1.0705973622963563, "Gold": -1.1852589641434204}
