{"FTSE100": 0.8292129566836414, "DJIA": 0.9258093079452743, "GBPUSD": 0.6046980386076463, "Gold": 0.6463864441441703}
