{"FTSE100": 0.33566845637231363, "DJIA": 1.2856345313459638, "GBPUSD": 0.9398941631782657, "Gold": 0.17900066485961233}
