{"FTSE100": 0.1484168216229201, "DJIA": 1.2633361362158366, "GBPUSD": -0.03243593902043107, "Gold": -0.5703901872696964}
