{"FTSE100": 0.6629571540787476, "DJIA": -0.7096213059205019, "GBPUSD": 0.1755505904883482, "Gold": 0.009873130275956236}
