{"FTSE100": -0.11782140626340555, "DJIA": 1.8471231770240168, "GBPUSD": 0.15426147319706918, "Gold": -0.08528265107212106}
