{"FTSE100": 0.09770625732060333, "DJIA": 0.9300367647781965, "GBPUSD": -0.29631296650537475, "Gold": -2.934947049924357}
