{"FTSE100": 0.5677337591918912, "DJIA": 0.646095484870066, "GBPUSD": 0.18043756108562947, "Gold": -0.23597354612351068}
