{"FTSE100": 0.14374401492892694, "DJIA": -0.474474719137322, "GBPUSD": -0.22801181175942864, "Gold": 0.0}
