{"FTSE100": 0.13105315172086654, "DJIA": 1.8895401413403847, "GBPUSD": -0.2514420943647441, "Gold": -0.1896633475580871}
