{"FTSE100": -0.17132934216620946, "DJIA": -1.0586608038636016, "GBPUSD": -0.20461163138428878, "Gold": -0.21783700666326514}
