{"FTSE100": -0.1703445707421697, "DJIA": -1.140945596890982, "GBPUSD": -0.15628855803241037, "Gold": 0.0}
