{"FTSE100": -0.3845793077572537, "DJIA": -0.3096270702859978, "GBPUSD": -0.32129143484052913, "Gold": -0.8008266597778352}
