{"FTSE100": -0.4269709805291529, "DJIA": -0.32143725557197017, "GBPUSD": -0.816907741887125, "Gold": -0.3206333498268148}
