{"FTSE100": -0.05669498760543379, "DJIA": 0.1111963635940956, "GBPUSD": -0.11807304785892907, "Gold": 0.28629431055124666}
