{"FTSE100": 0.4965643728883149, "DJIA": -0.4821998217510103, "GBPUSD": -0.1293374228594596, "Gold": -0.42540344714019096}
