{"FTSE100": -0.09395814414220721, "DJIA": -0.5356928749713115, "GBPUSD": 0.6699419383653505, "Gold": 1.2395535363733192}
