{"FTSE100": -0.6543076699473128, "DJIA": -0.7453123533346824, "GBPUSD": -0.2882319031540853, "Gold": 0.0}
