{"FTSE100": -0.3844532546462632, "DJIA": 0.5830496679569971, "GBPUSD": 0.199936020473462, "Gold": 0.7432876573797869}
