{"FTSE100": -0.733783215803488, "DJIA": -0.23011295617845015, "GBPUSD": 1.0888484112527979, "Gold": 0.6695378379356519}
