{"FTSE100": -0.5749191107519875, "DJIA": -1.1569076439036832, "GBPUSD": 0.30986810742094506, "Gold": 0.1644173460300124}
