{"FTSE100": 1.0691786084110022, "DJIA": 0.9981709717002313, "GBPUSD": -0.10559662090813735, "Gold": -0.43215211754537597}
