{"FTSE100": 0.10567547949594794, "DJIA": 0.46766783006063156, "GBPUSD": -0.13214146910220076, "Gold": 0.0}
