{"FTSE100": -1.0968263628613384, "DJIA": -2.5846549704372133, "GBPUSD": 0.47321748121049206, "Gold": -0.9937417030153544}
