{"FTSE100": -0.1938427936243773, "DJIA": 0.0718154233568712, "GBPUSD": 0.2635658914728736, "Gold": 0.50456143927424}
