{"FTSE100": -0.9823883655525013, "DJIA": 0.04056162329261397, "GBPUSD": 0.09404388714734246, "Gold": 0.8340366380380257}
