{"FTSE100": 2.1365664763980705, "DJIA": 0.7760730376042843, "GBPUSD": 0.8103975535168152, "Gold": -0.8441437527155443}
