{"FTSE100": -0.16917430862686303, "DJIA": 1.0942522026663541, "GBPUSD": 0.056818181818193585, "Gold": -0.1192018657683314}
