{"FTSE100": -0.25261976047904283, "DJIA": -0.6385878121654399, "GBPUSD": -0.25019546520720026, "Gold": -1.1131535947712394}
