{"FTSE100": -0.38100523207791537, "DJIA": -0.4730064859605648, "GBPUSD": -0.6950618281742456, "Gold": 0.0}
