{"FTSE100": 0.7440360222801333, "DJIA": 1.0031848348753987, "GBPUSD": 0.08911933889654873, "Gold": -0.11829450187729165}
