{"FTSE100": 0.4841465180251834, "DJIA": 0.646095484870066, "GBPUSD": -0.09773701225472362, "Gold": -0.6489272518396649}
