{"FTSE100": 0.54847633594309, "DJIA": -0.005453353618684597, "GBPUSD": 0.015881839116967996, "Gold": 0.44092147634382417}
