{"FTSE100": -0.4294047711935159, "DJIA": -0.18884705514233294, "GBPUSD": -0.015731927947768266, "Gold": 0.0}
