{"FTSE100": 0.8300879719359454, "DJIA": 0.8149290686278575, "GBPUSD": -0.0233918128654945, "Gold": 0.24186275313602076}
