{"FTSE100": 0.1838702736537255, "DJIA": 0.09267068427050526, "GBPUSD": 0.0791264440576129, "Gold": 0.4689180468918086}
