{"FTSE100": -0.09643613140390563, "DJIA": -1.1005801171786118, "GBPUSD": 0.1581619911762268, "Gold": -0.01658558160107153}
