{"FTSE100": -0.026968139578541873, "DJIA": 0.28441796402708264, "GBPUSD": -0.23436628101633022, "Gold": -0.6930693069306904}
