{"FTSE100": -0.3265540775883081, "DJIA": 0.2723532959369329, "GBPUSD": 0.1656282041170432, "Gold": 0.28399353669880656}
