{"FTSE100": 0.12647205456636781, "DJIA": 0.28146191685943783, "GBPUSD": -0.12314259912977873, "Gold": -0.04956220056170994}
