{"FTSE100": -0.16791939003714823, "DJIA": -0.6049046035403792, "GBPUSD": 0.15154315283682185, "Gold": 0.29094502236982706}
