{"FTSE100": 0.3437529346760179, "DJIA": 0.018347063200729704, "GBPUSD": -0.10368066355625179, "Gold": -0.40820001800882155}
