{"FTSE100": 0.283558180178515, "DJIA": 0.15976816467024268, "GBPUSD": -0.11830586008360729, "Gold": -0.22073972333954672}
