{"FTSE100": -0.044083389055461976, "DJIA": 0.10140534776691236, "GBPUSD": -0.11344299489505273, "Gold": 0.0}
