{"FTSE100": 2.0017126684730893, "DJIA": 1.2217530228626794, "GBPUSD": 0.4816513761467869, "Gold": -0.5027620880144085}
