{"FTSE100": 0.2776358803617793, "DJIA": -0.5464344109886614, "GBPUSD": -0.20585544373285655, "Gold": 0.04535490210899607}
