{"FTSE100": -0.8039562985057228, "DJIA": -0.9406257351453642, "GBPUSD": -0.336990595611283, "Gold": 0.1910665760869565}
