{"FTSE100": -0.033092989978118915, "DJIA": 0.21968187372112452, "GBPUSD": 0.023912003825917974, "Gold": -0.9157784116499115}
