{"FTSE100": 0.411713597409261, "DJIA": 1.6957526960512054e-14, "GBPUSD": -0.07578477124963379, "Gold": -0.0459365310262917}
