{"FTSE100": -0.13751600142449122, "DJIA": -0.1959734135626649, "GBPUSD": 0.12680297987003059, "Gold": -0.2861445783132496}
