{"FTSE100": 0.6407316623178078, "DJIA": 0.3126579848380299, "GBPUSD": -0.3169204606941325, "Gold": 0.0}
