{"FTSE100": -0.23270126033049163, "DJIA": 0.15975801488197997, "GBPUSD": 0.11402508551881967, "Gold": 0.0}
