{"FTSE100": 0.06541786279347475, "DJIA": -0.4716527227349482, "GBPUSD": -0.07105637138795996, "Gold": 0.3115022194533136}
