{"FTSE100": 0.9358197474330243, "DJIA": 0.020301566271700246, "GBPUSD": -0.47672915319974274, "Gold": 0.845523394543}
