{"FTSE100": 2.513240678378826, "DJIA": 2.845283598865371, "GBPUSD": 0.8049954860066322, "Gold": -0.22318138751446373}
