{"FTSE100": -0.8237363638664627, "DJIA": -0.30127327086208816, "GBPUSD": -0.3734129947722138, "Gold": 0.1127274679263465}
