{"FTSE100": 0.7424378029869353, "DJIA": 0.36891459031225005, "GBPUSD": 0.6092112744699912, "Gold": 0.7117799583100309}
