{"FTSE100": 0.5529397713057144, "DJIA": -0.18486755509872774, "GBPUSD": -1.2818405916187392, "Gold": -1.3915857605177968}
