{"FTSE100": 0.04993787888525364, "DJIA": 0.534221643848813, "GBPUSD": -0.2985074626865527, "Gold": 0.7906899047831196}
