{"FTSE100": 0.18818697286335725, "DJIA": -0.2455576723577974, "GBPUSD": 0.4674403610573845, "Gold": 0.17889087656529518}
