{"FTSE100": 0.019628845823868393, "DJIA": 0.25882358276232587, "GBPUSD": 0.5471742359102552, "Gold": 0.6578609240890144}
