{"FTSE100": 0.0007250229590542158, "DJIA": -1.328883554801312, "GBPUSD": -0.1316135825217101, "Gold": 0.4352162480732641}
