{"FTSE100": -1.442539871813982, "DJIA": -0.41024366257198636, "GBPUSD": -0.8524736626586725, "Gold": -0.53035407655356}
