{"FTSE100": 0.3735818895240006, "DJIA": -0.19870693353187163, "GBPUSD": -0.28998438545616884, "Gold": -2.5122851908929684}
