{"FTSE100": 0.3533085433407055, "DJIA": -0.17397299450223652, "GBPUSD": 0.2897617514488126, "Gold": -0.7863476660532115}
