{"FTSE100": 0.8951957608572814, "DJIA": 0.36800301822922377, "GBPUSD": 0.07144558228150535, "Gold": 0.0}
