{"FTSE100": 0.37984595488806144, "DJIA": -0.031041116091428917, "GBPUSD": 0.41215451753677906, "Gold": 0.5716578076421668}
