{"FTSE100": -1.132815922600501, "DJIA": -0.7519028174464846, "GBPUSD": -0.6537530266343822, "Gold": -0.1315555555555491}
