{"FTSE100": 1.2059202462169285, "DJIA": -0.635054981494558, "GBPUSD": -0.5637068724263383, "Gold": -0.4979802200863693}
