{"FTSE100": -0.0624472052525437, "DJIA": -0.25280291383128867, "GBPUSD": 0.10258838383837253, "Gold": 0.509337860780987}
