{"FTSE100": 0.10860755565730593, "DJIA": 0.14813688876260592, "GBPUSD": 0.35645328976683033, "Gold": 0.14703130430133396}
