{"FTSE100": 1.477000778141561, "DJIA": 0.5898960655036961, "GBPUSD": 0.08989865969271828, "Gold": 0.32981886996486276}
