{"FTSE100": 0.563185985937745, "DJIA": -0.0875794308592219, "GBPUSD": 0.08540343841670985, "Gold": 1.7142627464378337}
