{"FTSE100": 0.2386680292749212, "DJIA": 0.5586178087421069, "GBPUSD": 0.0, "Gold": 0.734584225328464}
