{"FTSE100": -0.7361650463856946, "DJIA": -0.9421358745932237, "GBPUSD": -0.04458314757021355, "Gold": 0.0}
