{"FTSE100": 0.02529052344453107, "DJIA": -1.6946282708172697, "GBPUSD": 0.05542359461598756, "Gold": 0.17701525054465608}
