{"FTSE100": 0.4932306608284239, "DJIA": 1.1120995521899237, "GBPUSD": 0.5026782035434688, "Gold": 0.2861925589934637}
