{"FTSE100": 0.5024583468195606, "DJIA": 0.5332080146558746, "GBPUSD": 0.4829362524146817, "Gold": 0.15462889066240568}
