{"FTSE100": 0.42687728989989887, "DJIA": 0.5571591041977408, "GBPUSD": 0.9609808632259178, "Gold": -0.12250985405347578}
