{"FTSE100": -0.8558011175897265, "DJIA": -1.7364525087251768, "GBPUSD": -0.8287966198098452, "Gold": 1.136448319546911}
