{"FTSE100": -0.1874768687520255, "DJIA": 0.596068610129017, "GBPUSD": 0.12957683906557627, "Gold": 0.0}
