{"FTSE100": 0.5017555383994439, "DJIA": 0.25122059726733825, "GBPUSD": -0.5540950455005074, "Gold": 0.2026646650403487}
