{"FTSE100": -0.4907711510609585, "DJIA": -1.2372630858564577, "GBPUSD": 0.192771084337346, "Gold": -0.12307953484424457}
