{"FTSE100": 0.20965504803554585, "DJIA": 0.7482915639801851, "GBPUSD": 0.6831903400063505, "Gold": 1.2790005948839938}
