{"FTSE100": 0.6988855516734854, "DJIA": -0.8497998786977846, "GBPUSD": 1.0018287349924422, "Gold": 1.8048505358149962}
