{"FTSE100": 0.8137350529243901, "DJIA": -0.18267213781370276, "GBPUSD": -0.12676161360076152, "Gold": 0.0}
