{"FTSE100": -0.05309309717005549, "DJIA": -0.41726610619070487, "GBPUSD": 0.040073735673635084, "Gold": -0.04516881845900074}
