{"FTSE100": 2.7064117744816962, "DJIA": 0.07446214467835113, "GBPUSD": 0.6014387357993756, "Gold": 0.8064242876020797}
