{"FTSE100": -0.2931444638070942, "DJIA": -0.8314509855100057, "GBPUSD": -0.007924558205879149, "Gold": -0.32904429820253633}
