{"FTSE100": 0.7238222315105787, "DJIA": 0.33350699889492147, "GBPUSD": 0.301874801398159, "Gold": 0.005158893933136043}
