{"FTSE100": 0.07341913389572946, "DJIA": 0.42169345508682693, "GBPUSD": 0.3901170351105339, "Gold": 0.34471002689495467}
