{"FTSE100": 0.4123686125361668, "DJIA": -0.21789590506464623, "GBPUSD": 0.30171746866780247, "Gold": -0.12415102607171878}
