{"FTSE100": -0.07575398393257483, "DJIA": 0.5128147804844863, "GBPUSD": -0.31903843300192686, "Gold": 1.357967429395996}
