{"FTSE100": -0.15369590796743943, "DJIA": -0.3882406523813699, "GBPUSD": -0.06630322675702821, "Gold": 0.0}
