{"FTSE100": -1.5535843726186247, "DJIA": -3.424959242463993, "GBPUSD": 0.6496751624187959, "Gold": -1.2707411064046654}
