{"FTSE100": -2.1714301070934328, "DJIA": -1.1061972711661812, "GBPUSD": 0.17317380352644676, "Gold": -0.5782454678057999}
