{"FTSE100": 0.33343708134295474, "DJIA": 0.031742794053850734, "GBPUSD": -0.18916029278723323, "Gold": 0.36962025316456615}
