{"FTSE100": -0.11367325079966839, "DJIA": 0.03998756396987386, "GBPUSD": 0.17432646592709825, "Gold": 0.6953498478922208}
