{"FTSE100": 0.062007577247277346, "DJIA": 0.03104622192506316, "GBPUSD": 0.16902768834515558, "Gold": -0.13228186212159293}
