{"FTSE100": -0.8615028991371605, "DJIA": -1.0586608038636016, "GBPUSD": 0.0, "Gold": 0.1910665760869565}
