{"FTSE100": 0.05517038231746642, "DJIA": -0.434599829936005, "GBPUSD": 0.030562347188277657, "Gold": -1.3397471575097326}
