{"FTSE100": 0.2873175896196865, "DJIA": -0.9134204379704975, "GBPUSD": -0.07312473540391844, "Gold": 1.1166666666666667}
