{"FTSE100": 0.8951957608572814, "DJIA": 0.20325626913098435, "GBPUSD": 0.46281519310565167, "Gold": 0.4689736881078146}
