{"FTSE100": 0.43709746436840724, "DJIA": 1.026695692061013, "GBPUSD": 0.21448605840619825, "Gold": 0.5077928607340441}
