{"FTSE100": 0.2280094102188697, "DJIA": -0.09322491069053555, "GBPUSD": -0.12529365700860015, "Gold": 1.0268386714116182}
