{"FTSE100": -0.0053412772693289335, "DJIA": -0.1361497929996175, "GBPUSD": 0.022972662531584878, "Gold": 0.6754178432419986}
