{"FTSE100": 0.11168215561721918, "DJIA": 1.384455960368138, "GBPUSD": -0.21221936780967415, "Gold": -0.2270611475670398}
