{"FTSE100": 0.19326164874552387, "DJIA": 0.8982972810052865, "GBPUSD": 0.6696183541293288, "Gold": 0.159297887048773}
