{"FTSE100": -0.2681900609221918, "DJIA": 1.2540136634969765, "GBPUSD": 0.1443811662789784, "Gold": -0.2667471941214935}
