{"FTSE100": 0.8939828970430925, "DJIA": 0.6386246022945836, "GBPUSD": 0.04098360655739074, "Gold": 0.14771828013717658}
