{"FTSE100": 1.1220959835921694e-14, "DJIA": 0.03631263072368768, "GBPUSD": 0.02799440111978184, "Gold": -0.00771545405448163}
