{"FTSE100": -1.3116657974541797, "DJIA": -1.513607747799949, "GBPUSD": -0.07813720893888809, "Gold": 0.671970977449797}
