{"FTSE100": -0.22080820868174314, "DJIA": 0.0051794982296637345, "GBPUSD": 0.12840060990290073, "Gold": -0.27755349212757363}
