{"FTSE100": 0.3572647239473336, "DJIA": -0.1045580090866439, "GBPUSD": 0.02598849081121756, "Gold": -1.2272110448994014}
