{"FTSE100": -1.027447875701647, "DJIA": -1.1819083437757547, "GBPUSD": -0.01900345862946003, "Gold": -0.784111299560015}
