{"FTSE100": 0.42893867938660274, "DJIA": 1.1816335380962812, "GBPUSD": -0.09475798809839467, "Gold": 0.7077169132347171}
