{"FTSE100": -0.02809848785071606, "DJIA": 0.3094910497012307, "GBPUSD": 0.0716960089221621, "Gold": 0.10111223458038422}
