{"FTSE100": -1.5535843726186247, "DJIA": -3.9772108299001627, "GBPUSD": 0.7265597970245614, "Gold": 0.43590571520826604}
