{"FTSE100": -1.2393003302175174, "DJIA": -1.2557375990038635, "GBPUSD": -0.1760563380281674, "Gold": 1.6537259251789833}
