{"FTSE100": 0.03190980162741484, "DJIA": -0.15052621823904785, "GBPUSD": -0.0460511167395929, "Gold": 0.04778401624655828}
