{"FTSE100": 0.31820085091318273, "DJIA": 0.4279592195578475, "GBPUSD": -0.06343165239455549, "Gold": 0.0}
