{"FTSE100": -0.3422605654627961, "DJIA": -0.7042574500878616, "GBPUSD": -0.30334477528538556, "Gold": 0.0}
