{"FTSE100": 1.7465480789715262, "DJIA": -0.6005744960082198, "GBPUSD": -0.06303679773068582, "Gold": 0.016754628466117572}
