{"FTSE100": 0.43271441693392404, "DJIA": 0.37047917598792274, "GBPUSD": -0.25716521933583936, "Gold": -0.797633313361284}
