{"FTSE100": -0.10779633662595013, "DJIA": 0.17796855021226818, "GBPUSD": -0.08641005498822472, "Gold": -0.33366555444816365}
