{"FTSE100": 0.03612862309658357, "DJIA": 0.3064884164542344, "GBPUSD": 0.29949558638081675, "Gold": 1.4516208131038268}
