{"FTSE100": 0.7954916824091137, "DJIA": -0.5317080892290864, "GBPUSD": -0.1961399654793619, "Gold": -0.5249207421651751}
