{"FTSE100": 0.516031880118995, "DJIA": -0.3557943102279252, "GBPUSD": 0.07051081165779716, "Gold": 0.024366471734889095}
