{"FTSE100": -0.10140920145250588, "DJIA": 0.005179498229663735, "GBPUSD": 0.048150228713598905, "Gold": -0.27755349212757363}
