{"FTSE100": -4.381140611149868, "DJIA": -1.521994338489039, "GBPUSD": -1.1714507370054392, "Gold": -1.4608233731739708}
