{"FTSE100": -0.5622559260788532, "DJIA": -0.3707556440421814, "GBPUSD": 0.17507802390195393, "Gold": 0.2763888539913063}
