{"FTSE100": 0.33410441232509347, "DJIA": 0.03206295706577227, "GBPUSD": -0.4199350289200428, "Gold": -0.42787916280029803}
