{"FTSE100": 0.5163248959564463, "DJIA": 0.5190625735796204, "GBPUSD": 0.05963029218844171, "Gold": 0.0}
