{"FTSE100": 0.6057456707069105, "DJIA": 0.041593495129730665, "GBPUSD": 0.034833765530058555, "Gold": 0.16971948251569685}
