{"FTSE100": -0.5909915000824011, "DJIA": 0.11640997004562277, "GBPUSD": 0.03294621530353167, "Gold": 0.0}
