{"FTSE100": 0.6136618306023225, "DJIA": -0.31033208775128, "GBPUSD": 0.09419152276295839, "Gold": 0.12134344528711515}
