{"FTSE100": 0.6730643397162146, "DJIA": 0.40208739092385715, "GBPUSD": 0.16550556175667575, "Gold": 0.6058339566193072}
