{"FTSE100": 0.18119602243844968, "DJIA": 0.7612472506021626, "GBPUSD": 0.10506748565425351, "Gold": 0.0}
