{"FTSE100": -0.9627491795114028, "DJIA": -0.5733256129088105, "GBPUSD": 0.024299368216423693, "Gold": 0.0}
