{"FTSE100": 0.9244392495861947, "DJIA": -0.4136195797254328, "GBPUSD": -0.3240585540283722, "Gold": -0.23001725129384704}
