{"FTSE100": -0.4337753888275615, "DJIA": -0.7029059355094077, "GBPUSD": -0.44779985936864736, "Gold": 0.0}
