{"FTSE100": -0.2421386956870984, "DJIA": -0.1156844711311499, "GBPUSD": 0.05916722135936039, "Gold": -0.2708640563397237}
