{"FTSE100": 0.6679664517022238, "DJIA": 0.7133311961887961, "GBPUSD": 0.5951926745517, "Gold": 0.0}
