{"FTSE100": -0.7413885881859336, "DJIA": -0.347227606479852, "GBPUSD": 0.2404244735532998, "Gold": 0.7154650522839846}
