{"FTSE100": 0.760844776069393, "DJIA": -0.11445178124749743, "GBPUSD": 0.08999427309170242, "Gold": -0.793650793650803}
