{"FTSE100": -0.23697844704350535, "DJIA": -0.1707605734446902, "GBPUSD": -0.007890791446381202, "Gold": 0.15124588800241992}
