{"FTSE100": 0.26550568966707416, "DJIA": 0.14570875935731448, "GBPUSD": 0.17232336854723673, "Gold": 0.2512849800114359}
