{"FTSE100": 0.08501267933008877, "DJIA": 0.714870977089899, "GBPUSD": 0.12372061635362737, "Gold": 0.0}
