{"FTSE100": 0.16847838411939334, "DJIA": 0.6336812306543744, "GBPUSD": 0.5256922849104181, "Gold": 1.3685053981106534}
