{"FTSE100": 0.8290777125126378, "DJIA": 0.7760730376042843, "GBPUSD": 0.29567854435178276, "Gold": 0.2870693959061351}
