{"FTSE100": 0.35480967913381806, "DJIA": 0.43329442530001805, "GBPUSD": 0.1672906874850626, "Gold": 0.5156723963599619}
