{"FTSE100": -1.3820800373609696, "DJIA": -0.6532618070496288, "GBPUSD": 0.18482802957250008, "Gold": 0.23670639952658334}
