{"FTSE100": 1.834392490511528, "DJIA": 0.4291415825730482, "GBPUSD": 0.3711722858026535, "Gold": 1.3824884792626633}
