{"FTSE100": -0.05567741074425881, "DJIA": 0.6567554437059103, "GBPUSD": 0.3879101341522479, "Gold": 0.0}
