{"FTSE100": -0.2637052443916241, "DJIA": 0.23760217068305511, "GBPUSD": -0.5986704374334375, "Gold": 1.0943831524150374}
