{"FTSE100": 0.285305219917474, "DJIA": 0.377089524600167, "GBPUSD": 0.06441742491344987, "Gold": 0.017711654268508677}
