{"FTSE100": 0.1265876750828879, "DJIA": 0.5977694759237908, "GBPUSD": 0.5518722915663675, "Gold": 0.4329779927737466}
