{"FTSE100": -0.02612525928087154, "DJIA": -0.5777173623608186, "GBPUSD": 0.15394765779634856, "Gold": -0.807845343836677}
