{"FTSE100": 0.43308898169647714, "DJIA": -0.19923501477549774, "GBPUSD": -0.06556871215333787, "Gold": 0.13269368173929555}
