{"FTSE100": -1.2393003302175174, "DJIA": -1.3359391748429483, "GBPUSD": -0.19206145966709007, "Gold": 1.6537259251789833}
