{"FTSE100": 1.7878536166994183, "DJIA": 0.9800716895676744, "GBPUSD": 0.16374652038644194, "Gold": 0.0}
