{"FTSE100": 2.1484258413893116, "DJIA": 1.242113056751515, "GBPUSD": 0.01103549751702001, "Gold": 0.0}
