{"FTSE100": -0.33577556610250947, "DJIA": 0.10740883121825397, "GBPUSD": 0.2867857930730211, "Gold": 0.39921785888870287}
