{"FTSE100": -0.33091392622974825, "DJIA": -0.16809445488531832, "GBPUSD": 0.30640460354233556, "Gold": 1.6955801586609551}
