{"FTSE100": 0.32555721303588503, "DJIA": 0.3636407946585871, "GBPUSD": 0.05484603933245671, "Gold": 0.27950978284239947}
