{"FTSE100": 0.5031439899899145, "DJIA": -0.014984522248406877, "GBPUSD": -0.29980276134122485, "Gold": 0.5788926822027631}
