{"FTSE100": 0.3437529346760179, "DJIA": 0.02326781680191176, "GBPUSD": -0.09627490187366354, "Gold": 0.012072191706407042}
