{"FTSE100": -1.7934055670192133, "DJIA": -1.6572149860968854, "GBPUSD": 0.13417190775681725, "Gold": 0.0}
