{"FTSE100": -0.35832994682632063, "DJIA": -0.44721173462843405, "GBPUSD": 0.06276478895340766, "Gold": 0.16111428719920529}
