{"FTSE100": 0.22558260319460277, "DJIA": -0.7552689855293765, "GBPUSD": 0.18164586953087733, "Gold": 0.3637793727263834}
