{"FTSE100": 0.19896529988783251, "DJIA": 0.663916265407546, "GBPUSD": -0.029717682020799104, "Gold": -0.18032180506750928}
