{"FTSE100": -0.37166802819883366, "DJIA": 0.3636407946585871, "GBPUSD": 0.023505445428188276, "Gold": 0.030101053536885525}
