{"FTSE100": 0.30425382905513915, "DJIA": 1.0382648478631822, "GBPUSD": 0.007777864198490237, "Gold": -0.05675598978392552}
