{"FTSE100": 0.3813994246665959, "DJIA": 0.2797487296507537, "GBPUSD": 0.5527442584663376, "Gold": 1.6145350307731103}
