{"FTSE100": 0.29944397624792196, "DJIA": -0.18087755013235152, "GBPUSD": 0.5030570389288717, "Gold": 0.5378720895962241}
