{"FTSE100": 0.28356905818410183, "DJIA": 0.629594313616355, "GBPUSD": 0.16289056715533687, "Gold": 0.0}
