{"FTSE100": 0.6435486141158454, "DJIA": 0.9590019299776511, "GBPUSD": 0.16117334192924504, "Gold": 0.0}
