{"FTSE100": -1.0421998718001886, "DJIA": -0.03481898840400182, "GBPUSD": 0.07263922518159005, "Gold": 0.8106666666666731}
