{"FTSE100": 0.2071442767223419, "DJIA": 1.110850533722327, "GBPUSD": 0.349621243652708, "Gold": 0.47545333923042393}
