{"FTSE100": 0.5596128422245505, "DJIA": -0.1707605734446902, "GBPUSD": 0.09481668773704882, "Gold": 0.25807431022050864}
