{"FTSE100": -0.14953559275757192, "DJIA": 0.7955544708420131, "GBPUSD": -0.08705286483065058, "Gold": 0.5245732467644071}
