{"FTSE100": 1.2059202462169285, "DJIA": -0.28001073244478997, "GBPUSD": -0.579698556750488, "Gold": -0.369132191112981}
