{"FTSE100": 0.5739607563638351, "DJIA": 0.5752573742019239, "GBPUSD": 0.16001219140505873, "Gold": 1.8481637855492747}
