{"FTSE100": 0.5385704132522795, "DJIA": 1.5083119312081201, "GBPUSD": -0.06279927780829829, "Gold": -0.3917516896982181}
