{"FTSE100": 0.2781658631017697, "DJIA": 0.9075225928154418, "GBPUSD": 0.07280669821624404, "Gold": 1.2991743564837355}
