{"FTSE100": 0.818309767067335, "DJIA": -0.6116234251628423, "GBPUSD": -0.08478637519814092, "Gold": -1.6202877868949932}
