{"FTSE100": 1.332869265768194, "DJIA": 0.0, "GBPUSD": 0.10220470141627011, "Gold": 2.6551379570528524}
