{"FTSE100": -0.7816983586486494, "DJIA": -1.2067681220929722, "GBPUSD": -0.437245732101435, "Gold": -0.3481671202176972}
