{"FTSE100": 0.3136112178303036, "DJIA": 0.382927044853433, "GBPUSD": -0.19106759016001573, "Gold": -0.9763792956425381}
