{"FTSE100": 0.12730032937689975, "DJIA": 0.46378473632434014, "GBPUSD": 0.3852422581123034, "Gold": 0.30112318949682315}
