{"FTSE100": 0.12032149393883282, "DJIA": -1.0101114925612873, "GBPUSD": 0.22383048571216246, "Gold": -0.004672678846778611}
