{"FTSE100": 0.28100390113367385, "DJIA": 0.7756100194817952, "GBPUSD": 0.27131464276904205, "Gold": 0.09474182851728706}
