{"FTSE100": 0.7424378029869353, "DJIA": -0.019561337017389584, "GBPUSD": 0.5767200064982442, "Gold": 0.7880420967003915}
