{"FTSE100": 0.4655054292799085, "DJIA": 0.12600712288117077, "GBPUSD": -0.03910833007430152, "Gold": 0.7178964360052713}
