{"FTSE100": 0.4251966469912051, "DJIA": 0.3445162992953167, "GBPUSD": 0.048355899419723875, "Gold": 0.0}
