{"FTSE100": 1.3860806994093902, "DJIA": 0.5017275560169973, "GBPUSD": -0.0545426211625483, "Gold": 0.6237006237006237}
