{"FTSE100": 0.49785611587956313, "DJIA": -0.08633896961009721, "GBPUSD": -0.6283805281578124, "Gold": -0.37686548414652526}
