{"FTSE100": 1.8152187405318323, "DJIA": 0.4006885951795405, "GBPUSD": 0.4086302713305096, "Gold": 0.5460935387942761}
