{"FTSE100": -0.3196334365574843, "DJIA": 0.0, "GBPUSD": -0.08712871287127753, "Gold": 0.3904097005327944}
