{"FTSE100": -0.0584226367923331, "DJIA": 0.6900935969219066, "GBPUSD": 0.1102101865701069, "Gold": -0.10550908131736308}
