{"FTSE100": 0.2686918286590886, "DJIA": -1.8739737746281837, "GBPUSD": -0.17938560430525133, "Gold": -1.5895039189912792}
