{"FTSE100": -0.5041614661812223, "DJIA": -0.2226392059964714, "GBPUSD": -0.32404406999351937, "Gold": 0.0}
