{"FTSE100": 0.9331461133680483, "DJIA": 1.200804218695769, "GBPUSD": -0.20364939719777994, "Gold": 0.0}
