{"FTSE100": 0.5775987245589498, "DJIA": 0.869606700811641, "GBPUSD": 0.47579983593109326, "Gold": 0.8367279533193903}
