{"FTSE100": 0.12505425061618977, "DJIA": 1.2370817306818849, "GBPUSD": -0.3035085589413557, "Gold": 0.18511796733213662}
