{"FTSE100": 0.516031880118995, "DJIA": -0.3557943102279252, "GBPUSD": 0.015669069257284392, "Gold": 1.667215544212105}
