{"FTSE100": 0.5088209326391392, "DJIA": -0.40265534135959646, "GBPUSD": -0.14952388447310858, "Gold": -0.17823930564165796}
