{"FTSE100": -3.492732520407706, "DJIA": -3.9772108299001627, "GBPUSD": -0.5228808060760888, "Gold": -0.7265095253471101}
