{"FTSE100": 1.171617550136535, "DJIA": 1.3089110582396917, "GBPUSD": -0.052702906188821175, "Gold": 0.4672897196261682}
