{"FTSE100": 0.05405141510091499, "DJIA": -0.6358626836531823, "GBPUSD": 0.23294259092276096, "Gold": -0.23763231799524173}
