{"FTSE100": -1.2119457409229017, "DJIA": -0.8311281023847429, "GBPUSD": 0.6017781573941178, "Gold": 0.8405396056727839}
