{"FTSE100": -0.45165881120847645, "DJIA": 0.21744609405791324, "GBPUSD": 0.011255768581405059, "Gold": -0.18514562415438726}
