{"FTSE100": -0.42093894387365416, "DJIA": -0.21249032816248242, "GBPUSD": 0.018362774982561496, "Gold": -0.07234581298607617}
