{"FTSE100": -0.08089367860382589, "DJIA": 0.21744609405791324, "GBPUSD": -0.037512191462221095, "Gold": -0.21600322818012208}
