{"FTSE100": -0.3941778188568549, "DJIA": 0.5562740824610231, "GBPUSD": -0.04936240230357334, "Gold": 0.08014533019876041}
