{"FTSE100": -0.15369590796743943, "DJIA": -0.4843844885919938, "GBPUSD": -0.058936201561802855, "Gold": 0.0}
