{"FTSE100": 0.49007487516327214, "DJIA": 0.21987940545026316, "GBPUSD": 0.160462130937099, "Gold": 0.0}
