{"FTSE100": 0.5704276657417866, "DJIA": 0.4830509382930948, "GBPUSD": 0.28269122041838773, "Gold": 0.7490824996229382}
