{"FTSE100": -0.07318348144276056, "DJIA": 0.23634814242700203, "GBPUSD": 0.18120223745371217, "Gold": 0.36274509803922017}
