{"FTSE100": 0.8376624127917197, "DJIA": 1.3933184608085578, "GBPUSD": 0.32543359240400377, "Gold": 0.31145008215415104}
