{"FTSE100": -0.5909915000824011, "DJIA": 0.09961006376828142, "GBPUSD": -0.345025876940769, "Gold": 3.2525544321403705}
