{"FTSE100": 0.16279161833105035, "DJIA": -0.5516723226797722, "GBPUSD": 0.37786349681178755, "Gold": -0.8214635616851376}
