{"FTSE100": 0.9164103890102288, "DJIA": -0.507374573065161, "GBPUSD": -0.7619795758051878, "Gold": 0.0}
