{"FTSE100": -0.38144394296690104, "DJIA": 0.03541623806534302, "GBPUSD": 0.11806375442739526, "Gold": 0.4540071061981862}
