{"FTSE100": -0.3867573218666852, "DJIA": 0.8200577557073064, "GBPUSD": 1.5080731087615928, "Gold": 0.17123287671232187}
