{"FTSE100": 0.09076513832843217, "DJIA": 0.0, "GBPUSD": -0.04725153567490423, "Gold": 0.0}
