{"FTSE100": -0.2648396776240988, "DJIA": -0.187251348656932, "GBPUSD": -0.231035810550627, "Gold": 0.47739708420550103}
