{"FTSE100": -0.18740291116999674, "DJIA": 0.32945334552794114, "GBPUSD": 0.22147485850216755, "Gold": -0.6880733944954152}
