{"FTSE100": 0.5033431523823036, "DJIA": 2.3206894261198694, "GBPUSD": -0.7140709561034323, "Gold": -2.953169035198177}
