{"FTSE100": -0.0015729968867755643, "DJIA": 0.4049701256653451, "GBPUSD": -0.2138613861386079, "Gold": -0.6191037735849012}
