{"FTSE100": 0.0, "DJIA": -0.038200877995528945, "GBPUSD": 0.1367677228174169, "Gold": 0.0}
