{"FTSE100": -0.38310577915251737, "DJIA": -0.14190121399148084, "GBPUSD": -0.12398295234403904, "Gold": -0.0914913083257015}
