{"FTSE100": 0.29103483144498304, "DJIA": -0.42086777752016297, "GBPUSD": -0.016112140497863366, "Gold": 0.2697033263410294}
