{"FTSE100": 1.59378874858019, "DJIA": 0.5898960655036961, "GBPUSD": 0.22883295194509118, "Gold": 0.32981886996486276}
