{"FTSE100": -0.16917430862686303, "DJIA": 0.25227562639598394, "GBPUSD": -0.2995466321243553, "Gold": 0.23402152998075823}
