{"FTSE100": -0.1610083842956971, "DJIA": -0.23412608540472546, "GBPUSD": 0.47858533419857363, "Gold": 0.0}
