{"FTSE100": -0.3177595777485519, "DJIA": 0.47323261775398445, "GBPUSD": 0.11513463324049489, "Gold": 0.9854655087071993}
