{"FTSE100": -0.4262773565975039, "DJIA": 0.03794789956680398, "GBPUSD": 0.015755475027570347, "Gold": -0.10258414342240908}
