{"FTSE100": 0.09654581924844624, "DJIA": 0.02906764853346644, "GBPUSD": -0.43502779344236453, "Gold": -0.7391868944161399}
