{"FTSE100": 0.5566317549373462, "DJIA": 0.33350699889492147, "GBPUSD": 0.2383222116301153, "Gold": 0.005158893933136043}
