{"FTSE100": -0.7136244973526802, "DJIA": -0.10122666808273742, "GBPUSD": 0.18976832450383155, "Gold": -0.07733287506443234}
