{"FTSE100": -0.15155355323253056, "DJIA": 0.12584393441787906, "GBPUSD": -0.7073803348266837, "Gold": 0.16970519782777346}
