{"FTSE100": -0.15679026030655277, "DJIA": 0.3644906216491603, "GBPUSD": 0.16527624744217007, "Gold": 0.5198534508367164}
