{"FTSE100": -0.5734869012435915, "DJIA": -0.2226392059964714, "GBPUSD": -0.3564484769928857, "Gold": 0.0}
