{"FTSE100": -0.2853431649755227, "DJIA": -0.39876179079034724, "GBPUSD": -0.2168342203824191, "Gold": 0.4339385634349524}
