{"FTSE100": -0.2594963803612494, "DJIA": 0.06939669670699895, "GBPUSD": 0.34653855241395287, "Gold": 0.2912205567451898}
