{"FTSE100": 0.3632545298665755, "DJIA": 1.2617376505069284, "GBPUSD": 0.09388936702919097, "Gold": 0.1838798651547609}
