{"FTSE100": 0.09654581924844624, "DJIA": 0.2971982623153109, "GBPUSD": 0.03232584451268433, "Gold": 0.0}
