{"FTSE100": 0.23205311162126618, "DJIA": 0.23760217068305511, "GBPUSD": -0.4076835494178531, "Gold": 1.5676299210269455}
