{"FTSE100": -0.21792585306890816, "DJIA": 0.26310918303721165, "GBPUSD": 0.33159639981051486, "Gold": 0.9243697478991597}
