{"FTSE100": -0.5392704366259783, "DJIA": 0.19212177751043893, "GBPUSD": -0.6612298875909115, "Gold": -0.07841142687604252}
