{"FTSE100": 0.09864024808412696, "DJIA": 1.1832258371956732, "GBPUSD": -0.04739710877635942, "Gold": -0.23765905827597933}
