{"FTSE100": 0.8872978242115114, "DJIA": 0.09266956605442354, "GBPUSD": 0.23727704140076294, "Gold": 0.6002276725654511}
