{"FTSE100": -0.16093773513164178, "DJIA": -0.6221554944202693, "GBPUSD": -0.3076686408737792, "Gold": 0.1910974926690958}
