{"FTSE100": 1.6289009576974902, "DJIA": 0.7972270704786345, "GBPUSD": -0.018633771848087163, "Gold": 2.8750947363274175}
