{"FTSE100": -0.3805636607691421, "DJIA": -0.01416725966909566, "GBPUSD": -0.24321355719440457, "Gold": 0.0}
