{"FTSE100": -0.19762824223577408, "DJIA": 0.46541016438256294, "GBPUSD": -0.06325110689437195, "Gold": -0.14697060587881333}
