{"FTSE100": 0.275985286389913, "DJIA": -0.7124813051707788, "GBPUSD": -0.056152435143939534, "Gold": 0.9321531005835296}
