{"FTSE100": 0.24083272546227474, "DJIA": -1.0782721567498783, "GBPUSD": 0.3610397946084861, "Gold": 0.1390061063396691}
