{"FTSE100": 0.0, "DJIA": 0.6979597834872301, "GBPUSD": -0.03760529482549059, "Gold": -1.6058437333648703}
