{"FTSE100": -0.1874768687520255, "DJIA": 0.596068610129017, "GBPUSD": -0.048128540224339524, "Gold": 0.47761460518679716}
