{"FTSE100": 0.03864532404167928, "DJIA": 0.8862980580585738, "GBPUSD": 0.6197135918264677, "Gold": 0.20725388601037262}
