{"FTSE100": -0.1061730851835763, "DJIA": -0.07876259285641378, "GBPUSD": 0.3370698440072094, "Gold": 0.7966776845495265}
