{"FTSE100": -1.239597826372306, "DJIA": 0.30668506928699524, "GBPUSD": 0.13412228796844455, "Gold": -0.0731299623903098}
