{"FTSE100": 0.6053533853860716, "DJIA": -0.2206359220029495, "GBPUSD": 0.039704597792419985, "Gold": 0.5499133019569055}
