{"FTSE100": -0.8985468865708444, "DJIA": -1.42969930912758, "GBPUSD": 0.08936550491510946, "Gold": 3.2451399180542153}
