{"FTSE100": -0.20241589921500808, "DJIA": 1.0462668361610967, "GBPUSD": 0.552717527845234, "Gold": 0.20725388601037262}
