{"FTSE100": 0.2994129722898819, "DJIA": 1.2617376505069284, "GBPUSD": 0.0312964556763912, "Gold": 0.1838798651547609}
