{"FTSE100": -0.1005927008778359, "DJIA": -0.4382588895956184, "GBPUSD": 0.015239256324289695, "Gold": -0.2634451093297203}
