{"FTSE100": -0.7345311242989868, "DJIA": 0.12561002805738813, "GBPUSD": -0.007915149596326498, "Gold": 0.0}
