{"FTSE100": -0.11198386885469926, "DJIA": 1.780109015993295, "GBPUSD": -0.022210705560077513, "Gold": -0.033342426722450476}
