{"FTSE100": -1.0421998718001886, "DJIA": -0.14039842261676455, "GBPUSD": 0.09685230024212008, "Gold": 0.7680000000000129}
