{"FTSE100": 1.6928019623858026, "DJIA": 1.622235061830022, "GBPUSD": -0.5910844758229926, "Gold": 0.3028801145437524}
