{"FTSE100": -0.888614005317937, "DJIA": 0.2345917638122361, "GBPUSD": 0.008140008140007243, "Gold": -0.23071521717324386}
