{"FTSE100": 1.7465480789715262, "DJIA": -0.6654245408570667, "GBPUSD": 0.05516589171722932, "Gold": -0.03767108953160756}
