{"FTSE100": 0.39318496586551877, "DJIA": -0.026689074681673242, "GBPUSD": 0.20871798988519993, "Gold": 0.0}
