{"FTSE100": 0.7954916824091137, "DJIA": -0.19918169567221986, "GBPUSD": -0.14906637376430182, "Gold": -0.5249207421651751}
