{"FTSE100": -0.19065320157414847, "DJIA": -0.2550589971080233, "GBPUSD": 0.06642311524409762, "Gold": -0.32205240174671745}
