{"FTSE100": 0.37028589485970803, "DJIA": 0.10560663422625095, "GBPUSD": 0.08034709946970028, "Gold": 0.5354808786945995}
