{"FTSE100": -0.18496971866702017, "DJIA": -0.8950587659342351, "GBPUSD": -0.19643396796614804, "Gold": 0.4409359220539166}
