{"FTSE100": 0.6268747137136788, "DJIA": 0.6615520710735137, "GBPUSD": -0.04790419161677891, "Gold": 0.04782816644201526}
