{"FTSE100": 0.6660968628283245, "DJIA": 0.2779895816260505, "GBPUSD": -0.11119347664935766, "Gold": -0.71749419673812}
