{"FTSE100": 0.05956088800342185, "DJIA": 0.4115452605034318, "GBPUSD": 0.2831078955646467, "Gold": -0.798080689385035}
