{"FTSE100": -0.3927297841115185, "DJIA": 0.0, "GBPUSD": -0.34645669291338266, "Gold": -1.2264606470304136}
