{"FTSE100": 0.30539793826684564, "DJIA": 0.0501329395860629, "GBPUSD": -0.14270692504131086, "Gold": -0.3107482330002382}
