{"FTSE100": -0.42618926475139396, "DJIA": -0.8265891070731668, "GBPUSD": -0.3290285432261252, "Gold": 0.0}
