{"FTSE100": -0.011888916170219204, "DJIA": 1.0262393264666687, "GBPUSD": 0.046933667083867016, "Gold": 2.1826776032253536}
