{"FTSE100": -0.0801700060464526, "DJIA": -0.37501581505559534, "GBPUSD": 0.13912389546908285, "Gold": 0.24484750517032786}
