{"FTSE100": -0.8781766631827652, "DJIA": 1.0048600540112893, "GBPUSD": -0.14685422785592925, "Gold": 1.4126032723149315}
