{"FTSE100": 0.8651396157700642, "DJIA": 2.127325533372524, "GBPUSD": 0.1736685411842533, "Gold": 0.5793369810106187}
