{"FTSE100": 0.21230147770474592, "DJIA": -0.03474737951896453, "GBPUSD": 0.34494522573064357, "Gold": -0.13118664281453896}
