{"FTSE100": 1.0923464854115446, "DJIA": 1.5522211820378078, "GBPUSD": -0.3124285605425583, "Gold": 0.33820509723398745}
