{"FTSE100": 0.9404194125741158, "DJIA": -0.24404054302584635, "GBPUSD": 0.056131422370244995, "Gold": 1.5423209142432464}
