{"FTSE100": -0.019698960726886535, "DJIA": -0.06931504474708237, "GBPUSD": -0.24365887757138208, "Gold": 0.14453065571275395}
