{"FTSE100": 0.5478011552793167, "DJIA": 0.4540115337621239, "GBPUSD": 0.3167490729295421, "Gold": -0.2561434403265865}
