{"FTSE100": 0.8484255900519785, "DJIA": -0.7029059355094077, "GBPUSD": -0.05181730698052579, "Gold": 0.0}
