{"FTSE100": 0.7440360222801333, "DJIA": 1.0031848348753987, "GBPUSD": 0.17823867779309746, "Gold": 0.08743506660493844}
