{"FTSE100": -0.4224165088144852, "DJIA": -0.546532518864534, "GBPUSD": 0.6360153256705131, "Gold": 0.0}
