{"FTSE100": 0.35152464297709984, "DJIA": -0.04818240659747274, "GBPUSD": -0.054949368082261, "Gold": 0.4175814714365585}
