{"FTSE100": 0.6560085167305992, "DJIA": 1.3618600699111394, "GBPUSD": 0.3910302449924111, "Gold": -0.6828462073764906}
