{"FTSE100": -0.20484223267119894, "DJIA": -0.07732160038186561, "GBPUSD": 0.08647118937191266, "Gold": -0.08676036786395973}
