{"FTSE100": 0.5596128422245505, "DJIA": -0.1721227278817421, "GBPUSD": 0.11061946902655403, "Gold": 0.3947018862195943}
