{"FTSE100": 0.08313108708670752, "DJIA": 0.0023053111151395194, "GBPUSD": 0.6960923904445611, "Gold": -0.05428613729458305}
