{"FTSE100": -0.03409022854272481, "DJIA": 0.5228858866842576, "GBPUSD": 0.28720018629201555, "Gold": 0.20311908286570352}
