{"FTSE100": -0.08387346715695414, "DJIA": 0.019783031358315887, "GBPUSD": 0.34653855241395287, "Gold": 1.0238739847403486}
