{"FTSE100": -1.4824683726850099, "DJIA": -0.45897981645090724, "GBPUSD": 0.3482114593225672, "Gold": -1.0217176702862694}
