{"FTSE100": 1.3607466495991942, "DJIA": 0.5036677750515509, "GBPUSD": 0.24926522564084871, "Gold": 1.6399882156535401}
