{"FTSE100": 0.2619910661376264, "DJIA": 0.47072185994381716, "GBPUSD": 0.037177485314905716, "Gold": -2.198249542031356}
