{"FTSE100": 1.2586746404316809, "DJIA": 0.11995832363965415, "GBPUSD": 0.34660648073512573, "Gold": -0.20666364232067688}
