{"FTSE100": -0.6821647552995302, "DJIA": -0.47572566080695217, "GBPUSD": 0.42613636363638313, "Gold": 0.0}
