{"FTSE100": -0.045307736619654496, "DJIA": 0.2961486821397024, "GBPUSD": -0.007816163826792948, "Gold": -0.23999232024575212}
