{"FTSE100": -0.11228009565400064, "DJIA": -0.11808764193646888, "GBPUSD": 0.0, "Gold": -0.971120601993092}
