{"FTSE100": 0.2991462966671339, "DJIA": 0.4039825866858529, "GBPUSD": 0.33629594042757477, "Gold": -0.24839400428264355}
