{"FTSE100": 2.1365664763980705, "DJIA": 1.3196573919041972, "GBPUSD": 0.8180428134556522, "Gold": -0.8441437527155443}
