{"FTSE100": 0.05856475151187715, "DJIA": 0.8983478656971233, "GBPUSD": -0.6184921318406026, "Gold": -0.04163717366865137}
