{"FTSE100": -0.22070253306871218, "DJIA": 1.8472723872542625, "GBPUSD": 0.03084991516274703, "Gold": 1.5436047711420235}
