{"FTSE100": -0.07580431197506962, "DJIA": 0.3311223620546374, "GBPUSD": -0.007641754546843114, "Gold": -0.31120861180552706}
