{"FTSE100": 0.30075032688850145, "DJIA": 0.5667801296189172, "GBPUSD": 0.0, "Gold": -0.0364185005983063}
