{"FTSE100": 0.12730032937689975, "DJIA": -0.002566084251074419, "GBPUSD": 0.3111572084753283, "Gold": 0.6715047125779211}
