{"FTSE100": 0.5058644298012057, "DJIA": 0.21522569221794668, "GBPUSD": 0.1753826530612406, "Gold": 1.1526750761200522}
