{"FTSE100": 0.035551618675985476, "DJIA": 0.4426726906979775, "GBPUSD": -0.20006402048655142, "Gold": -0.09076763485476785}
