{"FTSE100": -0.2707944997168563, "DJIA": -0.9421358745932237, "GBPUSD": -0.04458314757021355, "Gold": -0.7034814465196814}
