{"FTSE100": -0.15998526754369358, "DJIA": 0.7173818611272302, "GBPUSD": 0.011143716801017384, "Gold": -0.39688630632604877}
