{"FTSE100": -0.18997900835082554, "DJIA": -0.28001073244478997, "GBPUSD": 0.18093361746613207, "Gold": 0.633753501400573}
