{"FTSE100": -0.22675056713503008, "DJIA": -0.4497342195254305, "GBPUSD": -0.030009753169776873, "Gold": -0.10269392434083092}
