{"FTSE100": 0.15807981770976295, "DJIA": -0.11828321143559825, "GBPUSD": 0.022581859239741583, "Gold": -0.03252609479877906}
