{"FTSE100": 0.2781658631017697, "DJIA": 1.0246793440582675, "GBPUSD": -0.05096468875135952, "Gold": 1.4145216124332172}
