{"FTSE100": 0.06466749424943237, "DJIA": 0.5515321384034096, "GBPUSD": -0.04161464835620841, "Gold": 0.05425515423965629}
