{"FTSE100": 0.16185164557888906, "DJIA": 0.4262846506250717, "GBPUSD": 0.00783330722232579, "Gold": 0.09358683873510447}
