{"FTSE100": -0.37863655867117585, "DJIA": 0.21916002854906283, "GBPUSD": -0.045850527281058685, "Gold": -0.3622264170195468}
