{"FTSE100": -0.38310577915251737, "DJIA": -0.14190121399148084, "GBPUSD": -0.23198267862667132, "Gold": 0.434782608695656}
