{"FTSE100": 1.2197007605780283, "DJIA": 0.08233753137203556, "GBPUSD": -0.15195137555980412, "Gold": 0.393054595715269}
