{"FTSE100": 0.20432742645164945, "DJIA": 0.2971982623153109, "GBPUSD": 0.3313399062550503, "Gold": 0.22063985558118998}
