{"FTSE100": -0.7621716835213953, "DJIA": -0.31818228450353336, "GBPUSD": -0.16518004625041308, "Gold": 0.20664281034221604}
