{"FTSE100": -0.28641976613456566, "DJIA": -0.4501690997234761, "GBPUSD": -0.4623462111119831, "Gold": -0.8008266597778352}
