{"FTSE100": 0.10480882922217677, "DJIA": -0.6804313792889797, "GBPUSD": 0.007898270278808071, "Gold": -0.6034879558124165}
