{"FTSE100": 0.5421385556404068, "DJIA": -0.11108026269691053, "GBPUSD": 0.2728512960436618, "Gold": -0.8388900838890084}
