{"FTSE100": -0.01084474418680267, "DJIA": -0.474474719137322, "GBPUSD": 0.011213695660306845, "Gold": -0.44393329499712897}
