{"FTSE100": 0.5668676932540258, "DJIA": -0.08997585222138735, "GBPUSD": 0.43591979075850523, "Gold": 1.7539073157422924}
