{"FTSE100": 0.24522635577746948, "DJIA": 0.10043903186400745, "GBPUSD": -0.12201073694485577, "Gold": 0.0}
