{"FTSE100": -0.30496260467985253, "DJIA": -0.2364397515568853, "GBPUSD": 0.5935523916669848, "Gold": 1.4432784931642857}
