{"FTSE100": 0.4546850926142924, "DJIA": -0.00794043850528817, "GBPUSD": 0.18918188486931495, "Gold": 0.8342201929348821}
