{"FTSE100": 0.21822248735334973, "DJIA": 0.8416117040126332, "GBPUSD": 0.11167361524717517, "Gold": 0.0}
