{"FTSE100": 1.36518450724261, "DJIA": -0.051406979462854004, "GBPUSD": -0.041511000415123865, "Gold": 0.9616969830191789}
