{"FTSE100": -0.46619560127363346, "DJIA": 0.06465229827612749, "GBPUSD": 0.1496416476333002, "Gold": 0.8515874969234646}
