{"FTSE100": -0.8688090913439208, "DJIA": -1.2493653688764783, "GBPUSD": -0.15496668216333503, "Gold": -0.07044296191937482}
