{"FTSE100": 0.2284348140090116, "DJIA": 0.6889126819816146, "GBPUSD": 0.17128388442061132, "Gold": 0.1564991436839227}
