{"FTSE100": 0.6397072861862438, "DJIA": 2.3563016483186745, "GBPUSD": -0.2803214352457425, "Gold": -0.7691856027244516}
