{"FTSE100": 0.03864532404167928, "DJIA": 1.0079212642753541, "GBPUSD": 0.7620802277866079, "Gold": 0.20725388601037262}
