{"FTSE100": 0.19014742160636305, "DJIA": 0.13820324074888696, "GBPUSD": -0.2927067241238983, "Gold": -0.15761643278422494}
