{"FTSE100": -0.5964769240671847, "DJIA": 0.07925804400687378, "GBPUSD": 0.10776262494890203, "Gold": 0.0}
