{"FTSE100": -0.3740003094439075, "DJIA": -2.1648777821987255, "GBPUSD": -0.6041545973682102, "Gold": -1.6080180626686515}
