{"FTSE100": 0.1693406646947887, "DJIA": 0.08898974449620749, "GBPUSD": 0.11944577161968918, "Gold": 0.11985788279612097}
