{"FTSE100": -0.4294047711935159, "DJIA": -0.18884705514233294, "GBPUSD": 0.0943915676866096, "Gold": 0.15527950310559005}
