{"FTSE100": -0.18443403565814112, "DJIA": 0.23634814242700203, "GBPUSD": 0.023635074450481915, "Gold": 0.01960784313725936}
