{"FTSE100": 0.5716680903377307, "DJIA": -1.0052666984725438, "GBPUSD": 0.14952388447310858, "Gold": 0.05552708012983628}
