{"FTSE100": -0.0752741266322768, "DJIA": -0.1649362142345152, "GBPUSD": -0.5229379605419491, "Gold": -0.7474997422414681}
