{"FTSE100": -0.22609251131359315, "DJIA": -0.1707605734446902, "GBPUSD": -0.27617770062337715, "Gold": -0.04159261920066204}
