{"FTSE100": 0.1136540229309846, "DJIA": 0.3459584676963842, "GBPUSD": 0.09838484873330244, "Gold": 0.18275639647388148}
