{"FTSE100": 0.5031439899899145, "DJIA": 0.14708421033442917, "GBPUSD": -0.2682445759368891, "Gold": 0.14348622037503653}
