{"FTSE100": 0.42244240531041316, "DJIA": -0.6120663862601452, "GBPUSD": -0.21635655560363717, "Gold": -0.21176826501285392}
