{"FTSE100": 0.49007487516327214, "DJIA": 0.33712330144897706, "GBPUSD": -0.008017317405595204, "Gold": 0.2607561929595828}
