{"FTSE100": -0.6803792730383141, "DJIA": 0.45561735099695866, "GBPUSD": 0.28578232912598617, "Gold": 0.014745637748841578}
