{"FTSE100": -0.1856543145298976, "DJIA": -0.38229922269191813, "GBPUSD": -0.23329013145713656, "Gold": 0.0}
