{"FTSE100": 0.45305978394304325, "DJIA": -0.11445178124749743, "GBPUSD": -0.9653931113474622, "Gold": -1.9516777122580018}
