{"FTSE100": 0.36986890772225467, "DJIA": 0.03104622192506316, "GBPUSD": 0.016097875080505475, "Gold": 0.0}
