{"FTSE100": 0.3052185089677248, "DJIA": -1.6946282708172697, "GBPUSD": 0.0, "Gold": 0.21105664488016807}
