{"FTSE100": 0.2805292323412319, "DJIA": -0.06550673517597384, "GBPUSD": 0.008037293039703342, "Gold": -0.2855284082694843}
