{"FTSE100": 0.352009280134351, "DJIA": -0.0606378799878433, "GBPUSD": 0.0627106686524976, "Gold": -0.00423764725823837}
