{"FTSE100": 0.3437529346760179, "DJIA": 0.02326781680191176, "GBPUSD": -0.1778963753613489, "Gold": -0.09959558157782722}
