{"FTSE100": 0.027365705457338064, "DJIA": 0.23943042432775008, "GBPUSD": -0.18077497445570767, "Gold": 0.2284125328963657}
