{"FTSE100": 0.10663026470834104, "DJIA": 0.026781972377481436, "GBPUSD": -0.12099701540695788, "Gold": -0.15030579454753243}
