{"FTSE100": -0.17339093576388942, "DJIA": 0.3618686094939742, "GBPUSD": -0.2868382232420781, "Gold": 0.1945015896764643}
