{"FTSE100": 0.638230076069146, "DJIA": 1.0599285535638696, "GBPUSD": -0.09206690194875632, "Gold": -0.010115314586285933}
