{"FTSE100": -0.23653459292644544, "DJIA": -1.1819083437757547, "GBPUSD": 0.026604842081264297, "Gold": 0.0}
