{"FTSE100": 1.0764787435712724, "DJIA": -0.04084833647097207, "GBPUSD": -0.2371951671484597, "Gold": 0.0}
