{"FTSE100": 0.8390372575289207, "DJIA": 0.9590019299776511, "GBPUSD": 0.1289386735433996, "Gold": 0.0}
