{"FTSE100": -0.058197475827117186, "DJIA": 0.18872496517191606, "GBPUSD": -0.22156573116692124, "Gold": -1.028684470820967}
