{"FTSE100": 0.01075238467731666, "DJIA": 0.32740090605824135, "GBPUSD": -0.15228812914033363, "Gold": -0.09187423438137783}
