{"FTSE100": 0.6818302881798323, "DJIA": 0.5937661076064754, "GBPUSD": -0.27861620617599625, "Gold": -0.5879069767441759}
