{"FTSE100": 0.15075121327483373, "DJIA": -0.40223497851930856, "GBPUSD": 0.3018342233573264, "Gold": 0.5378720895962241}
