{"FTSE100": -1.360972684202796, "DJIA": 0.291031371322674, "GBPUSD": 0.053500458575370294, "Gold": -1.1569872958257679}
