{"FTSE100": -0.09315247398224635, "DJIA": 0.2973710194088548, "GBPUSD": 0.06088897909480418, "Gold": -0.3215782627547366}
