{"FTSE100": 0.42163518366718195, "DJIA": -0.0025957097828106066, "GBPUSD": -0.6494464944649386, "Gold": -0.1800666246511209}
