{"FTSE100": 0.16810175534003874, "DJIA": -0.30817887794355414, "GBPUSD": -0.2326590165227167, "Gold": 0.11742869048069658}
