{"FTSE100": 0.6584340514976315, "DJIA": -0.7124813051707788, "GBPUSD": -0.16845730543180198, "Gold": 0.9321531005835296}
