{"FTSE100": -0.20702262529380247, "DJIA": 0.13412291426809916, "GBPUSD": 0.031486146095731894, "Gold": -0.18077981839845889}
