{"FTSE100": 0.6147631342998339, "DJIA": 0.36977048922182665, "GBPUSD": 0.2847650688182287, "Gold": -0.24917300339391593}
