{"FTSE100": 0.019628845823868393, "DJIA": 0.5004432764820844, "GBPUSD": 0.03112840466925727, "Gold": -0.04590899816364471}
