{"FTSE100": 0.07960539632211756, "DJIA": -0.4948898040914321, "GBPUSD": -0.3704923431582554, "Gold": 0.9956927896179423}
