{"FTSE100": 0.6057456707069105, "DJIA": -0.24020422001363612, "GBPUSD": 0.042574602314514105, "Gold": -0.4098885615473351}
