{"FTSE100": 0.4389832023231009, "DJIA": -0.08360326012327356, "GBPUSD": -0.3357582540570774, "Gold": -0.4211511464670169}
