{"FTSE100": 0.5344726007824906, "DJIA": 0.6512884291800126, "GBPUSD": -0.3760902616627932, "Gold": 0.0182648401826484}
