{"FTSE100": 0.24750806358652036, "DJIA": -0.27362807286722257, "GBPUSD": -0.062282469316709686, "Gold": -0.6749979668735963}
