{"FTSE100": -0.0023596623585387796, "DJIA": 0.12744781308444453, "GBPUSD": 0.3581603581603548, "Gold": 0.4782375067168238}
