{"FTSE100": 0.05887654538686317, "DJIA": -0.8277072151929433, "GBPUSD": -0.32133444055311716, "Gold": 0.0}
