{"FTSE100": 0.07923940647720173, "DJIA": 0.11537826726876042, "GBPUSD": -0.14175460702473017, "Gold": 0.0}
