{"FTSE100": 0.1711579267886469, "DJIA": 1.2291647572612365, "GBPUSD": -0.32976092333058227, "Gold": -0.9483793517406935}
