{"FTSE100": -0.6566826644067039, "DJIA": 0.7844244525698305, "GBPUSD": 0.8740204942736461, "Gold": 0.30798240100566254}
