{"FTSE100": 0.7243325677410822, "DJIA": -0.43107519378210224, "GBPUSD": -0.09469696969697679, "Gold": -0.3392967304133282}
