{"FTSE100": 0.0539104795751741, "DJIA": 1.011049412844147, "GBPUSD": 0.030054850101448493, "Gold": -1.0635198135198178}
