{"FTSE100": 0.27470481441554306, "DJIA": 0.3006370750608393, "GBPUSD": -0.10301804723566259, "Gold": -0.03059273422561098}
