{"FTSE100": -0.48241834372517417, "DJIA": 0.13575520551394205, "GBPUSD": -0.5239286831404558, "Gold": -2.9658692992448286}
