{"FTSE100": 0.36986890772225467, "DJIA": -0.046211794823212436, "GBPUSD": -0.07236471817961734, "Gold": 0.2706843718079766}
