{"FTSE100": -0.2176814731683389, "DJIA": -0.11328302823798174, "GBPUSD": -0.17416086130462155, "Gold": 0.6175584210266291}
