{"FTSE100": -0.1362636231455053, "DJIA": 0.020301566271700242, "GBPUSD": 0.03232062055591111, "Gold": 1.618425147836903}
