{"FTSE100": 0.07753034290129425, "DJIA": -1.7198780549088017, "GBPUSD": 0.025365688678444825, "Gold": -0.13231159380341204}
