{"FTSE100": 0.045067566140175916, "DJIA": 0.7756100194817952, "GBPUSD": -0.6612307817126997, "Gold": -0.5939583864737886}
