{"FTSE100": -0.1585118440211183, "DJIA": -0.5738126324801933, "GBPUSD": 0.0, "Gold": -0.5139653203197936}
