{"FTSE100": 0.5478011552793167, "DJIA": 0.23839424343233565, "GBPUSD": 0.2472187886279428, "Gold": -0.2561434403265865}
