{"FTSE100": -0.45165881120847645, "DJIA": 0.21744609405791324, "GBPUSD": 0.03376730574421517, "Gold": -0.4107507478987649}
