{"FTSE100": -0.6551542749182507, "DJIA": -0.08974504629456065, "GBPUSD": -0.16401124648547258, "Gold": 0.2165421195652135}
