{"FTSE100": -0.48241834372517417, "DJIA": 0.12173993993238158, "GBPUSD": -0.539568345323751, "Gold": -2.8519596675526264}
