{"FTSE100": 0.206151725043497, "DJIA": 0.0009122033225475669, "GBPUSD": -0.27304257988338976, "Gold": 0.0}
