{"FTSE100": 0.28395975560376185, "DJIA": -0.026689074681673242, "GBPUSD": 0.14449706992052852, "Gold": 0.0}
