{"FTSE100": -0.6907465954612303, "DJIA": -0.4132606983733507, "GBPUSD": 0.35354699869342554, "Gold": -0.003716090672609032}
