{"FTSE100": 0.4398158459478591, "DJIA": 0.34400764867236144, "GBPUSD": -0.17313291886363433, "Gold": 0.4739804483065028}
