{"FTSE100": 0.4797852577222286, "DJIA": 0.9686424484211156, "GBPUSD": 0.07063255375923112, "Gold": 0.08767657087190364}
