{"FTSE100": -0.5615506365585057, "DJIA": -0.8613709114332619, "GBPUSD": -0.04844419601267296, "Gold": 0.0}
