{"FTSE100": -0.1366992802909779, "DJIA": 0.526500436470395, "GBPUSD": 0.23936806829968016, "Gold": 0.09541026413578843}
