{"FTSE100": -0.8170977524402899, "DJIA": -1.6739923818816358, "GBPUSD": -0.7719184204111353, "Gold": 0.9762277367911102}
