{"FTSE100": -0.5479745023139304, "DJIA": -0.5064832108151335, "GBPUSD": 0.055087746911145256, "Gold": -1.8953627616963327}
