{"FTSE100": 0.04993787888525364, "DJIA": 0.534221643848813, "GBPUSD": 0.30679933665008596, "Gold": 0.4176179074558717}
