{"FTSE100": -0.04077696295768434, "DJIA": 0.2961486821397024, "GBPUSD": 0.03908081913396474, "Gold": -0.2591917058654167}
