{"FTSE100": -0.4921322335831123, "DJIA": 1.3863842059128055, "GBPUSD": 0.42020076258655736, "Gold": 0.6807712690065743}
