{"FTSE100": -0.23714988048299326, "DJIA": -1.0856999866524848, "GBPUSD": 0.03192083632590822, "Gold": 0.19745879120880683}
