{"FTSE100": 0.2974574722517555, "DJIA": 0.25199130394292024, "GBPUSD": -0.1678791270285387, "Gold": -0.2183746685384519}
