{"FTSE100": -0.4294047711935159, "DJIA": -0.13219010433497008, "GBPUSD": -0.0865528365725156, "Gold": -0.278724063177459}
