{"FTSE100": -0.3372593595820767, "DJIA": -0.5350095436311513, "GBPUSD": -0.05311883442099885, "Gold": 0.970404670827476}
