{"FTSE100": 0.7325227682248234, "DJIA": 0.9981709717002201, "GBPUSD": 0.3655267646819875, "Gold": 0.13727184910265114}
