{"FTSE100": -0.317632134478154, "DJIA": -0.0013491903600040237, "GBPUSD": 0.8075161114993372, "Gold": 1.1808367071524966}
