{"FTSE100": -0.6001438768571721, "DJIA": -0.7428935919073757, "GBPUSD": -0.3596441415862223, "Gold": -0.06680432406171118}
