{"FTSE100": 0.06680295856526243, "DJIA": 0.04103297048531685, "GBPUSD": 0.06225680933851454, "Gold": 0.5254029789838784}
