{"FTSE100": -0.41172345924493453, "DJIA": 0.3992530158477568, "GBPUSD": 0.5308411214953184, "Gold": 1.6141605906360257}
