{"FTSE100": 0.3708885018656819, "DJIA": 0.3497367967820414, "GBPUSD": -0.06003301815998138, "Gold": -0.9682299546142209}
