{"FTSE100": -0.6306387453928376, "DJIA": -0.3528860790949434, "GBPUSD": -0.45326664582682297, "Gold": -1.4940068493150724}
