{"FTSE100": -0.4276845164095149, "DJIA": -1.0897654517748216, "GBPUSD": 0.24274563991485043, "Gold": -0.16458277039474853}
