{"FTSE100": 0.6540813811027487, "DJIA": 0.6914002799336821, "GBPUSD": -0.4179243092639944, "Gold": -2.500465116279063}
