{"FTSE100": -0.35832994682632063, "DJIA": -0.7915850673453277, "GBPUSD": -0.4145807259073733, "Gold": -0.3258339798293227}
