{"FTSE100": -0.30735942274097244, "DJIA": -0.5547281146282906, "GBPUSD": -0.03134796238244169, "Gold": 0.1910665760869565}
