{"FTSE100": 0.47940316441916236, "DJIA": -0.5523806491666671, "GBPUSD": -0.43627298223746097, "Gold": -0.14017236008722073}
