{"FTSE100": 0.3131765446033916, "DJIA": -0.34505938109442524, "GBPUSD": 0.2737740558821217, "Gold": -0.27275947573502723}
