{"FTSE100": -0.44632663323480665, "DJIA": -1.567696987201535, "GBPUSD": 0.6562551918923424, "Gold": -0.2608128667680914}
