{"FTSE100": -0.32360414806674664, "DJIA": -0.5523806491666671, "GBPUSD": 0.007790588968525162, "Gold": 0.0}
