{"FTSE100": 0.6898354911194534, "DJIA": 0.18208923963980456, "GBPUSD": 0.39426795056487174, "Gold": 0.0}
