{"FTSE100": 0.1804307741050946, "DJIA": -0.21207662095522664, "GBPUSD": 0.22619316896630579, "Gold": -0.26403470170365534}
