{"FTSE100": -0.8714271606841423, "DJIA": -0.9409306361452374, "GBPUSD": 0.0, "Gold": -0.21929824561404196}
