{"FTSE100": -0.4262773565975039, "DJIA": 0.03794789956680398, "GBPUSD": 0.07877737513785173, "Gold": -0.09281422500122567}
