{"FTSE100": 0.4874038405073666, "DJIA": 0.6010983895677094, "GBPUSD": 0.025645722659833118, "Gold": -0.34427607145761113}
