{"FTSE100": 0.021430900166215083, "DJIA": 0.08377085725195982, "GBPUSD": -0.2215002953337191, "Gold": -0.1928440040348899}
