{"FTSE100": -0.6306930725592512, "DJIA": -1.2035082837498796, "GBPUSD": 0.46564452015899127, "Gold": 1.7217296246811555}
