{"FTSE100": -0.8108332926222325, "DJIA": -1.352230485666809, "GBPUSD": -0.29304609535878634, "Gold": -1.3180061440887874}
