{"FTSE100": 0.856051470800713, "DJIA": 0.2195928517159374, "GBPUSD": 0.40695818704116515, "Gold": 0.4591005578318583}
