{"FTSE100": 0.5863325133476636, "DJIA": -0.6536418676254822, "GBPUSD": 0.25969937829541656, "Gold": 0.1751238681018242}
