{"FTSE100": 0.4787736128499876, "DJIA": 2.488867913094755, "GBPUSD": 0.045378913931321575, "Gold": 0.7875032274722319}
