{"FTSE100": 0.6980274927031508, "DJIA": 0.2055601563437402, "GBPUSD": 0.15057973196807722, "Gold": 1.3395638629283488}
