{"FTSE100": 0.6355768019916307, "DJIA": 1.711388020962844e-14, "GBPUSD": 0.31731290147821317, "Gold": -0.007368110816379977}
