{"FTSE100": -1.011235686509755, "DJIA": -1.7547038289989452, "GBPUSD": -0.8789670192906104, "Gold": 0.41211621677313004}
