{"FTSE100": 2.4999740329884936, "DJIA": -0.9115523324370807, "GBPUSD": 0.45206179488188564, "Gold": 1.7788771050045742}
