{"FTSE100": -0.03696645761900748, "DJIA": 0.2904205510358596, "GBPUSD": -0.22257294322365007, "Gold": 0.16333938294010888}
