{"FTSE100": -0.3593047678516988, "DJIA": 1.237817360522537, "GBPUSD": -0.17619734102196072, "Gold": 0.0}
