{"FTSE100": -0.5495828887598304, "DJIA": 0.23760217068305511, "GBPUSD": -0.5178682925037646, "Gold": 1.0115649679079615}
