{"FTSE100": 0.4799710424710504, "DJIA": 0.6116261282083956, "GBPUSD": 0.9396485867074256, "Gold": 0.6971027924406731}
