{"FTSE100": -0.04833451495511718, "DJIA": -1.7264318993144296, "GBPUSD": -0.0037708812549404934, "Gold": -0.062326099053982904}
