{"FTSE100": -0.050061790927803676, "DJIA": -0.8241023352035658, "GBPUSD": -0.3153330705557748, "Gold": -0.18551064245264373}
