{"FTSE100": -0.12759120242329075, "DJIA": -0.2749245695093909, "GBPUSD": -0.07419498441906157, "Gold": 1.6800659657802468}
