{"FTSE100": -0.1610083842956971, "DJIA": 0.029287993464166842, "GBPUSD": -0.03225806451612548, "Gold": 0.0}
