{"FTSE100": -0.024468049666685428, "DJIA": 0.5278813967140525, "GBPUSD": -0.23844319667716948, "Gold": -0.13179137425455503}
