{"FTSE100": 0.18119602243844968, "DJIA": 0.9707423022104102, "GBPUSD": -0.12910513999838988, "Gold": -0.5917774086378784}
