{"FTSE100": -1.2758075397650364, "DJIA": 1.1541387126260585, "GBPUSD": 0.08181966944854459, "Gold": 0.37772948359722414}
