{"FTSE100": 0.24788627413412914, "DJIA": 0.5483424191158421, "GBPUSD": -0.0646046999919173, "Gold": 0.025248699691965863}
