{"FTSE100": -0.42618926475139396, "DJIA": -0.400132306608658, "GBPUSD": -0.12338570370978323, "Gold": 0.0}
