{"FTSE100": 0.17915664750379834, "DJIA": 0.14637127657105953, "GBPUSD": -0.13367932688527442, "Gold": 0.133024373498108}
