{"FTSE100": 0.4445908459034877, "DJIA": 0.741766834039384, "GBPUSD": -0.4386458216173592, "Gold": -1.3243709238111896}
