{"FTSE100": 0.2342550064641113, "DJIA": 1.7620722613699078, "GBPUSD": 0.1568996626657254, "Gold": -0.15275369498803867}
