{"FTSE100": -0.06836327150746496, "DJIA": -0.549770307626695, "GBPUSD": -0.219659527732026, "Gold": 0.45396230139149535}
