{"FTSE100": -0.19920536361351798, "DJIA": -0.1361497929996175, "GBPUSD": 0.045945325063169756, "Gold": 0.6754178432419986}
