{"FTSE100": -0.06037297079736038, "DJIA": -0.6804313792889797, "GBPUSD": -0.06318616223046457, "Gold": -1.1507185598117935}
