{"FTSE100": 0.6723931602368762, "DJIA": -0.05426550491092768, "GBPUSD": -0.10412792859799687, "Gold": 0.0}
