{"FTSE100": -0.5551665499649844, "DJIA": 0.5394939871170101, "GBPUSD": -0.07479991024009948, "Gold": -0.7269742627660118}
