{"FTSE100": -0.385642884217203, "DJIA": 0.9075225928154418, "GBPUSD": -0.6292510820936111, "Gold": -0.2157820601192877}
