{"FTSE100": 0.48549036117448996, "DJIA": -0.0606378799878433, "GBPUSD": 0.03924646781789207, "Gold": -0.2076447156538728}
