{"FTSE100": 0.05679674157871742, "DJIA": -0.3743057045706011, "GBPUSD": 0.11112875059533797, "Gold": 0.08475421278293177}
