{"FTSE100": 0.2596450819243017, "DJIA": -0.2386402058404856, "GBPUSD": 0.08650844397637826, "Gold": 1.6881587292000146}
