{"FTSE100": -0.011888916170219204, "DJIA": 1.0262393264666687, "GBPUSD": 0.09386733416771667, "Gold": 2.2753603039992543}
