{"FTSE100": 0.7310260463161599, "DJIA": 0.7968650026319785, "GBPUSD": 0.1982239137329485, "Gold": -0.4504504504504457}
