{"FTSE100": -0.33190032852097967, "DJIA": -0.44229947600203534, "GBPUSD": 0.03468876469455089, "Gold": -0.09843596193808808}
