{"FTSE100": -2.3939687157097906, "DJIA": -1.513607747799949, "GBPUSD": -0.3516174402250311, "Gold": -1.0182627695098434}
