{"FTSE100": 0.13182683711556314, "DJIA": -0.501332158120496, "GBPUSD": 0.025365688678444825, "Gold": -0.13231159380341204}
