{"FTSE100": 0.23205311162126618, "DJIA": 0.23760217068305511, "GBPUSD": 0.48722870219990694, "Gold": 1.9269563122873572}
