{"FTSE100": 0.01933802175470817, "DJIA": -0.0032250019349976847, "GBPUSD": 0.5440047693568717, "Gold": 0.947665765574213}
