{"FTSE100": -0.1362636231455053, "DJIA": -0.9279165312251023, "GBPUSD": -0.16233766233766247, "Gold": -0.3887017362010884}
