{"FTSE100": -0.14627394466878552, "DJIA": 1.780109015993295, "GBPUSD": -0.111053527800404, "Gold": -0.033342426722450476}
