{"FTSE100": -0.3372593595820767, "DJIA": -0.9519714108393482, "GBPUSD": 0.14073257008100926, "Gold": 0.970404670827476}
