{"FTSE100": 0.10860755565730593, "DJIA": 0.15986088389423375, "GBPUSD": 0.36387939997030494, "Gold": 0.14703130430133396}
