{"FTSE100": 0.23123050463965433, "DJIA": 0.007125584596024881, "GBPUSD": -0.03889537145079307, "Gold": -0.33502538071065524}
