{"FTSE100": -0.4815066932985343, "DJIA": -0.9837474975381033, "GBPUSD": -0.762278978388984, "Gold": -0.3859871989055486}
