{"FTSE100": 0.2096871864860313, "DJIA": 0.40214747343514273, "GBPUSD": 0.00806451612903137, "Gold": -0.6284772305790256}
