{"FTSE100": 1.1215424989677657e-14, "DJIA": -0.12749456266418618, "GBPUSD": -0.01577411467781197, "Gold": 0.5209530376158702}
