{"FTSE100": 0.038389963952472156, "DJIA": -0.15920665509372017, "GBPUSD": -0.07885191610155258, "Gold": 0.0}
