{"FTSE100": 0.7689402408079936, "DJIA": 0.6528563581075048, "GBPUSD": 0.41590168234105185, "Gold": 1.027589713398809}
