{"FTSE100": 0.2776358803617793, "DJIA": -0.9409306361452374, "GBPUSD": 0.030574027363751123, "Gold": -0.07183908045977355}
