{"FTSE100": 0.2372779020098381, "DJIA": 0.17045233687367542, "GBPUSD": -0.7229294358007131, "Gold": 0.09903570497785202}
