{"FTSE100": 0.5871443232368759, "DJIA": 1.9760688891469684, "GBPUSD": 0.5285138781091762, "Gold": 1.4666556958900765}
