{"FTSE100": -0.5488732491759664, "DJIA": -0.8194898348254868, "GBPUSD": 0.07825600894354354, "Gold": -1.0994894544620148}
