{"FTSE100": 0.3517846380828445, "DJIA": 0.0, "GBPUSD": -0.3423294323700319, "Gold": -1.5434467468235618}
