{"FTSE100": -0.1989866841277584, "DJIA": -0.5618624186262472, "GBPUSD": -0.4516282386498723, "Gold": -0.7371894009691814}
