{"FTSE100": 0.3092791628581239, "DJIA": 0.5438800493861156, "GBPUSD": 0.6802721088435503, "Gold": 0.809356956028222}
