{"FTSE100": -0.3065101612415323, "DJIA": -0.9128081196702466, "GBPUSD": -0.22114108801413762, "Gold": 0.26260504201680673}
