{"FTSE100": 0.5478935951592623, "DJIA": -1.5518193040996278, "GBPUSD": 0.3673596998593033, "Gold": 0.35056365136100553}
