{"FTSE100": -0.026047782297958472, "DJIA": -0.08562044902757175, "GBPUSD": 0.1495215311004952, "Gold": -0.8405507697308803}
