{"FTSE100": 0.4907747121188545, "DJIA": 0.431484600114922, "GBPUSD": 0.025873221216046755, "Gold": 0.29368978673180407}
