{"FTSE100": 0.5828728088263654, "DJIA": 0.6752261431264824, "GBPUSD": -0.6205813040062857, "Gold": 0.0}
