{"FTSE100": -1.265991155759403, "DJIA": -1.5518193040996278, "GBPUSD": -0.07816163826794684, "Gold": 0.2371459994500837}
