{"FTSE100": -1.2889205159867836, "DJIA": -1.1765208339149096, "GBPUSD": 0.3688317738867129, "Gold": 0.8128675198893116}
