{"FTSE100": 0.521351780295085, "DJIA": -0.7587942618356444, "GBPUSD": -0.11826854845066899, "Gold": 0.056116722783397306}
