{"FTSE100": -0.22487883240992443, "DJIA": 0.7727769393462457, "GBPUSD": 0.10742848048382304, "Gold": 0.632284083529854}
