{"FTSE100": 0.272308795085056, "DJIA": 1.0014658993795054, "GBPUSD": -0.2824174937464745, "Gold": -0.2803156146179449}
