{"FTSE100": -0.25894691524551466, "DJIA": -1.28301118963398, "GBPUSD": 0.40690104166665797, "Gold": -0.13632550335569993}
