{"FTSE100": 0.7043406004402184, "DJIA": -0.3875683517184056, "GBPUSD": -0.3950695322376654, "Gold": -0.12829912023461243}
