{"FTSE100": 1.2252143335641446, "DJIA": 0.5889338998567072, "GBPUSD": -0.12878536998196405, "Gold": 0.030144088744197262}
