{"FTSE100": -0.03886844829716347, "DJIA": -0.2537652696803113, "GBPUSD": 0.37786349681178755, "Gold": -0.7762453839776889}
