{"FTSE100": 0.8484255900519785, "DJIA": -0.5850439977169704, "GBPUSD": -0.5190884659279167, "Gold": 0.0}
