{"FTSE100": 0.6845226633804379, "DJIA": 0.48310193144531743, "GBPUSD": -0.10997643362137217, "Gold": 1.1073613161780214}
