{"FTSE100": 0.33054137351955426, "DJIA": -0.33588448142926675, "GBPUSD": -0.024624476729885002, "Gold": 0.0}
