{"FTSE100": -0.41159302818253973, "DJIA": 0.19120040693263984, "GBPUSD": 0.19915558033935685, "Gold": 0.06620492972091843}
