{"FTSE100": -0.007523810799859041, "DJIA": 0.41383542545431934, "GBPUSD": -0.09838795126011178, "Gold": 0.0}
