{"FTSE100": 0.11505312717075604, "DJIA": 0.08574954147668495, "GBPUSD": -0.10645578283020818, "Gold": 0.949224047009184}
