{"FTSE100": -0.19169303501967352, "DJIA": -0.17842999808825333, "GBPUSD": 0.24792066538708435, "Gold": 1.1124032967588613}
