{"FTSE100": 0.024376165919586204, "DJIA": -0.41103559386866934, "GBPUSD": 0.18204844071552703, "Gold": 0.36325179326835066}
