{"FTSE100": 0.8006231093883155, "DJIA": 1.362464223129195, "GBPUSD": 0.2495126705653093, "Gold": 0.623104041977528}
