{"FTSE100": 0.22217338024927677, "DJIA": 0.5461252455138074, "GBPUSD": 0.1427605379818178, "Gold": -3.0545843045843086}
