{"FTSE100": -0.30481308194746504, "DJIA": 0.5605149421433138, "GBPUSD": 0.49590589320724765, "Gold": 0.4108411095894803}
