{"FTSE100": -1.174275189582634, "DJIA": 0.4847885762115051, "GBPUSD": -0.4174972731033922, "Gold": -2.069329417972441}
