{"FTSE100": 0.5436450423135059, "DJIA": -0.9927453141093638, "GBPUSD": -0.016117334192922713, "Gold": 1.4752554668154771}
