{"FTSE100": 0.6035260956872499, "DJIA": 0.08146350646370963, "GBPUSD": -0.015744312367155632, "Gold": 0.6573257221933843}
