{"FTSE100": 0.4844131105242977, "DJIA": -0.7269378748357286, "GBPUSD": 0.03952256738597304, "Gold": 0.04794281729427776}
