{"FTSE100": -0.32385712433098557, "DJIA": 1.4289303611400164, "GBPUSD": -0.23315282791816191, "Gold": -2.259419175489445}
