{"FTSE100": 0.2976290263094765, "DJIA": -0.043002202361396596, "GBPUSD": 0.5137673597174248, "Gold": -0.034748076445759155}
