{"FTSE100": 0.3067027353500784, "DJIA": 0.5855380627553053, "GBPUSD": 0.016069419893940055, "Gold": 0.4427204115191634}
