{"FTSE100": 1.3842957712776665, "DJIA": 0.7993325788374279, "GBPUSD": -0.5480975454762019, "Gold": 1.3322854683582166}
