{"FTSE100": 0.13821737645803506, "DJIA": 0.5691257684465376, "GBPUSD": -0.17245807800974955, "Gold": 0.0}
