{"FTSE100": -0.27883870623113843, "DJIA": 0.3320383874025073, "GBPUSD": -0.00793210121361061, "Gold": 0.0}
