{"FTSE100": -0.86291213738193, "DJIA": -0.16617483850439813, "GBPUSD": 0.047551117451254864, "Gold": 0.03452527743526735}
