{"FTSE100": 0.49785611587956313, "DJIA": 0.07713026157421876, "GBPUSD": -0.22271714922050076, "Gold": -0.010049746243909625}
