{"FTSE100": 0.6419007344073131, "DJIA": 0.32945334552794114, "GBPUSD": 0.2335682674971332, "Gold": 1.2292271168557205}
