{"FTSE100": -0.5578595014407595, "DJIA": -0.49316267798072955, "GBPUSD": -0.1867343890050752, "Gold": 0.0}
