{"FTSE100": 0.7290932351635775, "DJIA": -0.30778961596335436, "GBPUSD": -0.24213075060533604, "Gold": 0.0}
