{"FTSE100": -0.14346524942141226, "DJIA": -1.1119759947974956, "GBPUSD": -0.27262010020629346, "Gold": 0.0}
