{"FTSE100": 0.8008897585418993, "DJIA": 0.8778685685247498, "GBPUSD": 0.8087535680304461, "Gold": 0.03666457154829486}
