{"FTSE100": -0.3530156642265132, "DJIA": -0.9733856435851889, "GBPUSD": -0.0159337157425094, "Gold": -0.03837151298875714}
