{"FTSE100": -0.431303422810313, "DJIA": 0.6287188262150586, "GBPUSD": -0.029126920556320976, "Gold": 0.3794317629917436}
