{"FTSE100": 0.19397301092543792, "DJIA": 0.03892830217050224, "GBPUSD": -0.0711477251451044, "Gold": 0.27861786488223794}
