{"FTSE100": 0.8651396157700642, "DJIA": 1.6927684354243908, "GBPUSD": 1.5034436418612485, "Gold": 1.5751035535208122}
