{"FTSE100": 0.22870614567790004, "DJIA": 0.2595410958377515, "GBPUSD": -0.12919419733490226, "Gold": -0.23088975014430857}
