{"FTSE100": -0.1874768687520255, "DJIA": 0.596068610129017, "GBPUSD": -0.03331975861684791, "Gold": 0.47761460518679716}
