{"FTSE100": 0.8825932252597828, "DJIA": 0.4120198409917458, "GBPUSD": 0.20443208766047483, "Gold": 0.0}
