{"FTSE100": -0.08685202094944072, "DJIA": 0.34937839824878414, "GBPUSD": 0.00791828331617618, "Gold": -0.813443740867015}
