{"FTSE100": 1.0316755876936552, "DJIA": 0.7760730376042843, "GBPUSD": 0.38665655799849163, "Gold": 0.2870693959061351}
