{"FTSE100": 1.66562642555978, "DJIA": 0.6289427216087742, "GBPUSD": 0.5988475010357518, "Gold": 0.8848904948012684}
