{"FTSE100": 0.7546856858517086, "DJIA": 0.5786671147776846, "GBPUSD": -0.1358587069447802, "Gold": 0.13305863164219714}
