{"FTSE100": 0.21632084540383548, "DJIA": 0.13461961017657895, "GBPUSD": -0.18655266226194775, "Gold": -0.2489457907839298}
