{"FTSE100": -0.2681900609221918, "DJIA": 1.5332172037185794, "GBPUSD": 0.2245929253228454, "Gold": -0.2667471941214935}
