{"FTSE100": -0.1268123375961507, "DJIA": 0.43329442530001805, "GBPUSD": 0.08762845534930923, "Gold": 0.2527805864509606}
