{"FTSE100": -0.05031599493065589, "DJIA": 0.49014594097013786, "GBPUSD": -0.061096685504821585, "Gold": 0.31397944415825857}
