{"FTSE100": 0.541075769911641, "DJIA": -0.30630747487521337, "GBPUSD": -0.12132798999962714, "Gold": -0.8762979413000501}
