{"FTSE100": 0.7440360222801333, "DJIA": 1.0031848348753987, "GBPUSD": 0.1134246131410571, "Gold": -0.05143239212055752}
