{"FTSE100": 0.4412135142794183, "DJIA": 0.9686424484211156, "GBPUSD": 0.11772092293204024, "Gold": 0.08280565026791392}
