{"FTSE100": 0.23209209841504538, "DJIA": -0.04311920543392787, "GBPUSD": 0.6192181438376585, "Gold": 0.011758135159766335}
