{"FTSE100": 0.2705660923700661, "DJIA": -0.1683019179991752, "GBPUSD": -0.12780993910232574, "Gold": -1.2047070512621536}
