{"FTSE100": 1.1293777263108373, "DJIA": 0.08981623455277843, "GBPUSD": 0.11645183311249034, "Gold": 1.9640407249620944}
