{"FTSE100": -0.04765502411809805, "DJIA": -0.2694980627497537, "GBPUSD": -0.07842522155125965, "Gold": 0.0}
