{"FTSE100": -0.2225579101136437, "DJIA": -0.009819592820978336, "GBPUSD": 0.2875169714879041, "Gold": -0.8321716723693774}
