{"FTSE100": 0.9705669347981896, "DJIA": -0.33733635634637527, "GBPUSD": 0.0073003358154629175, "Gold": 2.965107979688818}
