{"FTSE100": 0.2982127013298268, "DJIA": 0.40257879785867146, "GBPUSD": -0.34016427445449204, "Gold": 0.12953367875646932}
