{"FTSE100": 0.5832583949948785, "DJIA": 1.6890311261240565e-14, "GBPUSD": 0.09622416381201442, "Gold": 0.14210919970082955}
