{"FTSE100": 0.08704254173920564, "DJIA": 0.5972541458503476, "GBPUSD": 0.21606605447950564, "Gold": -0.025539056514276993}
