{"FTSE100": -0.2436133036435679, "DJIA": -0.5632468359918881, "GBPUSD": 0.6557865712795229, "Gold": 1.782948091000207}
