{"FTSE100": -0.10346172109345095, "DJIA": -0.13975602179618354, "GBPUSD": -0.19297258181233076, "Gold": 0.0}
