{"FTSE100": -0.05669498760543379, "DJIA": 0.14081191364699766, "GBPUSD": -0.07084382871535744, "Gold": 0.28629431055124666}
