{"FTSE100": -1.3046029121553169, "DJIA": 0.2345917638122361, "GBPUSD": -0.3581603581603729, "Gold": -0.2909017955662645}
