{"FTSE100": -0.19795838216131095, "DJIA": -0.22187243626873798, "GBPUSD": -0.49341495084400255, "Gold": -0.9463477698771793}
