{"FTSE100": -0.38054417580335104, "DJIA": 0.8844962512111914, "GBPUSD": -0.11824990145840243, "Gold": 0.14652321346339012}
