{"FTSE100": 0.5511372101745228, "DJIA": 0.4774261617780598, "GBPUSD": 0.1609787508048939, "Gold": 0.8230247406225059}
