{"FTSE100": 0.40831096373493003, "DJIA": 0.9488186766434181, "GBPUSD": 0.45301046042336385, "Gold": -0.53958700840511}
