{"FTSE100": 2.513240678378826, "DJIA": 2.845283598865371, "GBPUSD": 0.7523322299127468, "Gold": 0.0}
