{"FTSE100": 0.6524612028639039, "DJIA": 0.2788479463120548, "GBPUSD": -0.22293972939728648, "Gold": 0.4562489815870872}
