{"FTSE100": -0.7793522509435393, "DJIA": 0.5823202104488487, "GBPUSD": 0.1231621892079167, "Gold": 0.9071654078247938}
