{"FTSE100": 0.8651396157700642, "DJIA": 2.127325533372524, "GBPUSD": 0.3142573602381761, "Gold": 0.5793369810106187}
