{"FTSE100": -0.22133491622822823, "DJIA": 0.06644797576185729, "GBPUSD": 0.32331457310502604, "Gold": -0.03789601333939669}
