{"FTSE100": -0.7438828925420314, "DJIA": -1.0000685038581636, "GBPUSD": -1.0151722101221847, "Gold": 1.793476696318039}
