{"FTSE100": -0.4594136995247144, "DJIA": -0.4332426219022689, "GBPUSD": 0.1799551948290472, "Gold": 0.3707722915536318}
