{"FTSE100": -0.3740003094439075, "DJIA": -2.189925360613228, "GBPUSD": -0.4717371513696961, "Gold": -1.4758521945041}
