{"FTSE100": 0.7825978430840018, "DJIA": 1.046734356306494, "GBPUSD": 0.5570392979778774, "Gold": 0.0}
