{"FTSE100": 0.08741897505988114, "DJIA": 0.6223204046828232, "GBPUSD": -0.10691668722755629, "Gold": 0.0}
