{"FTSE100": 0.42294439398127454, "DJIA": 0.9091301059618417, "GBPUSD": -0.1393811477041869, "Gold": -0.32824427480915686}
