{"FTSE100": -0.139196789162227, "DJIA": 0.5516625720786568, "GBPUSD": 0.09904761904762506, "Gold": -0.9801976268899487}
