{"FTSE100": -0.6708766195005816, "DJIA": 0.6914002799336821, "GBPUSD": -0.41571156610590665, "Gold": -0.21829044117648103}
