{"FTSE100": 0.24729313476122522, "DJIA": -1.141041489359408, "GBPUSD": -0.1737384656962946, "Gold": -0.044629063819551895}
