{"FTSE100": 1.0431294927913233, "DJIA": 0.1212983912016473, "GBPUSD": -0.20293474867313124, "Gold": -0.7697594501718088}
