{"FTSE100": 0.41670825705381864, "DJIA": -0.5468671780450398, "GBPUSD": 0.11198208286674557, "Gold": 0.27328562573956927}
