{"FTSE100": 0.10048545182567402, "DJIA": -0.7880269948748386, "GBPUSD": -0.353527237666717, "Gold": -0.3948497854077253}
