{"FTSE100": -0.037431677126964005, "DJIA": 0.2789583537868275, "GBPUSD": 0.26746381371930833, "Gold": -0.3378905234703956}
