{"FTSE100": -1.3035483556969478, "DJIA": -0.5406089691888185, "GBPUSD": 0.024705591698918464, "Gold": 0.7772810404389329}
