{"FTSE100": -0.8195925279699047, "DJIA": -0.2749070443544272, "GBPUSD": 0.38930897656658464, "Gold": 0.31656804733728616}
