{"FTSE100": 0.0904878602857298, "DJIA": 0.2971982623153109, "GBPUSD": 0.5091320510748321, "Gold": 0.42623608464547186}
