{"FTSE100": 0.0, "DJIA": -0.14889981640427402, "GBPUSD": 0.055303616856544516, "Gold": 0.0}
