{"FTSE100": 0.46949916529526364, "DJIA": 0.3210630280199732, "GBPUSD": 0.03972036860501627, "Gold": 0.3484320557491212}
