{"FTSE100": 0.6113375535762694, "DJIA": 1.3908810231385735, "GBPUSD": -0.17062814967659018, "Gold": -1.2243340732519485}
