{"FTSE100": 0.4407615632784098, "DJIA": 0.07492422732759449, "GBPUSD": -0.19630938358853134, "Gold": 0.0}
