{"FTSE100": -0.011888916170219204, "DJIA": 0.7769728841883854, "GBPUSD": 0.22012578616353268, "Gold": -0.09275147242962481}
