{"FTSE100": -0.4909526427889769, "DJIA": -0.7338358320316399, "GBPUSD": -0.18973766705165734, "Gold": -0.16611295681062635}
