{"FTSE100": -1.670435711765767, "DJIA": -1.070288322441955, "GBPUSD": 0.05819753907548411, "Gold": 2.2155361050328226}
