{"FTSE100": -0.730916278296602, "DJIA": -1.006827257503534, "GBPUSD": -0.030480835174880434, "Gold": 1.8309270478981525e-14}
