{"FTSE100": -1.41928583582488, "DJIA": -0.9450369243999552, "GBPUSD": -0.4399373648497349, "Gold": -1.132896756767264}
