{"FTSE100": -1.3116657974541797, "DJIA": -1.513607747799949, "GBPUSD": -0.02344116268166643, "Gold": 0.3998845694026391}
