{"FTSE100": 0.14367613249482128, "DJIA": 0.05147479585189051, "GBPUSD": 0.2369317340441353, "Gold": 0.7417247868924977}
