{"FTSE100": 0.6368329694713715, "DJIA": 0.19864097480567916, "GBPUSD": -0.5630046670123751, "Gold": 0.0}
