{"FTSE100": -0.41777266367666255, "DJIA": 0.25396749055804196, "GBPUSD": 0.15886503860790602, "Gold": 0.056968097865198214}
