{"FTSE100": -0.138865027068992, "DJIA": -0.6615305745402872, "GBPUSD": 0.02398273243264585, "Gold": 0.0}
