{"FTSE100": -1.2393003302175174, "DJIA": -1.1350387792679955, "GBPUSD": -0.18405889884762874, "Gold": 1.6386003831803972}
