{"FTSE100": -0.20754483484072367, "DJIA": -0.8876514942212389, "GBPUSD": 0.09733939000647857, "Gold": 0.0}
