{"FTSE100": -0.04510919077649355, "DJIA": 0.06612084902247252, "GBPUSD": 0.02413515687851705, "Gold": -1.0331403473747165}
