{"FTSE100": -0.0980700396633523, "DJIA": 0.09292343123922794, "GBPUSD": 0.17116123388230672, "Gold": 0.47513589691967717}
