{"FTSE100": 0.4952491194961733, "DJIA": 1.501160326847255, "GBPUSD": 0.22273552219105133, "Gold": 0.4474610356963344}
