{"FTSE100": 0.06173515884108797, "DJIA": 0.3320383874025073, "GBPUSD": 0.01586420242722122, "Gold": 0.0}
