{"FTSE100": -0.8337292595570499, "DJIA": -0.9940569573174595, "GBPUSD": -0.10469580053510895, "Gold": -0.18179947175248454}
