{"FTSE100": 0.9058784926424158, "DJIA": -1.3364074231624916, "GBPUSD": -0.7649402390438288, "Gold": -0.7983692882622805}
