{"FTSE100": -0.19604646507586998, "DJIA": 0.6679126218229057, "GBPUSD": -0.1359311282283661, "Gold": -0.2424853548448923}
