{"FTSE100": -0.16342072088295762, "DJIA": -0.36700897149395095, "GBPUSD": -0.060831875902983334, "Gold": 0.5851037115162404}
