{"FTSE100": 0.4839023712704414, "DJIA": -0.013488321668391643, "GBPUSD": 0.14266465879369294, "Gold": 1.4693845734107578}
