{"FTSE100": 0.2096871864860313, "DJIA": 0.6092074879444653, "GBPUSD": 0.11290322580645709, "Gold": -0.6284772305790256}
