{"FTSE100": 0.7703243741038199, "DJIA": 0.5948067219996409, "GBPUSD": -0.1537515375153753, "Gold": 0.4562489815870872}
