{"FTSE100": -0.7824634904348973, "DJIA": -0.16617483850439813, "GBPUSD": -0.023775558725627432, "Gold": 0.0}
