{"FTSE100": -0.4793390039291581, "DJIA": -0.09087056634996377, "GBPUSD": -0.16411378555798614, "Gold": -0.9845890410958904}
