{"FTSE100": 0.287343227732917, "DJIA": 0.6288946278938743, "GBPUSD": -0.18044876824101436, "Gold": 0.0}
