{"FTSE100": 0.04017982521776105, "DJIA": -0.2306852536110123, "GBPUSD": -0.4016977413975944, "Gold": 0.527328618199083}
