{"FTSE100": -0.027784615609577845, "DJIA": -0.2268697775314359, "GBPUSD": 0.061162079510696625, "Gold": 0.37415913704573855}
