{"FTSE100": -0.10407454541533097, "DJIA": 0.1664131657039827, "GBPUSD": -0.016261484673548904, "Gold": -0.9588211546225271}
