{"FTSE100": 0.5187304089553095, "DJIA": 0.24052178317833575, "GBPUSD": 0.08830376495144103, "Gold": -0.2919491315750453}
