{"FTSE100": -0.22717041968948745, "DJIA": -1.0699665852762297, "GBPUSD": -0.16735128556214665, "Gold": 1.2779159382463654}
