{"FTSE100": -1.1439046433088464, "DJIA": 0.7270322610672509, "GBPUSD": -0.4573110112538213, "Gold": -1.6878437322207471}
