{"FTSE100": -0.17837177253699074, "DJIA": 0.07576690339000201, "GBPUSD": 0.015503875968990541, "Gold": 0.0}
