{"FTSE100": -0.4315092767310545, "DJIA": -0.5389256699666518, "GBPUSD": -0.07058823529410987, "Gold": 0.07129723441780521}
