{"FTSE100": -0.85870824992097, "DJIA": 0.011148164055024386, "GBPUSD": -0.04705882352940659, "Gold": 1.1107358625089088}
