{"FTSE100": 0.32100393738967986, "DJIA": -2.1468722503626507, "GBPUSD": 0.06424549336759891, "Gold": 3.6101531674278378}
