{"FTSE100": -0.7476153058986816, "DJIA": -0.29046711213327603, "GBPUSD": -0.038780733731477925, "Gold": -0.08575446780777278}
