{"FTSE100": -0.44326564984417527, "DJIA": 0.5286449358552803, "GBPUSD": -0.5456076751254133, "Gold": -1.5283310299975759}
