{"FTSE100": -0.11501169836909804, "DJIA": -1.034848368680993, "GBPUSD": 0.6234107128209376, "Gold": -0.5369057547956606}
