{"FTSE100": -0.138865027068992, "DJIA": -0.7242182162175009, "GBPUSD": -0.926806083650176, "Gold": -0.8126077320856931}
