{"FTSE100": 0.15614991818173565, "DJIA": 0.1393809164295233, "GBPUSD": 0.1911132345914921, "Gold": 0.11985788279612097}
