{"FTSE100": 0.5847163589525683, "DJIA": -0.03282323571336199, "GBPUSD": 0.9443423031923671, "Gold": 0.9784203946295591}
