{"FTSE100": -0.571816811301579, "DJIA": 0.7519351131895838, "GBPUSD": -0.12521175517417787, "Gold": -0.3179837474973421}
