{"FTSE100": 0.13105315172086654, "DJIA": -0.7654102166605894, "GBPUSD": 0.10776262494890203, "Gold": 0.0}
