{"FTSE100": 0.25675212188842295, "DJIA": 0.08178932164583512, "GBPUSD": -0.1644479248237877, "Gold": 1.256672597864755}
