{"FTSE100": 0.2847055379255954, "DJIA": -0.04228979943739208, "GBPUSD": -0.007891414141413271, "Gold": 0.5642664536103043}
