{"FTSE100": 0.32480187085877615, "DJIA": -0.5139200357818361, "GBPUSD": 0.12322352747885129, "Gold": 0.0}
