{"FTSE100": 0.16092126437009094, "DJIA": -0.06945176900895118, "GBPUSD": -0.31358044544504415, "Gold": 0.22471910112360016}
