{"FTSE100": 0.037312912360000394, "DJIA": -0.6358626836531823, "GBPUSD": 0.17282837391044414, "Gold": -0.6912940159861769}
