{"FTSE100": 1.2837327748457827, "DJIA": -0.20753998816221453, "GBPUSD": -0.6356694518850119, "Gold": -0.5885220782838867}
