{"FTSE100": 0.1332967736881331, "DJIA": 0.5228858866842576, "GBPUSD": -0.10061919504644573, "Gold": 0.09639549695320436}
