{"FTSE100": 0.6899773650268521, "DJIA": 0.5370553617606709, "GBPUSD": -0.18859028760018529, "Gold": 0.09903570497785202}
