{"FTSE100": 0.16818705080321286, "DJIA": 1.0547228733598666, "GBPUSD": 0.07086614173229314, "Gold": -0.28127313101405466}
