{"FTSE100": 0.760844776069393, "DJIA": -0.11503841262243339, "GBPUSD": -1.1312217194570144, "Gold": -0.7625272331154707}
