{"FTSE100": -0.027821054974394337, "DJIA": -0.5587330707386889, "GBPUSD": -0.43840095110714933, "Gold": -1.2159012159012272}
