{"FTSE100": 0.4071017788801906, "DJIA": -0.3698159508653571, "GBPUSD": -0.05545432939871052, "Gold": 0.38493549729504467}
