{"FTSE100": 0.6452370875816216, "DJIA": 0.4658403495534576, "GBPUSD": 0.03193612774450746, "Gold": -0.07077856420626207}
