{"FTSE100": 0.563185985937745, "DJIA": 0.21311804638348533, "GBPUSD": 0.18194645575731042, "Gold": 0.231257288557702}
