{"FTSE100": 0.2039166143551583, "DJIA": -0.8241023352035658, "GBPUSD": -0.06306661411114796, "Gold": -0.9470806483108812}
