{"FTSE100": 0.45560442869571643, "DJIA": -0.9927453141093638, "GBPUSD": -0.13699734063986096, "Gold": 1.3322638021832323}
