{"FTSE100": -0.05309309717005549, "DJIA": -0.11454914654797356, "GBPUSD": -0.20366598778004488, "Gold": 0.7239235900545751}
