{"FTSE100": -0.7345311242989868, "DJIA": -0.4083622464591228, "GBPUSD": 0.08717704866065151, "Gold": 0.03452527743526735}
