{"FTSE100": -1.1039705996733205, "DJIA": -0.5235406776364282, "GBPUSD": -0.11783189316575465, "Gold": -0.33366555444816365}
