{"FTSE100": 0.8791818585168604, "DJIA": 1.0452985853904964, "GBPUSD": -0.19812542863673974, "Gold": 0.7327777106736029}
