{"FTSE100": 0.3611183002652636, "DJIA": 0.05208808806525083, "GBPUSD": 0.16515276630883413, "Gold": 0.07252185197908664}
