{"FTSE100": 0.5885044158100419, "DJIA": 0.6819972709712847, "GBPUSD": -0.15036463423802734, "Gold": -0.8973204582854687}
