{"FTSE100": -0.5313696894604722, "DJIA": -0.7399498468349213, "GBPUSD": -0.08056070248933472, "Gold": 0.2553626149131767}
