{"FTSE100": 0.021430900166215083, "DJIA": 0.08377085725195982, "GBPUSD": -0.029539915811236682, "Gold": 2.794247316732041}
