{"FTSE100": -0.46215580832442377, "DJIA": -0.48245583865285674, "GBPUSD": 0.03945395723190601, "Gold": 0.0}
