{"FTSE100": -0.4877628425840124, "DJIA": -0.682834275202848, "GBPUSD": 0.4271437782075967, "Gold": -0.37111334002005336}
