{"FTSE100": -0.6343721795108805, "DJIA": -0.08988734311422683, "GBPUSD": 0.21214740315863317, "Gold": -0.05273983439691999}
