{"FTSE100": 1.7189870051637424, "DJIA": 1.6034830108244549, "GBPUSD": -0.04138045187454829, "Gold": 0.0}
