{"FTSE100": 1.5237159663170126, "DJIA": 0.5898960655036961, "GBPUSD": -0.08989865969270014, "Gold": 0.32981886996486276}
