{"FTSE100": 0.1484168216229201, "DJIA": 0.9884649668599558, "GBPUSD": -0.3230234999596224, "Gold": -0.45952633439378554}
