{"FTSE100": 0.24295106105421385, "DJIA": 0.3445162992953167, "GBPUSD": 0.03223726627981592, "Gold": 0.0}
