{"FTSE100": 0.49785611587956313, "DJIA": 0.21358923765972845, "GBPUSD": -0.6363347120585433, "Gold": -0.37686548414652526}
