{"FTSE100": -0.6306387453928376, "DJIA": -0.1681898295137389, "GBPUSD": -0.1410768869033642, "Gold": 0.2434570906877623}
