{"FTSE100": -0.3177595777485519, "DJIA": 0.5347887987279045, "GBPUSD": 0.6280373831775673, "Gold": 0.0}
