{"FTSE100": -0.18075488323644584, "DJIA": 0.021381404548834713, "GBPUSD": 0.3245795219828828, "Gold": 0.34252205842056227}
