{"FTSE100": -0.19795838216131095, "DJIA": 0.20434485832592567, "GBPUSD": -0.20404377666481396, "Gold": 0.3411724874339117}
