{"FTSE100": -0.1789062142759219, "DJIA": -0.024809247847818634, "GBPUSD": 0.11687087653158623, "Gold": 0.0}
