{"FTSE100": 0.7901543694709868, "DJIA": 0.1943430954406277, "GBPUSD": -0.09747380391520509, "Gold": 0.4485262708244267}
