{"FTSE100": 0.0007250229590542158, "DJIA": -2.2805292391363534, "GBPUSD": 0.6845193320294783, "Gold": 3.1432284583068877}
