{"FTSE100": 0.5064965838631961, "DJIA": 1.6957526960512054e-14, "GBPUSD": -0.035898049539295554, "Gold": -0.0459365310262917}
