{"FTSE100": -0.004450069565059958, "DJIA": -0.24956904248889447, "GBPUSD": -0.08668242710796696, "Gold": 0.16527364593662935}
