{"FTSE100": 1.2454228953267072, "DJIA": 0.2853311275419133, "GBPUSD": 0.9510223490252029, "Gold": 2.5576350703727897}
