{"FTSE100": -0.46619560127363346, "DJIA": -0.8241023352035658, "GBPUSD": -0.09451051429472236, "Gold": 0.30027073590943326}
