{"FTSE100": 0.19734903892047434, "DJIA": 0.02567944394652814, "GBPUSD": 0.67394094993583, "Gold": 0.4319118304125412}
