{"FTSE100": 0.12032149393883282, "DJIA": -0.6509155777175725, "GBPUSD": 0.21636946952175815, "Gold": 0.5910938741180362}
