{"FTSE100": 0.055994712630407714, "DJIA": -1.140945596890982, "GBPUSD": -0.1069342765484788, "Gold": 0.0}
