{"FTSE100": 0.21602522193930374, "DJIA": 0.14872222783215802, "GBPUSD": 0.09681263032470054, "Gold": -0.1256248527833685}
