{"FTSE100": 0.012447143264289017, "DJIA": -0.6580244999676196, "GBPUSD": 0.5378568473314018, "Gold": 3.104520883036879}
