{"FTSE100": 0.10115889748702304, "DJIA": 0.20884511455929403, "GBPUSD": -0.36597979155065313, "Gold": -0.5402099684028085}
