{"FTSE100": 1.0347591275076764, "DJIA": 0.0, "GBPUSD": 0.41863710365145135, "Gold": 0.26293685863491284}
