{"FTSE100": 0.20394817773921825, "DJIA": 0.6239167753489819, "GBPUSD": -0.03928655614050184, "Gold": -0.2128939695469229}
