{"FTSE100": 0.30425382905513915, "DJIA": 1.0382648478631822, "GBPUSD": -0.23333592595474167, "Gold": -0.05675598978392552}
