{"FTSE100": -0.03193334639697429, "DJIA": -0.38086005414404667, "GBPUSD": -0.2139398716360618, "Gold": 0.0}
