{"FTSE100": 1.4067101804470556, "DJIA": 0.1890751814501421, "GBPUSD": -0.01592229917999984, "Gold": 0.11629910406617303}
