{"FTSE100": -0.6297667567894708, "DJIA": 0.07991243475291211, "GBPUSD": 0.5911163654787953, "Gold": 0.15998234677553322}
