{"FTSE100": 0.023627133486804473, "DJIA": 0.14308455936887354, "GBPUSD": 0.029601124842757197, "Gold": 1.211003288154616}
