{"FTSE100": 0.06709533801835917, "DJIA": -0.22434998507272352, "GBPUSD": -0.19213425871464856, "Gold": -0.6328187870363663}
