{"FTSE100": -0.5766540581277096, "DJIA": -0.9819710662042513, "GBPUSD": -0.566103130896888, "Gold": -1.093214780263829}
