{"FTSE100": 0.7966326247385376, "DJIA": 0.49099745223167707, "GBPUSD": -0.01868949276715594, "Gold": 0.0}
