{"FTSE100": -0.6250355284048738, "DJIA": -0.4267107831152267, "GBPUSD": -0.18826482585505017, "Gold": -0.2732522169519465}
