{"FTSE100": -0.09582925828942755, "DJIA": -0.3595085235922793, "GBPUSD": -0.13656812339331897, "Gold": 0.2714607662364246}
