{"FTSE100": 0.2072298196564602, "DJIA": 0.0, "GBPUSD": -0.30792276964048243, "Gold": 0.17147143928839595}
