{"FTSE100": 0.6163467318654017, "DJIA": 0.42602601846147053, "GBPUSD": -0.3013280755924175, "Gold": -0.8520852085208411}
