{"FTSE100": 1.029829591758228, "DJIA": 0.3065541456902086, "GBPUSD": -0.2575710271620419, "Gold": -0.7422680412371051}
