{"FTSE100": 0.18818697286335725, "DJIA": -0.2795809029783358, "GBPUSD": 0.5077369439071544, "Gold": 0.17889087656529518}
