{"FTSE100": 1.6113610939718237, "DJIA": 0.1095941606459989, "GBPUSD": -0.03792188092528972, "Gold": 0.0}
