{"FTSE100": 0.44443360172598767, "DJIA": 0.3617605608976169, "GBPUSD": 0.09300941255256485, "Gold": 0.5286871370159055}
