{"FTSE100": -0.01378951681533318, "DJIA": 0.0023053111151395194, "GBPUSD": 0.7198228128460772, "Gold": -0.05428613729458305}
