{"FTSE100": 1.411054861242592, "DJIA": -0.38453006172271775, "GBPUSD": 0.27293404094010976, "Gold": 0.36507738392410816}
