{"FTSE100": -1.1576956675278314, "DJIA": 0.5605149421433138, "GBPUSD": 0.8034444316303441, "Gold": -0.5063855536800563}
