{"FTSE100": -0.15714114495119985, "DJIA": 1.7163406475245196e-14, "GBPUSD": 0.10499959615540577, "Gold": 0.0752190755575614}
