{"FTSE100": -0.21417608073063266, "DJIA": -0.3159873865338924, "GBPUSD": 0.2083500280471318, "Gold": -0.5833003276563503}
