{"FTSE100": 0.2386680292749212, "DJIA": 0.5586178087421069, "GBPUSD": 0.0727507881335301, "Gold": -0.6295863909272811}
