{"FTSE100": -0.06888314429459347, "DJIA": -0.721041127022494, "GBPUSD": -0.2510394602651676, "Gold": 0.13322806671272305}
