{"FTSE100": 0.44004894558203, "DJIA": 0.039785602364751205, "GBPUSD": 0.11862396204033665, "Gold": 0.2978760145052707}
