{"FTSE100": 0.16355284678006538, "DJIA": 0.03104622192506316, "GBPUSD": -0.14488087572438843, "Gold": -0.3307046553039939}
