{"FTSE100": 0.5563900461796417, "DJIA": 0.602882287321411, "GBPUSD": -0.25666951855021236, "Gold": -0.7378278671909949}
