{"FTSE100": -0.3148551249236158, "DJIA": -0.7699569309741626, "GBPUSD": 0.07949757532396151, "Gold": 0.02291475710357123}
