{"FTSE100": 0.2360345323552148, "DJIA": 0.2040726573016709, "GBPUSD": 0.33457388819969663, "Gold": 0.008870753126945855}
