{"FTSE100": -0.10620789708363869, "DJIA": 0.33703171538278354, "GBPUSD": 0.04685303763861908, "Gold": 0.0}
