{"FTSE100": 1.5671466071319555, "DJIA": 0.0, "GBPUSD": 0.2600677752383843, "Gold": 0.37671089531622787}
