{"FTSE100": -0.010202566139103125, "DJIA": -0.35258272093663195, "GBPUSD": -0.10195278801663232, "Gold": 0.0}
