{"FTSE100": 0.988044120925445, "DJIA": -0.2477516561241665, "GBPUSD": 0.49950806024371164, "Gold": -0.18282957949197776}
