{"FTSE100": -1.0072397232945005, "DJIA": -0.24533831210265797, "GBPUSD": -0.09721079787632383, "Gold": -0.6126385054645773}
