{"FTSE100": 1.006422407226413, "DJIA": 0.21426780483324126, "GBPUSD": 0.11968880909635292, "Gold": 1.0790446733796804}
