{"FTSE100": -0.8781766631827652, "DJIA": 1.0048600540112893, "GBPUSD": -0.139125057968776, "Gold": 1.4126032723149315}
