{"FTSE100": -0.10955751827008553, "DJIA": 0.2779895816260505, "GBPUSD": -0.12601927353593867, "Gold": -0.7325676042326182}
