{"FTSE100": -0.35029856630480005, "DJIA": 0.14011735678268303, "GBPUSD": -0.31359806551553826, "Gold": -1.8654861390592121}
