{"FTSE100": -1.0466714153975896, "DJIA": -1.6528918769150907, "GBPUSD": -0.36766099382178075, "Gold": 0.04776803840550287}
