{"FTSE100": 0.9943650603086671, "DJIA": 0.3663606061648836, "GBPUSD": -0.06831638074995453, "Gold": 0.2942750133761458}
