{"FTSE100": 0.36986890772225467, "DJIA": -0.23877583733924765, "GBPUSD": -0.11256733939053372, "Gold": 0.30643513789581206}
