{"FTSE100": 0.5065865064806794, "DJIA": -0.11003251448037732, "GBPUSD": 0.11856770215793666, "Gold": -0.46635285913527796}
