{"FTSE100": -0.02809848785071606, "DJIA": 0.4752378317991603, "GBPUSD": 0.05572804713001711, "Gold": 0.0}
