{"FTSE100": 0.4676484494950305, "DJIA": -0.4267107831152267, "GBPUSD": -0.0627549419516892, "Gold": 0.07217983089296058}
