{"FTSE100": 0.17123934311806185, "DJIA": 0.29562052763699087, "GBPUSD": 0.44779637049256155, "Gold": -0.009301027763580562}
