{"FTSE100": -0.1859131060052186, "DJIA": 0.3704654743790534, "GBPUSD": -0.7019223099625045, "Gold": -0.16505777021958593}
