{"FTSE100": -1.239597826372306, "DJIA": 0.3074526348108063, "GBPUSD": 0.11834319526627667, "Gold": -0.0731299623903098}
