{"FTSE100": -0.3104290022897593, "DJIA": -0.07964156969438005, "GBPUSD": 0.07128712871288102, "Gold": 0.4960499724416556}
