{"FTSE100": -0.443323355400266, "DJIA": -0.5169346533361571, "GBPUSD": 0.1180823427536847, "Gold": 0.10512483574244415}
