{"FTSE100": 0.7238893769619209, "DJIA": 0.29258762146241046, "GBPUSD": -0.08853831294268182, "Gold": 0.3691141260973595}
