{"FTSE100": 0.1118318643779661, "DJIA": -0.18884705514233294, "GBPUSD": -0.03146385589553653, "Gold": 0.005175983436860063}
