{"FTSE100": -0.11501169836909804, "DJIA": -0.9513561796026497, "GBPUSD": 0.5741940775982196, "Gold": -0.5369057547956606}
