{"FTSE100": 0.4177103776793422, "DJIA": 1.122072980599216, "GBPUSD": 0.39074019463285775, "Gold": -1.1570296106318567}
