{"FTSE100": -0.1668005437056126, "DJIA": 0.507377247509066, "GBPUSD": -0.39881949429687275, "Gold": -0.41514530085530843}
