{"FTSE100": -0.7361650463856946, "DJIA": -0.7733803349960188, "GBPUSD": -0.2814606325457392, "Gold": 0.0}
