{"FTSE100": 0.2035415174859413, "DJIA": -0.06001681702517092, "GBPUSD": 0.0, "Gold": 0.18199704869650987}
