{"FTSE100": 0.0872827562751879, "DJIA": 0.03159185761286059, "GBPUSD": 0.22062879205735667, "Gold": 0.3434459072696121}
