{"FTSE100": -0.029665032343130678, "DJIA": 0.3497367967820414, "GBPUSD": -0.06376354975432409, "Gold": -2.26928895612708}
