{"FTSE100": -0.32056748076653796, "DJIA": 0.02833087220926454, "GBPUSD": 0.2613173468603543, "Gold": -0.003716090672609032}
