{"FTSE100": 0.3582632944730669, "DJIA": 0.8651245888220114, "GBPUSD": 0.35112919958502586, "Gold": -2.5646702830362744}
