{"FTSE100": 0.10572100923314849, "DJIA": 0.7387873127189934, "GBPUSD": 0.291063561988675, "Gold": -0.4782450486042546}
