{"FTSE100": 0.4238676968783256, "DJIA": 0.3224715003418129, "GBPUSD": -0.10670671461881692, "Gold": 0.28321123782191676}
