{"FTSE100": 0.085366357607832, "DJIA": -0.27362807286722257, "GBPUSD": -0.10624656530499736, "Gold": -0.5394562064572119}
