{"FTSE100": -0.1268123375961507, "DJIA": 0.35944180996014624, "GBPUSD": 0.05579467559380861, "Gold": -0.8657358754941791}
