{"FTSE100": 1.5621599755415934, "DJIA": 2.1208611690249506, "GBPUSD": -0.1285347043701836, "Gold": -0.32780167998361454}
