{"FTSE100": 0.42269544422269084, "DJIA": 0.038561130078611124, "GBPUSD": -0.0670241286863197, "Gold": -0.1256248527833685}
