{"FTSE100": 0.043559134468236324, "DJIA": -0.5139200357818361, "GBPUSD": 0.3532407787726912, "Gold": 0.43866688065050113}
