{"FTSE100": 0.9327432704107037, "DJIA": 0.49939552803732273, "GBPUSD": -0.16142050040355138, "Gold": 0.0}
