{"FTSE100": -0.27152499844472316, "DJIA": 0.3385739711989723, "GBPUSD": 0.18200522275856362, "Gold": 0.1966085033177685}
