{"FTSE100": 1.6213580551808802, "DJIA": 0.6775056335951829, "GBPUSD": -0.16166841807452928, "Gold": -2.8727484989993366}
