{"FTSE100": -0.021097540964390617, "DJIA": 0.16923771412270086, "GBPUSD": -0.2602895721490232, "Gold": 0.0}
