{"FTSE100": 0.0634584996223425, "DJIA": 0.2771280948387882, "GBPUSD": -0.06427767957576024, "Gold": -0.4669527896995677}
