{"FTSE100": 0.4682071219146765, "DJIA": 0.02421285123915034, "GBPUSD": 0.17730496453900543, "Gold": 0.17889087656529518}
