{"FTSE100": -0.556196999980602, "DJIA": -0.4172661061907049, "GBPUSD": -1.122064598861907, "Gold": 0.10539390973763417}
