{"FTSE100": 0.06749726942864336, "DJIA": 0.7257601448939694, "GBPUSD": 0.11926532559434339, "Gold": 0.0}
