{"FTSE100": 0.4483671586395427, "DJIA": 1.4242348819290567, "GBPUSD": -0.13928654337228383, "Gold": -0.23563771530982586}
