{"FTSE100": 0.38721895191710964, "DJIA": 0.6386246022945836, "GBPUSD": -0.2950819672131005, "Gold": 0.38512265892905206}
