{"FTSE100": 0.19839195383159647, "DJIA": -0.7580271592361629, "GBPUSD": -0.19372023569295, "Gold": 0.0}
