{"FTSE100": -1.01027966128025, "DJIA": -1.005440617548413, "GBPUSD": -0.42003733665215237, "Gold": 0.8036266227076035}
