{"FTSE100": 0.015995577693232836, "DJIA": 0.6512884291800126, "GBPUSD": -0.3120748979755153, "Gold": 0.091324200913242}
