{"FTSE100": -0.16784966466293175, "DJIA": 0.3553279969661583, "GBPUSD": -0.05122748945896201, "Gold": 0.4772908064699386}
