{"FTSE100": 0.21201809186321635, "DJIA": 0.01632250099122796, "GBPUSD": 0.14806733167082392, "Gold": -0.10712646023568516}
