{"FTSE100": -0.3627791155521097, "DJIA": 0.2687249924925696, "GBPUSD": -0.6022108562943478, "Gold": -0.39652770335440274}
