{"FTSE100": 0.5231922066386476, "DJIA": -0.5389256699666518, "GBPUSD": -0.03921568627450549, "Gold": 0.2364066193853496}
