{"FTSE100": 0.19896529988783251, "DJIA": 0.5957561373763562, "GBPUSD": -0.19668237651686948, "Gold": 0.0}
