{"FTSE100": -1.3893614109795478, "DJIA": -0.6532618070496287, "GBPUSD": -0.08839601414335253, "Gold": 0.667850198664288}
