{"FTSE100": -0.7842008792335553, "DJIA": -0.6263349693200346, "GBPUSD": -0.057367958083147465, "Gold": 1.8159386266530795e-14}
