{"FTSE100": -1.0190217391304282, "DJIA": -0.5523561260099618, "GBPUSD": -0.15710919088766706, "Gold": 0.27733240889195454}
