{"FTSE100": -0.12792763873310178, "DJIA": 0.25256973806221883, "GBPUSD": 1.0716552779956001, "Gold": 0.4352126607319576}
