{"FTSE100": -0.5353217729067979, "DJIA": -0.6459536137669861, "GBPUSD": 0.15734403272755892, "Gold": 0.31785732895627683}
