{"FTSE100": 0.6272976676789739, "DJIA": -0.02131297861268821, "GBPUSD": -0.18100259699379795, "Gold": 0.5875382640466126}
