{"FTSE100": -0.5479745023139304, "DJIA": -0.5064832108151335, "GBPUSD": 0.07869678130163608, "Gold": -1.8953627616963327}
