{"FTSE100": 1.0413536749668115, "DJIA": -0.2477516561241665, "GBPUSD": 0.5070763641867971, "Gold": -0.18282957949197776}
