{"FTSE100": 0.5885044158100419, "DJIA": 0.35082786444643416, "GBPUSD": -0.37591158559506, "Gold": -1.2047070512621536}
