{"FTSE100": -0.8337292595570499, "DJIA": -1.3983205829618097, "GBPUSD": -0.08143006708286443, "Gold": -0.0377319658354169}
