{"FTSE100": 0.6057456707069105, "DJIA": -0.2189193976633464, "GBPUSD": 0.07353794945235348, "Gold": -0.11848341232226905}
