{"FTSE100": -0.8576105608033571, "DJIA": -0.15844865077794043, "GBPUSD": 0.2771149257178083, "Gold": 0.9511249650321776}
