{"FTSE100": -0.1874768687520255, "DJIA": -0.041431396256527295, "GBPUSD": -0.007410151908113299, "Gold": 0.37755845532223736}
