{"FTSE100": 0.3582632944730669, "DJIA": 0.8934338167950523, "GBPUSD": 0.3431489905035488, "Gold": -2.5646702830362744}
