{"FTSE100": -0.09391428029818426, "DJIA": -0.8094240890350438, "GBPUSD": -0.33949155218695487, "Gold": 0.3115022194533136}
