{"FTSE100": 0.4088512578196034, "DJIA": 0.06234896911676453, "GBPUSD": -0.0237379332172786, "Gold": 1.0453756961563083}
