{"FTSE100": 0.1272552494425169, "DJIA": 0.18782018998910294, "GBPUSD": -0.20209871745044194, "Gold": -0.2489457907839298}
