{"FTSE100": 0.02483586346216863, "DJIA": 0.28441796402708264, "GBPUSD": -0.20460548342694157, "Gold": -0.7620762076207511}
