{"FTSE100": -0.22914765743414472, "DJIA": -0.084366661434622, "GBPUSD": 0.2538450052262259, "Gold": 0.3200336877566021}
