{"FTSE100": 0.4568183221186488, "DJIA": -0.368784981205974, "GBPUSD": -0.4019688269073114, "Gold": 0.13761972916437298}
