{"FTSE100": 0.5153004598065641, "DJIA": 0.5984238607525791, "GBPUSD": 0.11937922801433004, "Gold": 0.7787770687836004}
