{"FTSE100": -0.3898918130774778, "DJIA": -0.16158365169159603, "GBPUSD": 0.7875237614928117, "Gold": 1.4598298520308486}
