{"FTSE100": 0.5385704132522795, "DJIA": 0.37340454897054026, "GBPUSD": 0.00785545954438248, "Gold": -0.4652353920355154}
