{"FTSE100": 3.186934532025615, "DJIA": -3.377622145144665, "GBPUSD": 1.080722562521957, "Gold": 3.533453296253885}
