{"FTSE100": -0.39665376957455134, "DJIA": 0.28269037535719965, "GBPUSD": -0.5764586741450551, "Gold": -1.2839380867800028}
