{"FTSE100": 0.16335241586556581, "DJIA": 1.3493742249272254, "GBPUSD": -0.21709836801917387, "Gold": -0.25799542423210736}
