{"FTSE100": 0.0, "DJIA": -1.559389648539442, "GBPUSD": -0.39721202128457483, "Gold": 0.0}
