{"FTSE100": 0.028625350743759034, "DJIA": -0.04311920543392787, "GBPUSD": 0.014823599169893271, "Gold": -0.18519062876626965}
