{"FTSE100": -0.3287623407102915, "DJIA": -0.38453006172271775, "GBPUSD": 0.2305279467896147, "Gold": 2.395377015565287}
