{"FTSE100": -0.4641011715765772, "DJIA": -0.7039618168513665, "GBPUSD": -1.1121750018413414, "Gold": 0.056103466603662555}
