{"FTSE100": 0.2523923021489933, "DJIA": -0.4457888358008879, "GBPUSD": -0.0753938335780155, "Gold": -0.6867369589345235}
