{"FTSE100": -0.2135045629279404, "DJIA": 1.0496807521419425, "GBPUSD": 0.03318951211416826, "Gold": -0.1483924154987534}
