{"FTSE100": 0.18119602243844968, "DJIA": 0.5219998268190255, "GBPUSD": -0.17751956749777936, "Gold": -0.5917774086378784}
