{"FTSE100": -0.18617174009142448, "DJIA": 0.3644906216491603, "GBPUSD": 0.13379505745317447, "Gold": 0.5198534508367164}
