{"FTSE100": 0.6753367360809687, "DJIA": -0.2864576665000428, "GBPUSD": 0.1738305941845749, "Gold": 0.32259288777562717}
