{"FTSE100": 0.6348898658516327, "DJIA": -0.5386340562507123, "GBPUSD": -0.011139578923907205, "Gold": 0.0}
