{"FTSE100": 1.2069489875466997, "DJIA": 0.6420607733242925, "GBPUSD": 0.15738117721120565, "Gold": 0.27269572115622986}
