{"FTSE100": 0.2143701871232344, "DJIA": 0.3010105540576103, "GBPUSD": -0.5467288004990245, "Gold": 0.0}
