{"FTSE100": -0.04155618685045135, "DJIA": -1.3529771949661122, "GBPUSD": -0.24864822196787198, "Gold": -0.17006802721088435}
