{"FTSE100": -2.036524843083113, "DJIA": -2.602066674954433, "GBPUSD": 0.05480310028966749, "Gold": -1.3318580444225698}
