{"FTSE100": -0.7560343846819436, "DJIA": -0.16968312464361118, "GBPUSD": -0.1566293366747593, "Gold": -1.0965706305281149}
