{"FTSE100": 0.4451574141713759, "DJIA": 0.0, "GBPUSD": -1.3648213464192638, "Gold": -2.853702149399694}
