{"FTSE100": -0.13225597029739716, "DJIA": 0.23634814242700203, "GBPUSD": 0.023635074450481915, "Gold": 0.024509803921568627}
