{"FTSE100": -0.5964769240671847, "DJIA": 0.1493734771976869, "GBPUSD": 0.17464977146892158, "Gold": 0.0}
