{"FTSE100": 0.509056446475346, "DJIA": -0.832763417343965, "GBPUSD": -0.6916530870903457, "Gold": -8.743231046931408}
