{"FTSE100": 0.5088209326391392, "DJIA": -0.49192198313897356, "GBPUSD": -0.4407019752891971, "Gold": -0.17823930564165796}
