{"FTSE100": 0.025357243358403263, "DJIA": -0.403661600264323, "GBPUSD": -0.6735416111724041, "Gold": -0.1299902507311906}
