{"FTSE100": 1.8019075540591305, "DJIA": 0.72665759682969, "GBPUSD": 0.7871643252608241, "Gold": 1.7427426689280445}
