{"FTSE100": 0.6362398305118172, "DJIA": -1.0210169772739706, "GBPUSD": 0.09239039139928429, "Gold": 0.0}
