{"FTSE100": 0.6394262045340465, "DJIA": 0.7368551163804291, "GBPUSD": 0.19966211027491443, "Gold": 0.0}
