{"FTSE100": -0.6343721795108805, "DJIA": -0.046568834720604406, "GBPUSD": 0.157146224561955, "Gold": -0.05273983439691999}
