{"FTSE100": 0.4627306609709667, "DJIA": 0.6288946278938743, "GBPUSD": -0.18829436686018813, "Gold": 0.0}
