{"FTSE100": 0.6422411932993728, "DJIA": 0.0, "GBPUSD": 0.6446751507032853, "Gold": 0.32611098828211865}
