{"FTSE100": -0.316279320452685, "DJIA": -0.1681898295137389, "GBPUSD": -0.3840426365702566, "Gold": 0.6521172071993739}
