{"FTSE100": 0.29392886726255385, "DJIA": -0.3704681377960019, "GBPUSD": -0.6284193405293473, "Gold": 0.0}
