{"FTSE100": -0.08576320295007947, "DJIA": 0.5128147804844863, "GBPUSD": -0.39323341742098844, "Gold": 1.357967429395996}
