{"FTSE100": 0.09299688258807112, "DJIA": -1.0586608038636016, "GBPUSD": 0.0, "Gold": -0.38014693319665516}
