{"FTSE100": 0.6397072861862438, "DJIA": 2.2648695678144266, "GBPUSD": -0.31022238833861904, "Gold": -1.3064411954670894}
