{"FTSE100": -2.2942709894295965, "DJIA": -1.513607747799949, "GBPUSD": -0.00781372089388881, "Gold": 0.4040070907366833}
