{"FTSE100": -1.5714737096444302, "DJIA": -3.58178457854197, "GBPUSD": 1.2186214585015123, "Gold": -1.1274244402688012}
