{"FTSE100": 0.08119725232220143, "DJIA": -0.4138642460254301, "GBPUSD": 0.5754692142776495, "Gold": 2.156252831214329}
