{"FTSE100": 0.022441270588353875, "DJIA": 0.0, "GBPUSD": 0.03442867526108882, "Gold": -0.1343054489639294}
