{"FTSE100": -0.6520347644619194, "DJIA": -0.6967029069451497, "GBPUSD": -0.25449217243771566, "Gold": -1.2861842105263128}
