{"FTSE100": 0.2805292323412319, "DJIA": -0.3657942468676335, "GBPUSD": 0.016074586079406684, "Gold": -0.2855284082694843}
