{"FTSE100": -0.26728174950726463, "DJIA": -0.1681898295137389, "GBPUSD": -0.43890587036602, "Gold": 1.1085992522389356}
