{"FTSE100": 0.47176640926641367, "DJIA": 1.1199922972590013, "GBPUSD": 0.9092298288508575, "Gold": 0.6971027924406731}
