{"FTSE100": -0.48504446240906735, "DJIA": 0.8165241333052191, "GBPUSD": 0.6871057178446625, "Gold": 0.8490890340323229}
