{"FTSE100": 0.4907138903137083, "DJIA": 0.015739496029909383, "GBPUSD": -0.08311861025682735, "Gold": 0.0}
