{"FTSE100": 0.09654581924844624, "DJIA": 0.18668217728197134, "GBPUSD": -0.29807459921050805, "Gold": -0.6542802916791484}
