{"FTSE100": 0.7623678869824249, "DJIA": 0.5564839319578548, "GBPUSD": -0.5642730153822435, "Gold": -0.37926675094816686}
