{"FTSE100": 0.32100393738967986, "DJIA": -1.732940358136548, "GBPUSD": 0.011337440006053776, "Gold": 3.59151210115885}
