{"FTSE100": 0.15869240527047854, "DJIA": -0.11445178124749743, "GBPUSD": -0.28634541438272587, "Gold": -0.010436779209938185}
