{"FTSE100": 0.5238824519063583, "DJIA": 0.1943430954406277, "GBPUSD": 0.13808788887986637, "Gold": 0.4485262708244267}
