{"FTSE100": -0.12701434892197216, "DJIA": -0.08810867120230638, "GBPUSD": -0.06309645871124787, "Gold": 0.6550218340611318}
