{"FTSE100": 1.834392490511528, "DJIA": 0.3907894068605429, "GBPUSD": 0.3943705536653172, "Gold": 1.3824884792626633}
