{"FTSE100": 1.0246139442942763, "DJIA": 0.6082849320834757, "GBPUSD": 0.0, "Gold": 0.0}
