{"FTSE100": 1.4641959273440082, "DJIA": 0.15847931345605779, "GBPUSD": 0.14962986297054753, "Gold": 0.0}
