{"FTSE100": -0.1915929435167175, "DJIA": -0.2386402058404856, "GBPUSD": 0.09403091736562781, "Gold": 1.83311690272702}
