{"FTSE100": 0.05069509400013112, "DJIA": 1.0484876625267072, "GBPUSD": 0.5016407045600305, "Gold": 1.5016939840673875}
