{"FTSE100": 0.48963516048701505, "DJIA": -0.5112606051573205, "GBPUSD": -0.11101243339252774, "Gold": 1.6593482782528353}
