{"FTSE100": 0.9921471895518323, "DJIA": -0.15830066251674343, "GBPUSD": -0.36761702475287544, "Gold": -0.662685697640541}
