{"FTSE100": -0.13441417112884552, "DJIA": -0.2268697775314359, "GBPUSD": 0.053516819571859546, "Gold": 0.37415913704573855}
