{"FTSE100": -0.12484000136464916, "DJIA": 0.06612084902247252, "GBPUSD": -0.07240547063556901, "Gold": -0.005051780752710738}
