{"FTSE100": 0.23051285989538306, "DJIA": 0.7606334038441698, "GBPUSD": 0.08668925841278893, "Gold": -0.8431282967146957}
