{"FTSE100": 0.12001996208304712, "DJIA": 0.645909192679794, "GBPUSD": 0.4588226145112385, "Gold": 0.3064935064935112}
