{"FTSE100": 0.2613106652571054, "DJIA": 0.2971982623153109, "GBPUSD": 0.5333764344593453, "Gold": 0.22063985558118998}
