{"FTSE100": -0.402254606681881, "DJIA": -1.4447856315988663, "GBPUSD": -0.5986704374334375, "Gold": 1.3546688751515923}
