{"FTSE100": -0.6407662541887797, "DJIA": -0.8253703845740064, "GBPUSD": -0.20376175548588837, "Gold": 0.1910665760869565}
