{"FTSE100": 0.012860990346697456, "DJIA": 0.6717778706100158, "GBPUSD": 0.023762376237638733, "Gold": 0.587911078449372}
