{"FTSE100": -0.21549919104713366, "DJIA": -0.15277998533845463, "GBPUSD": -0.3786353016998249, "Gold": -0.01532175689478828}
