{"FTSE100": 0.32100393738967986, "DJIA": -0.503084548128058, "GBPUSD": 0.10203696005441686, "Gold": 3.08820331189611}
