{"FTSE100": 0.12032149393883282, "DJIA": -0.24251237370903458, "GBPUSD": 0.1641423561889114, "Gold": 2.406090641384759}
