{"FTSE100": -0.6420105480477901, "DJIA": 0.0037027799994353485, "GBPUSD": -0.08196721311476161, "Gold": -0.43815912730788986}
