{"FTSE100": 0.06572946027615713, "DJIA": 0.5957521958965001, "GBPUSD": 0.14198176655208583, "Gold": 0.0}
