{"FTSE100": -0.13490209167779352, "DJIA": -0.33932146890375414, "GBPUSD": 0.11268512556343109, "Gold": -0.6027697519178992}
