{"FTSE100": -0.08622465354455179, "DJIA": -0.08870159773099369, "GBPUSD": -0.39245283018866955, "Gold": -0.6101842659628738}
