{"FTSE100": 0.17829045085164016, "DJIA": -0.507374573065161, "GBPUSD": 0.10997643362135473, "Gold": 0.0}
