{"FTSE100": 0.1416235638428831, "DJIA": 0.28432630138493775, "GBPUSD": -0.2171511295668252, "Gold": -0.2295735952730557}
