{"FTSE100": 0.40841039746384095, "DJIA": -0.028891600975112, "GBPUSD": 0.07113499841921442, "Gold": 0.5189346828494192}
