{"FTSE100": -0.5420576461686801, "DJIA": -0.2226392059964714, "GBPUSD": -0.25923525599482267, "Gold": 0.0}
