{"FTSE100": 1.0803553033282867, "DJIA": 1.3184095387882113, "GBPUSD": -0.28186416463955605, "Gold": 0.19099956438695231}
