{"FTSE100": -0.15888524216956182, "DJIA": 0.31756058227226364, "GBPUSD": 0.11979873811996301, "Gold": -0.3801799518438727}
