{"FTSE100": 0.029615291067906776, "DJIA": -0.11003251448037732, "GBPUSD": 0.023713540431583822, "Gold": 1.6364440513047325}
