{"FTSE100": -0.4561840008684515, "DJIA": -1.7963330139602762, "GBPUSD": 0.6728692473832859, "Gold": -0.2608128667680914}
