{"FTSE100": -0.05337360357604068, "DJIA": 1.2928433847263459, "GBPUSD": -0.4387774235889676, "Gold": 0.48921773840236216}
