{"FTSE100": -0.5928423738757361, "DJIA": -0.29884055814744565, "GBPUSD": -0.3627748574812989, "Gold": -0.033342426722450476}
