{"FTSE100": 0.6723931602368762, "DJIA": -0.42125309162149366, "GBPUSD": 0.4106009705113894, "Gold": 1.1382205443173519}
