{"FTSE100": 0.3677859437796629, "DJIA": 1.0918245879595176, "GBPUSD": -0.7563793533372212, "Gold": -0.07618218425204677}
