{"FTSE100": 0.29652820681926756, "DJIA": 0.440514067792877, "GBPUSD": -0.7314437702601545, "Gold": -0.3101703215976517}
