{"FTSE100": -0.2501944233523851, "DJIA": -0.6221554944202693, "GBPUSD": -0.26921006076456105, "Gold": -0.07248525584001425}
