{"FTSE100": -0.4765855586063044, "DJIA": -0.4698443836871521, "GBPUSD": -0.32810499359795076, "Gold": 0.0}
