{"FTSE100": -0.7413885881859336, "DJIA": -0.7065868955328439, "GBPUSD": 0.19134775374377627, "Gold": 0.08201651265788178}
