{"FTSE100": 0.20979943820073318, "DJIA": 0.2514285117028897, "GBPUSD": -0.2399040383846552, "Gold": 0.06777540274229468}
