{"FTSE100": -0.3839779650334917, "DJIA": -0.8275391460364453, "GBPUSD": 0.03228670594882201, "Gold": 0.2339242085564277}
