{"FTSE100": -0.5324688930933129, "DJIA": -0.14932118015958054, "GBPUSD": 0.2588109918550711, "Gold": 0.2763888539913063}
