{"FTSE100": 0.17347116233335758, "DJIA": -0.14012881890648238, "GBPUSD": -0.11653697229427017, "Gold": -0.4257961500931456}
