{"FTSE100": 0.8868902459734632, "DJIA": 0.08505648555703392, "GBPUSD": 0.34364261168386545, "Gold": 0.7554589671944483}
