{"FTSE100": 0.4632515458224081, "DJIA": 1.0048600540112893, "GBPUSD": -0.06579711266786356, "Gold": 0.29780965799923725}
