{"FTSE100": -0.6297667567894708, "DJIA": -0.7890323918239941, "GBPUSD": 0.6248944435061519, "Gold": 0.15998234677553322}
