{"FTSE100": -0.6343721795108805, "DJIA": -0.8367720635315004, "GBPUSD": 0.10200078462142635, "Gold": 0.40868319091343586}
