{"FTSE100": 1.050952963987251, "DJIA": 0.6047512410477655, "GBPUSD": -0.4136746799875181, "Gold": -0.7376861397479912}
