{"FTSE100": 0.8955566508449941, "DJIA": 0.791592904295083, "GBPUSD": 0.35980047428244005, "Gold": -1.2562433782352096}
