{"FTSE100": -0.19448377747619514, "DJIA": -0.7699569309741626, "GBPUSD": 0.007949757532394386, "Gold": -0.15658417354109033}
