{"FTSE100": 0.23549978035115815, "DJIA": 0.24580372744246395, "GBPUSD": -0.14817009927396663, "Gold": 0.4848083350898825}
