{"FTSE100": 0.24183195288099502, "DJIA": -0.0606378799878433, "GBPUSD": 0.1724543387943858, "Gold": -0.00423764725823837}
