{"FTSE100": -0.443323355400266, "DJIA": -0.1770139920031814, "GBPUSD": 0.3306305597103032, "Gold": 0.10512483574244415}
