{"FTSE100": 1.0800851426842246, "DJIA": 0.8119888224640356, "GBPUSD": -0.060725671777737356, "Gold": 0.688263047813614}
