{"FTSE100": -0.38659221734990673, "DJIA": -0.12749456266418618, "GBPUSD": -0.3785787522675223, "Gold": 0.33325672259250044}
