{"FTSE100": 0.7684565987034117, "DJIA": 0.8119888224640356, "GBPUSD": -0.1745863063609949, "Gold": 0.688263047813614}
