{"FTSE100": -0.12020443811865127, "DJIA": -0.22683033727614443, "GBPUSD": 0.3335186214563632, "Gold": 0.7954262987820034}
