{"FTSE100": 0.12032149393883282, "DJIA": -0.6509155777175725, "GBPUSD": 0.11538318383146166, "Gold": 1.6074015232933083}
