{"FTSE100": -0.1490057738280976, "DJIA": 0.30194559396477405, "GBPUSD": 0.08413798629754538, "Gold": 0.4065468054533315}
