{"FTSE100": 0.25103570270969106, "DJIA": 0.4322749834951228, "GBPUSD": 0.04845352499395591, "Gold": 0.07574609907589759}
