{"FTSE100": 1.2252143335641446, "DJIA": 0.432630127557726, "GBPUSD": -0.16572754391778907, "Gold": 0.5003918731536718}
