{"FTSE100": -0.03776198704423871, "DJIA": -1.8957074033152979, "GBPUSD": -0.17218146429105918, "Gold": 2.4900022636384214}
