{"FTSE100": 0.08269747440611315, "DJIA": 0.5210389894994409, "GBPUSD": 0.22599750623440637, "Gold": 0.0}
