{"FTSE100": 1.2586746404316809, "DJIA": 0.06229705881762872, "GBPUSD": 0.3788489440593202, "Gold": -0.20666364232067688}
