{"FTSE100": -0.571938177610383, "DJIA": 1.6638617491559275e-14, "GBPUSD": -0.2887614060755338, "Gold": -0.4113548769641235}
