{"FTSE100": 0.6597205585879746, "DJIA": 1.092818710795105, "GBPUSD": 0.13234721681588438, "Gold": 0.27400725065340187}
