{"FTSE100": -0.3415195745836618, "DJIA": 0.33747709626382333, "GBPUSD": -0.2260463759661734, "Gold": 0.08858478174542844}
