{"FTSE100": 0.1394711129322014, "DJIA": 0.0023053111151395194, "GBPUSD": 0.2768549280177234, "Gold": 0.0}
