{"FTSE100": -0.3392818032427824, "DJIA": -0.31301195247437186, "GBPUSD": -0.02352756646537267, "Gold": 1.3791050699474132}
