{"FTSE100": 0.06973686763821241, "DJIA": -0.03282515479082459, "GBPUSD": -1.122064598861907, "Gold": 0.7603417773929995}
