{"FTSE100": 0.8651396157700642, "DJIA": 1.632337364500781, "GBPUSD": 1.2766672266084225, "Gold": 1.5751035535208122}
