{"FTSE100": 1.816764848049336, "DJIA": 0.8367810087687115, "GBPUSD": -0.6648936170212728, "Gold": 2.0946290374901437}
