{"FTSE100": 0.11077921531957247, "DJIA": 0.2190783671249149, "GBPUSD": 0.1954637654434845, "Gold": -0.6610345338668957}
