{"FTSE100": 0.38139142983045804, "DJIA": -0.1353682514826869, "GBPUSD": -0.09613251497449374, "Gold": 0.0}
