{"FTSE100": -0.7623602509861613, "DJIA": -0.6025402365369165, "GBPUSD": 0.07049424297014967, "Gold": 1.166130760986078}
