{"FTSE100": 0.09654581924844624, "DJIA": 0.19701078335985434, "GBPUSD": -0.3141867397083714, "Gold": -0.6542802916791484}
