{"FTSE100": -0.15571415709736683, "DJIA": -0.474474719137322, "GBPUSD": 0.3850035510036249, "Gold": 0.01380103507763919}
