{"FTSE100": 0.3226148620155345, "DJIA": -0.6615305745402872, "GBPUSD": 0.13590215045167756, "Gold": 0.0}
