{"FTSE100": 0.8111755917318856, "DJIA": 0.6707738238767136, "GBPUSD": 0.11522633744856525, "Gold": 0.0}
