{"FTSE100": -0.20769447734020946, "DJIA": -0.08572701943852372, "GBPUSD": 0.06060146958563078, "Gold": -0.6888099031744064}
