{"FTSE100": -0.025273290122861388, "DJIA": -0.21713255677795776, "GBPUSD": 0.16355406793198235, "Gold": 0.47513589691967717}
