{"FTSE100": -0.2618067451885055, "DJIA": -0.5547281146282906, "GBPUSD": -0.12539184952978416, "Gold": 0.1910665760869565}
