{"FTSE100": -0.4537831705632848, "DJIA": -2.602066674954433, "GBPUSD": -0.44625381664448743, "Gold": -0.08743806470418301}
