{"FTSE100": 0.3637462420538052, "DJIA": -0.6749988025162861, "GBPUSD": -0.8226837060702856, "Gold": -2.2681624455004252}
