{"FTSE100": 0.9832992324709422, "DJIA": 1.2425236372900856, "GBPUSD": 0.5488386891504856, "Gold": -1.7578125}
