{"FTSE100": -0.5014987618923441, "DJIA": -0.8538100630484355, "GBPUSD": 0.6687615824671641, "Gold": 1.8146075911084227}
