{"FTSE100": -0.006881497233306244, "DJIA": -0.002566084251074419, "GBPUSD": -0.014764506127268416, "Gold": 1.4211302803119206}
