{"FTSE100": -0.2662976163393204, "DJIA": -0.9343948706140704, "GBPUSD": -0.5768306361159969, "Gold": 0.502739932632849}
