{"FTSE100": -1.3350912795228325, "DJIA": -0.6458966231212456, "GBPUSD": -0.03273054578184731, "Gold": -0.23419203747072137}
