{"FTSE100": 0.06609853402894124, "DJIA": 0.11260873829429675, "GBPUSD": -0.35542216254639825, "Gold": 0.7525823905558378}
