{"FTSE100": 0.13182683711556314, "DJIA": -0.4779577592960326, "GBPUSD": 0.07609706603533448, "Gold": -0.13231159380341204}
