{"FTSE100": -0.0073349144148833695, "DJIA": 0.19864097480567916, "GBPUSD": -0.007447125409591077, "Gold": 0.0}
