{"FTSE100": 0.3070253709509933, "DJIA": 0.23153066744324088, "GBPUSD": 0.4250714892959317, "Gold": 0.0}
