{"FTSE100": 0.24385185150464547, "DJIA": 0.3058802269914348, "GBPUSD": -0.2330814981514148, "Gold": -0.2855284082694843}
