{"FTSE100": -0.5479745023139304, "DJIA": -0.46710818526526354, "GBPUSD": 0.26756905642558015, "Gold": -0.9414873848949159}
