{"FTSE100": 0.16966120025247963, "DJIA": 1.0547228733598666, "GBPUSD": 0.06299212598426251, "Gold": -0.28127313101405466}
