{"FTSE100": 0.041859267490357406, "DJIA": -0.4880776193846709, "GBPUSD": -0.04711425206124334, "Gold": 0.39764593605853343}
