{"FTSE100": 0.02483586346216863, "DJIA": -0.503820409587791, "GBPUSD": 0.7435781883731425, "Gold": 0.06397757738240034}
