{"FTSE100": 0.1720367932133378, "DJIA": 0.07576690339000201, "GBPUSD": -0.0077519379844952704, "Gold": 0.0}
