{"FTSE100": 0.46565696751151053, "DJIA": 0.4677271628252326, "GBPUSD": 0.2179937188250514, "Gold": -0.20644335892067656}
