{"FTSE100": 0.19390035922455087, "DJIA": 0.5869246606859605, "GBPUSD": -0.14002333722287233, "Gold": 0.06109046479661039}
