{"FTSE100": -0.11004159814259895, "DJIA": 0.09292343123922794, "GBPUSD": 0.23962572743524294, "Gold": 0.47513589691967717}
