{"FTSE100": 0.3971720760867255, "DJIA": 0.4386597502325108, "GBPUSD": 0.1678748569248363, "Gold": 0.0}
