{"FTSE100": -0.033769371074580654, "DJIA": 0.09312923497167463, "GBPUSD": 0.1817844555741097, "Gold": -0.19909502262442969}
