{"FTSE100": 0.645488859939211, "DJIA": -0.11664376752894585, "GBPUSD": -0.11345218800647049, "Gold": 0.0}
