{"FTSE100": -0.08685202094944072, "DJIA": 0.2988849382551884, "GBPUSD": -0.9810076911002947, "Gold": -0.871894788114947}
