{"FTSE100": -1.1439046433088464, "DJIA": 0.03631263072368768, "GBPUSD": -0.6402354157553498, "Gold": -1.6878437322207471}
