{"FTSE100": -0.8115708717146358, "DJIA": 0.7955544708420131, "GBPUSD": -0.07122507122506337, "Gold": 1.9487628640245238}
