{"FTSE100": -0.007657105255279729, "DJIA": 0.08524701629661285, "GBPUSD": -0.18393623543837812, "Gold": 0.5638058738990944}
