{"FTSE100": -0.3521606880637675, "DJIA": 1.0031848348753987, "GBPUSD": 0.5100801554529975, "Gold": 0.5348968780537913}
