{"FTSE100": -0.08388990690182499, "DJIA": -1.6452835362898488, "GBPUSD": -0.06950343655879998, "Gold": 0.9474028095393662}
