{"FTSE100": -1.0476461023058927, "DJIA": -0.6005744960082198, "GBPUSD": 0.15759199432668833, "Gold": -0.11713030746704568}
