{"FTSE100": -0.2614074074998324, "DJIA": 0.0, "GBPUSD": 0.49842166472836064, "Gold": -0.23364485981308164}
