{"FTSE100": 0.6404375810397994, "DJIA": -0.9733856435851889, "GBPUSD": -0.2629063097514404, "Gold": 0.3184835578066738}
