{"FTSE100": 0.09486550266955325, "DJIA": -0.30778961596335436, "GBPUSD": -0.07263922518160798, "Gold": 0.0}
