{"FTSE100": 0.7954916824091137, "DJIA": -0.4598112559462062, "GBPUSD": -0.18044876824101436, "Gold": -0.5249207421651751}
