{"FTSE100": -0.1740665534822453, "DJIA": 0.33703171538278354, "GBPUSD": 0.0, "Gold": 0.0}
