{"FTSE100": 1.3841918993314966, "DJIA": 1.0159865576378824, "GBPUSD": -0.49015603300384003, "Gold": -0.3022138071657343}
