{"FTSE100": 0.2805292323412319, "DJIA": -0.305081231250134, "GBPUSD": -0.004015580452145001, "Gold": 0.12636291428984042}
