{"FTSE100": -0.1109574376645742, "DJIA": -1.0756403436845956, "GBPUSD": -0.08947454042621432, "Gold": 0.0}
