{"FTSE100": 0.046791904287997156, "DJIA": -0.49200584247563706, "GBPUSD": -0.04722921914357162, "Gold": 0.3642685652785713}
