{"FTSE100": 0.1665972511453736, "DJIA": 1.09953157571708, "GBPUSD": 0.4333493833105028, "Gold": 0.2956194571351814}
