{"FTSE100": 0.7276108929281759, "DJIA": 0.30623296387359294, "GBPUSD": 0.06515157321887229, "Gold": 1.8113094514716168e-14}
