{"FTSE100": 0.5563900461796417, "DJIA": 0.6559180237008677, "GBPUSD": -0.1944466049622732, "Gold": -0.7378278671909949}
