{"FTSE100": -0.12442694263273132, "DJIA": 0.01814230851066647, "GBPUSD": 0.02989089822148826, "Gold": -0.5697203387994754}
