{"FTSE100": -0.1406547538902329, "DJIA": -0.04164764415954071, "GBPUSD": -0.08471313053522363, "Gold": 0.4884139399948487}
