{"FTSE100": -0.24940833132003715, "DJIA": 1.706561154675814e-14, "GBPUSD": -0.07312911351262703, "Gold": 0.13786422237125784}
