{"FTSE100": 0.17860983792019544, "DJIA": -0.20583182580650172, "GBPUSD": -0.03981525720655717, "Gold": 0.492273447198322}
