{"FTSE100": -0.07318348144276056, "DJIA": 0.45452654381242075, "GBPUSD": 0.594059405940599, "Gold": 1.431553832388903}
