{"FTSE100": 0.07247736980927266, "DJIA": -0.3116466772189745, "GBPUSD": 0.28961829793554245, "Gold": 1.2828544191747342}
