{"FTSE100": -0.3478281784921087, "DJIA": 0.0, "GBPUSD": 0.3351152956195629, "Gold": 0.09541026413578843}
