{"FTSE100": 0.0688925874701439, "DJIA": -0.19679827838927622, "GBPUSD": -0.3090938669269583, "Gold": 0.0}
