{"FTSE100": -0.37863655867117585, "DJIA": 0.2261437078932699, "GBPUSD": -0.0534922818279018, "Gold": -0.29590327024131186}
