{"FTSE100": -0.3733834952143292, "DJIA": -0.35258272093663195, "GBPUSD": -0.07842522155125965, "Gold": 0.0}
