{"FTSE100": 0.8321385330073924, "DJIA": 0.25122059726733825, "GBPUSD": -0.06500365645566848, "Gold": 0.13786422237125784}
