{"FTSE100": -0.22892914190374275, "DJIA": -0.2226392059964714, "GBPUSD": -0.672391445236568, "Gold": -1.1101973684210595}
