{"FTSE100": -0.24249147908351315, "DJIA": 0.32945334552794114, "GBPUSD": 0.5249774423755197, "Gold": -0.6880733944954152}
