{"FTSE100": 0.18935604173353932, "DJIA": -0.3429874469599771, "GBPUSD": -0.12626262626262988, "Gold": 0.34455208229301226}
