{"FTSE100": -0.5965940432733643, "DJIA": 1.7349133347044125e-14, "GBPUSD": -0.5244182235332827, "Gold": -0.6830348901606055}
