{"FTSE100": -0.6306387453928376, "DJIA": -0.15932957586249996, "GBPUSD": -0.2578930915911285, "Gold": -1.4940068493150724}
