{"FTSE100": -1.5653077399545794, "DJIA": -0.887570193751315, "GBPUSD": 0.2917981072555234, "Gold": -0.8164974353606268}
