{"FTSE100": 0.5352778646712961, "DJIA": 0.6675547037887289, "GBPUSD": 0.06478257348772466, "Gold": -1.5307435039876627}
