{"FTSE100": -0.1416029795878996, "DJIA": 0.09292343123922794, "GBPUSD": 0.11791107223003615, "Gold": 0.47513589691967717}
