{"FTSE100": 0.8954686261796692, "DJIA": 1.0693092450604738, "GBPUSD": -0.547595829270112, "Gold": -3.6432604093154577}
