{"FTSE100": -0.22014989358160975, "DJIA": 0.8266566672597983, "GBPUSD": -0.12673267326731277, "Gold": 0.5603527466470613}
