{"FTSE100": -0.10406460937204666, "DJIA": -1.0231216312168163, "GBPUSD": 0.1731874360387294, "Gold": 0.0}
