{"FTSE100": 0.40055484081440246, "DJIA": 0.20374432896980163, "GBPUSD": 0.04668897362072476, "Gold": 0.7143160848675616}
