{"FTSE100": 0.5752482342576648, "DJIA": 1.4242348819290567, "GBPUSD": 0.03095256519383703, "Gold": -0.23563771530982586}
