{"FTSE100": -0.46619560127363346, "DJIA": -0.8241023352035658, "GBPUSD": -0.24415216192800507, "Gold": 0.05414718188531314}
