{"FTSE100": -0.8396042620203993, "DJIA": 0.5937661076064754, "GBPUSD": -0.13928654337228383, "Gold": -0.04837209302324566}
