{"FTSE100": 0.42105150452971696, "DJIA": -0.11664376752894585, "GBPUSD": -0.1782820097244716, "Gold": 0.0}
