{"FTSE100": 0.6486696351065441, "DJIA": 0.8346647142123416, "GBPUSD": -0.23274447708800605, "Gold": -0.30592734225621415}
