{"FTSE100": 0.2513837009569976, "DJIA": -1.192592695962823, "GBPUSD": 0.38603696098562024, "Gold": 1.54838054624835}
