{"FTSE100": -0.026443331806380903, "DJIA": -0.2535668695780367, "GBPUSD": -0.18888713993388617, "Gold": 0.13367660164371808}
