{"FTSE100": 0.21644365492695533, "DJIA": 0.2480929981925192, "GBPUSD": -0.07039499413374274, "Gold": 0.2931056454696101}
