{"FTSE100": 0.1298207387200438, "DJIA": 0.3618587411279183, "GBPUSD": -0.022343040142992997, "Gold": 0.0}
