{"FTSE100": 0.22875774341400565, "DJIA": 0.6562244758407411, "GBPUSD": 0.4210359072132078, "Gold": 0.11047845670093945}
