{"FTSE100": -4.428688835974758, "DJIA": -5.502574487747598, "GBPUSD": -0.28704422032583676, "Gold": 0.29880478087649404}
