{"FTSE100": -1.189368433518865, "DJIA": -0.505802641868531, "GBPUSD": -0.2859944435365122, "Gold": 0.0}
