{"FTSE100": -0.39875546257100253, "DJIA": 0.5270381416418123, "GBPUSD": -0.015424957581364952, "Gold": 0.4374922613397131}
