{"FTSE100": -0.8615685532210265, "DJIA": -1.141604912333069, "GBPUSD": 0.24051108605787985, "Gold": 0.9984035678990469}
