{"FTSE100": 0.9832992324709422, "DJIA": -0.16537795202167066, "GBPUSD": -0.04755488626455844, "Gold": 0.0}
