{"FTSE100": -0.46481068482900567, "DJIA": -0.4267107831152267, "GBPUSD": -0.01568873548793536, "Gold": -0.2784079191585941}
