{"FTSE100": -0.19022749056198285, "DJIA": -0.1154119363518417, "GBPUSD": 0.03956322202879767, "Gold": 0.03441600344160817}
