{"FTSE100": -1.156605813964339, "DJIA": -0.44184847326747734, "GBPUSD": 0.016470394465945642, "Gold": 0.7772810404389329}
