{"FTSE100": -0.14196579240552124, "DJIA": -1.0438536299958092, "GBPUSD": 0.1673306772908359, "Gold": 0.6930471719204113}
