{"FTSE100": 0.023609115171440133, "DJIA": 0.3769688105201904, "GBPUSD": -0.04446420631390342, "Gold": -0.0754898260302583}
