{"FTSE100": 0.10506794854829885, "DJIA": 0.42558465816392654, "GBPUSD": 0.011163621478814759, "Gold": 1.7396419867215769}
