{"FTSE100": 0.8723883278319018, "DJIA": 1.0262393264666687, "GBPUSD": -0.11733416770962413, "Gold": 2.1826776032253536}
