{"FTSE100": -0.6659280485248638, "DJIA": 0.36691331770218855, "GBPUSD": 0.25402873700088047, "Gold": 0.17203244040304744}
