{"FTSE100": -0.35744424676016245, "DJIA": 0.16705769703677525, "GBPUSD": 0.1843983003287075, "Gold": 0.0}
