{"FTSE100": 0.17829045085164016, "DJIA": -0.5724285472623472, "GBPUSD": -0.20385761329778387, "Gold": -0.026408915649923412}
