{"FTSE100": 0.6491500175971395, "DJIA": 0.2427850996857786, "GBPUSD": 0.01868949276717254, "Gold": 0.0}
