{"FTSE100": -0.5489098600715923, "DJIA": -0.12789294140461183, "GBPUSD": 0.36363636363635865, "Gold": 1.5765010302362399}
