{"FTSE100": -0.21797304641799323, "DJIA": -0.023490941452220315, "GBPUSD": 0.7007233273055955, "Gold": 1.45505971087367}
