{"FTSE100": 0.17485873167506252, "DJIA": 0.12329922092490762, "GBPUSD": -0.1260005929439529, "Gold": 0.5820276904083066}
