{"FTSE100": 0.03612862309658357, "DJIA": 0.21599092084209692, "GBPUSD": 0.33890290037830784, "Gold": 1.4516208131038268}
