{"FTSE100": -0.2179408615207367, "DJIA": 0.05184036282862604, "GBPUSD": -0.1827242524916927, "Gold": 0.016236402013311387}
