{"FTSE100": -0.3754365822125434, "DJIA": -0.5878635755937435, "GBPUSD": -0.02386634844866706, "Gold": 0.9018648731274804}
