{"FTSE100": 1.2063081588946956, "DJIA": 0.2930330711693256, "GBPUSD": -0.039805747949999595, "Gold": 0.11629910406617303}
