{"FTSE100": 0.4952491194961733, "DJIA": 1.7198687502679786, "GBPUSD": 0.3382280151790127, "Gold": 0.5027652086475616}
