{"FTSE100": 0.5775987245589498, "DJIA": 0.869606700811641, "GBPUSD": -0.31867952279784395, "Gold": 1.0709212107966417}
