{"FTSE100": 0.47492049774152917, "DJIA": 0.4120198409917458, "GBPUSD": 0.21260937116689307, "Gold": 0.0}
