{"FTSE100": 1.2586746404316809, "DJIA": 0.019859512549129623, "GBPUSD": 0.15315170078994136, "Gold": -0.20666364232067688}
