{"FTSE100": -0.0019321221342686555, "DJIA": 0.6104516361361215, "GBPUSD": 0.19493177387915547, "Gold": 0.5165204558497953}
