{"FTSE100": 0.027365705457338064, "DJIA": 0.17864704881899826, "GBPUSD": -0.3143912599229744, "Gold": 0.2284125328963657}
