{"FTSE100": -0.25878205368620016, "DJIA": 0.24096704486406048, "GBPUSD": -0.18958728306840875, "Gold": 0.08858478174542844}
