{"FTSE100": 0.1219262112377239, "DJIA": 0.5190625735796204, "GBPUSD": 0.10435301132976058, "Gold": -0.05688452441543938}
