{"FTSE100": -0.18496971866702017, "DJIA": -0.8950587659342351, "GBPUSD": 0.0075683039431023265, "Gold": -0.44582832071331674}
