{"FTSE100": 0.1718976832758351, "DJIA": 0.5418783057353993, "GBPUSD": -0.07083825265642668, "Gold": 0.08917071237491105}
