{"FTSE100": 0.07373685951785328, "DJIA": 0.14637127657105953, "GBPUSD": 0.11017549382229051, "Gold": -0.09011328527291061}
