{"FTSE100": -0.12125797506823344, "DJIA": 0.1240310991909815, "GBPUSD": 1.07421874999999, "Gold": 0.0}
