{"FTSE100": 0.053334963286615335, "DJIA": 0.6388966227422316, "GBPUSD": 0.06578947368420328, "Gold": 0.0}
