{"FTSE100": 0.42294439398127454, "DJIA": -0.03459821609010116, "GBPUSD": -0.21902751782086005, "Gold": 0.30152671755725535}
