{"FTSE100": 0.16466092524650824, "DJIA": 0.47778884345344164, "GBPUSD": -0.44217273132935414, "Gold": -0.5939583864737886}
