{"FTSE100": 0.14367613249482128, "DJIA": -0.014184753328466308, "GBPUSD": 0.17029468384421506, "Gold": 0.0}
