{"FTSE100": 0.4636949317009478, "DJIA": 0.6486379955549604, "GBPUSD": 0.07323183657737571, "Gold": -0.09843596193808808}
