{"FTSE100": 0.13981075195688752, "DJIA": 0.46766783006063156, "GBPUSD": -0.02331908278274131, "Gold": 0.0}
