{"FTSE100": 0.5452810247573242, "DJIA": -0.12243736250881042, "GBPUSD": 0.24910895642509293, "Gold": 1.5852784195013216}
