{"FTSE100": 0.022748131123362613, "DJIA": 0.4262846506250717, "GBPUSD": -0.14099953000155113, "Gold": 0.09358683873510447}
