{"FTSE100": 0.14021972597000457, "DJIA": 0.6690875938729582, "GBPUSD": 0.40985147584133685, "Gold": -0.22161853016872035}
