{"FTSE100": -0.34182495276516683, "DJIA": 0.7727769393462457, "GBPUSD": 0.07559781959972994, "Gold": 0.495574011415291}
