{"FTSE100": -0.16917430862686303, "DJIA": 1.0942522026663541, "GBPUSD": -0.24287564766840297, "Gold": 0.2860263144209267}
