{"FTSE100": -0.31985001334516205, "DJIA": -0.26325188608340927, "GBPUSD": -0.05180196847479634, "Gold": 1.1451716300483763}
