{"FTSE100": -1.4824683726850099, "DJIA": -0.13961037570609094, "GBPUSD": 0.24533080088636455, "Gold": -0.8785784797630777}
