{"FTSE100": -0.43716230694823643, "DJIA": 0.8017027632632096, "GBPUSD": 0.09661835748792995, "Gold": 0.01890359168241966}
