{"FTSE100": -0.7842008792335553, "DJIA": -0.22686977753143586, "GBPUSD": 0.18348623853210685, "Gold": -0.3224137244755765}
