{"FTSE100": 1.1355108080968184, "DJIA": 0.9078897269876526, "GBPUSD": -0.07142857142856356, "Gold": 0.0}
