{"FTSE100": 0.4789656413349937, "DJIA": -0.13245808952459615, "GBPUSD": 0.2882556415746859, "Gold": 1.10423557025499}
