{"FTSE100": 0.0, "DJIA": 0.08524701629661285, "GBPUSD": -0.08430410790924885, "Gold": 0.5638058738990944}
