{"FTSE100": 0.3795401065901314, "DJIA": -0.20383411881386942, "GBPUSD": -0.4804600310218179, "Gold": -0.2092698806386642}
