{"FTSE100": -0.3904575918728603, "DJIA": -0.1045580090866439, "GBPUSD": -0.12293707856796404, "Gold": -1.0266092394831607}
