{"FTSE100": 0.5998503375408705, "DJIA": 0.25199130394292024, "GBPUSD": -0.3357582540570774, "Gold": -0.4211511464670169}
