{"FTSE100": -0.21636954417315796, "DJIA": -1.2372630858564577, "GBPUSD": 0.3373493975903599, "Gold": 0.10610304727951786}
