{"FTSE100": -0.1329574653082452, "DJIA": -0.5456305109384855, "GBPUSD": -0.40009413979760755, "Gold": 0.004934372841207394}
