{"FTSE100": -0.055379929390599617, "DJIA": 0.5256928574547665, "GBPUSD": 0.033475915938260103, "Gold": 0.0}
