{"FTSE100": 0.14577462382680564, "DJIA": -0.04833274236961775, "GBPUSD": -0.12054970666236718, "Gold": -1.3697947798366208}
