{"FTSE100": -0.3557120694514345, "DJIA": -0.20408175406198337, "GBPUSD": 0.5274435470578508, "Gold": 0.11216151257810761}
