{"FTSE100": 1.1721332215249718, "DJIA": 0.6006761967796773, "GBPUSD": -0.22986618504227188, "Gold": -0.3086258304127145}
