{"FTSE100": -0.2119306535107485, "DJIA": 0.526500436470395, "GBPUSD": 0.3351152956195629, "Gold": 0.09541026413578843}
