{"FTSE100": -0.16917430862686303, "DJIA": 0.19497530777418204, "GBPUSD": -0.29145077720207635, "Gold": 0.2964272713089628}
