{"FTSE100": 0.0, "DJIA": 0.5937661076064754, "GBPUSD": -0.1470474421484415, "Gold": -0.5879069767441759}
