{"FTSE100": -0.4646288674695184, "DJIA": 0.28637393690556295, "GBPUSD": -0.23633677991138047, "Gold": -0.38822947576656325}
