{"FTSE100": 0.5484646688864133, "DJIA": 0.39589525184368535, "GBPUSD": -0.15917230401908317, "Gold": 0.0}
