{"FTSE100": 0.17349729414663778, "DJIA": -0.21613541412862727, "GBPUSD": 0.10695187165775041, "Gold": 0.5958203646065026}
