{"FTSE100": -0.2803930677989044, "DJIA": -0.3159873865338924, "GBPUSD": -0.28848465421909186, "Gold": -0.5833003276563503}
