{"FTSE100": -0.48151603761077993, "DJIA": 0.17486659905791485, "GBPUSD": -0.00803212851405534, "Gold": -1.2817248111365873}
