{"FTSE100": 0.24565027101436823, "DJIA": 0.14570875935731448, "GBPUSD": 0.2847081741215274, "Gold": 0.2246335427374868}
