{"FTSE100": 0.536923407770369, "DJIA": 1.229352249857853, "GBPUSD": 0.07754514235072527, "Gold": 0.5634564673533322}
