{"FTSE100": -1.239597826372306, "DJIA": 0.3203306785989947, "GBPUSD": 0.11045364891519273, "Gold": -0.0731299623903098}
