{"FTSE100": -0.09570053388935344, "DJIA": -0.1707605734446902, "GBPUSD": 0.015781582892762405, "Gold": -0.04159261920066204}
