{"FTSE100": -0.46215580832442377, "DJIA": -0.3518749082837974, "GBPUSD": -0.4088693190753162, "Gold": -0.18001337242195134}
