{"FTSE100": 0.4384129296937516, "DJIA": 0.3023118509650154, "GBPUSD": 0.4765366287052755, "Gold": 0.6435071137700444}
