{"FTSE100": 0.18119602243844968, "DJIA": 0.7612472506021626, "GBPUSD": -0.16138142499798286, "Gold": -0.5917774086378784}
