{"FTSE100": 0.21362697459896152, "DJIA": -0.13539847915705555, "GBPUSD": -0.5116796440489363, "Gold": 0.12916297328100199}
