{"FTSE100": 0.1243072525473594, "DJIA": 0.3853179154728225, "GBPUSD": -0.16614055490945354, "Gold": -0.14670723755705528}
