{"FTSE100": 2.1509237984745497, "DJIA": 2.1208611690249506, "GBPUSD": -0.2570694087403672, "Gold": -0.5326777299733707}
