{"FTSE100": 0.5670466184759495, "DJIA": 0.6512884291800126, "GBPUSD": -0.5121229094982764, "Gold": 0.365296803652968}
