{"FTSE100": 0.35647891331092263, "DJIA": 0.1639884374434842, "GBPUSD": 0.48719157630050336, "Gold": 0.3206685453308672}
