{"FTSE100": -0.40280980701542185, "DJIA": -0.031041116091428917, "GBPUSD": 0.1448808757244063, "Gold": -1.564212414067953}
