{"FTSE100": 0.05517038231746642, "DJIA": -0.434599829936005, "GBPUSD": 0.06875477463713697, "Gold": -1.1369961039993604}
