{"FTSE100": 2.1365664763980705, "DJIA": 1.1252163805921143, "GBPUSD": 0.8639143730886917, "Gold": -0.8441437527155443}
