{"FTSE100": -0.6097760241102294, "DJIA": -0.25230411749914206, "GBPUSD": 0.05914126877735507, "Gold": -0.46767745342083766}
