{"FTSE100": -1.5163828041537801, "DJIA": 0.20008700902402662, "GBPUSD": 0.07826563356031242, "Gold": 0.44313907353017656}
