{"FTSE100": 0.163343427590095, "DJIA": 0.03104622192506316, "GBPUSD": 0.3058596265293002, "Gold": -0.13228186212159293}
