{"FTSE100": 0.05688076586939908, "DJIA": 0.6034891630965501, "GBPUSD": 0.32562683165092826, "Gold": 0.0}
