{"FTSE100": -0.059007154450221304, "DJIA": 0.10779661931209204, "GBPUSD": -0.2830633747444604, "Gold": 0.0}
