{"FTSE100": 0.26158773496783355, "DJIA": 0.7339248771782658, "GBPUSD": 0.31275597587310905, "Gold": -0.8257792127157505}
