{"FTSE100": 0.0039265319691712515, "DJIA": -0.24956904248889447, "GBPUSD": -0.047281323877080846, "Gold": 0.36832412523018965}
