{"FTSE100": 0.5673005733802384, "DJIA": -0.2961690910631456, "GBPUSD": 0.04070998208762148, "Gold": -0.3074558032282859}
