{"FTSE100": -1.4113726977684193, "DJIA": -2.5846549704372133, "GBPUSD": 0.49707718614547175, "Gold": -0.9937417030153544}
