{"FTSE100": 0.015995577693232836, "DJIA": 0.6402809276465046, "GBPUSD": -0.04006731308598004, "Gold": -1.2926223310409422}
