{"FTSE100": 0.06749726942864336, "DJIA": 0.7257601448939696, "GBPUSD": 0.06360817365030706, "Gold": 0.0}
