{"FTSE100": -0.0729038033708028, "DJIA": -0.2323814452389934, "GBPUSD": -0.2945564439003794, "Gold": 0.6446661550268681}
