{"FTSE100": 0.08809859748855817, "DJIA": 0.08377085725195982, "GBPUSD": -0.08860011813349748, "Gold": -0.6111671512490465}
