{"FTSE100": 0.9832992324709422, "DJIA": -0.13874049054501936, "GBPUSD": 0.015835312747425015, "Gold": 0.3568950133835652}
