{"FTSE100": 0.4844131105242977, "DJIA": 0.45835192656555984, "GBPUSD": 0.11856770215793666, "Gold": -0.30509065550906556}
