{"FTSE100": 0.07329988346890223, "DJIA": 0.6104516361361215, "GBPUSD": 0.2729044834308038, "Gold": 0.8649667951135488}
