{"FTSE100": -0.4253515780387581, "DJIA": -0.03614207806636479, "GBPUSD": 0.36701546150243236, "Gold": 0.9175162187210464}
