{"FTSE100": -0.45219107128175173, "DJIA": 0.04812686093590814, "GBPUSD": -0.011473591616619302, "Gold": 1.8159386266530795e-14}
