{"FTSE100": 0.1317548869307995, "DJIA": 3.571726318202797, "GBPUSD": 0.41928721174004746, "Gold": -0.19118308591994163}
