{"FTSE100": -0.039080790316804885, "DJIA": -0.9685683818879268, "GBPUSD": 0.3312976489841614, "Gold": -0.03789601333939669}
