{"FTSE100": -1.239597826372306, "DJIA": 0.29920841251814084, "GBPUSD": 0.1577909270216964, "Gold": -0.0731299623903098}
