{"FTSE100": 0.11106483409690249, "DJIA": 1.09953157571708, "GBPUSD": 0.47779547390644594, "Gold": 0.2956194571351814}
