{"FTSE100": 0.16239862888670376, "DJIA": -0.014134644601887592, "GBPUSD": 0.3625064733298903, "Gold": 0.6357829383320317}
