{"FTSE100": -1.4101211828336644, "DJIA": 0.5605149421433138, "GBPUSD": 1.203244531580359, "Gold": -2.5128188795821553}
