{"FTSE100": 0.6380178945937439, "DJIA": -0.42051368538958034, "GBPUSD": -0.09404388714732506, "Gold": 1.4545996127687013}
