{"FTSE100": 0.3804806390715027, "DJIA": -0.8079583937217374, "GBPUSD": -0.5196455942278224, "Gold": 1.2935776336254279}
