{"FTSE100": -0.8249680741934832, "DJIA": -0.31661186361566174, "GBPUSD": -0.10164190774042836, "Gold": -0.22977941176470587}
