{"FTSE100": -0.03607717776001661, "DJIA": 1.128666101142061, "GBPUSD": 0.7425355635454168, "Gold": 0.11685455045365808}
