{"FTSE100": 0.4966615516471565, "DJIA": 0.6386246022945836, "GBPUSD": 0.28688524590164416, "Gold": 0.14771828013717658}
