{"FTSE100": 0.4297949184708962, "DJIA": 0.9714077959259579, "GBPUSD": 0.3271885723405947, "Gold": -1.8746079191113962}
