{"FTSE100": 0.1243072525473594, "DJIA": 0.3853179154728225, "GBPUSD": -0.12460541618207632, "Gold": -0.14670723755705528}
