{"FTSE100": -1.8685511196367253, "DJIA": 0.22268386126341977, "GBPUSD": 0.0, "Gold": 0.23670639952658334}
