{"FTSE100": 1.00557122773945, "DJIA": 0.4658403495534576, "GBPUSD": 0.10379241516964924, "Gold": 0.1263902932254803}
