{"FTSE100": 0.0, "DJIA": 1.2370817306818849, "GBPUSD": -0.2711343126542806, "Gold": 0.1488203266787791}
