{"FTSE100": 0.2149577328966132, "DJIA": 0.3366242464768863, "GBPUSD": 0.039373178990467356, "Gold": 0.14924135643810252}
