{"FTSE100": 0.1427010934170065, "DJIA": -1.2890422287925116, "GBPUSD": 0.4223602484472136, "Gold": -0.169900252110059}
