{"FTSE100": 0.16911754490328998, "DJIA": -0.07964156969438005, "GBPUSD": -0.11881188118810573, "Gold": -0.12401249311042957}
