{"FTSE100": -0.03564822139791459, "DJIA": 0.0019821028250141485, "GBPUSD": -0.022418173666116196, "Gold": 0.0}
