{"FTSE100": 0.24336180304744967, "DJIA": 0.3023118509650154, "GBPUSD": 0.436152168645511, "Gold": 0.6435071137700444}
