{"FTSE100": 0.21324195889197675, "DJIA": -0.018950745425908185, "GBPUSD": -0.25602048163852065, "Gold": -0.20274948076352037}
