{"FTSE100": -2.1940155000742094, "DJIA": -1.070288322441955, "GBPUSD": 0.19122048553375195, "Gold": 1.036519871106347}
