{"FTSE100": -0.10717727481514078, "DJIA": 0.09698634730649904, "GBPUSD": 0.17192872772741322, "Gold": 0.0}
