{"FTSE100": 0.23205311162126618, "DJIA": 0.23760217068305511, "GBPUSD": 0.5019932083271917, "Gold": 0.1301428613682774}
