{"FTSE100": 0.37860153473846064, "DJIA": -0.305081231250134, "GBPUSD": -0.20479460305985867, "Gold": 0.9170337208462737}
