{"FTSE100": -0.4253515780387581, "DJIA": 0.29465331832999603, "GBPUSD": 0.3201624238638133, "Gold": 0.9175162187210464}
