{"FTSE100": 0.22976882888655495, "DJIA": -0.13080188442587048, "GBPUSD": 0.48940949935816885, "Gold": 0.21843816710519104}
