{"FTSE100": -0.443323355400266, "DJIA": -0.5169346533361571, "GBPUSD": 0.18893174840590252, "Gold": -0.5834428383705602}
