{"FTSE100": -0.03654158123141292, "DJIA": -0.5311737113798481, "GBPUSD": 0.16126555060666492, "Gold": 0.8941915545760754}
