{"FTSE100": 0.8955566508449941, "DJIA": 0.6034891630965501, "GBPUSD": -0.03256268316510729, "Gold": -1.2764239947530374}
