{"FTSE100": 0.0004044363976546105, "DJIA": -0.05965711252529177, "GBPUSD": -0.06465168902536866, "Gold": 0.0}
