{"FTSE100": -0.8486257711407903, "DJIA": -0.31818228450353336, "GBPUSD": -0.2808060786257077, "Gold": 0.20664281034221604}
