{"FTSE100": 0.11168406936854054, "DJIA": 1.2139763189649497, "GBPUSD": -0.0930301789900624, "Gold": 0.0}
