{"FTSE100": 0.8538398860297982, "DJIA": 0.827127436590541, "GBPUSD": 0.520259750123421, "Gold": -0.04081436665705892}
