{"FTSE100": -0.2668682437005002, "DJIA": 1.5743560346611192, "GBPUSD": -0.16016657323616573, "Gold": -0.4171063872556387}
