{"FTSE100": 0.3582632944730669, "DJIA": 0.5728893766122811, "GBPUSD": 0.08778229989624761, "Gold": -2.5646702830362744}
