{"FTSE100": -0.10955751827008553, "DJIA": 0.2779895816260505, "GBPUSD": 0.05189028910305003, "Gold": -0.15977811944168646}
