{"FTSE100": 0.5055500891302787, "DJIA": 0.24052178317833575, "GBPUSD": 0.07224853496027317, "Gold": -0.2919491315750453}
