{"FTSE100": -0.15369590796743943, "DJIA": -0.424416587143234, "GBPUSD": -0.08103727714747892, "Gold": 0.26121147130798206}
