{"FTSE100": -0.27118456734811064, "DJIA": -0.59207244905334, "GBPUSD": -0.19297258181233076, "Gold": 0.31154239019408253}
