{"FTSE100": -0.3284713674678197, "DJIA": 1.6638617491559275e-14, "GBPUSD": -0.15785623532130344, "Gold": -0.3742958790394274}
