{"FTSE100": 1.0259769748947516, "DJIA": 0.14382434794501173, "GBPUSD": -0.30613066945943973, "Gold": -1.197872657686759}
