{"FTSE100": 0.5811633060319945, "DJIA": 0.12941582381601738, "GBPUSD": 0.031350419311854845, "Gold": 0.041116730397598784}
