{"FTSE100": 0.42211250437397235, "DJIA": 0.09898491425418575, "GBPUSD": 0.2165376004697771, "Gold": 2.1426975648394495}
