{"FTSE100": 0.9832992324709422, "DJIA": -0.3164423517225787, "GBPUSD": 0.12668250197941772, "Gold": 0.3568950133835652}
