{"FTSE100": -0.07388169972685728, "DJIA": -0.20408175406198337, "GBPUSD": 0.09065435965057696, "Gold": 0.1869358542968541}
