{"FTSE100": -0.15262139019599122, "DJIA": -0.5142386249196158, "GBPUSD": 0.45529476411021486, "Gold": 1.0159714150415389}
