{"FTSE100": -0.6025026227046363, "DJIA": 0.15009898564248253, "GBPUSD": -0.2710917604534692, "Gold": 2.0488953084042127}
