{"FTSE100": -1.265991155759403, "DJIA": -0.7165341860988385, "GBPUSD": 0.49606299212598204, "Gold": 0.6850736973219751}
