{"FTSE100": 0.6419007344073131, "DJIA": 0.32945334552794114, "GBPUSD": -0.024537870112871497, "Gold": 0.0886155129274419}
