{"FTSE100": -1.2346107022706654, "DJIA": -0.5411177353799231, "GBPUSD": 0.05764638063080975, "Gold": 0.7772810404389329}
