{"FTSE100": -0.37155046455755464, "DJIA": -1.2432998983641548, "GBPUSD": -0.08651199370822657, "Gold": -0.753390256152687}
