{"FTSE100": 0.04993787888525364, "DJIA": -0.23593592686165918, "GBPUSD": -0.2985074626865527, "Gold": 0.7350075171223367}
