{"FTSE100": 0.36591213980902415, "DJIA": 0.04053127880320813, "GBPUSD": -0.4598302740289265, "Gold": 0.4324570388073152}
