{"FTSE100": 0.6951685319754789, "DJIA": 0.4658403495534576, "GBPUSD": -0.007984031936144591, "Gold": -0.06572295247724745}
