{"FTSE100": 0.047710855134711225, "DJIA": 0.463706475734112, "GBPUSD": -0.1376814444750339, "Gold": -0.35924973528966875}
