{"FTSE100": -0.41589053158930556, "DJIA": 0.023032329668518616, "GBPUSD": -0.1704658077304162, "Gold": 0.4229772138081469}
