{"FTSE100": 0.10075391724281646, "DJIA": 0.2779177178711294, "GBPUSD": 0.5824622995292494, "Gold": 0.09541026413578843}
