{"FTSE100": 0.586571281619679, "DJIA": 2.813908960571047, "GBPUSD": 0.1973284760169957, "Gold": 0.37267080745341613}
