{"FTSE100": 0.2776358803617793, "DJIA": -0.3999976388782221, "GBPUSD": -0.2744739249771308, "Gold": 0.04535490210899607}
