{"FTSE100": 0.2128865362395588, "DJIA": -1.4520094140309556, "GBPUSD": -0.4689421894218938, "Gold": 0.4562489815870872}
