{"FTSE100": 0.48197451726669344, "DJIA": -0.3323399515475383, "GBPUSD": -0.7514299599984966, "Gold": 0.9521641819354313}
