{"FTSE100": -0.7560343846819436, "DJIA": -0.15289448012932408, "GBPUSD": -0.18795520400972507, "Gold": -0.9827755650959499}
