{"FTSE100": 0.5842243694164169, "DJIA": -0.14294735194297686, "GBPUSD": -0.36836935166993684, "Gold": 0.24465150174379496}
