{"FTSE100": -0.37459929813685217, "DJIA": -0.0025749426324333025, "GBPUSD": -0.29465517884449655, "Gold": -0.4229218707491383}
