{"FTSE100": -0.4262773565975039, "DJIA": 0.40898461698314914, "GBPUSD": 0.1654455211533909, "Gold": 0.43137254901961675}
