{"FTSE100": 0.19326164874552387, "DJIA": 0.7995825270930478, "GBPUSD": 0.6623001207508672, "Gold": 0.159297887048773}
