{"FTSE100": -0.19901113577866422, "DJIA": 0.06612084902247252, "GBPUSD": 0.04022526146419508, "Gold": -0.005051780752710738}
