{"FTSE100": 0.5163248959564463, "DJIA": 0.5190625735796204, "GBPUSD": 0.12672381662318558, "Gold": 0.0}
