{"FTSE100": -0.7372395799189793, "DJIA": -0.3333544715962616, "GBPUSD": -0.41248786800389065, "Gold": 0.0}
