{"FTSE100": -0.21792585306890816, "DJIA": 0.08650749020929155, "GBPUSD": 0.3079109426811773, "Gold": 0.9243697478991597}
