{"FTSE100": 0.006406312514437227, "DJIA": 0.7227088649545987, "GBPUSD": 0.5410760554793558, "Gold": 1.762791607111153e-14}
