{"FTSE100": 0.2718389537873812, "DJIA": 0.0, "GBPUSD": -0.5650604300737618, "Gold": -1.1008280565026747}
