{"FTSE100": -1.0143036312711065, "DJIA": -0.3808099234064784, "GBPUSD": 0.024158479626346187, "Gold": 1.05606856793021}
