{"FTSE100": 0.2534715296921029, "DJIA": -0.10753075007499042, "GBPUSD": 0.4869734599464334, "Gold": 0.0}
