{"FTSE100": -0.4877628425840124, "DJIA": -0.682834275202848, "GBPUSD": 0.4674403610573845, "Gold": -0.37111334002005336}
