{"FTSE100": -0.431409377351143, "DJIA": 0.5830496679569971, "GBPUSD": 0.23192578374921025, "Gold": 0.546088891136166}
