{"FTSE100": -0.29642104906816136, "DJIA": -0.03706468446607502, "GBPUSD": 0.5856295517681529, "Gold": 0.0}
