{"FTSE100": 0.23208115353885647, "DJIA": -0.04282096659781271, "GBPUSD": -0.08878844135927845, "Gold": -0.0364185005983063}
