{"FTSE100": 0.4445908459034877, "DJIA": 0.34027004965234975, "GBPUSD": -0.46863869830914157, "Gold": 0.0}
