{"FTSE100": 0.1932571230181139, "DJIA": 0.9113603108485023, "GBPUSD": 0.1148633126579414, "Gold": 1.3851789666488485}
