{"FTSE100": 0.2698195228156999, "DJIA": 1.0778702516553311, "GBPUSD": -0.03818542844051985, "Gold": -0.5494640272769664}
