{"FTSE100": 0.6730643397162146, "DJIA": 0.3745557446196195, "GBPUSD": 0.030745580322825202, "Gold": -0.003716090672609032}
