{"FTSE100": -0.4594136995247144, "DJIA": -0.24737160418128915, "GBPUSD": 0.1134326173661797, "Gold": 0.159297887048773}
