{"FTSE100": 0.21710444194798167, "DJIA": -0.31988677401942933, "GBPUSD": 0.04101875675877618, "Gold": 0.0}
