{"FTSE100": 0.3409952682567313, "DJIA": -0.1941338524261538, "GBPUSD": -0.10351142606894313, "Gold": -0.06402363949765844}
