{"FTSE100": 1.8507436286720824, "DJIA": 0.4838642504311921, "GBPUSD": 0.5481834335185968, "Gold": 0.0}
