{"FTSE100": 0.3143203708942084, "DJIA": 0.3523730113937778, "GBPUSD": -0.333232353832169, "Gold": 0.0}
