{"FTSE100": 0.06973686763821241, "DJIA": 0.25122059726733825, "GBPUSD": -0.20626895854398802, "Gold": 0.12760367798836897}
