{"FTSE100": 0.9327432704107037, "DJIA": -0.2226392059964714, "GBPUSD": -0.008101101749855073, "Gold": 0.0}
