{"FTSE100": 0.2907725389948566, "DJIA": 0.5026427393806943, "GBPUSD": -0.11610549013102055, "Gold": -0.20399398754563997}
