{"FTSE100": 0.010847175852118836, "DJIA": 1.359736488235109, "GBPUSD": 0.7357018743761415, "Gold": -1.6549723184415457}
