{"FTSE100": -0.08388990690182499, "DJIA": -1.6922105830537704, "GBPUSD": -0.16226240148354124, "Gold": 0.24947351368865295}
