{"FTSE100": -0.057813685272608537, "DJIA": 0.4896193646091157, "GBPUSD": -0.06297724946862253, "Gold": 0.23784812316208268}
