{"FTSE100": -0.5959251629761415, "DJIA": 1.617479991019575, "GBPUSD": -0.03307729060236241, "Gold": -0.7151060740676534}
