{"FTSE100": -0.6875414689545518, "DJIA": -1.2493653688764783, "GBPUSD": -0.22470168913682803, "Gold": -0.07044296191937482}
