{"FTSE100": 0.260212456410624, "DJIA": 0.1593306653306496, "GBPUSD": -0.13451495489792964, "Gold": 1.3329681365835968}
