{"FTSE100": -0.4236616115000942, "DJIA": 0.3650556116247581, "GBPUSD": 0.5075745744182549, "Gold": 1.0658016682113067}
