{"FTSE100": -1.2726049384885136, "DJIA": -0.7184551957663149, "GBPUSD": -0.03420622553303481, "Gold": 0.051707581316325045}
