{"FTSE100": -0.1668005437056126, "DJIA": 0.526500436470395, "GBPUSD": 0.08805635606787374, "Gold": 0.0}
