{"FTSE100": -0.1002906677111419, "DJIA": 0.8603362734405032, "GBPUSD": -0.16101853585469944, "Gold": 0.27861786488223794}
