{"FTSE100": 0.933595983447529, "DJIA": -0.7124813051707788, "GBPUSD": -0.0037434956762537695, "Gold": 0.9321531005835296}
