{"FTSE100": -0.19022749056198285, "DJIA": -0.3972519703013285, "GBPUSD": 0.007912644405759534, "Gold": 0.10755001075500108}
