{"FTSE100": -0.9291857631455192, "DJIA": -1.6292390189370023, "GBPUSD": 0.497390737116764, "Gold": 0.0}
