{"FTSE100": 0.6253169238845753, "DJIA": 0.28643416127243515, "GBPUSD": 0.06388755789811004, "Gold": 0.31731057844861243}
