{"FTSE100": -0.7623602509861613, "DJIA": -0.8708563360915874, "GBPUSD": -0.007832693663367354, "Gold": 1.166130760986078}
