{"FTSE100": 0.38050232630538044, "DJIA": 0.7147250259409423, "GBPUSD": 0.5964830738244494, "Gold": -0.6418219461697723}
