{"FTSE100": -0.7999011142848788, "DJIA": -0.8207649130445496, "GBPUSD": 0.03778147196616042, "Gold": -0.21903453014945495}
