{"FTSE100": 0.6730643397162146, "DJIA": 0.3623220366918423, "GBPUSD": 0.15780762865171527, "Gold": 0.6058339566193072}
