{"FTSE100": -0.815716570861325, "DJIA": -0.31818228450353336, "GBPUSD": -0.1238850346878144, "Gold": 0.20664281034221604}
