{"FTSE100": -0.3837956414842082, "DJIA": 0.28269037535719965, "GBPUSD": -0.19474955207602607, "Gold": -0.786602385181426}
