{"FTSE100": 0.010919724735578866, "DJIA": -0.07631359503334861, "GBPUSD": 0.007405761682588238, "Gold": 0.07803823873697839}
