{"FTSE100": 1.6225224246091456, "DJIA": 1.617479991019575, "GBPUSD": 0.9795191451469354, "Gold": 0.08667952412941253}
