{"FTSE100": 0.2807876217380223, "DJIA": 0.06675392602946106, "GBPUSD": 0.0, "Gold": 0.7525823905558378}
