{"FTSE100": -0.022088038129806538, "DJIA": 0.17459712995045848, "GBPUSD": 0.015885623510721043, "Gold": 0.0}
