{"FTSE100": -0.552425822935558, "DJIA": 1.2579542251060856, "GBPUSD": 0.3048665738266483, "Gold": 0.13910355486863848}
