{"FTSE100": 0.5088209326391392, "DJIA": -0.2265789378498035, "GBPUSD": 0.03934839065083552, "Gold": -0.17823930564165796}
