{"FTSE100": 0.8243462090598417, "DJIA": 0.18926027626300668, "GBPUSD": -0.030362835888851823, "Gold": 0.688263047813614}
