{"FTSE100": 0.30425382905513915, "DJIA": 0.8398503849758934, "GBPUSD": 0.6737699780633158, "Gold": 0.17868745938921746}
