{"FTSE100": 0.12214483438171606, "DJIA": -0.5310252474825794, "GBPUSD": -0.14991320814265524, "Gold": -0.13023255813953488}
