{"FTSE100": -0.4815066932985343, "DJIA": -0.6167640873375843, "GBPUSD": -0.02374169040835446, "Gold": -0.9332095568476039}
