{"FTSE100": -0.13791225777886504, "DJIA": 0.32945334552794114, "GBPUSD": 0.5331802149126363, "Gold": -0.5369057547956606}
