{"FTSE100": 0.6311233441808368, "DJIA": 0.3680293300623806, "GBPUSD": -0.11844598862917205, "Gold": 0.3821656050955539}
