{"FTSE100": 0.12730032937689975, "DJIA": -0.002566084251074419, "GBPUSD": 0.31743688173630374, "Gold": 1.3639237647909006}
