{"FTSE100": -0.8237363638664627, "DJIA": -0.10313620729345407, "GBPUSD": 0.06657789613849317, "Gold": 0.0}
