{"FTSE100": 0.22894014482812713, "DJIA": 1.0014658993795054, "GBPUSD": 0.16138142499798286, "Gold": -0.2803156146179449}
