{"FTSE100": -0.035031114994597226, "DJIA": 0.5511257227108757, "GBPUSD": -0.17090206568583508, "Gold": -0.04495089115141707}
