{"FTSE100": 0.10480882922217677, "DJIA": -0.3123162200997732, "GBPUSD": 0.6501744370440837, "Gold": 0.617093489663684}
