{"FTSE100": 0.059918704892288156, "DJIA": 0.1664131657039827, "GBPUSD": -0.3089682087974653, "Gold": -0.24913565182022018}
