{"FTSE100": 0.5385704132522795, "DJIA": 0.6943314717769956, "GBPUSD": -0.039277297721929845, "Gold": -0.7853514874727939}
