{"FTSE100": 0.6010253314235496, "DJIA": 1.229352249857853, "GBPUSD": 0.07754514235072527, "Gold": 0.5634564673533322}
