{"FTSE100": 0.06478656694048558, "DJIA": 0.1288111635688689, "GBPUSD": 0.14582853634199022, "Gold": -0.17520805957074387}
