{"FTSE100": -0.17604216424519092, "DJIA": -0.15290901726892153, "GBPUSD": -0.554631170271761, "Gold": -0.7474997422414681}
