{"FTSE100": -2.311029993724549, "DJIA": -2.6353855298528464, "GBPUSD": -0.16408813877168235, "Gold": -1.5129653295955918}
