{"FTSE100": 0.5438161146303764, "DJIA": 0.29258762146241046, "GBPUSD": -0.16097875080487603, "Gold": 0.34916201117318435}
