{"FTSE100": -0.383386029901388, "DJIA": -0.4704583586850245, "GBPUSD": -0.3391434655729924, "Gold": 0.6167164636481999}
