{"FTSE100": 0.5528400433519614, "DJIA": 0.7735517288974445, "GBPUSD": 0.15744571784263456, "Gold": -0.27914515548085544}
