{"FTSE100": -0.03519120114922095, "DJIA": -0.8842197088974583, "GBPUSD": -0.8551068883610563, "Gold": -0.7809046706939782}
