{"FTSE100": -0.05908984683864498, "DJIA": 0.2765969764780759, "GBPUSD": 0.4415450097458088, "Gold": 1.2436577270819786}
