{"FTSE100": 0.7623678869824249, "DJIA": 0.7491755133379545, "GBPUSD": -0.6802195253922794, "Gold": -0.6017699115044178}
