{"FTSE100": -0.0769373952968882, "DJIA": -0.002566084251074419, "GBPUSD": 0.3543481470544912, "Gold": 1.150152048896511}
