{"FTSE100": -0.3521976575945151, "DJIA": 0.0935591364620649, "GBPUSD": -0.07861017215626837, "Gold": -0.17352073572791946}
