{"FTSE100": -0.6546860211315162, "DJIA": 0.0, "GBPUSD": 0.4945443127404013, "Gold": 1.1704312114989732}
