{"FTSE100": 0.4063044868647663, "DJIA": -0.39569295406104354, "GBPUSD": 0.17193384640576312, "Gold": 0.0}
