{"FTSE100": 0.713180676095281, "DJIA": -1.1185536979590924, "GBPUSD": -0.024748391354577542, "Gold": 0.7591754650578248}
