{"FTSE100": 0.5842243694164169, "DJIA": 0.15895463054670386, "GBPUSD": -0.14734774066797837, "Gold": 0.24465150174379496}
