{"FTSE100": 0.2790654877713757, "DJIA": 0.19838740499920998, "GBPUSD": 0.5019854648984903, "Gold": 1.3630306491528719}
