{"FTSE100": -0.36266693961677215, "DJIA": -0.94575707267771, "GBPUSD": -0.11967985638415916, "Gold": -0.8969924371225863}
