{"FTSE100": 0.6595183218091403, "DJIA": -0.11664376752894585, "GBPUSD": -0.2025931928687153, "Gold": 0.0}
