{"FTSE100": 0.09336151794252444, "DJIA": 0.0, "GBPUSD": 0.41203131437990237, "Gold": 0.23219396295696065}
