{"FTSE100": -0.6576406917405837, "DJIA": -0.052667231627224344, "GBPUSD": 0.25969937829541656, "Gold": -0.22711318495271915}
