{"FTSE100": -0.5465406983313196, "DJIA": -0.3002837209004943, "GBPUSD": 0.23597472786784504, "Gold": 0.0}
