{"FTSE100": 0.13985631521581732, "DJIA": 0.19660393016077043, "GBPUSD": 0.1806897635320896, "Gold": 0.4976049853508728}
