{"FTSE100": -0.28231657497359697, "DJIA": 0.6900935969219066, "GBPUSD": 0.023618327822387573, "Gold": -0.1507272590247946}
