{"FTSE100": -0.14346524942141226, "DJIA": -0.3078819966269235, "GBPUSD": -0.025781739162467125, "Gold": -0.4794919976673519}
