{"FTSE100": -0.3674889854471377, "DJIA": -1.0160490874228727, "GBPUSD": -0.5494048114542528, "Gold": 0.0}
