{"FTSE100": 0.23549978035115815, "DJIA": 0.24580372744246395, "GBPUSD": -0.40590405904057847, "Gold": 0.3101568851817333}
