{"FTSE100": 0.22326908912349666, "DJIA": -0.11445178124749743, "GBPUSD": 0.2699828192751254, "Gold": -0.28701142827323484}
