{"FTSE100": 0.4236653343480571, "DJIA": -0.3856438103780602, "GBPUSD": -0.09475798809839467, "Gold": 0.1599360255897641}
