{"FTSE100": 0.26607417160413516, "DJIA": -0.7736004263888471, "GBPUSD": -0.011148686313119957, "Gold": 0.11214394298103521}
