{"FTSE100": 0.23123050463965433, "DJIA": 0.007125584596024881, "GBPUSD": 0.015558148580317227, "Gold": 0.0}
