{"FTSE100": 0.368018481794006, "DJIA": 0.6211655801358724, "GBPUSD": -0.20498676903581903, "Gold": -0.02995805871778487}
