{"FTSE100": -0.007482828199424174, "DJIA": -1.008917915594655, "GBPUSD": -0.40849018822587935, "Gold": 0.0}
