{"FTSE100": 0.5238081493858082, "DJIA": 1.117045217631898, "GBPUSD": 0.022379709063779705, "Gold": 0.0}
