{"FTSE100": 0.6167595798798997, "DJIA": -1.0068272575035337, "GBPUSD": -0.36577002209859905, "Gold": 0.3059950879736025}
