{"FTSE100": 0.689151258836653, "DJIA": 1.780109015993295, "GBPUSD": -0.2517213296808949, "Gold": -0.033342426722450476}
