{"FTSE100": 0.3848898049785846, "DJIA": 0.7585830518055279, "GBPUSD": 0.25467568643056837, "Gold": 0.7787770687836004}
