{"FTSE100": -0.2285721875062261, "DJIA": 0.8194790170702327, "GBPUSD": -0.28346456692913763, "Gold": -0.12071463061323032}
