{"FTSE100": 0.7761645679526143, "DJIA": 0.0, "GBPUSD": 0.16902768834515558, "Gold": 0.8230247406225059}
