{"FTSE100": 0.6540813811027487, "DJIA": 0.6914002799336821, "GBPUSD": -0.4234818757527452, "Gold": -0.21829044117648103}
