{"FTSE100": -0.5479745023139304, "DJIA": -0.16723100023349213, "GBPUSD": 0.14165420634294495, "Gold": -0.9414873848949159}
