{"FTSE100": 0.23549978035115815, "DJIA": 0.24580372744246395, "GBPUSD": -0.3542435424354181, "Gold": -0.027009993697670865}
