{"FTSE100": -0.050889650776330925, "DJIA": 0.27325301549328884, "GBPUSD": 0.2091040694868856, "Gold": 0.3037010346425125}
