{"FTSE100": -0.9402560864324403, "DJIA": -0.14583196302654938, "GBPUSD": -0.32899890333698745, "Gold": 0.6501822480543811}
