{"FTSE100": 0.1716878205554294, "DJIA": 0.13293175482014213, "GBPUSD": -0.09408753904631, "Gold": -1.0235069171071938}
