{"FTSE100": 0.16279415791534, "DJIA": -0.6763937582135626, "GBPUSD": -0.17462165308498176, "Gold": -0.1853669174571946}
