{"FTSE100": -0.1420136710792712, "DJIA": -0.32287212173439556, "GBPUSD": -0.672391445236568, "Gold": -1.1101973684210595}
