{"FTSE100": 0.35729279251114304, "DJIA": -0.18538834180854322, "GBPUSD": -0.05825565912116536, "Gold": 0.5090558353874183}
