{"FTSE100": -0.004853236771904371, "DJIA": 0.6567554437059103, "GBPUSD": 0.16162922256343962, "Gold": 0.0}
