{"FTSE100": -0.011018803406382605, "DJIA": 0.2765969764780759, "GBPUSD": 0.3540315843907924, "Gold": 1.0986914889558685}
