{"FTSE100": 0.1895583003201259, "DJIA": -0.31661186361566174, "GBPUSD": 0.015604275571504874, "Gold": -0.030648209633760862}
