{"FTSE100": -1.5252402282400526, "DJIA": 0.5605149421433138, "GBPUSD": 1.2955060931072948, "Gold": -1.261186661995602}
