{"FTSE100": -0.09003373263849522, "DJIA": 1.0496807521419425, "GBPUSD": -0.09127115831398115, "Gold": -0.1483924154987534}
