{"FTSE100": -1.1595285081871038, "DJIA": -0.02379673106423223, "GBPUSD": -0.594220594220601, "Gold": -0.4162905005517194}
