{"FTSE100": -0.27540706136409343, "DJIA": 0.5228724792609903, "GBPUSD": 0.032781511227682185, "Gold": 0.5049560501215635}
