{"FTSE100": -0.43611338685891565, "DJIA": 0.12661153708526426, "GBPUSD": 0.007926442612554612, "Gold": 0.0}
