{"FTSE100": 0.043237455990444214, "DJIA": 0.2696752076129649, "GBPUSD": -0.354112873478415, "Gold": 0.0}
