{"FTSE100": 0.4398158459478591, "DJIA": 0.10677358808036587, "GBPUSD": -0.17313291886363433, "Gold": 0.3752345215759805}
