{"FTSE100": -0.030689190043837092, "DJIA": -0.4497342195254305, "GBPUSD": -0.018766655406663023, "Gold": 0.27942300343906973}
