{"FTSE100": -0.03641613234663586, "DJIA": -0.19136923871006015, "GBPUSD": 0.05920224968549796, "Gold": 0.0}
