{"FTSE100": -0.12020443811865127, "DJIA": -0.1603500466889296, "GBPUSD": 0.23822758675453756, "Gold": 0.7954262987820034}
