{"FTSE100": -0.032045080777784125, "DJIA": 0.09292343123922793, "GBPUSD": 0.0038035829751537384, "Gold": 0.47513589691967717}
