{"FTSE100": 0.1794932727943908, "DJIA": 0.7955544708420131, "GBPUSD": -0.09496676163343541, "Gold": 0.576170615298604}
