{"FTSE100": 0.014658148213694435, "DJIA": 0.3250181204907131, "GBPUSD": -0.09504197687312607, "Gold": 0.0}
