{"FTSE100": -1.0072397232945005, "DJIA": 0.04053127880320813, "GBPUSD": 0.02243829468961773, "Gold": -0.17829369143811966}
