{"FTSE100": -0.5551670919487662, "DJIA": -0.3244880526542227, "GBPUSD": -0.1546085232903783, "Gold": 0.1262109428298478}
