{"FTSE100": 0.760844776069393, "DJIA": -0.33657975136215806, "GBPUSD": -0.9857789269553966, "Gold": -0.8299616142753397}
