{"FTSE100": -1.0094295852072552, "DJIA": -0.40707833905014884, "GBPUSD": 0.1852896157254466, "Gold": 0.2911133810010238}
