{"FTSE100": 0.22303999930402188, "DJIA": -0.27362807286722257, "GBPUSD": -0.062282469316709686, "Gold": -0.5963837458320909}
