{"FTSE100": -0.3832869080779916, "DJIA": -0.33138249353109483, "GBPUSD": -0.16633663366336562, "Gold": -0.2063679245283041}
