{"FTSE100": -0.5114768315140534, "DJIA": 0.8517744731164036, "GBPUSD": 0.21964229683086864, "Gold": -0.3866776654980408}
