{"FTSE100": -0.34946348053302106, "DJIA": -0.09677257692693851, "GBPUSD": -0.15000789515237742, "Gold": 0.029411764705893816}
