{"FTSE100": -0.796681479478907, "DJIA": -0.13352971165839075, "GBPUSD": 0.18115243784930232, "Gold": -0.09843596193808808}
