{"FTSE100": -0.10407454541533097, "DJIA": 0.1664131657039827, "GBPUSD": -0.21139930075615382, "Gold": 0.0508440105755542}
