{"FTSE100": -0.02324617217024215, "DJIA": -0.18019175525145573, "GBPUSD": -0.37710234557659816, "Gold": 1.8023358205638465e-14}
