{"FTSE100": -0.2179408615207367, "DJIA": 0.03653682417730629, "GBPUSD": -0.19102990033222333, "Gold": -0.18942469015532823}
