{"FTSE100": -0.13032668009992185, "DJIA": 0.30194559396477405, "GBPUSD": 0.2924796666533237, "Gold": 0.7079521957032144}
