{"FTSE100": 0.15679486380848398, "DJIA": 0.43329442530001805, "GBPUSD": 0.20712180355293042, "Gold": 0.7987866531850446}
