{"FTSE100": 1.4217533888066052, "DJIA": 0.7696417010991774, "GBPUSD": -0.20132726866004957, "Gold": 3.361898483849695}
