{"FTSE100": 0.2828570335931999, "DJIA": 0.6707738238767136, "GBPUSD": -0.04937458854509002, "Gold": -0.27201289542614665}
