{"FTSE100": -0.8091212229410201, "DJIA": -0.6120663862601452, "GBPUSD": -0.10621140002359956, "Gold": -0.21176826501285392}
