{"FTSE100": 0.34235689652620077, "DJIA": -0.37774436494881464, "GBPUSD": -0.19283303872729857, "Gold": -0.0068669527896933254}
