{"FTSE100": 0.062334890621136126, "DJIA": -0.36051388778331644, "GBPUSD": -0.07885191610155258, "Gold": 0.3648015775203397}
