{"FTSE100": 0.7257928491078882, "DJIA": -0.6080214447008778, "GBPUSD": 0.6627454229144235, "Gold": 0.29828486204324645}
