{"FTSE100": -0.2445535781275079, "DJIA": 0.018343332322522367, "GBPUSD": 0.02613793360965404, "Gold": -1.0268153948437682}
