{"FTSE100": -0.1447904753526223, "DJIA": 0.9083470113363914, "GBPUSD": 0.5286513602160928, "Gold": 0.2521837652132464}
