{"FTSE100": 0.7689402408079936, "DJIA": 0.7286605617041493, "GBPUSD": 0.4308891303533399, "Gold": 0.0}
