{"FTSE100": 0.28793678925581023, "DJIA": 0.3783757896255382, "GBPUSD": 0.16016657323616573, "Gold": -0.34675109301975426}
