{"FTSE100": 0.3131765446033916, "DJIA": -0.7519028174464846, "GBPUSD": -0.7423545549907283, "Gold": 0.08533333333333656}
