{"FTSE100": -0.24897997091628585, "DJIA": -1.1061257437845118, "GBPUSD": 0.615207940283821, "Gold": -0.5369057547956606}
