{"FTSE100": 0.29856413687873773, "DJIA": -0.04590999480546758, "GBPUSD": 0.27857308674456766, "Gold": 0.5210580465301455}
