{"FTSE100": -0.6632803097726299, "DJIA": -0.16617483850439813, "GBPUSD": 0.055476303693130675, "Gold": 0.0}
