{"FTSE100": 1.213727729696392, "DJIA": 1.6383344263575952, "GBPUSD": -0.09322560596644576, "Gold": 0.2815126050420283}
