{"FTSE100": 0.13105315172086654, "DJIA": 2.018354154804569, "GBPUSD": 0.8835700704619107, "Gold": 1.2226917198597556}
