{"FTSE100": 0.06680295856526243, "DJIA": 0.28269037535719965, "GBPUSD": -0.09338521400778908, "Gold": 0.2652519893899227}
