{"FTSE100": 0.11191595048889394, "DJIA": 0.3293076217979727, "GBPUSD": -0.2830267210521992, "Gold": 0.0}
