{"FTSE100": -0.23976727231886194, "DJIA": -0.6846589357597235, "GBPUSD": -0.39003900390038043, "Gold": 0.0}
