{"FTSE100": 1.397925290813871, "DJIA": 0.12825523211701007, "GBPUSD": 0.23607176581679976, "Gold": 0.2082403688829414}
