{"FTSE100": 0.232191529763226, "DJIA": 0.393657840193897, "GBPUSD": 0.0, "Gold": -0.17132177343993119}
