{"FTSE100": -0.48504446240906735, "DJIA": 0.8666046407636399, "GBPUSD": 0.7353236629565629, "Gold": 0.8490890340323229}
