{"FTSE100": -0.39883352951391887, "DJIA": 0.2765969764780759, "GBPUSD": -0.13524264120921345, "Gold": 0.3362885967594077}
