{"FTSE100": -0.8098366049952546, "DJIA": -0.21080212174730154, "GBPUSD": 0.04948045522018257, "Gold": 0.0}
