{"FTSE100": -0.12194218791099858, "DJIA": 1.5743560346611192, "GBPUSD": -0.06406662929447697, "Gold": -0.15076134479119552}
