{"FTSE100": -0.02366169569853244, "DJIA": -0.3572957917598898, "GBPUSD": 0.007638252367857392, "Gold": -1.3036198373465084}
