{"FTSE100": -0.03519120114922095, "DJIA": -0.6225161314023012, "GBPUSD": -0.7125890736342136, "Gold": -0.5942733657482508}
