{"FTSE100": -0.07580431197506962, "DJIA": 0.3311223620546374, "GBPUSD": -0.2893474453666356, "Gold": -0.22458146182114452}
