{"FTSE100": 0.13103871915925971, "DJIA": -0.024509001882573527, "GBPUSD": 0.09236339453947415, "Gold": 0.23986567522187574}
