{"FTSE100": 0.5320646975133888, "DJIA": 0.836059363995143, "GBPUSD": 0.3321470937129461, "Gold": 0.6130202037644542}
