{"FTSE100": -0.3115518237068194, "DJIA": -0.2628072145943786, "GBPUSD": 0.1728921233565274, "Gold": 0.9068627450980424}
