{"FTSE100": 0.029615291067906776, "DJIA": 0.1432975646817703, "GBPUSD": 0.5168164109087978, "Gold": 1.379920389208327}
