{"FTSE100": -0.46990344432567227, "DJIA": -0.006318004675324216, "GBPUSD": 0.22344585428137526, "Gold": 1.8586881868131946}
