{"FTSE100": -0.20488863056571813, "DJIA": 0.8017027632632096, "GBPUSD": 0.46698872785829526, "Gold": -0.45368620037807184}
