{"FTSE100": -0.29073914137288104, "DJIA": -0.8275391460364453, "GBPUSD": -0.04843005892325094, "Gold": 0.2339242085564277}
