{"FTSE100": -0.8781766631827652, "DJIA": 0.09039556174383957, "GBPUSD": -0.2705209460503987, "Gold": 1.0043738862789569}
