{"FTSE100": -0.5688359179251182, "DJIA": -1.395706109158024, "GBPUSD": 0.38137613221040345, "Gold": 0.8563403439062821}
