{"FTSE100": -0.2931444638070942, "DJIA": -0.09081750954431816, "GBPUSD": 0.05547190744117164, "Gold": -0.32904429820253633}
