{"FTSE100": 0.391355032104067, "DJIA": 0.377089524600167, "GBPUSD": -0.016104356228357996, "Gold": -0.014169323414794056}
