{"FTSE100": 0.17829045085164016, "DJIA": -0.48102800367574927, "GBPUSD": -0.15681354869060699, "Gold": 0.18486240954946387}
