{"FTSE100": 0.6486696351065441, "DJIA": 0.9171972584841794, "GBPUSD": -0.30142317524513706, "Gold": -0.30592734225621415}
