{"FTSE100": 0.4575337024896188, "DJIA": -0.026689074681673242, "GBPUSD": 0.37729790479248027, "Gold": 0.0}
