{"FTSE100": 0.19734903892047434, "DJIA": -0.8028017609270436, "GBPUSD": 0.6097560975609797, "Gold": 1.0276522861539898}
