{"FTSE100": 0.6250128771801787, "DJIA": 0.25122059726733825, "GBPUSD": -0.7482305358948417, "Gold": 0.2026646650403487}
