{"FTSE100": 0.10988249959602527, "DJIA": 0.009816050040251186, "GBPUSD": -0.2858467243510535, "Gold": 0.009921619208245762}
