{"FTSE100": 0.012447143264289017, "DJIA": -0.94575707267771, "GBPUSD": 0.6055591078346645, "Gold": 0.5716128275781204}
