{"FTSE100": 0.8939828970430925, "DJIA": 0.7007915989781351, "GBPUSD": 0.6918135397792754, "Gold": 0.7734983463138803}
