{"FTSE100": 0.07517132300202807, "DJIA": 1.0722036287445247, "GBPUSD": 0.5095135737600479, "Gold": 1.9364950955607216}
