{"FTSE100": 0.20871814531274901, "DJIA": -0.7580271592361629, "GBPUSD": -0.25022197110340644, "Gold": 0.0}
