{"FTSE100": -0.019291926388704316, "DJIA": -0.8928861468345831, "GBPUSD": -0.6637001282147913, "Gold": 1.8023358205638465e-14}
