{"FTSE100": 0.0, "DJIA": 0.7227088649545987, "GBPUSD": 0.3124523700655382, "Gold": 1.762791607111153e-14}
