{"FTSE100": -0.06302232828033019, "DJIA": 0.19542928964835954, "GBPUSD": -0.03142924491240496, "Gold": 0.0}
