{"FTSE100": -0.013130866637200892, "DJIA": 0.07576690339000201, "GBPUSD": -0.04651162790697162, "Gold": 0.0}
