{"FTSE100": -0.5688359179251182, "DJIA": -1.089438170423263, "GBPUSD": 0.6117908787541745, "Gold": 0.8357881756525344}
