{"FTSE100": 0.16570814859463953, "DJIA": 1.045956616328452, "GBPUSD": -0.1643876559814675, "Gold": 0.48613096940233613}
