{"FTSE100": 0.975504811531307, "DJIA": 0.19596393839252868, "GBPUSD": -0.09404388714732506, "Gold": 2.119843121679979}
