{"FTSE100": 0.03631523206093564, "DJIA": 0.3250181204907131, "GBPUSD": 0.18216378900680885, "Gold": 0.0}
