{"FTSE100": 1.426408261069776, "DJIA": 0.5036677750515509, "GBPUSD": 0.0632464005357355, "Gold": 1.6399882156535401}
