{"FTSE100": 0.2466584576660189, "DJIA": 0.14332404669310184, "GBPUSD": -0.5686368732981023, "Gold": 0.0}
