{"FTSE100": -0.49185893201608477, "DJIA": 0.127595015725482, "GBPUSD": -0.0397804121250829, "Gold": -0.1477932932422721}
