{"FTSE100": 0.8484255900519785, "DJIA": -0.42601369597929717, "GBPUSD": -0.5559032507454954, "Gold": -0.7984443593294352}
