{"FTSE100": -1.0481022667369497, "DJIA": -0.9782146707198871, "GBPUSD": -0.20593080724876003, "Gold": -0.4909732521863722}
