{"FTSE100": 0.13105315172086654, "DJIA": 1.8895401413403847, "GBPUSD": 0.8313760578607906, "Gold": -0.023707918444752462}
