{"FTSE100": 0.20658982051686692, "DJIA": 0.7089039031145925, "GBPUSD": 0.296515937731657, "Gold": -0.8872055618968511}
