{"FTSE100": 0.39683357602460245, "DJIA": -0.7587942618356444, "GBPUSD": -0.08673026886382393, "Gold": 0.056116722783397306}
