{"FTSE100": -1.3649401860357164, "DJIA": -0.8840415058034199, "GBPUSD": -0.3835016044454805, "Gold": -0.2782501159375413}
