{"FTSE100": 0.22481446763020546, "DJIA": -0.4136346274052164, "GBPUSD": 0.32162096968722387, "Gold": 0.44808798818676887}
