{"FTSE100": 0.4676484494950305, "DJIA": -0.4267107831152267, "GBPUSD": 0.023533103231876917, "Gold": 0.39842698954776185}
