{"FTSE100": 1.7465480789715262, "DJIA": -0.6005744960082198, "GBPUSD": 0.07091639744700187, "Gold": -0.11713030746704568}
