{"FTSE100": 1.6733482499339134, "DJIA": 0.11921303195197765, "GBPUSD": -0.2539077997302126, "Gold": -0.052140361854111264}
