{"FTSE100": 0.8915070450830047, "DJIA": -0.2864576665000428, "GBPUSD": -0.08691529709229621, "Gold": 0.21253178488746854}
