{"FTSE100": -0.42988861594374117, "DJIA": 0.3269463908926365, "GBPUSD": 0.15703282733866675, "Gold": -0.011345157508610289}
