{"FTSE100": 0.4091807344070921, "DJIA": 0.3445162992953385, "GBPUSD": 0.322372662798195, "Gold": 0.0}
