{"FTSE100": 0.06052033074839938, "DJIA": 1.7642739747664254e-14, "GBPUSD": 0.3297827982260017, "Gold": -0.011926058437675498}
