{"FTSE100": 0.1292147645798886, "DJIA": 0.7756100194817952, "GBPUSD": 0.411082792074315, "Gold": 0.2660059031447065}
