{"FTSE100": -0.1362636231455053, "DJIA": 0.21786044961515633, "GBPUSD": 0.4951298701298697, "Gold": 1.0728167919150062}
