{"FTSE100": -0.1447904753526223, "DJIA": 1.0223330286687726, "GBPUSD": 0.45919351726800095, "Gold": 0.13137247746596756}
