{"FTSE100": -0.22675056713503008, "DJIA": -0.46243362786645303, "GBPUSD": -0.13504388926399594, "Gold": -0.7310878492250036}
