{"FTSE100": -0.5964769240671847, "DJIA": 0.14261589529016802, "GBPUSD": 0.15978596113114313, "Gold": 0.0}
