{"FTSE100": 0.3130641231876941, "DJIA": -0.05452120254254874, "GBPUSD": 0.22793366344416605, "Gold": 0.5479053529868203}
