{"FTSE100": -0.53770787974242, "DJIA": 0.03186476005217594, "GBPUSD": 0.10446894950668868, "Gold": 0.4905575683734708}
