{"FTSE100": -0.1842819696077743, "DJIA": 0.8692896823256527, "GBPUSD": 0.03152585119797887, "Gold": 0.0}
