{"FTSE100": -1.2986147131886854, "DJIA": -0.8585878386325305, "GBPUSD": -0.04111842105262705, "Gold": 0.0}
