{"FTSE100": -0.24222560437782148, "DJIA": -0.36454083119177816, "GBPUSD": 0.01920786754255184, "Gold": 0.5200809014735658}
