{"FTSE100": 0.2072876447876483, "DJIA": -0.434599829936005, "GBPUSD": 0.22157701711492395, "Gold": 0.3186897414175679}
