{"FTSE100": -0.2260717475439027, "DJIA": 0.0743451223590785, "GBPUSD": -0.12604380022058026, "Gold": -0.3032045585237051}
