{"FTSE100": 1.0934655884198952, "DJIA": -0.15830066251674343, "GBPUSD": -0.05717085919633477, "Gold": 1.3751152073732786}
