{"FTSE100": -1.5535843726186247, "DJIA": -2.8501145758042834, "GBPUSD": 0.7726905777880207, "Gold": -1.1051307366476582}
