{"FTSE100": -2.577581033381304, "DJIA": -0.002851802778094189, "GBPUSD": 1.080811439973387, "Gold": 2.572502685284645}
