{"FTSE100": 0.6436040817616061, "DJIA": 0.9108276426074209, "GBPUSD": 0.6052662014726792, "Gold": 2.316810344827583}
