{"FTSE100": -0.09104017026449393, "DJIA": 1.7163406475245196e-14, "GBPUSD": 0.06461513609564122, "Gold": 0.0752190755575614}
