{"FTSE100": 0.14577462382680564, "DJIA": -0.11918919382881174, "GBPUSD": -0.12054970666236718, "Gold": -1.4494919306634855}
