{"FTSE100": 0.6498377700662725, "DJIA": 0.12162051830827923, "GBPUSD": 0.06337637645568676, "Gold": 0.058659627511367524}
