{"FTSE100": 1.2142841466358774, "DJIA": 1.6540415087346056, "GBPUSD": -0.17151257758900432, "Gold": -0.18064516129030916}
