{"FTSE100": 0.013772316070721262, "DJIA": 0.12672300894125516, "GBPUSD": -0.24568012447793902, "Gold": 0.0}
