{"FTSE100": -0.23568858984504723, "DJIA": -0.24079495223303546, "GBPUSD": -0.35263694067862617, "Gold": -0.8008266597778352}
