{"FTSE100": -1.2236021557649626, "DJIA": -0.862774881793168, "GBPUSD": 0.0039223377132853905, "Gold": -0.11538461538461539}
