{"FTSE100": 0.007263843372171052, "DJIA": 1.7163406475245196e-14, "GBPUSD": 0.15346094822712325, "Gold": -0.3422467937869009}
