{"FTSE100": -0.2813507294012447, "DJIA": -0.2306852536110123, "GBPUSD": -0.11023681909757489, "Gold": -0.09496913503111942}
