{"FTSE100": 0.5163255405513281, "DJIA": 0.4896193646091157, "GBPUSD": -0.09446587420293379, "Gold": 0.23784812316208268}
