{"FTSE100": -2.9207903895187717, "DJIA": 6.931064169800514, "GBPUSD": 0.3289989033370048, "Gold": 3.789920495890042}
