{"FTSE100": -0.27540706136409343, "DJIA": 0.06690762869905949, "GBPUSD": -0.15571217833140394, "Gold": 0.29923321488685245}
