{"FTSE100": 0.30010518081768317, "DJIA": -0.470034269697424, "GBPUSD": -0.21167686564292268, "Gold": 0.8600000000000061}
