{"FTSE100": 0.24765137622633887, "DJIA": 0.14308455936887354, "GBPUSD": -0.05180196847479634, "Gold": 0.4384206164621619}
