{"FTSE100": 0.2579895631494918, "DJIA": -1.0836312961629802, "GBPUSD": -0.14286848162552773, "Gold": 0.0}
