{"FTSE100": -0.2931444638070942, "DJIA": -0.09081750954431816, "GBPUSD": -0.031685678073507285, "Gold": 0.1428219650332475}
