{"FTSE100": 0.6436040817616061, "DJIA": 1.5635078949508472, "GBPUSD": 0.4281345565749273, "Gold": 0.13344919620134463}
