{"FTSE100": 0.31687025019952786, "DJIA": 0.2512947992615201, "GBPUSD": 0.07751651840096102, "Gold": 0.3820675627387822}
