{"FTSE100": -0.20484223267119894, "DJIA": 0.17796855021226818, "GBPUSD": 0.07074915494065898, "Gold": 0.16484469894151166}
