{"FTSE100": 0.1136540229309846, "DJIA": 0.36142779178824713, "GBPUSD": 0.5851326850173155, "Gold": -0.5821716605244934}
