{"FTSE100": 0.04993787888525364, "DJIA": 0.534221643848813, "GBPUSD": 0.25704809286899694, "Gold": 0.4176179074558717}
