{"FTSE100": 0.27835208406055073, "DJIA": 0.18506113468575647, "GBPUSD": -0.06351103971306425, "Gold": 0.30031833743768394}
