{"FTSE100": 0.5010615814939299, "DJIA": 0.3006370750608393, "GBPUSD": -0.17932771185469515, "Gold": -0.03059273422561098}
