{"FTSE100": -0.6933418882599897, "DJIA": -0.5079523690565482, "GBPUSD": 0.6288837313768033, "Gold": 0.5793606446489962}
