{"FTSE100": -0.2988811409661779, "DJIA": -0.6211076256077186, "GBPUSD": 0.5663611297414152, "Gold": 1.782948091000207}
