{"FTSE100": 0.05163266399812245, "DJIA": 1.344757089127148, "GBPUSD": -0.12697938452345645, "Gold": 1.1643915529109916}
