{"FTSE100": -0.1019652968537923, "DJIA": -0.21877415841540432, "GBPUSD": 0.3168514967064142, "Gold": -0.05428881650380022}
