{"FTSE100": 0.40377494817481063, "DJIA": -0.023643137848942092, "GBPUSD": 0.24564619615031819, "Gold": 0.137395459976116}
