{"FTSE100": 0.38975994330765434, "DJIA": 0.8561013432442545, "GBPUSD": 0.053337397135030856, "Gold": 0.7078607743449497}
