{"FTSE100": 0.017226344664712696, "DJIA": 0.28441796402708264, "GBPUSD": -0.20460548342694157, "Gold": -0.6390639063906309}
