{"FTSE100": 0.3981113238735933, "DJIA": -0.4948898040914321, "GBPUSD": -0.1811295899884719, "Coffee": -0.060919890344193914, "Gold": 0.0671253566034595}
