{"FTSE100": 0.21471071438704342, "DJIA": -0.07459320577215614, "GBPUSD": 0.385325519788082, "Gold": -0.034748076445759155}
