{"FTSE100": 0.933595983447529, "DJIA": -0.7124813051707788, "GBPUSD": -0.15348332272675366, "Gold": 1.0384729502522005}
