{"FTSE100": -0.4332474003213635, "DJIA": 0.06882950315087095, "GBPUSD": -0.06291286568102483, "Gold": 0.0}
