{"FTSE100": 0.20397574218486067, "DJIA": 0.32945334552794114, "GBPUSD": -0.33535089154261344, "Gold": -0.3127606338615513}
