{"FTSE100": 0.1895583003201259, "DJIA": -0.27208741207727305, "GBPUSD": 0.3833815820358443, "Gold": 0.040862192256612244}
