{"FTSE100": -1.026690838388261, "DJIA": -0.3085929035115138, "GBPUSD": -0.2124530151985566, "Gold": 0.0}
