{"FTSE100": 0.2107492621807364, "DJIA": 0.4322749834951116, "GBPUSD": -0.15343616248080358, "Gold": -0.025248699691965863}
