{"FTSE100": 0.4413024734963306, "DJIA": -0.40707833905014884, "GBPUSD": -0.05628366969525793, "Gold": -0.32588217322674734}
