{"FTSE100": -0.019291926388704316, "DJIA": -0.8591895855807766, "GBPUSD": -0.6712421751263223, "Gold": 1.8023358205638465e-14}
