{"FTSE100": 1.0810678751824683, "DJIA": 1.4233855105299684, "GBPUSD": 0.10894093844835777, "Gold": 1.1224967047918741}
