{"FTSE100": -1.818799411227962, "DJIA": -0.8199927324490396, "GBPUSD": 0.36277602523658814, "Gold": -0.8164974353606268}
