{"FTSE100": 0.21710444194798167, "DJIA": -0.31988677401942933, "GBPUSD": 0.09698597433602497, "Gold": 0.3728004771846108}
