{"FTSE100": 0.4444320316493937, "DJIA": 0.27558967993474714, "GBPUSD": -0.015555728396980474, "Gold": -0.7378278671909949}
