{"FTSE100": 0.0, "DJIA": 0.7891359046074093, "GBPUSD": -0.03464069897233066, "Gold": 0.14210919970082955}
