{"FTSE100": -0.2080787564714013, "DJIA": 0.058458450398123266, "GBPUSD": 0.06433453960594386, "Gold": 0.0419762414473408}
