{"FTSE100": 0.7243325677410822, "DJIA": -0.43107519378210224, "GBPUSD": -0.14204545454545642, "Gold": -0.3392967304133282}
