{"FTSE100": 0.20169987923050317, "DJIA": 0.9075225928154418, "GBPUSD": -0.30916960680899613, "Gold": -0.2157820601192877}
