{"FTSE100": 0.10399018059934394, "DJIA": 0.0, "GBPUSD": -0.11515999012913102, "Gold": 0.0}
