{"FTSE100": -0.18371434668915587, "DJIA": -0.24058046283184933, "GBPUSD": 0.007925814377426408, "Gold": 0.22701475595913284}
