{"FTSE100": 0.6875049548443177, "DJIA": 0.13105230520917494, "GBPUSD": -0.13986013986014273, "Gold": 0.20303483650352394}
