{"FTSE100": -0.028901078973627384, "DJIA": 0.7735517288974445, "GBPUSD": -0.09886126469187963, "Gold": 0.02701404730458747}
