{"FTSE100": -0.38455025779836066, "DJIA": -0.7699569309741626, "GBPUSD": 0.055648302726778356, "Gold": -0.09165902841430228}
