{"FTSE100": 0.16335241586556581, "DJIA": 1.2565633822637032, "GBPUSD": -0.22458451864052353, "Gold": 3.121305867853817}
