{"FTSE100": 0.4986241617032028, "DJIA": 0.33350699889492147, "GBPUSD": 0.3177629488401655, "Gold": 0.005158893933136043}
