{"FTSE100": 0.15612222139617252, "DJIA": 0.14637127657105953, "GBPUSD": -0.1651332861523937, "Gold": 0.133024373498108}
