{"FTSE100": 0.32409421006155215, "DJIA": 1.2557454639874934, "GBPUSD": 0.3302406038685313, "Gold": 0.46987574396992793}
