{"FTSE100": 0.14021972597000457, "DJIA": 0.35077582579921557, "GBPUSD": 0.2820078962211049, "Gold": -0.15689257612854385}
