{"FTSE100": 0.4172407951585216, "DJIA": 0.25199130394292024, "GBPUSD": -0.239827324326494, "Gold": -0.2183746685384519}
