{"FTSE100": -0.8069364955592543, "DJIA": -1.0829158337441047, "GBPUSD": 0.3127792672028583, "Gold": 3.2451399180542153}
