{"FTSE100": 0.1837998557108593, "DJIA": -1.2634768174566209, "GBPUSD": -0.4002334695238819, "Gold": -0.7926167209554782}
