{"FTSE100": -0.19538939685368592, "DJIA": -0.002566084251074419, "GBPUSD": 0.1845563265908716, "Gold": 1.150152048896511}
