{"FTSE100": 0.5058644298012057, "DJIA": 0.3795149820248767, "GBPUSD": 0.34279336734695415, "Gold": 1.0917790343627625}
