{"FTSE100": 0.07864009260657305, "DJIA": -0.4574558202974666, "GBPUSD": -0.2629416598192351, "Gold": -0.6472491909385113}
