{"FTSE100": 0.12768041417426684, "DJIA": 0.3853179154728225, "GBPUSD": -0.04154549231407935, "Gold": 0.1412736361660459}
