{"FTSE100": 0.5230879747395247, "DJIA": -0.3136169287116716, "GBPUSD": -0.8002510591558126, "Gold": 0.0}
