{"FTSE100": 0.19326164874552387, "DJIA": 0.9988499952189808, "GBPUSD": 0.4866625196677555, "Gold": 0.159297887048773}
