{"FTSE100": -0.5565748957699449, "DJIA": -0.5047579644187093, "GBPUSD": 0.41387069554385725, "Gold": 0.5397043657614394}
