{"FTSE100": 0.6241541192962219, "DJIA": 0.46948262446271805, "GBPUSD": -0.24158479626347976, "Gold": 0.0}
