{"FTSE100": 0.6700507366035763, "DJIA": -1.0068272575035337, "GBPUSD": -0.3352891869237186, "Gold": 0.3059950879736025}
