{"FTSE100": -0.04204370924799138, "DJIA": -0.3994377447215683, "GBPUSD": -0.04446091144869625, "Gold": 0.0}
