{"FTSE100": 0.6757941328735292, "DJIA": 0.5638031147622449, "GBPUSD": -0.41065440982556267, "Gold": 0.0}
