{"FTSE100": -0.27089680045668973, "DJIA": -1.3168255010714192, "GBPUSD": -0.5627741454936802, "Gold": -1.079354590010458}
