{"FTSE100": -0.7984115167488629, "DJIA": -1.2493653688764783, "GBPUSD": -0.1859600185959986, "Gold": -0.07044296191937482}
