{"FTSE100": 0.18440629021627017, "DJIA": -1.037809090216601, "GBPUSD": 0.1102101865701069, "Gold": -0.31403796578391463}
