{"FTSE100": -0.38310577915251737, "DJIA": -0.14190121399148084, "GBPUSD": 0.01549786904300488, "Gold": 0.434782608695656}
