{"FTSE100": 0.41756198324211496, "DJIA": 1.0378307346743247, "GBPUSD": 0.32144836504711444, "Gold": 0.0}
