{"FTSE100": -0.0023911781467610966, "DJIA": -0.2613344519060054, "GBPUSD": 0.023579344494220465, "Gold": -0.08937881722031653}
