{"FTSE100": -0.2675003519741464, "DJIA": -0.59207244905334, "GBPUSD": -0.2653372999919481, "Gold": 0.18386108273749419}
