{"FTSE100": -1.970890698756119, "DJIA": -0.9782146707198871, "GBPUSD": -0.04118616144974835, "Gold": -0.4909732521863722}
