{"FTSE100": -0.18400622819630533, "DJIA": 0.15832792785031471, "GBPUSD": -0.09309946747102756, "Gold": 0.1362303447320334}
