{"FTSE100": -0.5146471795424348, "DJIA": -0.03469534474766038, "GBPUSD": 0.20558235154581603, "Gold": -0.07733287506443234}
