{"FTSE100": 0.49007487516327214, "DJIA": 0.1390115513497805, "GBPUSD": -0.03206926962238082, "Gold": 0.2607561929595828}
