{"FTSE100": 0.7196570194542835, "DJIA": 0.2870374500384993, "GBPUSD": -0.09056603773583909, "Gold": 0.0}
