{"FTSE100": -0.5952165872277948, "DJIA": -0.7428935919073757, "GBPUSD": -0.10221465076660702, "Gold": -0.24899793513908272}
