{"FTSE100": -0.2514321918391729, "DJIA": -0.11328302823798174, "GBPUSD": -0.03958201393286454, "Gold": 0.3112494441974188}
