{"FTSE100": -0.09395814414220721, "DJIA": -0.5878615006283302, "GBPUSD": 0.7815989280929118, "Gold": 1.2395535363733192}
