{"FTSE100": -0.9054788869956863, "DJIA": 0.6240125522774024, "GBPUSD": -0.2136075949367029, "Gold": 1.524816497728071}
