{"FTSE100": -0.15262139019599122, "DJIA": -0.6047357308733348, "GBPUSD": 0.376795666849842, "Gold": 1.0159714150415389}
