{"FTSE100": -0.12179244326579979, "DJIA": -0.17851534406947844, "GBPUSD": -0.0877402887453042, "Gold": -0.010003501225431173}
