{"FTSE100": 0.013179919075296878, "DJIA": -0.5412225972964565, "GBPUSD": 0.21229753105833657, "Gold": 0.0}
