{"FTSE100": 0.4572218342144315, "DJIA": 0.382927044853433, "GBPUSD": -0.1751452909800159, "Gold": -0.9763792956425381}
