{"FTSE100": -0.020625122122445026, "DJIA": -0.34988667311901417, "GBPUSD": -1.1154657823334282, "Gold": -0.060443504212170436}
