{"FTSE100": 1.4177867545213159, "DJIA": 1.6964902336858947, "GBPUSD": -0.13113679206620965, "Gold": 0.0}
