{"FTSE100": 1.5987409319011527, "DJIA": 1.400570945219976, "GBPUSD": 0.5943889681407563, "Gold": 2.5576350703727897}
