{"FTSE100": -0.09395814414220721, "DJIA": -0.62547551811884, "GBPUSD": 0.5955039452136541, "Gold": -0.07472600464962562}
