{"FTSE100": 0.7546856858517086, "DJIA": 0.4039825866858529, "GBPUSD": 0.16814797021378738, "Gold": -0.008565310492497563}
