{"FTSE100": 0.8008897585418993, "DJIA": 0.9433387198211599, "GBPUSD": 0.6977481763399872, "Gold": 0.03666457154829486}
