{"FTSE100": 0.24691741667669753, "DJIA": 0.3445162992953167, "GBPUSD": -0.12894906511928156, "Gold": 0.0}
