{"FTSE100": -0.08926705303478112, "DJIA": 0.5957521958965001, "GBPUSD": 0.15692721566282997, "Gold": -0.5697203387994754}
