{"FTSE100": 0.8208299462164476, "DJIA": 0.24740658264250662, "GBPUSD": -0.456082409373282, "Gold": 0.33470648815654747}
