{"FTSE100": 0.39857108552444054, "DJIA": -0.9753276832691349, "GBPUSD": 0.015983377287619113, "Gold": -0.42492917847025885}
