{"FTSE100": -0.0651228319072198, "DJIA": -0.566620653122336, "GBPUSD": 0.8222222222222139, "Gold": 0.0}
