{"FTSE100": 0.19825383281616135, "DJIA": 1.09953157571708, "GBPUSD": 0.011111522648994, "Gold": 0.0}
