{"FTSE100": 0.08187620162112229, "DJIA": -0.7552689855293765, "GBPUSD": 0.40277997156848083, "Gold": 0.3637793727263834}
