{"FTSE100": 0.9244392495861947, "DJIA": -0.474474719137322, "GBPUSD": -0.011213695660290245, "Gold": 0.0}
