{"FTSE100": -0.9177546233358049, "DJIA": -2.079379052991333, "GBPUSD": 0.05823659587685122, "Gold": -0.23175371843652087}
