{"FTSE100": 1.6213580551808802, "DJIA": 0.6675547037887289, "GBPUSD": -0.16975183897825483, "Gold": -2.889426284189467}
