{"FTSE100": -0.3818024403116804, "DJIA": 0.035239815061877275, "GBPUSD": 0.5075745744182549, "Gold": 1.0658016682113067}
