{"FTSE100": 0.31097278600053246, "DJIA": -0.026689074681673242, "GBPUSD": 0.0, "Gold": 0.0}
