{"FTSE100": -0.2833153573437513, "DJIA": 0.28780321421150534, "GBPUSD": -0.04004805766921641, "Gold": -0.24140012070005806}
