{"FTSE100": 0.30495832501042985, "DJIA": 1.0705169738755504, "GBPUSD": -0.305810397553524, "Gold": -1.077386814695434}
