{"FTSE100": -0.6691678910499503, "DJIA": -0.3140081830889655, "GBPUSD": -0.23605319065230257, "Gold": -0.18065448539279447}
