{"FTSE100": -0.8567899932423305, "DJIA": -1.2493653688764783, "GBPUSD": -0.1782116844878327, "Gold": -0.07044296191937482}
