{"FTSE100": 0.10937749492461217, "DJIA": 0.059230396121817866, "GBPUSD": 0.43251546141719277, "Gold": -0.013725422914596675}
