{"FTSE100": 0.18818697286335725, "DJIA": -0.2992314805234324, "GBPUSD": 0.35460992907801087, "Gold": 0.17889087656529518}
