{"FTSE100": 0.036254978515331625, "DJIA": -0.6203412530908768, "GBPUSD": 0.31520882584712395, "Gold": 0.4249893752656183}
