{"FTSE100": 0.2781658631017697, "DJIA": 0.9700923714989376, "GBPUSD": -0.14561339643245574, "Gold": 1.4145216124332172}
