{"FTSE100": -0.49185893201608477, "DJIA": 0.2553673699022997, "GBPUSD": 0.17525691069863616, "Gold": -0.07639030352413934}
