{"FTSE100": 0.22674076833468607, "DJIA": -0.11549165956617902, "GBPUSD": -0.3381014304291163, "Gold": 0.02093677095173395}
