{"FTSE100": 0.3015712879003093, "DJIA": -0.07908538018743705, "GBPUSD": -0.18441157653079232, "Gold": -0.38990739699321747}
