{"FTSE100": 0.42893867938660274, "DJIA": 1.1351274791671895, "GBPUSD": -0.09475798809839467, "Gold": 0.9596161535385845}
