{"FTSE100": -0.33652288060967106, "DJIA": 0.1844860347834945, "GBPUSD": 0.06738039979036466, "Gold": 0.45857988165680474}
