{"FTSE100": 0.2805292323412319, "DJIA": -0.305081231250134, "GBPUSD": -0.012046741356452834, "Gold": 0.15885623510723124}
