{"FTSE100": 0.7206782017306704, "DJIA": 0.1095941606459989, "GBPUSD": 0.14786729857819117, "Gold": 0.9125055236411883}
