{"FTSE100": -1.749979067236031, "DJIA": -0.8015305163950105, "GBPUSD": -0.3062046736502841, "Gold": -0.16223889677550424}
