{"FTSE100": -0.37370340316951234, "DJIA": 0.5270381416418123, "GBPUSD": -0.038562393953412384, "Gold": 0.49114697263610096}
