{"FTSE100": 0.07888477832663784, "DJIA": 0.28441796402708264, "GBPUSD": -0.24924667981101628, "Gold": -0.6930693069306904}
