{"FTSE100": -0.28522192289924014, "DJIA": -0.06005387471432883, "GBPUSD": -0.03154822935562394, "Gold": -0.6769351515746077}
