{"FTSE100": 0.6136339128835198, "DJIA": -0.4543081346871744, "GBPUSD": -0.5293931731984772, "Gold": -1.1409457478005907}
