{"FTSE100": 0.6268747137136788, "DJIA": 0.30535607858842323, "GBPUSD": -0.1676646706586996, "Gold": 0.04782816644201526}
