{"FTSE100": 1.587586540637994, "DJIA": 0.1120215832160247, "GBPUSD": -0.0632464005357355, "Gold": -0.5832074497581122}
