{"FTSE100": -0.020458237961189975, "DJIA": -0.22230566942955535, "GBPUSD": -0.008010253123997836, "Gold": 0.1726573536336501}
