{"FTSE100": 0.33343708134295474, "DJIA": -0.337855575114838, "GBPUSD": -0.30430134057075536, "Gold": 0.36962025316456615}
