{"FTSE100": -0.6858820562234537, "DJIA": -0.5592191604860229, "GBPUSD": -0.4455605962410936, "Gold": -1.1101973684210595}
