{"FTSE100": -0.35832994682632063, "DJIA": -0.48732660467231215, "GBPUSD": -0.3832916145181402, "Gold": -0.3258339798293227}
