{"FTSE100": -1.2109091257296238, "DJIA": -0.307412683398303, "GBPUSD": -0.18046292663789476, "Gold": 0.40337561700546193}
