{"FTSE100": -0.47057832153376117, "DJIA": -0.31301195247437186, "GBPUSD": -0.762278978388984, "Gold": -0.3859871989055486}
