{"FTSE100": -0.12725608336493008, "DJIA": -0.11679741933322423, "GBPUSD": 0.0, "Gold": -1.4904751936361695}
