{"FTSE100": 0.053334963286615335, "DJIA": 0.48101060088952546, "GBPUSD": 0.35188036067736345, "Gold": 1.9492785659740361}
