{"FTSE100": -0.022549339068956488, "DJIA": -0.4716527227349482, "GBPUSD": -0.02368545712931999, "Gold": 0.3115022194533136}
