{"FTSE100": -0.4609817043398274, "DJIA": -0.17699822254187136, "GBPUSD": -0.03888932099245119, "Gold": 0.04131093362710415}
