{"FTSE100": 1.3735047116512433, "DJIA": -0.03282323571336199, "GBPUSD": 0.46799264582985534, "Gold": 0.9784203946295591}
