{"FTSE100": 0.28345774933403833, "DJIA": -0.4457888358008879, "GBPUSD": -0.12701436850044023, "Gold": -0.665926748057723}
