{"FTSE100": 0.029358899931319255, "DJIA": -0.051148578398403866, "GBPUSD": -0.20826658122396152, "Gold": 0.0}
