{"FTSE100": 0.1162761102158247, "DJIA": 0.10779661931209204, "GBPUSD": 0.09435445824815929, "Gold": 0.0}
