{"FTSE100": -0.5494047167665043, "DJIA": 0.19651595316745127, "GBPUSD": -0.17625380547988942, "Gold": 0.3368357548640111}
