{"FTSE100": -0.06360996941702421, "DJIA": 1.042902600868546, "GBPUSD": 0.047880372730289084, "Gold": -0.08634293030041655}
