{"FTSE100": 0.3637462420538052, "DJIA": -0.5514890085686888, "GBPUSD": -0.9345047923322719, "Gold": -1.964434429040324}
