{"FTSE100": -1.7705705085598935, "DJIA": -1.070288322441955, "GBPUSD": 0.35749916860658215, "Gold": 1.2674543501611244}
