{"FTSE100": 0.5957825354150129, "DJIA": 0.04056162329261397, "GBPUSD": -0.28213166144201, "Gold": 1.171622896291511}
