{"FTSE100": 0.3420183802861507, "DJIA": 0.6567554437059103, "GBPUSD": 0.08889607240989986, "Gold": 0.0}
