{"FTSE100": 0.10915924615239433, "DJIA": 0.9075225928154418, "GBPUSD": -0.3018950278252556, "Gold": -0.2157820601192877}
