{"FTSE100": 0.2728822601747134, "DJIA": 0.2690596249126856, "GBPUSD": 0.11026226667717318, "Gold": 0.7826729017967065}
