{"FTSE100": 0.19315212688766423, "DJIA": -0.08928901175417543, "GBPUSD": -0.29045185484759717, "Gold": -0.26408979052878523}
