{"FTSE100": 0.5863325133476636, "DJIA": -0.7516088065150363, "GBPUSD": 0.26756905642558015, "Gold": -0.004271313856157688}
