{"FTSE100": 0.5163248959564463, "DJIA": 0.59293030041049, "GBPUSD": -0.13037809647978532, "Gold": 0.0}
