{"FTSE100": 0.0830579734368777, "DJIA": 0.1440814014874075, "GBPUSD": 0.031931028977405275, "Gold": 0.0}
