{"FTSE100": 1.2143163633610168, "DJIA": -0.006318004675324216, "GBPUSD": -0.27888446215139906, "Gold": 1.8048241888907761}
