{"FTSE100": 0.7288846376247659, "DJIA": -0.021487869320926885, "GBPUSD": -0.08956196059272747, "Gold": -0.3074558032282859}
