{"FTSE100": 0.16335241586556581, "DJIA": 1.2928433847263459, "GBPUSD": -0.022502250225036675, "Gold": 0.0}
