{"FTSE100": -0.05258690345980043, "DJIA": 0.7891359046074093, "GBPUSD": -0.11162003002193537, "Gold": 0.14210919970082955}
