{"FTSE100": 0.19741963825027714, "DJIA": 0.0, "GBPUSD": 0.02334630350194295, "Gold": 0.17853499285860028}
