{"FTSE100": -0.3941778188568549, "DJIA": 0.28408912916031154, "GBPUSD": -0.16416317819913007, "Gold": -0.01601965077161075}
