{"FTSE100": 0.43534817004161397, "DJIA": 0.45994981440580346, "GBPUSD": 0.0039680965041153544, "Gold": -1.42896781354052}
