{"FTSE100": -0.3425491985152351, "DJIA": 0.7179763766787065, "GBPUSD": 0.37983698662656606, "Gold": -0.07372818874416319}
