{"FTSE100": -0.19581488243541445, "DJIA": -0.07964156969438005, "GBPUSD": -0.023762376237621147, "Gold": -0.02296527650192908}
