{"FTSE100": 1.012441276926309, "DJIA": 0.6747764672754722, "GBPUSD": 0.44189472052097356, "Gold": 0.5112661140123433}
