{"FTSE100": -0.6625568250086852, "DJIA": -0.916221662390589, "GBPUSD": -0.30888642483763773, "Gold": -0.9612526013279091}
