{"FTSE100": 0.6988855516734854, "DJIA": -0.8728377216622636, "GBPUSD": 1.0097797566987305, "Gold": 1.766074450084599}
