{"FTSE100": -0.1453556250875721, "DJIA": 0.9247514478540337, "GBPUSD": 0.40072859744990974, "Gold": 0.694871702073751}
