{"FTSE100": 0.1720367932133378, "DJIA": 0.07576690339000201, "GBPUSD": 0.5143391521196959, "Gold": 0.07141764015711184}
