{"FTSE100": 1.5424574942075582, "DJIA": 1.0599285535638696, "GBPUSD": -0.6905017646156297, "Gold": -0.010115314586285933}
