{"FTSE100": 0.32480187085877615, "DJIA": -0.5139200357818361, "GBPUSD": 0.23001725129383993, "Gold": 0.0}
