{"FTSE100": -0.8615028991371605, "DJIA": -1.0586608038636016, "GBPUSD": -0.10230581569214439, "Gold": -0.3758756193405169}
