{"FTSE100": -0.32360414806674664, "DJIA": -0.5523806491666671, "GBPUSD": -0.28046120286694043, "Gold": -0.36340982244834386}
