{"FTSE100": -0.437636498475302, "DJIA": 1.706561154675814e-14, "GBPUSD": -0.8044202486389695, "Gold": 0.11550786198673182}
