{"FTSE100": -0.03193334639697429, "DJIA": -0.37501581505559534, "GBPUSD": 0.17672494829855795, "Gold": 0.24484750517032786}
