{"FTSE100": 0.35181197688001553, "DJIA": 1.3564904820566428, "GBPUSD": -0.33151613378517375, "Gold": 0.27770903791690477}
