{"FTSE100": 0.3708885018656819, "DJIA": 0.3497367967820414, "GBPUSD": -0.13507429085997477, "Gold": -1.8456883509833586}
