{"FTSE100": 0.1427918079473043, "DJIA": -0.3698159508653571, "GBPUSD": -0.25743593805695075, "Gold": 0.9155222638368579}
