{"FTSE100": -0.8661054288988841, "DJIA": -0.5468671780450398, "GBPUSD": -0.06720931969232327, "Gold": 0.152138389586975}
