{"FTSE100": 0.19604049004074553, "DJIA": 0.5047387852724821, "GBPUSD": 0.7580306214350043, "Gold": 0.09401323706377857}
