{"FTSE100": -0.19762824223577408, "DJIA": 0.46541016438256294, "GBPUSD": -0.003720653346719014, "Gold": -0.14697060587881333}
