{"FTSE100": -1.3973463734316973, "DJIA": 0.5363298114703311, "GBPUSD": 0.24386639077742245, "Gold": 1.088615997344835}
