{"FTSE100": 1.7465480789715262, "DJIA": -0.6005744960082198, "GBPUSD": -0.05516589171724682, "Gold": -0.054413795990110383}
