{"FTSE100": -0.04155618685045135, "DJIA": -1.6946282708172697, "GBPUSD": -0.33547775979791333, "Gold": -0.30612244897959184}
