{"FTSE100": -3.2052548628910156, "DJIA": -2.2459358778426064, "GBPUSD": -1.0553007420666074, "Gold": -4.629419764279245}
