{"FTSE100": -0.046843707811049996, "DJIA": 0.500786870169679, "GBPUSD": -0.10356090177647405, "Gold": 0.05601955591769754}
