{"FTSE100": 0.5667329378569786, "DJIA": -0.48245583865285674, "GBPUSD": 0.04734474867828722, "Gold": 0.0}
