{"FTSE100": 0.5529397713057144, "DJIA": 0.11376013625401434, "GBPUSD": 0.21619823715283015, "Gold": 0.0}
