{"FTSE100": 0.14008330782147413, "DJIA": -0.5673612936099441, "GBPUSD": -0.8866395220518238, "Gold": -0.44076297591002583}
