{"FTSE100": 0.06749726942864336, "DJIA": 0.6203762202702477, "GBPUSD": 0.07141156867413496, "Gold": 0.0}
