{"FTSE100": 0.050998519592729025, "DJIA": -0.30817887794355414, "GBPUSD": -0.2326590165227167, "Gold": 0.306829804159245}
