{"FTSE100": -0.11341076303953, "DJIA": 0.5516625720786568, "GBPUSD": 0.0457142857142976, "Gold": -0.9801976268899487}
