{"FTSE100": 0.04017982521776105, "DJIA": -0.19453308700032795, "GBPUSD": -0.3638017280582019, "Gold": 0.5398245570189666}
