{"FTSE100": 0.2586777030028084, "DJIA": 0.4722467052252227, "GBPUSD": -0.47334238432465015, "Gold": -1.108153620511711}
