{"FTSE100": 0.5166787087639086, "DJIA": 0.7740107896586468, "GBPUSD": 0.27779921290223375, "Gold": -0.025539056514276993}
