{"FTSE100": 0.2363058174846649, "DJIA": 0.7732504727616141, "GBPUSD": 0.3647461664433621, "Gold": 0.05608839531101015}
