{"FTSE100": -0.0429447054383637, "DJIA": -0.15920665509372017, "GBPUSD": -0.015770383220310515, "Gold": 0.3648015775203397}
