{"FTSE100": 0.04827927409005367, "DJIA": -0.09605122470821215, "GBPUSD": -0.32669570628500166, "Gold": 1.0550175149392091}
