{"FTSE100": 0.01642690658374668, "DJIA": 1.0830346614861432, "GBPUSD": -0.1538343204368896, "Gold": 0.23722447365819305}
