{"FTSE100": -0.5231132109600442, "DJIA": -0.7581524023330195, "GBPUSD": 0.09571576247177882, "Gold": 0.2832540222071153}
