{"FTSE100": 0.8321385330073924, "DJIA": 0.25122059726733825, "GBPUSD": -0.570273003033367, "Gold": 0.5779696003002474}
