{"FTSE100": 1.0259769748947516, "DJIA": -0.08986725092825129, "GBPUSD": -0.07224853496025535, "Gold": -0.4651392943737983}
