{"FTSE100": 0.28694106512154693, "DJIA": -0.09188142060463136, "GBPUSD": -0.4635352286773799, "Gold": -0.13890266891557604}
