{"FTSE100": -0.9449613595293888, "DJIA": -0.8608468533572705, "GBPUSD": -0.20590767848452174, "Gold": -2.5714857028594174}
