{"FTSE100": 0.06749726942864336, "DJIA": 0.4763166399296546, "GBPUSD": 0.19082452095093883, "Gold": 0.5441892104023789}
