{"FTSE100": 0.3663659772532987, "DJIA": 0.2971982623153109, "GBPUSD": 0.25860675610151057, "Gold": 0.22063985558118998}
