{"FTSE100": -0.5479745023139304, "DJIA": -0.5064832108151335, "GBPUSD": 0.06291781360597026, "Gold": -1.8669971086327888}
