{"FTSE100": -0.3941778188568549, "DJIA": 0.5562740824610231, "GBPUSD": 0.1069518716577605, "Gold": 0.15494763838426284}
