{"FTSE100": -0.3848184980268755, "DJIA": -0.6098904741343006, "GBPUSD": -0.4529886200419753, "Gold": 0.0}
