{"FTSE100": 0.20892948762025706, "DJIA": 0.127595015725482, "GBPUSD": 0.17503381335030468, "Gold": -0.07134848639281742}
