{"FTSE100": -0.13765928235084357, "DJIA": -0.1361497929996175, "GBPUSD": 0.09189065012635653, "Gold": 0.6754178432419986}
