{"FTSE100": 0.5775987245589498, "DJIA": 0.9489253634633507, "GBPUSD": 0.3445447087776851, "Gold": 0.8367279533193903}
