{"FTSE100": 0.09654581924844624, "DJIA": -0.09189508379007733, "GBPUSD": -0.42697172319343285, "Gold": -0.6542802916791484}
