{"FTSE100": -0.1268123375961507, "DJIA": 0.25913246764568587, "GBPUSD": 0.15144269089748053, "Gold": -0.8457188610318815}
