{"FTSE100": 0.13472795410494587, "DJIA": 0.8017027632632096, "GBPUSD": 0.48309178743961395, "Gold": 0.07561436672967864}
