{"FTSE100": 0.4994969920801665, "DJIA": 0.4120198409917458, "GBPUSD": 0.23714122168614787, "Gold": 0.0}
