{"FTSE100": 1.0259769748947516, "DJIA": 0.09598981205827788, "GBPUSD": 0.03211045998233571, "Gold": -0.37112177742589936}
