{"FTSE100": -0.5231132109600442, "DJIA": -0.7542049013101592, "GBPUSD": 0.049772196485320226, "Gold": 0.2832540222071153}
