{"FTSE100": -0.10154057170349522, "DJIA": 0.9541185199123118, "GBPUSD": -0.0696864111498353, "Gold": -0.40421443244318706}
