{"FTSE100": -0.30481308194746504, "DJIA": 0.5605149421433138, "GBPUSD": 0.4574635759043478, "Gold": -0.40447147998343314}
