{"FTSE100": 0.5609467827782446, "DJIA": 1.2633361362158366, "GBPUSD": 0.3973402530003166, "Gold": 0.37582529202641396}
