{"FTSE100": -0.04155618685045135, "DJIA": -1.6946282708172697, "GBPUSD": 0.3167062549485355, "Gold": 0.030637254901948397}
