{"FTSE100": 0.5024583468195606, "DJIA": 0.31399928573102814, "GBPUSD": 0.4185447520927313, "Gold": 0.15462889066240568}
