{"FTSE100": 0.058377194512817, "DJIA": -0.09000720721916883, "GBPUSD": -0.2132895816242769, "Gold": 0.7266321699878919}
