{"FTSE100": -0.07318348144276056, "DJIA": 0.17963138067107806, "GBPUSD": 0.40396039603961226, "Gold": 1.5359379660005896}
