{"FTSE100": 0.5677337591918912, "DJIA": 0.646095484870066, "GBPUSD": 0.21802871964513212, "Gold": -0.26702269692923614}
