{"FTSE100": -0.1490057738280976, "DJIA": 0.30194559396477405, "GBPUSD": -0.04407227853678661, "Gold": 0.34696667017138366}
