{"FTSE100": -0.5014987618923441, "DJIA": -0.9240457543863765, "GBPUSD": 0.7009910563209999, "Gold": 2.086798729774691}
