{"FTSE100": 0.5321218622161992, "DJIA": 2.1208611690249506, "GBPUSD": -0.5061053984575813, "Gold": -0.6043843474697784}
