{"FTSE100": 0.20965504803554585, "DJIA": 0.6831974530633593, "GBPUSD": 0.73085478233237, "Gold": 1.2790005948839938}
