{"FTSE100": 0.6140914070708832, "DJIA": 0.0, "GBPUSD": -1.1283497884344194, "Gold": -0.1673143350604564}
