{"FTSE100": 0.4445908459034877, "DJIA": 0.5513981716952517, "GBPUSD": -0.4311476024444136, "Gold": 0.0}
