{"FTSE100": -1.4170064083746459, "DJIA": -0.6509155777175725, "GBPUSD": 0.0037220381881196644, "Gold": 1.3153590953693797}
