{"FTSE100": -0.6803792730383141, "DJIA": 0.4049701256653451, "GBPUSD": 0.23021354290705126, "Gold": 0.02949127549767198}
