{"FTSE100": 0.5478011552793167, "DJIA": 0.5823202104488486, "GBPUSD": -0.09237164190592471, "Gold": 0.04795588058985006}
