{"FTSE100": 1.7465480789715262, "DJIA": -0.6005744960082198, "GBPUSD": 0.015761683347779807, "Gold": -0.054413795990110383}
