{"FTSE100": -0.6569930226857671, "DJIA": -0.31161725858526357, "GBPUSD": 0.12802110408503156, "Gold": 0.15227250157237607}
