{"FTSE100": -0.8091212229410202, "DJIA": -0.6120663862601452, "GBPUSD": -0.08260886668502383, "Gold": -0.21176826501285392}
