{"FTSE100": -0.5688359179251182, "DJIA": -1.0104511581288504, "GBPUSD": -0.06709555195958616, "Gold": -0.36054421768707173}
