{"FTSE100": 0.1789487919590571, "DJIA": -0.7096282363752847, "GBPUSD": -0.9508093666509508, "Gold": 0.09903570497785202}
