{"FTSE100": -0.1526867009763957, "DJIA": 0.5516625720786568, "GBPUSD": 0.1219047619047654, "Gold": -0.8651136949878855}
