{"FTSE100": 0.02755912685397845, "DJIA": -0.2683441114206481, "GBPUSD": 0.11572777839996568, "Gold": 0.810901441941283}
