{"FTSE100": 0.12001996208304712, "DJIA": 0.6111759229799293, "GBPUSD": 0.4821525779609599, "Gold": 0.2857142857142857}
