{"FTSE100": -0.08388990690182499, "DJIA": -1.7399414180242365, "GBPUSD": -0.06178083249671109, "Gold": 0.8199934661875323}
