{"FTSE100": 0.9404194125741158, "DJIA": -0.2683441114206481, "GBPUSD": 0.2687971328305701, "Gold": 0.8779684784928262}
