{"FTSE100": -0.2561721171635372, "DJIA": 1.2928433847263459, "GBPUSD": -0.416276017251074, "Gold": 0.48921773840236216}
