{"FTSE100": 1.2316019920103618, "DJIA": 0.20557932973830625, "GBPUSD": -0.43111389513247594, "Gold": -0.03008121929208864}
