{"FTSE100": 0.8538398860297982, "DJIA": 0.6679126218229057, "GBPUSD": 0.10572421084428846, "Gold": -0.33851915874386473}
