{"FTSE100": -1.0143036312711065, "DJIA": -0.25706455992804217, "GBPUSD": 0.05636978579482565, "Gold": 1.05606856793021}
