{"FTSE100": -0.6259913154268134, "DJIA": 0.02850042341470217, "GBPUSD": 0.05426356589146689, "Gold": 0.0}
