{"FTSE100": 1.2142841466358774, "DJIA": 1.6181510634955178, "GBPUSD": 0.03274394237065782, "Gold": 1.1241830065359613}
