{"FTSE100": -0.3214369109229094, "DJIA": -0.16809445488531832, "GBPUSD": 0.2316717734100667, "Gold": 1.7609624269897843}
