{"FTSE100": 0.11797093929922645, "DJIA": 0.625096404177658, "GBPUSD": 0.5063668180802844, "Gold": -0.018334419817463254}
