{"FTSE100": -0.3883414281177953, "DJIA": 0.1621845183338341, "GBPUSD": 0.12593467138922046, "Gold": 0.4540071061981862}
