{"FTSE100": -0.16749577893494946, "DJIA": -0.6999587938874342, "GBPUSD": 0.154978690430066, "Gold": 0.6820261166098349}
