{"FTSE100": 0.18119602243844968, "DJIA": 0.9804500248535774, "GBPUSD": -0.2017267812474741, "Gold": -0.5917774086378784}
