{"FTSE100": 1.0600029225735523, "DJIA": -0.08562044902757175, "GBPUSD": 0.014961101137042038, "Gold": 0.08837003790609943}
