{"FTSE100": 0.4021743122635663, "DJIA": 0.12941582381601738, "GBPUSD": 0.06270083862372709, "Gold": 0.29192878582296633}
