{"FTSE100": -0.5970593727459137, "DJIA": -0.3470599283920512, "GBPUSD": 0.054670415495169086, "Gold": 0.3609035326086956}
