{"FTSE100": 0.21710444194798167, "DJIA": -0.40645627273685203, "GBPUSD": -0.05217650566487202, "Gold": 0.0}
