{"FTSE100": 0.02902753907848991, "DJIA": -0.11445178124749743, "GBPUSD": -0.25362022416756136, "Gold": -0.010436779209938185}
