{"FTSE100": -0.27152499844472316, "DJIA": 0.2962084029987697, "GBPUSD": 0.26113792830577515, "Gold": 0.3686409437208159}
