{"FTSE100": -0.3508176968323576, "DJIA": 0.2584928259543101, "GBPUSD": -0.2909561141194575, "Gold": 0.24388978257485575}
