{"FTSE100": 0.3314841066169875, "DJIA": 1.3564904820566428, "GBPUSD": -0.19154265507587562, "Gold": 0.3052049822651134}
