{"FTSE100": 0.260212456410624, "DJIA": -0.6042097229734193, "GBPUSD": -0.07171314741036836, "Gold": 0.6885758998435095}
