{"FTSE100": -0.10955751827008553, "DJIA": 0.1876780043089265, "GBPUSD": 0.16699447062753445, "Gold": 0.6100336884275671}
