{"FTSE100": 0.260212456410624, "DJIA": -0.6042097229734193, "GBPUSD": -0.09561752988048525, "Gold": 0.6885758998435095}
