{"FTSE100": -0.11361464077936911, "DJIA": 0.011084016847710078, "GBPUSD": -0.05482885564346713, "Gold": 1.0246516613076138}
