{"FTSE100": 0.8208299462164476, "DJIA": 0.34458731150311783, "GBPUSD": -0.3617205315719067, "Gold": 0.33470648815654747}
