{"FTSE100": -0.052615948457380775, "DJIA": 0.33582461782791323, "GBPUSD": 0.26416201937188494, "Gold": -0.19520466913793744}
