{"FTSE100": -0.5479745023139304, "DJIA": -0.07421063732616116, "GBPUSD": 0.25969937829541656, "Gold": -0.9414873848949159}
