{"FTSE100": 0.662851396963005, "DJIA": 0.10203563588618289, "GBPUSD": 0.08805850147403856, "Gold": -0.801922652475667}
