{"FTSE100": -0.18998758747761813, "DJIA": -0.21835283908797154, "GBPUSD": 0.12658227848101627, "Gold": -0.5487613671997491}
