{"FTSE100": 0.3249682110971851, "DJIA": 0.13890413343880204, "GBPUSD": -0.03807203228509609, "Gold": 0.0}
