{"FTSE100": 0.7331451682201894, "DJIA": 1.7882521400316829, "GBPUSD": -0.0961040881200456, "Gold": 0.0}
