{"FTSE100": 0.14501625221082184, "DJIA": 0.14766925342150936, "GBPUSD": -0.033113801096439265, "Gold": 0.09978832778954284}
