{"FTSE100": 0.16335241586556581, "DJIA": 1.2595977097423914, "GBPUSD": -0.18715376553375854, "Gold": 2.9955481777710684}
