{"FTSE100": 0.27927887016939335, "DJIA": 0.24411357638170253, "GBPUSD": -0.6144990665836977, "Gold": 0.33793529775397785}
