{"FTSE100": 1.2142841466358774, "DJIA": 1.7626771355755668, "GBPUSD": 0.1064178127046561, "Gold": 1.1241830065359613}
