{"FTSE100": -0.3014950997172074, "DJIA": -0.14109263645690004, "GBPUSD": -0.015840329478869, "Gold": -0.5015982296533094}
