{"FTSE100": 0.25818658283720186, "DJIA": 0.869606700811641, "GBPUSD": -0.44124857002777, "Gold": 1.0927767457108513}
