{"FTSE100": -0.13001605338854486, "DJIA": -1.009977434415034, "GBPUSD": -1.3892355045337457, "Gold": -1.2067752584014262}
