{"FTSE100": -0.0741287672356723, "DJIA": 0.5957521958965001, "GBPUSD": 0.08219997010910932, "Gold": 0.0}
