{"FTSE100": -0.0537918305507947, "DJIA": 1.3705226742846033, "GBPUSD": 0.2839432113577238, "Gold": 1.0145822081629396}
