{"FTSE100": 0.04653591647814573, "DJIA": -0.1614469344348213, "GBPUSD": 0.13302786194664282, "Gold": -0.3917582533934735}
