{"FTSE100": -0.5044557668466022, "DJIA": -0.16617483850439813, "GBPUSD": 0.0713266761768999, "Gold": 0.0}
