{"FTSE100": -0.14907415114757772, "DJIA": -0.3704681377960019, "GBPUSD": 0.05949282367815378, "Gold": 0.15272902655341009}
