{"FTSE100": -0.22070253306871218, "DJIA": 1.447090549720334, "GBPUSD": -0.10026222427887219, "Gold": 1.5436047711420235}
