{"FTSE100": -0.729718319968958, "DJIA": -0.2166786438583101, "GBPUSD": -0.4033652183934522, "Gold": 0.7114995665992422}
