{"FTSE100": 0.15807981770976295, "DJIA": -0.06884196095226976, "GBPUSD": 0.04516371847949988, "Gold": -0.03252609479877906}
