{"FTSE100": -0.19653758272343821, "DJIA": 0.7337353904753275, "GBPUSD": 0.4199160167966388, "Gold": 1.0145822081629396}
