{"FTSE100": -0.38300700521995523, "DJIA": -0.37993470709898464, "GBPUSD": -1.090005610322999, "Gold": 0.48932886663906344}
