{"FTSE100": -0.22534887303862525, "DJIA": 0.1572909870091696, "GBPUSD": -0.2886109672167389, "Gold": -0.11947083163354243}
