{"FTSE100": 1.0346335624846648, "DJIA": 0.2341872922780741, "GBPUSD": -0.9735744089012534, "Gold": -2.6718154777435705}
