{"FTSE100": 0.16422578946411936, "DJIA": -0.254550442705645, "GBPUSD": -0.2910725470690188, "Gold": -0.11639358939923272}
