{"FTSE100": -0.7798113200180646, "DJIA": -0.044164617428417985, "GBPUSD": -0.2369668246445418, "Gold": 0.0}
