{"FTSE100": 0.4785071590795103, "DJIA": 1.862966202299017, "GBPUSD": -0.0857153505012473, "Gold": 2.0267462044348736}
