{"FTSE100": 0.09120504000105535, "DJIA": -0.5412225972964565, "GBPUSD": 0.3381034753892098, "Gold": 0.2714837631826274}
