{"FTSE100": -0.33302926478966266, "DJIA": -0.058785277548652703, "GBPUSD": -0.02570788497558283, "Gold": -0.07234581298607617}
