{"FTSE100": -0.7342155424644954, "DJIA": 0.4262846506250717, "GBPUSD": -0.09399968666770075, "Gold": 0.6501822480543811}
