{"FTSE100": -0.4174508166403342, "DJIA": -0.94575707267771, "GBPUSD": -0.11967985638415916, "Gold": -0.8969924371225863}
