{"FTSE100": 0.6021430102331399, "DJIA": 0.6764851169444888, "GBPUSD": 0.9112749565073232, "Gold": 0.12783636944711255}
