{"FTSE100": 0.0022798829964129188, "DJIA": 0.12871979236174882, "GBPUSD": 0.579537855709936, "Gold": 1.7209401319590107}
