{"FTSE100": 0.40841039746384095, "DJIA": 0.0694272368628092, "GBPUSD": 0.10288065843622023, "Gold": 0.1676914477361498}
