{"FTSE100": 0.05517038231746642, "DJIA": -0.13541045851980582, "GBPUSD": 0.011456065986947301, "Gold": -1.2999920489782864}
