{"FTSE100": -0.21934033757496832, "DJIA": 0.3612942024034004, "GBPUSD": 0.039853339709863295, "Gold": -0.24520842716309316}
