{"FTSE100": -0.2816809259603331, "DJIA": 0.45018761262898355, "GBPUSD": 0.293321299639007, "Gold": -0.943396226415097}
