{"FTSE100": 0.08897600748476224, "DJIA": 0.12051793647457852, "GBPUSD": 0.16162922256343962, "Gold": 0.0}
