{"FTSE100": -0.023566389211711013, "DJIA": 0.15975801488197997, "GBPUSD": 0.13031438345007704, "Gold": 0.0}
