{"FTSE100": -1.2236021557649626, "DJIA": -0.4333403396869787, "GBPUSD": -1.0295660282062227, "Gold": -0.5438112745098144}
