{"FTSE100": -0.6306387453928376, "DJIA": -0.5604175013516333, "GBPUSD": -0.38293216630196186, "Gold": -1.7037671232876594}
