{"FTSE100": 0.09352444105392431, "DJIA": 0.6772025167972912, "GBPUSD": -0.031650577623038134, "Gold": 0.10755001075500108}
