{"FTSE100": 0.5238081493858082, "DJIA": 1.0808906831929623, "GBPUSD": -0.17133492252681531, "Gold": 0.46582418596070047}
