{"FTSE100": 1.130835914584843, "DJIA": 0.24411357638170253, "GBPUSD": -0.08556316116988961, "Gold": 0.799505460539876}
