{"FTSE100": 1.5621599755415934, "DJIA": 2.097904001534103, "GBPUSD": -0.5988023952095857, "Gold": -1.4661274014155712}
