{"FTSE100": -0.2594963803612494, "DJIA": -0.07152134658774145, "GBPUSD": 0.30715917145782584, "Gold": 0.2912205567451898}
