{"FTSE100": 0.3504126680702131, "DJIA": -0.48837201674266806, "GBPUSD": 0.1611863313990975, "Gold": 0.17889087656529518}
