{"FTSE100": -0.09537165554395924, "DJIA": 0.6900935969219066, "GBPUSD": 0.10233803038652908, "Gold": -0.12434998869546242}
