{"FTSE100": -0.08352163469320131, "DJIA": 0.0, "GBPUSD": -0.22000471438674749, "Gold": -0.2128939695469229}
