{"FTSE100": -0.5080396398742888, "DJIA": 0.4697663719506376, "GBPUSD": 0.12634480646273988, "Gold": 0.2832540222071153}
