{"FTSE100": 0.7955447106879341, "DJIA": 0.6108458735629875, "GBPUSD": -0.2604360443485422, "Gold": 0.5236308065712336}
