{"FTSE100": 0.10480882922217677, "DJIA": -0.6804313792889797, "GBPUSD": -0.2290498380854516, "Gold": -1.0126323326343876}
