{"FTSE100": 0.8111495119396086, "DJIA": -0.0606378799878433, "GBPUSD": 0.08634222919937998, "Gold": -0.00423764725823837}
