{"FTSE100": 0.48027485901941236, "DJIA": 0.04053127880320813, "GBPUSD": -0.40749186885490707, "Gold": 0.5272941087212031}
