{"FTSE100": 0.3092791628581239, "DJIA": 0.5164850069774269, "GBPUSD": 0.735643094447088, "Gold": 0.809356956028222}
