{"FTSE100": 0.1162761102158247, "DJIA": 0.10779661931209204, "GBPUSD": 0.6092736192435544, "Gold": 0.3356744474282173}
