{"FTSE100": 0.08670502558960207, "DJIA": -0.4862053557733833, "GBPUSD": 0.20114497911187976, "Gold": -0.07668151610313166}
