{"FTSE100": -0.28887995026876623, "DJIA": 0.05674065345260067, "GBPUSD": -0.290601129192964, "Gold": -0.4530567685589495}
