{"FTSE100": 1.2603582897609127, "DJIA": 0.40225345820127073, "GBPUSD": -0.5322106601000817, "Gold": 0.6624003592679846}
