{"FTSE100": 0.6241541192962219, "DJIA": 0.46948262446271805, "GBPUSD": -0.19326783701078737, "Gold": 0.0}
