{"FTSE100": 0.3092791628581239, "DJIA": 0.5174768040117804, "GBPUSD": 0.9175763328587292, "Gold": 0.809356956028222}
