{"FTSE100": -1.265991155759403, "DJIA": -1.4527482887733696, "GBPUSD": 0.2913385826771682, "Gold": 0.8649920420732129}
