{"FTSE100": 1.4177867545213159, "DJIA": 1.546015006049664, "GBPUSD": 0.4197530864197434, "Gold": 0.1364463311097543}
