{"FTSE100": 0.11015079948587381, "DJIA": 0.5595277945542727, "GBPUSD": 0.1678522899848126, "Gold": 0.2710581496445535}
