{"FTSE100": 0.1484168216229201, "DJIA": 0.8213267403207114, "GBPUSD": -0.23419203747071815, "Gold": -0.045447659445543145}
