{"FTSE100": -0.19913830423220136, "DJIA": 0.39148366026754317, "GBPUSD": 0.5222129720729682, "Gold": 0.317680217837868}
