{"FTSE100": 0.09992949615053433, "DJIA": -0.9099404636057701, "GBPUSD": -0.11968649859078338, "Gold": -0.0995571423667167}
