{"FTSE100": 0.09654581924844624, "DJIA": 0.2971982623153109, "GBPUSD": 0.22628091158880828, "Gold": 0.22063985558118998}
