{"FTSE100": -0.10852785461929916, "DJIA": 0.0676580292569238, "GBPUSD": 0.17440938639606623, "Gold": 0.0}
