{"FTSE100": 0.10937749492461217, "DJIA": 0.09143158338318944, "GBPUSD": 0.464853066009147, "Gold": -0.03774491301512915}
