{"FTSE100": 0.07117639992094664, "DJIA": -0.09081750954431816, "GBPUSD": -0.44359949302913715, "Gold": 0.1428219650332475}
