{"FTSE100": -1.011235686509755, "DJIA": -1.2115235026794196, "GBPUSD": -0.9334163036714382, "Gold": 0.6305378116628965}
