{"FTSE100": -0.6495733666283334, "DJIA": 0.03631263072368768, "GBPUSD": 0.011997600479893816, "Gold": 0.48993133245890813}
