{"FTSE100": -0.11501169836909804, "DJIA": -0.9941517569654227, "GBPUSD": 0.6726273480436374, "Gold": -0.5369057547956606}
