{"FTSE100": 0.01726014879828363, "DJIA": -0.002566084251074419, "GBPUSD": 0.12549830208179794, "Gold": 0.9664890253816248}
