{"FTSE100": 0.6096836492008271, "DJIA": 0.0, "GBPUSD": -0.12246261179351536, "Gold": 0.0}
