{"FTSE100": -0.43611338685891565, "DJIA": 0.12661153708526426, "GBPUSD": 0.03170577045021845, "Gold": 0.0}
