{"FTSE100": 0.509056446475346, "DJIA": -0.48227527309096396, "GBPUSD": -0.8365019011406808, "Gold": 3.7357601985616884}
