{"FTSE100": -0.056740910196249626, "DJIA": 0.09698634730649904, "GBPUSD": 0.03125976867770834, "Gold": 0.0}
