{"FTSE100": 0.38975994330765434, "DJIA": 0.8829404354648811, "GBPUSD": 0.03047851264857939, "Gold": 0.7078607743449497}
