{"FTSE100": -0.730916278296602, "DJIA": -0.8387773504352111, "GBPUSD": -0.2883593868568846, "Gold": 0.019939384271831822}
