{"FTSE100": -1.1439046433088464, "DJIA": 0.3473443701365038, "GBPUSD": -0.48912395116712754, "Gold": -1.6878437322207471}
