{"FTSE100": 0.3988501202423584, "DJIA": 1.5664647174552306e-14, "GBPUSD": 0.36627241510874764, "Gold": 0.0}
