{"FTSE100": -0.1388867954186698, "DJIA": 0.03570612081713786, "GBPUSD": 0.10031580902842001, "Gold": -0.21534964407488838}
