{"FTSE100": 0.5602659994415988, "DJIA": 0.3747482222213313, "GBPUSD": 0.48868920942697114, "Gold": -0.20259919948608535}
