{"FTSE100": -0.7435578082228358, "DJIA": 0.0743451223590785, "GBPUSD": 0.22082018927445865, "Gold": -0.38207892808541577}
