{"FTSE100": 0.22438561219223638, "DJIA": 0.3219571845942602, "GBPUSD": 0.056131422370244995, "Gold": -0.6132119297593523}
