{"FTSE100": -0.2681900609221918, "DJIA": 1.5743560346611192, "GBPUSD": 0.20052939760968527, "Gold": 0.05536262519502285}
