{"FTSE100": 0.01642690658374668, "DJIA": 0.3760583781511516, "GBPUSD": -0.26151834474271746, "Gold": -0.006589568712736741}
