{"FTSE100": 0.516031880118995, "DJIA": -0.3557943102279252, "GBPUSD": 0.22720150423065846, "Gold": -0.10964912280701015}
