{"FTSE100": 0.8006231093883155, "DJIA": 1.3829099346412062, "GBPUSD": 0.26510721247563895, "Gold": 0.623104041977528}
