{"FTSE100": -0.4103278751983969, "DJIA": -2.602066674954433, "GBPUSD": -0.6419791748218887, "Gold": 0.4996460840238164}
