{"FTSE100": -0.019170965122993728, "DJIA": 0.13700166891544563, "GBPUSD": -0.054704595185989593, "Gold": 0.0}
