{"FTSE100": 0.6404375810397994, "DJIA": -0.9733856435851889, "GBPUSD": -0.17527087316762105, "Gold": 0.19569471624265794}
