{"FTSE100": 0.7247355648152329, "DJIA": 0.9966847090039459, "GBPUSD": 0.12396091585239992, "Gold": 0.09163942939181964}
