{"FTSE100": 0.10687157075169626, "DJIA": 0.3746010720720886, "GBPUSD": 0.17080053467993234, "Gold": 1.329157020291439}
