{"FTSE100": -1.1255189054897479, "DJIA": -0.30055321172013205, "GBPUSD": 0.06265173466989676, "Gold": 0.0}
