{"FTSE100": -0.757411371057099, "DJIA": 0.0, "GBPUSD": -0.11142948105697595, "Gold": 0.5816819481415731}
