{"FTSE100": 0.3087857323857004, "DJIA": -0.26281071416245105, "GBPUSD": -0.7380073800738066, "Gold": -0.5570191945803435}
