{"FTSE100": 0.31707089528717464, "DJIA": 0.0, "GBPUSD": 0.015825288811519067, "Gold": 0.9266867524879112}
