{"FTSE100": 0.0970786610432187, "DJIA": 1.1832258371956732, "GBPUSD": 0.29228217078758484, "Gold": 0.3317324355102265}
