{"FTSE100": -0.4603305375850276, "DJIA": -1.060705712813514, "GBPUSD": -0.2974988063319416, "Gold": 1.3428377059362917}
