{"FTSE100": 0.0007250229590542158, "DJIA": -1.328883554801312, "GBPUSD": 0.7221302843387867, "Gold": 1.9766071266660648}
