{"FTSE100": -0.49185893201608477, "DJIA": 0.127595015725482, "GBPUSD": 0.17525691069863616, "Gold": -0.1680586677531042}
