{"FTSE100": -0.4304225908218866, "DJIA": 0.20008700902402662, "GBPUSD": -0.04695938013617703, "Gold": 0.24218065646416476}
