{"FTSE100": 1.0317365609172513, "DJIA": 0.619011475591234, "GBPUSD": -0.3725891291642228, "Gold": 1.50618383928382}
