{"FTSE100": -0.46874064246261277, "DJIA": -0.9940569573174595, "GBPUSD": 0.23286501591245157, "Gold": -0.003428649797722135}
