{"FTSE100": -0.006043523035492403, "DJIA": 0.039133125358003694, "GBPUSD": 0.1535037224652699, "Gold": -0.29466810018715767}
