{"FTSE100": -0.16749577893494946, "DJIA": -0.8091562311298798, "GBPUSD": 0.154978690430066, "Gold": 0.6820261166098349}
