{"FTSE100": 0.6057456707069105, "DJIA": -0.6090935236999634, "GBPUSD": -0.02709292874558582, "Gold": -0.08325861406429835}
