{"FTSE100": 0.5395420485104818, "DJIA": -0.30778961596335436, "GBPUSD": -0.41969330104924074, "Gold": 0.0}
