{"FTSE100": 1.7189870051637424, "DJIA": 1.6034830108244549, "GBPUSD": 0.23173053049738584, "Gold": 0.08811057877635932}
