{"FTSE100": 0.3256835834348527, "DJIA": 0.9406999613454994, "GBPUSD": -0.18254837531946658, "Gold": 0.061946580184375544}
