{"FTSE100": 0.7196570194542835, "DJIA": 0.2515092689378632, "GBPUSD": 0.09068923821038903, "Gold": 0.0}
