{"FTSE100": -0.37479242622434333, "DJIA": -0.6409405982844624, "GBPUSD": -0.6811522508466679, "Gold": -0.1299902507311906}
