{"FTSE100": 1.66562642555978, "DJIA": 1.137228315939286, "GBPUSD": 0.523520771345713, "Gold": 0.012157463466822283}
