{"FTSE100": -0.20818512784031298, "DJIA": -0.17932897220080504, "GBPUSD": -0.21039975954312545, "Gold": -2.1170879239576554}
