{"FTSE100": 0.10480882922217677, "DJIA": -0.6804313792889797, "GBPUSD": 0.0, "Gold": -0.7057740500179093}
