{"FTSE100": 0.053334963286615335, "DJIA": 0.6670032674992994, "GBPUSD": 0.2932336338978083, "Gold": -0.5413705533791365}
