{"FTSE100": 0.9832992324709422, "DJIA": 1.6514860355702075, "GBPUSD": 0.517021953547562, "Gold": -1.7578125}
