{"FTSE100": 0.21225248271451674, "DJIA": -0.2792878749249906, "GBPUSD": -0.9028813692392295, "Gold": -0.5570191945803435}
