{"FTSE100": 0.6507108555499305, "DJIA": 0.4658403495534576, "GBPUSD": 0.007984031936126864, "Gold": -0.06572295247724745}
