{"FTSE100": 0.10489742892534869, "DJIA": -0.30817887794355414, "GBPUSD": -0.12224456800346548, "Gold": 0.19318913595211595}
