{"FTSE100": 0.1895583003201259, "DJIA": -0.029615154123757786, "GBPUSD": 0.39120569595494215, "Gold": 0.040862192256612244}
