{"FTSE100": 0.283559198385345, "DJIA": 0.15847931345605779, "GBPUSD": 0.0551267916207216, "Gold": 0.0}
