{"FTSE100": -0.5254678602157021, "DJIA": -0.08562044902757175, "GBPUSD": 0.32894736842106626, "Gold": -0.8405507697308803}
