{"FTSE100": -1.3385173365739618, "DJIA": -0.6532618070496288, "GBPUSD": 0.0642880102860924, "Gold": 0.23670639952658334}
