{"FTSE100": -0.14389184829142096, "DJIA": 0.32945334552794114, "GBPUSD": 0.36912476417028534, "Gold": -0.5369057547956606}
