{"FTSE100": 1.0259769748947516, "DJIA": 0.03467194102246265, "GBPUSD": -0.29807459921050805, "Gold": -1.143197972066206}
