{"FTSE100": -0.35475839962543765, "DJIA": 0.23760217068305511, "GBPUSD": -0.6427443346677956, "Gold": 1.0943831524150374}
