{"FTSE100": 0.4655054292799085, "DJIA": 0.20315749627711183, "GBPUSD": 0.0, "Gold": 0.9865203895054758}
