{"FTSE100": -0.11643390057228316, "DJIA": 0.17266205352600647, "GBPUSD": 0.0, "Gold": -0.09765625000000772}
