{"FTSE100": -0.1329574653082452, "DJIA": -0.482153628385849, "GBPUSD": -0.26672942653173837, "Gold": 0.004934372841207394}
