{"FTSE100": -0.20708020336074212, "DJIA": 0.7727769393462457, "GBPUSD": 0.08355548482075321, "Gold": 0.632284083529854}
