{"FTSE100": 0.449287077731959, "DJIA": 1.1541387126260585, "GBPUSD": 0.15545737195221837, "Gold": 0.08279002380212713}
