{"FTSE100": 0.2104253528294909, "DJIA": -0.27362807286722257, "GBPUSD": 0.040300421322590256, "Gold": -0.5394562064572119}
