{"FTSE100": 1.3992533596822152, "DJIA": 0.303765158362364, "GBPUSD": 0.07082152974503468, "Gold": 0.2082403688829414}
