{"FTSE100": -2.843036633715445, "DJIA": 0.0, "GBPUSD": -0.35943116111891993, "Gold": -1.40577977491035}
