{"FTSE100": 0.10795656131770724, "DJIA": 0.3746010720720886, "GBPUSD": 0.20793108569732183, "Gold": 1.4026964455944437}
