{"FTSE100": 1.1489555182050009, "DJIA": 1.1808025691264488, "GBPUSD": -0.02661495760618018, "Gold": -0.09496444920618574}
