{"FTSE100": -0.28689106304192635, "DJIA": -1.0856999866524848, "GBPUSD": 0.05586146357033939, "Gold": 0.19745879120880683}
