{"FTSE100": -0.6756471148821045, "DJIA": 0.020339995367663358, "GBPUSD": 0.022289917527302694, "Gold": 0.0}
