{"FTSE100": -0.36806652123511535, "DJIA": -0.3698159508653571, "GBPUSD": 0.08740564163687731, "Gold": 0.21500901650713752}
