{"FTSE100": 0.018616152497902997, "DJIA": -1.2995112806410898, "GBPUSD": -0.09652882350669705, "Gold": 0.2647186945012261}
