{"FTSE100": 0.6424803134334147, "DJIA": -0.7542049013101592, "GBPUSD": -0.4513118641474638, "Gold": -0.22920267528368185}
