{"FTSE100": -1.1898732412690776, "DJIA": 0.5605149421433138, "GBPUSD": 0.8572636758543799, "Gold": -0.5063855536800563}
