{"FTSE100": 0.8780815025993602, "DJIA": 0.32449822521779986, "GBPUSD": -0.007922674694976152, "Gold": 0.5446248957362315}
