{"FTSE100": -1.007148419102206, "DJIA": -1.2623055799767704, "GBPUSD": 0.7020731808044892, "Gold": 3.1318394997394545}
