{"FTSE100": 0.008743871133611216, "DJIA": 0.12561002805738813, "GBPUSD": 0.2770302358714626, "Gold": 0.53899025861642}
