{"FTSE100": -0.1997240924907873, "DJIA": -1.6562094403394099, "GBPUSD": -0.10378057820606715, "Gold": -0.8780525294445544}
