{"FTSE100": -0.39550450056846, "DJIA": -0.051760457134019076, "GBPUSD": 0.00385430718829104, "Gold": -0.09843596193808808}
