{"FTSE100": 0.3795401065901314, "DJIA": -0.038200877995528945, "GBPUSD": 0.03039282729275556, "Gold": -0.2092698806386642}
