{"FTSE100": -0.729718319968958, "DJIA": 0.24258252719137519, "GBPUSD": -0.07298989666167312, "Gold": 0.5850910141577512}
