{"FTSE100": 1.9544272580750193, "DJIA": 0.9467389220064126, "GBPUSD": -0.6486226777706594, "Gold": -0.20428474150123568}
