{"FTSE100": -0.4699391769521416, "DJIA": 0.09301015756836827, "GBPUSD": -0.5629088696181235, "Gold": 0.0}
