{"FTSE100": 0.07630560460084744, "DJIA": -1.037809090216601, "GBPUSD": 0.03148862473432874, "Gold": -0.3749707054136396}
