{"FTSE100": -0.2607923756183723, "DJIA": -0.33733635634637527, "GBPUSD": 0.20490303695571999, "Gold": 0.0}
