{"FTSE100": 0.7058351979421805, "DJIA": -0.14333462800699967, "GBPUSD": -0.059893688702562994, "Gold": 0.0}
