{"FTSE100": 0.3446756124254751, "DJIA": 0.8469044252918984, "GBPUSD": -0.007912644405759534, "Gold": -0.05680644494938592}
