{"FTSE100": 0.11742904959576046, "DJIA": 0.7955544708420131, "GBPUSD": -0.14245014245014434, "Gold": 0.4729758782302102}
