{"FTSE100": -1.2796921168021325, "DJIA": -0.2212937402074206, "GBPUSD": -0.16548072149594586, "Gold": -0.5573770491803179}
