{"FTSE100": -0.431303422810313, "DJIA": 0.37095551797189436, "GBPUSD": -0.014583637159122064, "Gold": 0.6139841769251888}
