{"FTSE100": -0.8475798233592735, "DJIA": 0.48323912711964706, "GBPUSD": -0.13854679802955847, "Gold": 0.6793703396851736}
