{"FTSE100": 0.12001996208304712, "DJIA": 0.5861349736628108, "GBPUSD": 0.29551287036317175, "Gold": 0.3012987012987107}
