{"FTSE100": -0.376484392877828, "DJIA": -0.09087056634996377, "GBPUSD": 0.007814942169427085, "Gold": -0.9503424657534169}
