{"FTSE100": 0.42694819053206234, "DJIA": -0.38471543134349534, "GBPUSD": 0.11331016769905249, "Gold": 0.29431397536257714}
