{"FTSE100": 0.16239862888670376, "DJIA": 0.1073386322179572, "GBPUSD": 0.33291410816010736, "Gold": 0.6357829383320317}
