{"FTSE100": 0.23123050463965433, "DJIA": 0.2214325093583624, "GBPUSD": -0.015546055188494208, "Gold": -0.2489457907839298}
