{"FTSE100": 0.02269153028795254, "DJIA": -1.140945596890982, "GBPUSD": -0.032902854322608865, "Gold": 0.0}
