{"FTSE100": -0.5724277802334921, "DJIA": 0.07576690339000201, "GBPUSD": 0.031007751937981082, "Gold": 0.0}
