{"FTSE100": -0.4877628425840124, "DJIA": -0.682834275202848, "GBPUSD": 0.040105879521933493, "Gold": 0.4076702400724701}
