{"FTSE100": 0.23487062221407434, "DJIA": 0.9247514478540337, "GBPUSD": 0.020238818053032463, "Gold": 0.03981035793130574}
