{"FTSE100": -0.2196007516656837, "DJIA": -0.16919160145741743, "GBPUSD": 0.03962279102939575, "Gold": -0.19153324820743853}
