{"FTSE100": 0.289200275105675, "DJIA": 0.6375180512707979, "GBPUSD": -0.10289694475226205, "Gold": 0.53899025861642}
