{"FTSE100": 0.24632875414494637, "DJIA": 0.11640997004562277, "GBPUSD": 0.18120418416936018, "Gold": -0.8872055618968511}
