{"FTSE100": -0.004503791846303332, "DJIA": 0.0764253125056181, "GBPUSD": 0.039607097591901695, "Gold": -0.43759964720648903}
