{"FTSE100": -0.1102145711264015, "DJIA": 0.5903230118767063, "GBPUSD": 0.4887662593614667, "Gold": 0.3466119898457288}
