{"FTSE100": 0.3415721999749951, "DJIA": 0.03447390998938102, "GBPUSD": -0.6075909413714227, "Gold": -0.08255082034877252}
