{"FTSE100": 0.10056243287240646, "DJIA": -0.483173535864506, "GBPUSD": 0.05923293351104205, "Gold": -0.2573895715709117}
