{"FTSE100": -0.31449592547097915, "DJIA": 1.5743560346611192, "GBPUSD": -0.3043164891487167, "Gold": -0.4171063872556387}
