{"FTSE100": 0.006786102062983788, "DJIA": -0.38471543134349534, "GBPUSD": 0.11331016769905249, "Gold": -0.16991322288973568}
