{"FTSE100": 0.7018710689053694, "DJIA": -0.011865052424796775, "GBPUSD": -0.3369019989518566, "Gold": 0.0}
