{"FTSE100": 0.06311227580465446, "DJIA": 0.869606700811641, "GBPUSD": -0.5883314267036994, "Gold": 1.0927767457108513}
