{"FTSE100": -0.24998382609820416, "DJIA": -0.3743057045706011, "GBPUSD": -0.03176367823393599, "Gold": 0.4722843649018146}
