{"FTSE100": -0.09199686617126848, "DJIA": 0.07832838484509114, "GBPUSD": 0.015743073047857208, "Gold": -0.5300135584863837}
