{"FTSE100": 1.6008546612559988, "DJIA": 0.6203762202702477, "GBPUSD": 0.07141156867413496, "Gold": 0.0}
