{"FTSE100": -0.10514042042841613, "DJIA": 0.5830496679569971, "GBPUSD": 0.11996161228407365, "Gold": 0.0}
