{"FTSE100": 0.30170829496499735, "DJIA": 0.7350149164704486, "GBPUSD": 0.8600727753886838, "Gold": 0.6222508314558597}
