{"FTSE100": -0.6172416250220135, "DJIA": -0.5618624186262472, "GBPUSD": -0.09551858632491188, "Gold": -0.17651334233204566}
