{"FTSE100": -0.3176696737165697, "DJIA": -0.727760099054623, "GBPUSD": -0.03145890680298513, "Gold": -0.753390256152687}
