{"FTSE100": -0.48504446240906735, "DJIA": 0.8034743521088024, "GBPUSD": 0.6629967452887122, "Gold": 0.8490890340323229}
