{"FTSE100": 0.17066442921956157, "DJIA": 0.11416773435395901, "GBPUSD": -0.27883396704688823, "Gold": -2.226233453670287}
