{"FTSE100": -0.06070017653634906, "DJIA": 0.0, "GBPUSD": -0.4078914509281532, "Gold": 0.0}
