{"FTSE100": 0.4473462271523364, "DJIA": -0.026689074681673242, "GBPUSD": 0.08830376495144103, "Gold": 0.0}
