{"FTSE100": 0.8955566508449941, "DJIA": 0.7019458376618718, "GBPUSD": 0.3925096083081131, "Gold": -1.2562433782352096}
