{"FTSE100": 0.14871734662343386, "DJIA": 1.167011821649671, "GBPUSD": 0.21475179648136908, "Gold": 0.0}
