{"FTSE100": 0.1424940139500926, "DJIA": 0.2512947992615201, "GBPUSD": 0.09228156952494891, "Gold": 0.14842912509275819}
