{"FTSE100": 0.6043094487217797, "DJIA": -0.482318841614028, "GBPUSD": -0.014973422175636592, "Gold": 0.0}
