{"FTSE100": 0.1349711453578482, "DJIA": 0.8017027632632096, "GBPUSD": 0.9098228663446125, "Gold": 0.07561436672967864}
