{"FTSE100": -0.11116147553367517, "DJIA": 0.324012006674884, "GBPUSD": 0.12239902080784476, "Gold": 0.0}
