{"FTSE100": 0.876966226123028, "DJIA": 0.8119888224640356, "GBPUSD": -0.2808562319720521, "Gold": 0.688263047813614}
