{"FTSE100": 0.2490543485080674, "DJIA": 0.6083511145538796, "GBPUSD": -0.2536367027228698, "Gold": -5.276266027119273}
