{"FTSE100": -0.035920397534958536, "DJIA": 0.26384388067753073, "GBPUSD": -0.38349090632949834, "Gold": -0.8373348148736025}
