{"FTSE100": 0.07840124187567131, "DJIA": 0.01750522268031231, "GBPUSD": 0.08883863673074632, "Gold": 0.12943308309603935}
