{"FTSE100": -0.4561840008684515, "DJIA": -1.7129964533922897, "GBPUSD": 0.5648778866921531, "Gold": -0.2608128667680914}
