{"FTSE100": -0.09582925828942755, "DJIA": -0.59207244905334, "GBPUSD": -0.1526349614395897, "Gold": 0.44048350747797116}
