{"FTSE100": 0.4255917965284502, "DJIA": 0.8623526709545353, "GBPUSD": 0.05586146357033939, "Gold": -0.700243562978443}
