{"FTSE100": -1.360972684202796, "DJIA": 0.3006370750608393, "GBPUSD": 0.09935799449710171, "Gold": -1.1569872958257679}
