{"FTSE100": -0.05294273360980238, "DJIA": 0.7227088649545987, "GBPUSD": 0.5791800030483197, "Gold": 1.762791607111153e-14}
