{"FTSE100": 0.16984165000875118, "DJIA": 0.3219571845942602, "GBPUSD": 0.10852074991581584, "Gold": -0.6627644089318372}
