{"FTSE100": 0.11336011990982277, "DJIA": -0.05259540849812567, "GBPUSD": -0.04808581468467094, "Gold": 0.05226480836238122}
