{"FTSE100": 0.16984165000875118, "DJIA": 0.3219571845942602, "GBPUSD": 0.6781193490054171, "Gold": 1.5273412947831666}
