{"FTSE100": 0.09149237391004642, "DJIA": -0.490648404370982, "GBPUSD": -0.015699819452074572, "Gold": -0.5145320539563301}
