{"FTSE100": 0.9537757021121497, "DJIA": 0.15944645647302655, "GBPUSD": 0.1596108535380399, "Gold": 2.59038855828374}
