{"FTSE100": -1.0309690446604831, "DJIA": 1.1420242096903166, "GBPUSD": -0.10082990770185983, "Gold": -0.1955201866017157}
