{"FTSE100": -0.10234388058166342, "DJIA": 0.0, "GBPUSD": -0.13570687315399016, "Gold": 0.0}
