{"FTSE100": 0.45991771633906753, "DJIA": 0.0, "GBPUSD": -0.10976948408343012, "Gold": 0.11091744572967352}
