{"FTSE100": -2.7456120577619294, "DJIA": -0.8250931708515912, "GBPUSD": -0.42883245702354056, "Gold": 0.0}
