{"FTSE100": 0.06609853402894124, "DJIA": -0.24937726289391787, "GBPUSD": -0.21325329752783545, "Gold": 0.7525823905558378}
