{"FTSE100": 0.5847844977068485, "DJIA": -0.1967622550871538, "GBPUSD": -0.16987960706108046, "Gold": 0.0}
