{"FTSE100": -0.7524980937666815, "DJIA": -0.09080986046202644, "GBPUSD": 0.07819772854217057, "Gold": 0.031115951370205057}
