{"FTSE100": -0.27152499844472316, "DJIA": 0.8692896823256527, "GBPUSD": 0.4194033394001806, "Gold": 0.4915212582944212}
