{"FTSE100": 0.4657353621132931, "DJIA": 0.6675547037887289, "GBPUSD": 0.04048910842982791, "Gold": -1.5307435039876627}
