{"FTSE100": -0.18544705832711644, "DJIA": -0.4821998217510103, "GBPUSD": -0.018480872297162186, "Gold": -0.038423537161052006}
