{"FTSE100": 0.05758738047647266, "DJIA": 0.324012006674884, "GBPUSD": -0.025930727912565323, "Gold": 0.02935909104254132}
