{"FTSE100": -0.9794520266859564, "DJIA": -0.8367720635315004, "GBPUSD": -0.2824637112593037, "Gold": 0.40337561700546193}
