{"FTSE100": 0.283558180178515, "DJIA": 0.08182935316417794, "GBPUSD": 0.15799036258788227, "Gold": 0.8664653166311829}
