{"FTSE100": 1.8152187405318323, "DJIA": 0.5045730278398902, "GBPUSD": 0.3187316116377913, "Gold": 0.616382806163833}
