{"FTSE100": -0.9132334514923288, "DJIA": -0.2679503720640763, "GBPUSD": 0.4057971014492858, "Gold": -0.10413241258358494}
