{"FTSE100": 0.3249682110971851, "DJIA": 0.13890413343880204, "GBPUSD": 1.1396888957338784, "Gold": 0.19425416624066835}
