{"FTSE100": 0.9503394563169861, "DJIA": 0.1095941606459989, "GBPUSD": 0.07962085308056836, "Gold": 1.0605391073795847}
