{"FTSE100": 0.6636132452832803, "DJIA": 0.3853358454754037, "GBPUSD": 0.1649076517150397, "Gold": -0.016497113005221584}
