{"FTSE100": 0.2363749437503568, "DJIA": -0.028891600975112, "GBPUSD": 0.015807777426492094, "Gold": 0.5189346828494192}
