{"FTSE100": -0.3017745441987828, "DJIA": -0.5139200357818361, "GBPUSD": 0.2957364659492358, "Gold": 0.43866688065050113}
