{"FTSE100": -0.056326910410159234, "DJIA": 0.45454836168586543, "GBPUSD": 0.007849909726037286, "Gold": 0.0}
