{"FTSE100": 0.19825383281616135, "DJIA": 1.0477977418579567, "GBPUSD": 0.5733005733005763, "Gold": 0.0}
