{"FTSE100": -0.3750584782885976, "DJIA": -0.03766857324256088, "GBPUSD": -0.5199306759098739, "Gold": -0.33457054733650954}
