{"FTSE100": -0.5633394507133218, "DJIA": 1.6638617491559275e-14, "GBPUSD": -0.2656604935894932, "Gold": -0.4113548769641235}
