{"FTSE100": 0.24691741667669753, "DJIA": -0.0038897966743522373, "GBPUSD": -0.6647445138555338, "Gold": 0.0}
