{"FTSE100": -0.848609880010155, "DJIA": -0.2478767515876394, "GBPUSD": -0.44649851167161336, "Gold": 0.6501822480543811}
