{"FTSE100": -2.661382861584897, "DJIA": -0.14933259721931724, "GBPUSD": -0.9434314054517693, "Gold": -3.3922635237231855}
