{"FTSE100": -0.49185893201608477, "DJIA": 0.127595015725482, "GBPUSD": 0.03978041212506523, "Gold": 0.0}
