{"FTSE100": -0.14672226839450078, "DJIA": -0.8244601462652112, "GBPUSD": -0.34403669724770247, "Gold": -0.3980416351550372}
