{"FTSE100": 1.0677127231181396, "DJIA": 1.4211449770260334, "GBPUSD": -0.1969187999536702, "Gold": 0.19099956438695231}
