{"FTSE100": 0.6251284966197671, "DJIA": -0.6952911068033695, "GBPUSD": 0.15010507355148617, "Gold": 0.018802647412755714}
