{"FTSE100": 0.5031439899899145, "DJIA": 0.0023053111151395194, "GBPUSD": 0.15820281601012512, "Gold": 0.0}
