{"FTSE100": -0.2436133036435679, "DJIA": -0.6116234251628423, "GBPUSD": 0.05529546208574693, "Gold": -1.3081222499702698}
