{"FTSE100": -0.05669498760543379, "DJIA": 0.03159185761286059, "GBPUSD": -0.18104534005037537, "Gold": -0.005205351100938859}
