{"FTSE100": -0.14286786534186008, "DJIA": 0.4142605005789712, "GBPUSD": -0.08634900698641014, "Gold": -0.5145320539563301}
