{"FTSE100": 0.11168406936854054, "DJIA": 0.528000504861049, "GBPUSD": -0.1451270792244927, "Gold": 0.9748718379695696}
