{"FTSE100": -1.4585868536439393, "DJIA": -2.262716067251956, "GBPUSD": 0.5808933197268289, "Gold": -0.4722792607802875}
