{"FTSE100": 0.7955447106879341, "DJIA": 0.4968730025569319, "GBPUSD": -0.2529950145100133, "Gold": 0.0}
