{"FTSE100": -0.3372593595820767, "DJIA": -0.4063456300273069, "GBPUSD": 0.23201856148491856, "Gold": 0.970404670827476}
