{"FTSE100": -0.3759541742344514, "DJIA": -0.16809445488531832, "GBPUSD": 0.022419849039680664, "Gold": 0.03487054310869702}
