{"FTSE100": -0.5994909529425015, "DJIA": 0.5830496679569971, "GBPUSD": 0.30390275111964377, "Gold": 0.546088891136166}
