{"FTSE100": 0.21273386220260773, "DJIA": 1.0537205422430127, "GBPUSD": 0.13172338090011151, "Gold": 6.54840454299623}
