{"FTSE100": -0.43716230694823643, "DJIA": 0.5949669597782832, "GBPUSD": 0.258460544382529, "Gold": -0.45131445334536835}
