{"FTSE100": 0.32480187085877615, "DJIA": -0.5139200357818361, "GBPUSD": -1.112825928031845, "Gold": -0.30969671080735695}
