{"FTSE100": -0.1044455650281976, "DJIA": -0.723094357459489, "GBPUSD": -0.3552818569398349, "Gold": 0.3115022194533136}
