{"FTSE100": 0.06680295856526243, "DJIA": 0.011026729525615127, "GBPUSD": -0.12451361867704636, "Gold": 0.28055498877780044}
