{"FTSE100": -0.6702745196772635, "DJIA": -0.7681128539340597, "GBPUSD": -0.32383419689119197, "Gold": -0.8268760725986838}
