{"FTSE100": -0.7816983586486494, "DJIA": -1.0820179832678454, "GBPUSD": -0.3612029960838015, "Gold": -0.9004322074595805}
