{"FTSE100": 0.509056446475346, "DJIA": -0.36495681001377683, "GBPUSD": -0.1716644143321416, "Gold": 0.1845605549544924}
