{"FTSE100": 0.07291161162017451, "DJIA": 1.2291647572612365, "GBPUSD": -0.2548152589372757, "Gold": -0.9483793517406935}
