{"FTSE100": 0.25395517150343966, "DJIA": -0.7681128539340597, "GBPUSD": -0.07286269430052808, "Gold": -0.16641531020854156}
