{"FTSE100": -0.3211409096203146, "DJIA": -0.1045580090866439, "GBPUSD": -0.033528294154888755, "Gold": -0.7404566641099742}
