{"FTSE100": 0.019628845823868393, "DJIA": 0.5004432764820844, "GBPUSD": 0.02334630350194295, "Gold": -0.39277698428892294}
