{"FTSE100": -0.09241821859523527, "DJIA": 0.23634814242700203, "GBPUSD": -0.08666193965178451, "Gold": -0.08823529411764483}
