{"FTSE100": 0.6696225588399873, "DJIA": -0.107157370322774, "GBPUSD": 0.039203387172647396, "Gold": 0.06338139755980658}
