{"FTSE100": 0.46483930244531185, "DJIA": -0.48245583865285674, "GBPUSD": 0.07101712301743082, "Gold": 0.0}
