{"FTSE100": -0.03373421720551537, "DJIA": -1.2890422287925116, "GBPUSD": 0.4057971014492858, "Gold": -0.08220979940808944}
