{"FTSE100": -0.37155046455755464, "DJIA": -1.5270081147355825, "GBPUSD": -0.1651592607156894, "Gold": -0.753390256152687}
