{"FTSE100": -1.1439046433088464, "DJIA": 0.3958714641550336, "GBPUSD": -0.377778661470538, "Gold": -1.7257728048549212}
