{"FTSE100": -0.08458726002435533, "DJIA": 0.42169345508682693, "GBPUSD": -0.4161105440841707, "Gold": -1.0237109522017245}
