{"FTSE100": -0.39403573671711184, "DJIA": -0.20931769456528718, "GBPUSD": -0.7510968989365656, "Gold": -0.19827978885882186}
