{"FTSE100": 0.7836466206812772, "DJIA": 0.6902948161470915, "GBPUSD": 0.549408622663113, "Gold": 0.0}
