{"FTSE100": -0.15262139019599122, "DJIA": -0.9671377375775247, "GBPUSD": 0.3453960279456754, "Gold": 0.7964182702656162}
