{"FTSE100": 0.20782599827371387, "DJIA": -1.6437984322787753, "GBPUSD": 0.08025038118931963, "Gold": -0.19789201978919807}
