{"FTSE100": 1.462667097272615, "DJIA": 0.5586178087421069, "GBPUSD": -0.14550157626707813, "Gold": -1.6385923949299608}
