{"FTSE100": -0.7132060151052126, "DJIA": -0.3414438651207486, "GBPUSD": -0.4091588637973163, "Gold": -0.11871580468669116}
