{"FTSE100": 0.30144493080848606, "DJIA": 0.5928974953895598, "GBPUSD": 0.06454797433268918, "Gold": 0.019842057224493035}
