{"FTSE100": 0.4070168485157981, "DJIA": -0.42086777752016297, "GBPUSD": -0.09667284298719808, "Gold": 0.03496154230346846}
