{"FTSE100": -0.053959647256696525, "DJIA": 0.5516625720786568, "GBPUSD": 0.12952380952381218, "Gold": -0.9801976268899487}
