{"FTSE100": 0.40055484081440246, "DJIA": 0.20374432896980163, "GBPUSD": 0.09337794724144952, "Gold": 0.7228198477826437}
