{"FTSE100": -0.15207080085448413, "DJIA": -0.07423810425917429, "GBPUSD": -0.7545390238151246, "Gold": 0.09212567882079571}
