{"FTSE100": -0.019291926388704316, "DJIA": -0.3856438103780603, "GBPUSD": 0.04927415381116927, "Gold": -0.5192025682691891}
