{"FTSE100": -0.20769447734020946, "DJIA": -0.07725254436484114, "GBPUSD": 0.003790032215281828, "Gold": 0.0}
