{"FTSE100": 0.35729279251114304, "DJIA": 0.7838949668673242, "GBPUSD": 0.08304268393953577, "Gold": 0.20302398888710554}
