{"FTSE100": -0.571963596142276, "DJIA": -0.4172661061907049, "GBPUSD": -1.146108840266088, "Gold": -0.1204501825573182}
