{"FTSE100": -0.21343719301809638, "DJIA": -0.6365806370560039, "GBPUSD": -0.2091802502269441, "Gold": -0.3367346938775386}
