{"FTSE100": 0.06680295856526243, "DJIA": 0.28269037535719965, "GBPUSD": -0.11673151750973204, "Gold": 0.24994899000204504}
