{"FTSE100": -0.18986512282541018, "DJIA": 0.2749555640533992, "GBPUSD": 0.1933229236374569, "Gold": 0.5047356076126005}
