{"FTSE100": -0.08935580759162752, "DJIA": 0.33350699889492147, "GBPUSD": 0.26215443279312506, "Gold": 0.005158893933136043}
