{"FTSE100": 0.33566845637231363, "DJIA": 0.9892190340421585, "GBPUSD": 0.8767080009478011, "Gold": -0.13297192246714756}
