{"FTSE100": 0.2370751697627531, "DJIA": -0.6683535979045157, "GBPUSD": 0.0703509731884547, "Gold": 0.23127923112504498}
