{"FTSE100": 0.5230879747395247, "DJIA": -0.31591600018156857, "GBPUSD": -0.7688686646791001, "Gold": 0.0}
