{"FTSE100": -0.0259858377184539, "DJIA": 0.3853179154728225, "GBPUSD": -0.06647278770252696, "Gold": 0.1195392306020455}
