{"FTSE100": 0.3211667188027777, "DJIA": 0.6675547037887289, "GBPUSD": 0.29152158069479694, "Gold": -1.1791441557327844}
