{"FTSE100": -1.1145347319651486, "DJIA": -0.24609532543204357, "GBPUSD": -0.2918546033430549, "Gold": -2.242709403138373}
