{"FTSE100": -0.8558011175897265, "DJIA": -1.553669268585573, "GBPUSD": -0.8938002762655318, "Gold": 0.9762277367911102}
