{"FTSE100": -0.1886408954862992, "DJIA": -0.051148578398403866, "GBPUSD": -0.1521948093559589, "Gold": -0.0523204101920159}
