{"FTSE100": -0.39403573671711184, "DJIA": -0.37717947116818773, "GBPUSD": 0.048709206039944504, "Gold": 0.0}
