{"FTSE100": 1.4552978659261344, "DJIA": 0.6420607733242925, "GBPUSD": 0.19672647151400272, "Gold": 0.27269572115622986}
