{"FTSE100": 0.42029546143632124, "DJIA": 0.45454836168586543, "GBPUSD": 0.180547923698875, "Gold": 0.0}
