{"FTSE100": -0.4304225908218866, "DJIA": 0.013892197112848028, "GBPUSD": -0.6309885487263376, "Gold": -1.4869322506977902}
