{"FTSE100": -0.2945993751583535, "DJIA": 0.5577697792837015, "GBPUSD": -0.335955424450999, "Gold": -1.052242938896068}
