{"FTSE100": 0.2778333293788143, "DJIA": 0.7519351131895838, "GBPUSD": -0.022096192089544445, "Gold": 0.05594158520786983}
