{"FTSE100": 0.28345774933403833, "DJIA": 0.5066179910630433, "GBPUSD": -0.41425020712510174, "Gold": -1.0967167043663033}
