{"FTSE100": 0.6241541192962219, "DJIA": 0.46948262446271805, "GBPUSD": -0.6961670800992182, "Gold": -0.08665511265164876}
