{"FTSE100": 1.0691786084110022, "DJIA": 0.9981709717002313, "GBPUSD": -0.06498253594347607, "Gold": -0.2745436982053023}
