{"FTSE100": -0.4064750140736654, "DJIA": -0.028891600975112, "GBPUSD": 0.007903888713246047, "Gold": 0.4674700862031837}
