{"FTSE100": 0.5775987245589498, "DJIA": 0.869606700811641, "GBPUSD": -0.2042817453832282, "Gold": 1.0217462572396483}
