{"FTSE100": -0.6760643380273589, "DJIA": -0.08260792026569759, "GBPUSD": 0.6534457867943121, "Gold": 0.41726787037397406}
