{"FTSE100": 0.43148911688561425, "DJIA": -9.099555737138657e-05, "GBPUSD": -0.1888722751239441, "Gold": -0.8834469931804162}
