{"FTSE100": -0.895183199164811, "DJIA": -1.197099874144723, "GBPUSD": 0.003695901245510106, "Gold": -2.6000740527420194}
