{"FTSE100": -0.5688359179251182, "DJIA": -1.260744754534117, "GBPUSD": 0.49261083743844, "Gold": 0.8357881756525344}
