{"FTSE100": 0.22544752608671545, "DJIA": -0.59139880203591, "GBPUSD": -0.48226101910352287, "Gold": 0.9521641819354313}
