{"FTSE100": -0.7815307465138509, "DJIA": -0.8585878386325305, "GBPUSD": 0.041118421052645314, "Gold": -0.31778058007565974}
