{"FTSE100": 0.6125473119579523, "DJIA": 0.6675547037887289, "GBPUSD": -0.05668475180177706, "Gold": -1.1791441557327844}
