{"FTSE100": 0.0, "DJIA": 0.6679126218229057, "GBPUSD": -0.07551729346019406, "Gold": -0.17286084701814602}
