{"FTSE100": 0.2295893025121061, "DJIA": 0.5755526376735745, "GBPUSD": -0.1859600185959986, "Gold": -1.980690341026817}
