{"FTSE100": -0.7798113200180646, "DJIA": -0.014957083769096031, "GBPUSD": -0.179767935937243, "Gold": 0.0}
