{"FTSE100": 0.1425300367902479, "DJIA": 0.08574954147668495, "GBPUSD": -0.09885179834233737, "Gold": 0.949224047009184}
