{"FTSE100": 0.3984456449625596, "DJIA": 0.4241083042082956, "GBPUSD": 1.0910212421450407, "Gold": 2.1044624746450333}
