{"FTSE100": -0.46619560127363346, "DJIA": 0.020536918230054182, "GBPUSD": 0.1575175238245256, "Gold": 0.8220526704405746}
