{"FTSE100": 0.3294792629708741, "DJIA": -0.8115700575657554, "GBPUSD": 0.40593157153507614, "Gold": -0.6072227548737664}
