{"FTSE100": 0.5505283187410763, "DJIA": 0.0, "GBPUSD": 0.46285212672572235, "Gold": -0.18267223382047112}
