{"FTSE100": 0.13583261899274987, "DJIA": 0.14228611672027702, "GBPUSD": 0.16496465043204953, "Gold": -0.2410916630502917}
