{"FTSE100": -4.381140611149868, "DJIA": -0.8495920381804782, "GBPUSD": -1.0783553141970537, "Gold": -1.6633466135458137}
