{"FTSE100": -0.8639171521255142, "DJIA": 0.5442389750749992, "GBPUSD": -0.2121561767223746, "Gold": -0.8948179991589008}
