{"FTSE100": -1.084582469220068, "DJIA": 0.150298832457945, "GBPUSD": 0.20512820512820004, "Gold": -0.0731299623903098}
