{"FTSE100": 0.5214927352746122, "DJIA": 0.019386409870259653, "GBPUSD": -0.18220708231006644, "Gold": -0.13198416190057416}
