{"FTSE100": -4.953072306643027, "DJIA": -4.334541099439564, "GBPUSD": -1.5915423075454993, "Gold": -2.583144979011947}
