{"FTSE100": 0.09105293906651118, "DJIA": 0.6900935969219066, "GBPUSD": 0.1574431236715738, "Gold": -0.2562363403421577}
