{"FTSE100": 0.49438804500902434, "DJIA": -0.5186114670008051, "GBPUSD": -1.0665804783451744, "Gold": -0.12968150223052183}
