{"FTSE100": 0.35708552818819195, "DJIA": 0.02487581986640328, "GBPUSD": -0.1376013904982628, "Gold": 3.5183648842295865}
