{"FTSE100": 0.19390035922455087, "DJIA": 0.4920561069999097, "GBPUSD": -0.23337222870479296, "Gold": 0.06109046479661039}
