{"FTSE100": 0.673757097413698, "DJIA": 0.6739507460491955, "GBPUSD": 0.21206146061981615, "Gold": 0.0}
