{"FTSE100": -0.5560252718581251, "DJIA": 0.6819818744632582, "GBPUSD": 0.16751694205438225, "Gold": 0.0}
