{"FTSE100": -0.19273306338349103, "DJIA": 1.1621354477690533, "GBPUSD": -0.273779724655807, "Gold": -0.17584690974915249}
