{"FTSE100": -0.20447798795791589, "DJIA": -0.01416725966909566, "GBPUSD": -0.3530519378628549, "Gold": 0.313692685732211}
