{"FTSE100": -0.35367357635989466, "DJIA": -0.07179949125060614, "GBPUSD": -0.6550460752747881, "Gold": -0.8395134974784849}
