{"FTSE100": 0.6021025060781543, "DJIA": -0.13424903271818125, "GBPUSD": 0.1642806852851436, "Gold": 0.7160713529087789}
