{"FTSE100": -0.4594136995247144, "DJIA": -0.2563994261182917, "GBPUSD": 0.3782731646406396, "Gold": 0.3707722915536318}
