{"FTSE100": 0.5433926020785119, "DJIA": 0.41442938284664826, "GBPUSD": 0.07883948281300157, "Gold": 0.7318123116659492}
