{"FTSE100": 0.24739092281574607, "DJIA": 1.092818710795105, "GBPUSD": 0.24912417282990204, "Gold": 0.27400725065340187}
