{"FTSE100": -0.8992510419604498, "DJIA": -0.2550589971080233, "GBPUSD": 0.1743606775157747, "Gold": -0.30567685589519156}
