{"FTSE100": 0.34235689652620077, "DJIA": -0.5047579644187093, "GBPUSD": 0.0160694198939579, "Gold": -0.11673819742488022}
