{"FTSE100": 0.4076843392067283, "DJIA": -0.0861115803609354, "GBPUSD": -0.26412707860570234, "Gold": -0.28964831506818917}
