{"FTSE100": 1.2252143335641446, "DJIA": 0.5645964870451519, "GBPUSD": -0.1950178459726842, "Gold": 0.0}
