{"FTSE100": -0.09391428029818426, "DJIA": -0.6248334318456885, "GBPUSD": -0.43423338070423484, "Gold": 0.3115022194533136}
