{"FTSE100": 0.4835239318731658, "DJIA": -0.7096213059205019, "GBPUSD": 0.047877433769544675, "Gold": 0.009873130275956236}
