{"FTSE100": -0.6290741186232919, "DJIA": 0.18419123855550767, "GBPUSD": -0.2493765586034886, "Gold": -1.1868604270828296}
