{"FTSE100": 0.5372462751454632, "DJIA": 1.3908810231385735, "GBPUSD": 0.5088653892025095, "Gold": 0.937676254935135}
