{"FTSE100": 0.9832992324709422, "DJIA": -0.11735925056377222, "GBPUSD": -0.09501187648456767, "Gold": 0.3568950133835652}
