{"FTSE100": 0.5147845012115647, "DJIA": -0.19700194689063502, "GBPUSD": -0.14152700186219835, "Gold": 1.2925614846854003}
