{"FTSE100": -0.3740003094439075, "DJIA": -1.8064816901003409, "GBPUSD": -0.4634610609947901, "Gold": -1.0408062117958088}
