{"FTSE100": 0.4831408435700737, "DJIA": 0.5511257227108757, "GBPUSD": -0.23067192499442685, "Gold": 0.0}
