{"FTSE100": -0.7560343846819436, "DJIA": -0.01416725966909566, "GBPUSD": -0.023536795857521338, "Gold": -1.060363109708788}
