{"FTSE100": -0.1103363194366553, "DJIA": 0.062025256790297564, "GBPUSD": 0.17029468384421506, "Gold": 0.545223070962023}
