{"FTSE100": 0.1103141013741213, "DJIA": -0.491739735554689, "GBPUSD": -0.31481189988979863, "Gold": 0.13367660164371808}
