{"FTSE100": 0.25451507435761317, "DJIA": 0.7198552245509212, "GBPUSD": -0.061096685504821585, "Gold": -0.15453675767165065}
