{"FTSE100": -0.1358369383285842, "DJIA": -0.5064832108151335, "GBPUSD": 0.07078254030671655, "Gold": -0.753390256152687}
