{"FTSE100": -0.01120101915779034, "DJIA": 0.1664131657039827, "GBPUSD": -0.39027563216520983, "Gold": 0.03559080740287869}
