{"FTSE100": 1.2586746404316809, "DJIA": 0.07857956982693072, "GBPUSD": 0.29824278574881624, "Gold": -0.20666364232067688}
