{"FTSE100": 0.5526897141328118, "DJIA": 0.49462268660069075, "GBPUSD": 0.3943705536653172, "Gold": 0.23376189681081982}
