{"FTSE100": 0.25314575455310623, "DJIA": 1.0462668361610967, "GBPUSD": 0.3768528598944768, "Gold": 0.20725388601037262}
