{"FTSE100": 0.23209209841504538, "DJIA": -0.04311920543392787, "GBPUSD": -0.06670619626444567, "Gold": 0.0}
