{"FTSE100": 0.5509625138955585, "DJIA": 0.07202554191019894, "GBPUSD": 0.14925373134328457, "Gold": -0.439626104400537}
