{"FTSE100": -0.1526867009763957, "DJIA": 0.5516625720786568, "GBPUSD": -0.2015132504467542, "Gold": -0.14406915319352925}
