{"FTSE100": -0.04204370924799138, "DJIA": -0.5112606051573205, "GBPUSD": -0.022209061297006734, "Gold": 1.24621396037085}
