{"FTSE100": 0.0029922881511670247, "DJIA": 0.6679126218229057, "GBPUSD": -0.02265518803805822, "Gold": -0.3265149332564932}
