{"FTSE100": -0.9588053282987218, "DJIA": -0.2919318509404024, "GBPUSD": 0.6315278115132401, "Gold": 0.6840508152034127}
