{"FTSE100": 0.5827744871978162, "DJIA": 0.48800504957557544, "GBPUSD": -0.6186030817680702, "Gold": -1.9565706289512412}
