{"FTSE100": -0.6821647552995302, "DJIA": -0.7173165545011783, "GBPUSD": 0.2990430622009738, "Gold": 0.0}
