{"FTSE100": -0.23944739297739706, "DJIA": -0.36495681001377683, "GBPUSD": 0.021917007597893553, "Gold": -1.5677040242686637}
