{"FTSE100": -0.8781766631827652, "DJIA": 1.0048600540112893, "GBPUSD": 0.05418795479175746, "Gold": 0.6884846932240297}
