{"FTSE100": 0.4229879098240688, "DJIA": 0.6675547037887289, "GBPUSD": -0.06478257348774263, "Gold": -1.1791441557327844}
