{"FTSE100": 0.1287187013197826, "DJIA": 0.47108329717659386, "GBPUSD": -0.09672738997260114, "Gold": 0.0}
