{"FTSE100": -3.832077840963411, "DJIA": -1.1713118169887464, "GBPUSD": -0.8225037012666564, "Gold": 0.6924771797293068}
