{"FTSE100": 0.8355220654385678, "DJIA": 0.0, "GBPUSD": -0.06237816764131867, "Gold": -0.11888169221940194}
