{"FTSE100": 0.8983769296480665, "DJIA": 1.167011821649671, "GBPUSD": 0.2477905344015769, "Gold": 0.0}
