{"FTSE100": 0.35460011920600665, "DJIA": -0.6042097229734193, "GBPUSD": 0.15936254980079695, "Gold": 1.1133467471495682}
