{"FTSE100": -0.053381669757640776, "DJIA": 0.27325301549328884, "GBPUSD": 0.19301914106481885, "Gold": 0.3037010346425125}
