{"FTSE100": 1.0259769748947516, "DJIA": 0.1849767465057114, "GBPUSD": -0.30613066945943973, "Gold": -1.197872657686759}
