{"FTSE100": -0.20091735801903196, "DJIA": 0.0, "GBPUSD": 0.11255828911401092, "Gold": 0.14033680834001375}
