{"FTSE100": -0.08604023430225305, "DJIA": 0.27325301549328884, "GBPUSD": 0.2654013189641371, "Gold": 0.39635558758429223}
