{"FTSE100": 0.43921492565119896, "DJIA": -0.10313620729345407, "GBPUSD": 0.17476697736351454, "Gold": 0.300075018754696}
