{"FTSE100": 0.4991476695147214, "DJIA": -0.5081199789956906, "GBPUSD": -0.06446933677170875, "Gold": 0.8691099476439862}
