{"FTSE100": 0.401596312206012, "DJIA": 0.43329442530001805, "GBPUSD": 0.15135824105791545, "Gold": 0.46511627906976977}
