{"FTSE100": -1.2796921168021325, "DJIA": -0.6214429605312122, "GBPUSD": -0.5821103550053197, "Gold": -0.9847951950652045}
