{"FTSE100": -0.37155046455755464, "DJIA": -1.0345834139967096, "GBPUSD": -0.02359418010223885, "Gold": -0.753390256152687}
