{"FTSE100": -0.22675056713503008, "DJIA": -0.4928162846035303, "GBPUSD": -0.0825268212168864, "Gold": -0.7310878492250036}
