{"FTSE100": 0.16126832116491244, "DJIA": 0.32945334552794114, "GBPUSD": -0.08179290037625649, "Gold": -0.3127606338615513}
