{"FTSE100": 0.41253146705679467, "DJIA": 0.150298832457945, "GBPUSD": 0.24457593688361975, "Gold": -0.0731299623903098}
