{"FTSE100": -0.16342072088295762, "DJIA": -0.47556003243707184, "GBPUSD": -0.11405976731807899, "Gold": -0.004999625028118343}
