{"FTSE100": 0.08670502558960207, "DJIA": -0.6125483595503677, "GBPUSD": -0.061742687350460124, "Gold": 0.01461934870800176}
