{"FTSE100": 0.029615291067906776, "DJIA": 0.1410254315521305, "GBPUSD": 0.5327184543213745, "Gold": 1.379920389208327}
