{"FTSE100": -0.023431610261009615, "DJIA": 0.7131731641496408, "GBPUSD": -0.1363599903745917, "Gold": -0.25164829634103375}
