{"FTSE100": -0.16992694172754771, "DJIA": -0.28001073244478997, "GBPUSD": 0.0924771822604806, "Gold": 0.34313725490196717}
