{"FTSE100": -0.574548483662624, "DJIA": 1.1738124087788122, "GBPUSD": -0.29900332225912174, "Gold": 0.33014017427072234}
