{"FTSE100": 0.6380178945937439, "DJIA": -0.27055751873061534, "GBPUSD": -0.11755485893417374, "Gold": 1.4545996127687013}
