{"FTSE100": -0.11116147553367517, "DJIA": 0.324012006674884, "GBPUSD": 0.10756277586144233, "Gold": 0.0}
