{"FTSE100": 0.1926875556760534, "DJIA": 0.9714077959259579, "GBPUSD": 0.36708961774798, "Gold": -1.8746079191113962}
