{"FTSE100": 0.2977875389633246, "DJIA": 0.6034891630965501, "GBPUSD": 0.032562683165089215, "Gold": 0.0}
