{"FTSE100": -0.28231657497359697, "DJIA": 0.3275433710326224, "GBPUSD": 0.31563165785528313, "Gold": 0.26846145120429193}
