{"FTSE100": -0.5014987618923441, "DJIA": -0.5915571342052401, "GBPUSD": -0.01600128010240643, "Gold": 0.02967065572149819}
