{"FTSE100": 0.10484100702434361, "DJIA": 0.8274799761567616, "GBPUSD": -0.048753047065444546, "Gold": 0.03624326479329258}
