{"FTSE100": -0.5955049067795773, "DJIA": -1.0883552784813555, "GBPUSD": -0.9188846641317991, "Gold": 0.07387343018960847}
