{"FTSE100": -0.060557784334513684, "DJIA": 0.7227088649545987, "GBPUSD": 0.4877305288827893, "Gold": 1.762791607111153e-14}
