{"FTSE100": 0.4819111912280114, "DJIA": -0.48245583865285674, "GBPUSD": 0.07890791446381203, "Gold": 0.0}
