{"FTSE100": 0.7546856858517086, "DJIA": 0.4039825866858529, "GBPUSD": -0.17581715016382798, "Gold": 0.13305863164219714}
