{"FTSE100": -0.8615028991371605, "DJIA": -1.0438099022826193, "GBPUSD": -0.37617554858933505, "Gold": 0.1910665760869565}
