{"FTSE100": 0.5563900461796417, "DJIA": 0.6601679238659407, "GBPUSD": -0.27222524694719286, "Gold": -0.7378278671909949}
