{"FTSE100": 0.5403434990582124, "DJIA": 0.6189623624281557, "GBPUSD": 0.01132289111152085, "Gold": 0.791724807377295}
