{"FTSE100": 0.11090014149745513, "DJIA": 0.4097125713501887, "GBPUSD": 0.5553887721405039, "Gold": 0.09401323706377857}
