{"FTSE100": -0.100169251493903, "DJIA": 0.03159185761286059, "GBPUSD": -0.015733165512899463, "Gold": 0.2601862933860644}
