{"FTSE100": -0.42619165357316785, "DJIA": -0.14333462800699967, "GBPUSD": -0.059893688702562994, "Gold": 0.0}
