{"FTSE100": 0.0722106451983637, "DJIA": 0.3853179154728225, "GBPUSD": -0.0830909846281587, "Gold": 0.1195392306020455}
