{"FTSE100": 0.08734858333638144, "DJIA": -0.4948898040914321, "GBPUSD": -0.13996377408200517, "Gold": 0.9956927896179423}
