{"FTSE100": -0.10955751827008553, "DJIA": 0.2779895816260505, "GBPUSD": 0.10761865884884783, "Gold": 0.6130686819023422}
