{"FTSE100": 0.10480882922217677, "DJIA": -0.6804313792889797, "GBPUSD": -0.09477924334569685, "Gold": -1.0842325985782255}
