{"FTSE100": 0.06305672119974066, "DJIA": -1.6812130339055869, "GBPUSD": 0.008025038118930182, "Gold": -0.19789201978919807}
