{"FTSE100": 0.5917349133531108, "DJIA": 1.1411733828527122, "GBPUSD": -0.15094061775208079, "Gold": 0.0}
