{"FTSE100": -0.7521469726335583, "DJIA": -0.48869636163530533, "GBPUSD": 0.01596041816295411, "Gold": 0.3047733516483673}
