{"FTSE100": 0.05352841466678944, "DJIA": 0.96307810805411, "GBPUSD": 1.6984977046204493e-14, "Gold": 0.3549858252187869}
