{"FTSE100": 0.07517132300202807, "DJIA": 1.4005709452199757, "GBPUSD": 0.2139800285306645, "Gold": 2.8048226807244063}
