{"FTSE100": -0.5688359179251182, "DJIA": -1.0104511581288504, "GBPUSD": 0.6674082313682016, "Gold": 0.1292517006802783}
