{"FTSE100": 0.5871443232368759, "DJIA": 2.1815741650977643, "GBPUSD": 0.6541745204568151, "Gold": 1.997367013617465}
