{"FTSE100": 0.14008330782147413, "DJIA": -0.60728804808449, "GBPUSD": -0.8105331253091691, "Gold": -0.1299902507311906}
