{"FTSE100": -0.6760643380273589, "DJIA": 0.09714902930285417, "GBPUSD": 0.31912468657396714, "Gold": 0.41726787037397406}
