{"FTSE100": 0.28390409558139207, "DJIA": 0.4386597502325108, "GBPUSD": 0.09156810377719114, "Gold": 0.0}
