{"FTSE100": 0.4000800160031878, "DJIA": 1.2370817306818847, "GBPUSD": 0.09307595807536777, "Gold": 0.3992740471869328}
