{"FTSE100": 0.6032749586501706, "DJIA": 0.12162051830827923, "GBPUSD": 0.05545432939872811, "Gold": -0.13198416190057416}
