{"FTSE100": -0.13946069913731002, "DJIA": -0.7039618168513665, "GBPUSD": 0.08936550491510946, "Gold": -0.15354632965216655}
