{"FTSE100": 0.7825978430840018, "DJIA": 1.4299348501031526, "GBPUSD": 0.17848327194015676, "Gold": 0.48550724637682036}
