{"FTSE100": 0.20344207437098136, "DJIA": -0.6251422152067638, "GBPUSD": -0.11852729831839734, "Gold": 0.4767580452920143}
