{"FTSE100": -0.6832803728737915, "DJIA": -0.12173146939566765, "GBPUSD": -0.06998989034916407, "Gold": 0.386912271847919}
