{"FTSE100": -0.8384205498314056, "DJIA": -0.4934445942436398, "GBPUSD": 0.06800664953907533, "Gold": -0.21903453014945495}
