{"FTSE100": -0.3826359513105434, "DJIA": 0.8194790170702327, "GBPUSD": -0.275590551181107, "Gold": -0.1496861419604012}
