{"FTSE100": -0.646299583633924, "DJIA": -0.8585878386325305, "GBPUSD": -0.04111842105262705, "Gold": -0.31778058007565974}
