{"FTSE100": 0.5479165627145963, "DJIA": 0.7458314057590976, "GBPUSD": -0.23436628101633022, "Gold": -0.1295649029769851}
