{"FTSE100": -0.19866913737885844, "DJIA": 0.17032301062596186, "GBPUSD": 0.007887057338905984, "Gold": -0.6671244972039702}
