{"FTSE100": 0.8305299215371881, "DJIA": 0.1639076872731192, "GBPUSD": 0.8006279434850853, "Gold": 1.0660888407367242}
