{"FTSE100": 0.6392732681788627, "DJIA": -0.11108026269691053, "GBPUSD": 0.25680121980580145, "Gold": -0.8388900838890084}
