{"FTSE100": 0.5926560607240813, "DJIA": 0.595503804970586, "GBPUSD": 0.7397282302806221, "Gold": 0.8707164315901985}
