{"FTSE100": 0.7212393224265289, "DJIA": 0.646095484870066, "GBPUSD": -0.10525524396662415, "Gold": -0.6489272518396649}
