{"FTSE100": 1.2447470163052623, "DJIA": 2.6632409764527014, "GBPUSD": -0.007501312729726877, "Gold": -2.3053399200188216}
