{"FTSE100": -0.8384205498314056, "DJIA": -0.41455002669814855, "GBPUSD": 0.1964636542239805, "Gold": 0.0}
