{"FTSE100": 0.22725641013368095, "DJIA": 0.09898491425418575, "GBPUSD": 0.051289566236821876, "Gold": -0.6371963361210673}
