{"FTSE100": -0.4872067929626248, "DJIA": 0.3799157660314573, "GBPUSD": 1.0327022375215282, "Gold": 0.17123287671232187}
