{"FTSE100": -0.2131243547403522, "DJIA": 0.6663545364751647, "GBPUSD": -0.03154822935562394, "Gold": -0.2446351931330394}
