{"FTSE100": -0.05126078223953274, "DJIA": -0.27556613968992016, "GBPUSD": -0.40560620055419455, "Gold": -0.42344472282014184}
