{"FTSE100": 0.6380178945937439, "DJIA": -0.2235420839850073, "GBPUSD": -0.10971786833856331, "Gold": 1.4545996127687013}
