{"FTSE100": -0.007523810799859041, "DJIA": 0.39148366026754317, "GBPUSD": -0.007568303943068716, "Gold": -0.7642771212228348}
