{"FTSE100": -0.035031114994597226, "DJIA": 0.5392676312064172, "GBPUSD": -0.2452073116362075, "Gold": -0.05393622041934594}
