{"FTSE100": -0.6780486604199153, "DJIA": -0.16617483850439813, "GBPUSD": -0.047551117451254864, "Gold": 0.0}
