{"FTSE100": -0.0923227905229684, "DJIA": 0.9651360103565872, "GBPUSD": -0.04592071024031333, "Gold": -0.08654425045154206}
