{"FTSE100": 0.3437529346760179, "DJIA": -0.19133047825717214, "GBPUSD": -0.1481152336517812, "Gold": 0.0}
