{"FTSE100": -0.2179408615207367, "DJIA": 0.2687852434355755, "GBPUSD": -0.041528239202653236, "Gold": 0.33014017427072234}
