{"FTSE100": -1.2758075397650364, "DJIA": 0.9334372715164743, "GBPUSD": -0.016365272890923654, "Gold": -1.328785256083897}
