{"FTSE100": -0.8930876509149777, "DJIA": -0.3756687185095184, "GBPUSD": -0.20745166376233895, "Gold": 0.5636373396317569}
