{"FTSE100": 0.32541527556393895, "DJIA": 0.8883872322055988, "GBPUSD": 0.36600244001628396, "Gold": -1.5039819995855221}
