{"FTSE100": -0.2343506360479823, "DJIA": 0.007125584596024881, "GBPUSD": -0.1244651886425551, "Gold": 0.06109046479661039}
