{"FTSE100": -0.5926294304748316, "DJIA": -0.6611155655674672, "GBPUSD": 0.0951323925796805, "Gold": -1.2546018213524555}
