{"FTSE100": 0.20672433758982986, "DJIA": -0.6683535979045157, "GBPUSD": -0.11725162198077517, "Gold": 0.26211646194172467}
