{"FTSE100": 0.7825978430840018, "DJIA": 1.4299348501031526, "GBPUSD": 0.4502098435711573, "Gold": 1.1559422273271518}
