{"FTSE100": 0.043968601960555354, "DJIA": 0.0, "GBPUSD": -0.014820303816226598, "Gold": 0.37755845532223736}
