{"FTSE100": 0.27302722847403094, "DJIA": 0.23153066744324088, "GBPUSD": 0.14684287812041213, "Gold": 0.0}
