{"FTSE100": -0.0651228319072198, "DJIA": -0.4287420158873352, "GBPUSD": 0.459259259259258, "Gold": 0.5541069100391097}
