{"FTSE100": -0.8061405330751009, "DJIA": -0.761685837208147, "GBPUSD": 0.041233712683485475, "Gold": 0.0}
