{"FTSE100": -0.09199686617126848, "DJIA": 0.16635361271460578, "GBPUSD": 0.2833084126859074, "Gold": -0.22711318495271915}
