{"FTSE100": 0.3267876060114686, "DJIA": 0.8372253554411915, "GBPUSD": 0.20806658130601277, "Gold": 0.7002074688796799}
