{"FTSE100": 0.5041124659992986, "DJIA": 0.377089524600167, "GBPUSD": -0.10467831548432699, "Gold": 0.10626992561105207}
