{"FTSE100": -0.46215580832442377, "DJIA": -0.48245583865285674, "GBPUSD": -0.02367237433914361, "Gold": -0.30345111351129406}
