{"FTSE100": -0.0729038033708028, "DJIA": -0.13614979299961746, "GBPUSD": -0.03063021670877984, "Gold": 0.29382584141035706}
