{"FTSE100": -0.13398852556021956, "DJIA": -0.4392291718308914, "GBPUSD": -0.31176336400273685, "Gold": 0.949224047009184}
