{"FTSE100": 0.30075032688850145, "DJIA": 0.35936323558249833, "GBPUSD": -0.15336185325692248, "Gold": -0.0364185005983063}
