{"FTSE100": 0.1969060337804287, "DJIA": 0.3366242464768863, "GBPUSD": 0.007874635798093471, "Gold": 0.14924135643810252}
