{"FTSE100": -0.11501169836909804, "DJIA": -0.9408321990659113, "GBPUSD": 0.590599622672471, "Gold": -0.5369057547956606}
