{"FTSE100": -0.1362636231455053, "DJIA": 0.22076486444303883, "GBPUSD": 0.397727272727283, "Gold": 0.627105467737763}
