{"FTSE100": -0.13061233123181587, "DJIA": 1.1621354477690533, "GBPUSD": -0.22684605757195733, "Gold": -0.08275148694077626}
