{"FTSE100": 0.3306660559126339, "DJIA": 0.4860105592372014, "GBPUSD": 0.17378939884666875, "Gold": 0.20795167599148612}
