{"FTSE100": -0.020458237961189975, "DJIA": 0.1968481778122212, "GBPUSD": 0.03204101249600913, "Gold": 0.1726573536336501}
