{"FTSE100": 0.6027126310290905, "DJIA": 0.25122059726733825, "GBPUSD": -0.6592517694641133, "Gold": 0.2026646650403487}
