{"FTSE100": -0.17224306150620466, "DJIA": 0.32247150034181293, "GBPUSD": 0.0039521005414461146, "Gold": 0.32474888603579444}
