{"FTSE100": 0.3249682110971851, "DJIA": 0.10053153904090883, "GBPUSD": 0.8932696750346569, "Gold": 0.15335855229526632}
