{"FTSE100": 0.35122298482634645, "DJIA": 0.14570875935731448, "GBPUSD": 0.2322619315201995, "Gold": 0.37312012183514875}
