{"FTSE100": 1.331930836040294, "DJIA": 0.4262846506250717, "GBPUSD": 1.1650023775558673, "Gold": 2.406295717096293}
