{"FTSE100": -2.4297992675585585, "DJIA": -0.8428946203931843, "GBPUSD": 0.5013316622278069, "Gold": 2.641153483358041}
