{"FTSE100": -0.1316802262617429, "DJIA": 0.2781255103832592, "GBPUSD": 0.354914633690741, "Gold": 0.011931394481732764}
