{"FTSE100": -1.360972684202796, "DJIA": 0.3006370750608393, "GBPUSD": -0.13354191308328578, "Gold": -0.03059273422561098}
