{"FTSE100": 0.2128865362395588, "DJIA": -1.3486793559311439, "GBPUSD": -0.5073800738007334, "Gold": 0.4562489815870872}
