{"FTSE100": -0.27231537175414194, "DJIA": 0.03998756396987386, "GBPUSD": 0.0, "Gold": -0.8243062448750554}
