{"FTSE100": 0.0724681254289489, "DJIA": 1.011049412844147, "GBPUSD": 0.06762341272823826, "Gold": -1.0635198135198178}
