{"FTSE100": 0.36102859597006676, "DJIA": -0.6251422152067638, "GBPUSD": -0.06667160530410571, "Gold": 0.13408820023837903}
