{"FTSE100": 0.8955566508449941, "DJIA": 0.7585878942958696, "GBPUSD": 0.4579278763594774, "Gold": -1.2663336864941293}
