{"FTSE100": 0.4844131105242977, "DJIA": -1.4635090313462333, "GBPUSD": -0.1424050632911411, "Gold": -0.49370849353373736}
