{"FTSE100": 0.12032149393883282, "DJIA": -0.6509155777175725, "GBPUSD": 0.026054267316788064, "Gold": -0.004672678846778611}
