{"FTSE100": -0.10927214428958995, "DJIA": -0.5659659371400428, "GBPUSD": 0.14226999683844638, "Gold": 0.6047090105931255}
