{"FTSE100": 0.15117080138031186, "DJIA": -0.06674616616787857, "GBPUSD": 0.05627884290700863, "Gold": -0.18281969704164058}
