{"FTSE100": 1.5063756213529178, "DJIA": 2.6632409764527014, "GBPUSD": -0.09001575275672252, "Gold": -2.078922606445537}
