{"FTSE100": 0.5521476685154862, "DJIA": 1.229352249857853, "GBPUSD": -0.04061888408846264, "Gold": 0.5634564673533322}
