{"FTSE100": 0.216658157940408, "DJIA": -0.6042097229734195, "GBPUSD": 0.09561752988046755, "Gold": 0.8271853342275878}
