{"FTSE100": 0.4157735161474065, "DJIA": 0.2519913039429414, "GBPUSD": -0.30378127748021627, "Gold": -0.4211511464670169}
