{"FTSE100": 0.42294439398127454, "DJIA": -0.22061559418739993, "GBPUSD": -0.410178806100911, "Gold": 0.30152671755725535}
