{"FTSE100": 0.13204117528895526, "DJIA": -0.14619546684131984, "GBPUSD": 0.23730422401519646, "Gold": -0.2577651759247325}
