{"FTSE100": -0.2693615766630822, "DJIA": -0.5350095436311513, "GBPUSD": -0.0834724540901579, "Gold": 1.8134764351829005e-14}
