{"FTSE100": -0.1329574653082452, "DJIA": -0.5089030839097091, "GBPUSD": -0.43931905546403455, "Gold": 0.004934372841207394}
