{"FTSE100": 0.2096871864860313, "DJIA": 0.6092074879444653, "GBPUSD": -0.2256972432693967, "Gold": 0.0}
