{"FTSE100": 0.2601494524273627, "DJIA": -0.6080214447008778, "GBPUSD": 0.08284317786429375, "Gold": 0.05326515393629487}
