{"FTSE100": 0.776160534417042, "DJIA": 0.7606334038441698, "GBPUSD": 0.07880841673889903, "Gold": 0.07952785567787414}
