{"FTSE100": 0.335752093863808, "DJIA": -0.20938932820630643, "GBPUSD": -0.5730189914865664, "Gold": 0.21341939513819733}
