{"FTSE100": 0.024705366639668058, "DJIA": 0.6539115820310197, "GBPUSD": 0.44816474684248386, "Gold": 0.4329779927737466}
