{"FTSE100": 0.206151725043497, "DJIA": -0.07631359503334861, "GBPUSD": 0.051844171233885565, "Gold": 0.0}
