{"FTSE100": 0.37984595488806144, "DJIA": -0.031041116091428917, "GBPUSD": -0.03219575016097521, "Gold": -0.20424429610440914}
