{"FTSE100": -0.29760028409054495, "DJIA": -0.2237258511827338, "GBPUSD": -0.17974366989684032, "Gold": 0.0}
