{"FTSE100": 0.5883834155769229, "DJIA": 0.40257879785864953, "GBPUSD": -0.9790093752592742, "Gold": -0.1673143350604564}
