{"FTSE100": 1.014254569847397, "DJIA": 0.8194790170702327, "GBPUSD": -0.20472440944881384, "Gold": 0.7629164654756244}
