{"FTSE100": -0.504553497149615, "DJIA": -0.7699569309741626, "GBPUSD": 0.03974878766197193, "Gold": -0.46593339443934534}
