{"FTSE100": -0.022592161836870038, "DJIA": -0.041431396256527295, "GBPUSD": -0.07410151908114945, "Gold": 0.37755845532223736}
