{"FTSE100": 0.24519456104493287, "DJIA": 0.029287993464166842, "GBPUSD": -0.00806451612903137, "Gold": 0.0}
