{"FTSE100": 1.1020809169313228, "DJIA": 1.42650082838567, "GBPUSD": -0.25606145474912934, "Gold": 0.0}
