{"FTSE100": 0.23091009462571385, "DJIA": 0.8017027632632096, "GBPUSD": 0.8373590982286606, "Gold": -0.6162570888468706}
