{"FTSE100": 0.2630476748697309, "DJIA": 0.3210630280199732, "GBPUSD": 0.2383222116301153, "Gold": 0.6841165972635297}
