{"FTSE100": -0.04155618685045135, "DJIA": -1.6027697890175079, "GBPUSD": -0.2960097880569854, "Gold": -0.10544217687074521}
