{"FTSE100": -0.020118107325888413, "DJIA": -1.6562094403394099, "GBPUSD": 0.022240343983984504, "Gold": 0.0}
