{"FTSE100": -0.10514042042841613, "DJIA": 0.5830496679569971, "GBPUSD": 0.24792066538708435, "Gold": 0.0}
