{"FTSE100": -1.2986147131886854, "DJIA": -0.33877842843319794, "GBPUSD": -0.01647039446596393, "Gold": 1.0262141841089232}
