{"FTSE100": 0.6430449830324428, "DJIA": 1.6540415087346056, "GBPUSD": -0.5145377327670674, "Gold": 0.7741935483870968}
