{"FTSE100": -0.31985001334516205, "DJIA": -0.20163508038452232, "GBPUSD": -0.025917286830304746, "Gold": 0.051817946282054494}
