{"FTSE100": 0.12214483438171606, "DJIA": -0.5310252474825794, "GBPUSD": -0.10257219504498018, "Gold": -0.13023255813953488}
