{"FTSE100": 0.2838184446853389, "DJIA": 1.1832258371956732, "GBPUSD": 0.04739710877635942, "Gold": 0.31192751398722357}
