{"FTSE100": 0.7470435074305112, "DJIA": 0.026023737515593018, "GBPUSD": -0.3256811502105006, "Gold": -0.3713181795373622}
