{"FTSE100": 0.9853299195105863, "DJIA": 1.3075754985224037, "GBPUSD": -0.02605232796159682, "Gold": 0.0}
