{"FTSE100": 0.029615291067906776, "DJIA": 0.014194449663839048, "GBPUSD": 0.548620497733969, "Gold": 1.5170278637770978}
