{"FTSE100": -0.31604581301511586, "DJIA": -0.09677257692693851, "GBPUSD": -0.15790304752881743, "Gold": 0.029411764705893816}
