{"FTSE100": -0.4572771886019416, "DJIA": 0.8194790170702327, "GBPUSD": -0.18110236220472195, "Gold": -0.09174311926605944}
