{"FTSE100": 0.009357219034510802, "DJIA": 0.6900935969219066, "GBPUSD": 0.13382665512084033, "Gold": -0.12434998869546242}
