{"FTSE100": 0.33660787623374994, "DJIA": 0.16890156832496114, "GBPUSD": 0.5293888672635375, "Gold": 1.6145350307731103}
