{"FTSE100": 0.1068594967415629, "DJIA": -0.1045580090866439, "GBPUSD": -0.11170688114386616, "Gold": -0.63485501683104}
