{"FTSE100": 0.006315797783950676, "DJIA": -0.12195027479779819, "GBPUSD": -0.28945887271850507, "Gold": 0.22471910112360016}
