{"FTSE100": -0.10205124184124849, "DJIA": 0.28441796402708264, "GBPUSD": -0.21948588222164414, "Gold": -0.6390639063906309}
