{"FTSE100": 0.5482581382067319, "DJIA": 0.4896193646091157, "GBPUSD": -0.023616468550733447, "Gold": 0.23784812316208268}
