{"FTSE100": 0.3848898049785846, "DJIA": 0.5085067328539993, "GBPUSD": 0.13529645841623836, "Gold": 0.7787770687836004}
