{"FTSE100": 0.16702869601178252, "DJIA": -0.24420265366883875, "GBPUSD": 0.43959622272874055, "Gold": 0.0}
