{"FTSE100": 0.11077921531957247, "DJIA": -0.254550442705645, "GBPUSD": -0.16580081795070817, "Gold": 0.3372429641567352}
