{"FTSE100": -0.45165881120847645, "DJIA": 0.3566492110708718, "GBPUSD": 0.07879038006980209, "Gold": 0.0}
