{"FTSE100": -0.216343979692132, "DJIA": 0.6779735436148966, "GBPUSD": -0.2255229800139904, "Gold": 1.1270922701656878}
