{"FTSE100": -1.1659198734844525, "DJIA": -0.6329704251408397, "GBPUSD": 0.21416803953872798, "Gold": 0.8950033242980616}
