{"FTSE100": -0.5928423738757361, "DJIA": -0.5784810709515997, "GBPUSD": -0.3331605834011956, "Gold": -0.033342426722450476}
