{"FTSE100": -4.381140611149868, "DJIA": -0.9115523324370807, "GBPUSD": 0.4284759621054426, "Gold": 0.5658523362585917}
