{"FTSE100": -0.09033831699715676, "DJIA": 0.03159185761286059, "GBPUSD": 0.25214719092269083, "Gold": 0.34864963313732866}
