{"FTSE100": 0.20672433758982986, "DJIA": -0.44909758187755017, "GBPUSD": -0.90424298632043, "Gold": 0.0}
