{"FTSE100": 0.5478011552793167, "DJIA": 0.3657916328084473, "GBPUSD": 0.3322002472187863, "Gold": 0.14808292643879842}
