{"FTSE100": -0.1316802262617429, "DJIA": 0.5258353021775473, "GBPUSD": -0.27193145837213123, "Gold": 0.0}
