{"FTSE100": 0.2776358803617793, "DJIA": -0.9409306361452374, "GBPUSD": 0.09171507184347981, "Gold": -0.21929824561404196}
