{"FTSE100": -0.07030685152894095, "DJIA": 0.29920841251814084, "GBPUSD": -0.08665511265165439, "Gold": -0.015682994406396283}
