{"FTSE100": 0.022955084551215248, "DJIA": 0.2055601563437402, "GBPUSD": -0.4088368778365369, "Gold": -2.239031770045386}
