{"FTSE100": 0.09889382278082672, "DJIA": -0.8586024389241369, "GBPUSD": -0.10997643362137217, "Gold": 0.012804643817498906}
