{"FTSE100": 0.163716661711355, "DJIA": -0.4542206165527102, "GBPUSD": -0.18308921438082387, "Gold": 0.14467902689958448}
