{"FTSE100": 0.6404375810397994, "DJIA": -0.06931504474708237, "GBPUSD": -0.003995684660557276, "Gold": -0.06465845123993126}
