{"FTSE100": -1.2758075397650364, "DJIA": 1.1096148523808307, "GBPUSD": -0.016365272890923654, "Gold": -1.4662457998167169}
