{"FTSE100": -0.44095166922702633, "DJIA": 0.2199170427937952, "GBPUSD": 0.1741004808489463, "Gold": -0.4898183819482589}
