{"FTSE100": 0.7892744314769854, "DJIA": -0.30778961596335436, "GBPUSD": -0.23405972558515936, "Gold": 0.0}
