{"FTSE100": -0.6271507078580186, "DJIA": -0.4267107831152267, "GBPUSD": -0.227486664574845, "Gold": -0.28356362136522995}
