{"FTSE100": 0.05956088800342185, "DJIA": 0.23773484890745183, "GBPUSD": 0.2516514627241343, "Gold": -0.798080689385035}
