{"FTSE100": -3.832077840963411, "DJIA": -1.6082213251895514, "GBPUSD": -1.0116795525579847, "Gold": 0.7029692582100562}
