{"FTSE100": 0.12138798337958029, "DJIA": 0.12661153708526426, "GBPUSD": 0.047558655675327674, "Gold": -0.177147918511953}
