{"FTSE100": 0.08501267933008877, "DJIA": 0.714870977089899, "GBPUSD": 0.1653016755579083, "Gold": -0.21239911042254928}
