{"FTSE100": 0.6096473651614204, "DJIA": 0.9153097973855067, "GBPUSD": 0.08945877441479723, "Gold": -0.15711645101664007}
