{"FTSE100": -0.980375476394172, "DJIA": -0.31051218430361377, "GBPUSD": 0.1335428122545196, "Gold": 0.19933266889109974}
