{"FTSE100": -0.1005927008778359, "DJIA": -0.4382588895956184, "GBPUSD": 0.019048344698852034, "Gold": -0.2634451093297203}
