{"FTSE100": -0.088009789116406, "DJIA": 0.039785602364751205, "GBPUSD": 0.03163305654410265, "Gold": 0.2978760145052707}
