{"FTSE100": 1.0246139442942763, "DJIA": 0.6082849320834757, "GBPUSD": -0.15610365282547625, "Gold": -0.7422680412371051}
