{"FTSE100": -0.49026731944810625, "DJIA": -0.5047579644187093, "GBPUSD": 0.2049262667256039, "Gold": 0.5328291509109659}
