{"FTSE100": 0.7825143435670526, "DJIA": 1.2589325518147454, "GBPUSD": 0.3214958796792488, "Gold": -0.19486222417390392}
