{"FTSE100": -0.04204370924799138, "DJIA": -0.5112606051573205, "GBPUSD": -0.007403020432335578, "Gold": 0.0}
