{"FTSE100": -0.15610566928020164, "DJIA": -0.2268697775314359, "GBPUSD": 0.09174311926606192, "Gold": 0.37415913704573855}
