{"FTSE100": -0.8337292595570499, "DJIA": -0.9940569573174595, "GBPUSD": -0.12796153398735347, "Gold": -0.26057738462594676}
