{"FTSE100": 0.0, "DJIA": -0.009848843509162396, "GBPUSD": -0.11082379017361174, "Gold": 0.0}
