{"FTSE100": -0.16052161407776933, "DJIA": 0.0, "GBPUSD": 0.14675667742882315, "Gold": -0.30759523621737445}
