{"FTSE100": 0.16816849445982218, "DJIA": -0.27808507107693137, "GBPUSD": -0.09067612852355485, "Gold": 0.4339385634349524}
