{"FTSE100": -0.035920397534958536, "DJIA": 0.5516625720786568, "GBPUSD": 0.0, "Gold": -0.7182824715266443}
