{"FTSE100": 0.5479165627145963, "DJIA": 0.8334578332930364, "GBPUSD": -0.3310888731817896, "Gold": -0.46804680468046533}
