{"FTSE100": 0.04440942059542742, "DJIA": -0.31661186361566174, "GBPUSD": 0.0, "Gold": -0.22977941176470587}
