{"FTSE100": -0.4892263383108597, "DJIA": -0.8427215658092136, "GBPUSD": -0.3120956078252259, "Gold": 0.37940651775170003}
