{"FTSE100": -0.34015437964069195, "DJIA": 1.4834334921169265, "GBPUSD": 0.2836655897880425, "Gold": 0.8073624764693654}
