{"FTSE100": -0.29624569387147487, "DJIA": 0.29920841251814084, "GBPUSD": 0.1102883251930099, "Gold": -0.015682994406396283}
