{"FTSE100": 0.24367922686449803, "DJIA": -0.6120663862601452, "GBPUSD": -0.1376814444750339, "Gold": 0.10210255634549512}
