{"FTSE100": 1.171617550136535, "DJIA": 1.3851018429090824, "GBPUSD": -0.0640421925032976, "Gold": -0.21349670472477772}
