{"FTSE100": -0.22043049963407965, "DJIA": -1.2578206250939874, "GBPUSD": 0.13545816733068006, "Gold": 0.8897831433042741}
