{"FTSE100": -0.13490209167779352, "DJIA": -0.28010429521703084, "GBPUSD": 0.21732131358661838, "Gold": -0.6525854338945855}
