{"FTSE100": -0.024386761400182852, "DJIA": -0.10077210301647761, "GBPUSD": 0.2011263073209933, "Gold": 0.27784794139934327}
