{"FTSE100": -0.04002169545924732, "DJIA": 0.23267525033463077, "GBPUSD": -0.5363309088237354, "Gold": 0.4788780571233033}
