{"FTSE100": 0.677592217285036, "DJIA": -0.14224412258615407, "GBPUSD": 0.022346368715081336, "Gold": 1.217120152894423}
