{"FTSE100": 1.389724803410301, "DJIA": -0.18634697530466984, "GBPUSD": -0.771598768640302, "Gold": -1.0098899568184982}
