{"FTSE100": 0.006495962950087037, "DJIA": -1.1420705304931666, "GBPUSD": 0.3255208333333336, "Gold": 0.0}
