{"FTSE100": 0.7094899288505911, "DJIA": -0.11664376752894585, "GBPUSD": -0.008103727714747893, "Gold": 0.0}
