{"FTSE100": 0.6439395914026682, "DJIA": 0.9590019299776511, "GBPUSD": 0.2014666774115518, "Gold": 0.0}
