{"FTSE100": 0.32480187085877615, "DJIA": -0.5139200357818361, "GBPUSD": -1.1047031110389127, "Gold": -0.30969671080735695}
