{"FTSE100": 0.3309850485626635, "DJIA": -0.10277404597851393, "GBPUSD": 0.4929691288184899, "Gold": 0.36104703640557845}
