{"FTSE100": -0.4756717669058593, "DJIA": 0.7844244525698305, "GBPUSD": 0.48975286317058087, "Gold": 0.30798240100566254}
