{"FTSE100": 0.056816978308617, "DJIA": 0.10751297283731569, "GBPUSD": -0.1573935626032722, "Gold": 0.15111593304402088}
