{"FTSE100": 0.9404194125741158, "DJIA": -0.2683441114206481, "GBPUSD": 0.11199880534606396, "Gold": 0.8779684784928262}
