{"FTSE100": 0.32480187085877615, "DJIA": 0.041946618933900025, "GBPUSD": -0.8204045162862479, "Gold": -0.08543357539513756}
