{"FTSE100": -1.106545093677369, "DJIA": 0.0743451223590785, "GBPUSD": 0.07886435331231166, "Gold": -0.38207892808541577}
