{"FTSE100": 0.07968404377950952, "DJIA": 0.2015490721324576, "GBPUSD": -0.4223546270457839, "Gold": 1.8023358205638465e-14}
