{"FTSE100": -0.2945993751583535, "DJIA": 0.3744296701475761, "GBPUSD": -0.4097017371353749, "Gold": -1.052242938896068}
