{"FTSE100": 0.5163157100242679, "DJIA": -0.2535668695780367, "GBPUSD": 0.1970521005753879, "Gold": 0.12353609724761574}
