{"FTSE100": -0.13627481509047726, "DJIA": 0.3746010720720886, "GBPUSD": 0.07426110203476251, "Gold": 1.0813019201961125}
