{"FTSE100": 1.187884994056627, "DJIA": 0.4917184966985216, "GBPUSD": 0.10670787798507367, "Gold": 0.5103273342190976}
