{"FTSE100": 0.11190694515982841, "DJIA": -0.1460382718290659, "GBPUSD": 0.1901140684410789, "Gold": -1.8453814579870447}
