{"FTSE100": 0.10740207798610452, "DJIA": 1.092818710795105, "GBPUSD": 0.7862981704943556, "Gold": 1.4037602225781858}
