{"FTSE100": 0.5677337591918912, "DJIA": 0.48914343657449383, "GBPUSD": 0.1809545351730346, "Gold": 1.3704658326522885}
