{"FTSE100": -0.004374582645517861, "DJIA": 0.09698634730649904, "GBPUSD": 0.10159424820256946, "Gold": 0.0}
