{"FTSE100": -0.5578595014407595, "DJIA": -0.5050097517637646, "GBPUSD": -0.029922202274084077, "Gold": 1.1232296923327405}
