{"FTSE100": 0.30495832501042985, "DJIA": 0.7942156544440032, "GBPUSD": -0.4016064257028079, "Gold": -0.7759572626615333}
