{"FTSE100": 0.29537435461521727, "DJIA": -0.6042097229734193, "GBPUSD": 0.12749003984064108, "Gold": 0.9881511289961954}
