{"FTSE100": -0.5549929303748256, "DJIA": 0.05326136404294774, "GBPUSD": 0.18225039619651098, "Gold": 1.064754454584963}
