{"FTSE100": -0.27231537175414194, "DJIA": 0.10147739219719659, "GBPUSD": -0.38634392493888703, "Gold": -0.802900802900799}
