{"FTSE100": -0.4458713439175099, "DJIA": -1.2372630858564577, "GBPUSD": 0.28112449799197253, "Gold": -0.3777268483150874}
