{"FTSE100": 0.6597205585879746, "DJIA": 0.6590150608381364, "GBPUSD": 0.45372760697801984, "Gold": 0.7160713529087789}
