{"FTSE100": 0.43925353161208835, "DJIA": 0.8883872322055988, "GBPUSD": 0.5878221006321952, "Gold": -1.5039819995855221}
