{"FTSE100": 0.7381604351879713, "DJIA": -0.06931504474708237, "GBPUSD": -0.7948871579788219, "Gold": 0.14453065571275395}
