{"FTSE100": -0.796681479478907, "DJIA": -0.1937832246576046, "GBPUSD": 0.24282135286182202, "Gold": -0.09843596193808808}
