{"FTSE100": -0.9089596513795185, "DJIA": 0.150298832457945, "GBPUSD": 0.23668639053253582, "Gold": -0.0731299623903098}
