{"FTSE100": -0.14672226839450078, "DJIA": 0.30623296387359294, "GBPUSD": -0.31345565749235416, "Gold": -0.06766707797634908}
