{"FTSE100": 0.13105315172086654, "DJIA": -0.647816629389983, "GBPUSD": -0.4585120544298168, "Gold": -0.04149623569862146}
