{"FTSE100": -0.6306387453928376, "DJIA": -0.2105795561658629, "GBPUSD": -0.2813379180994098, "Gold": -1.4940068493150724}
