{"FTSE100": -0.23296214338143495, "DJIA": -0.3704681377960019, "GBPUSD": 0.05205622071838663, "Gold": 0.5198145816028411}
