{"FTSE100": -0.04833451495511718, "DJIA": -1.029349146466352, "GBPUSD": -0.33003300330032703, "Gold": 0.0}
