{"FTSE100": 0.6988855516734854, "DJIA": -1.4818807365084472, "GBPUSD": -0.031498543192373885, "Gold": -0.14185869490000377}
