{"FTSE100": 0.1778735984941466, "DJIA": -0.11445178124749743, "GBPUSD": 0.22089503395237867, "Gold": -0.28701142827323484}
