{"FTSE100": 0.5412184998775603, "DJIA": 0.6896185615159817, "GBPUSD": -0.1526349614395897, "Gold": -0.2577651759247325}
