{"FTSE100": 0.933595983447529, "DJIA": -0.2524681010486023, "GBPUSD": -0.01869927820786742, "Gold": -1.277001736918078}
