{"FTSE100": 0.8868902459734632, "DJIA": 0.19566491945011316, "GBPUSD": 0.4254622811323919, "Gold": 0.7554589671944483}
