{"FTSE100": -0.6452097417218791, "DJIA": 0.02711714794927351, "GBPUSD": -0.24449877750610305, "Gold": 0.10772168633402623}
