{"FTSE100": 0.053334963286615335, "DJIA": 0.6388966227422316, "GBPUSD": -0.029246179717787375, "Gold": 1.527269804268317}
