{"FTSE100": 1.1570967472724811, "DJIA": 0.4917184966985216, "GBPUSD": 0.055193729992291315, "Gold": 0.5707211015823057}
