{"FTSE100": 0.6043094487217797, "DJIA": -0.5037740679912052, "GBPUSD": -0.07486711087819958, "Gold": 0.0}
