{"FTSE100": 0.25855972845443487, "DJIA": 0.1440814014874075, "GBPUSD": -0.11175860142093619, "Gold": 0.0}
