{"FTSE100": 0.23003249938974527, "DJIA": 0.09898491425418575, "GBPUSD": -0.02198124267291669, "Gold": -0.6371963361210673}
