{"FTSE100": 0.10700384865166117, "DJIA": -0.024509001882573527, "GBPUSD": 0.17364318173422058, "Gold": 0.19489086111777404}
