{"FTSE100": 0.07517132300202807, "DJIA": 0.01716881814557855, "GBPUSD": -0.3900963299100314, "Gold": 0.22246941045605537}
