{"FTSE100": -0.23653459292644544, "DJIA": -0.0558248288137557, "GBPUSD": 0.015188335358459905, "Gold": -0.7486055387024259}
