{"FTSE100": 0.6572440246278873, "DJIA": 0.6288946278938743, "GBPUSD": -0.44719912129294026, "Gold": 0.0}
