{"FTSE100": 0.6436040817616061, "DJIA": 1.5635078949508472, "GBPUSD": 0.38226299694190485, "Gold": 0.15207001427596334}
