{"FTSE100": 0.20804356461083126, "DJIA": 0.4006885951795405, "GBPUSD": 0.17094017094017017, "Gold": 0.4782375067168238}
