{"FTSE100": 0.4991476695147214, "DJIA": -0.8275391460364453, "GBPUSD": -0.22564267870095378, "Gold": 0.8691099476439862}
