{"FTSE100": -0.7463194632665601, "DJIA": -0.7681128539340597, "GBPUSD": -0.2266839378238272, "Gold": -0.9776899474751654}
