{"FTSE100": -0.36156467720713137, "DJIA": 0.1664131657039827, "GBPUSD": -0.22766078542970272, "Gold": 0.03559080740287869}
