{"FTSE100": 0.07818967340402241, "DJIA": -0.30817887794355414, "GBPUSD": 0.13003901170350549, "Gold": 0.7007841206106291}
