{"FTSE100": -0.30018487456381343, "DJIA": 0.2199170427937952, "GBPUSD": 0.3564914607859368, "Gold": -0.4898183819482589}
