{"FTSE100": -0.2826335583694476, "DJIA": 0.10740883121825397, "GBPUSD": 0.2573718655783556, "Gold": 0.39921785888870287}
