{"FTSE100": 0.12001996208304712, "DJIA": 0.9339390297073944, "GBPUSD": 0.2242499226724329, "Gold": 0.15015792471391617}
