{"FTSE100": 0.5289153499492641, "DJIA": -0.24368493685547082, "GBPUSD": -0.39471301828715954, "Gold": -4.102737665463294}
