{"FTSE100": -1.2986147131886854, "DJIA": -0.36759853678841786, "GBPUSD": 0.18117433912542036, "Gold": 0.9195285511074938}
