{"FTSE100": 0.08670502558960207, "DJIA": -0.5075359927746933, "GBPUSD": 0.15472690700912903, "Gold": -0.07668151610313166}
