{"FTSE100": -0.522835478751533, "DJIA": 0.02487581986640328, "GBPUSD": -0.31411344188900275, "Gold": 4.364259138959424}
