{"FTSE100": 0.31766535432171006, "DJIA": -0.3698159508653571, "GBPUSD": 0.15097338100913887, "Gold": 0.4334859203773061}
