{"FTSE100": 0.23180517673931939, "DJIA": -0.8586024389241369, "GBPUSD": -0.06284367635507729, "Gold": -0.04695036066413031}
