{"FTSE100": 0.13105315172086654, "DJIA": -0.34489151629983295, "GBPUSD": -0.1331164028989812, "Gold": -0.1896633475580871}
