{"FTSE100": 0.41615191114686867, "DJIA": -0.4196185607782285, "GBPUSD": -0.25160109789570606, "Gold": -0.25701111195102355}
