{"FTSE100": -0.057813685272608537, "DJIA": 0.4896193646091157, "GBPUSD": 0.007872156183577816, "Gold": -0.38678069534573895}
