{"FTSE100": 0.45950587712036084, "DJIA": 0.33350699889492147, "GBPUSD": 0.3813155386081915, "Gold": 0.005158893933136043}
