{"FTSE100": -0.2690189355870045, "DJIA": -1.6342130446203906, "GBPUSD": -0.5080301540478517, "Gold": 0.018460402436773122}
