{"FTSE100": 0.7731712895651234, "DJIA": 0.10015032706294014, "GBPUSD": -0.24981867999033786, "Gold": 1.405503435287559}
