{"FTSE100": -0.054501586057400915, "DJIA": 1.8471231770240168, "GBPUSD": 0.5630543771693085, "Gold": 0.43453541260559914}
