{"FTSE100": -1.5491451967972818, "DJIA": -0.6283636398607898, "GBPUSD": -0.03689764593018559, "Gold": 0.0}
