{"FTSE100": -2.2016300244568217, "DJIA": -1.070288322441955, "GBPUSD": 0.3907549052211445, "Gold": 1.095596133190123}
