{"FTSE100": 0.6706811737292105, "DJIA": 0.5937661076064754, "GBPUSD": -0.20896215463198858, "Gold": -0.5879069767441759}
