{"FTSE100": -0.03798580280620981, "DJIA": 0.19677557360216483, "GBPUSD": 0.13381612090680375, "Gold": -0.18077981839845889}
