{"FTSE100": -0.7873976030022951, "DJIA": -0.17670802027971874, "GBPUSD": 0.22800202668467526, "Gold": 0.20411540795498678}
