{"FTSE100": -0.06162160460721548, "DJIA": 1.7163406475245196e-14, "GBPUSD": 0.2503836523705761, "Gold": 0.0752190755575614}
