{"FTSE100": 0.5173199603989258, "DJIA": 0.07492422732759449, "GBPUSD": 0.03140950137416222, "Gold": 0.0}
