{"FTSE100": 0.2673190850164726, "DJIA": 0.3210630280199732, "GBPUSD": 0.198601843025099, "Gold": 0.4504121696269189}
