{"FTSE100": 0.7470435074305112, "DJIA": 0.39589525184368535, "GBPUSD": -0.2224163952657189, "Gold": -0.13046314416176974}
