{"FTSE100": 0.08015487112417012, "DJIA": 0.1886805585810787, "GBPUSD": -0.22000471438674749, "Gold": -0.2128939695469229}
