{"FTSE100": 0.16907303169658824, "DJIA": -0.08087671742227484, "GBPUSD": 0.2376425855513398, "Gold": -1.9641100444384167}
