{"FTSE100": -0.07580431197506962, "DJIA": 0.26471763161889417, "GBPUSD": -0.1675169420543653, "Gold": -0.08166598611677772}
