{"FTSE100": 0.046186273439538135, "DJIA": -0.2303725682031586, "GBPUSD": 0.3621191844446319, "Gold": -0.48232722887934965}
