{"FTSE100": 0.7756813964353054, "DJIA": 0.24052178317833575, "GBPUSD": 0.008027614995583927, "Gold": -0.2919491315750453}
