{"FTSE100": -0.420754990574698, "DJIA": -1.732940358136548, "GBPUSD": -0.10950421024808, "Gold": -0.5591294414717839}
