{"FTSE100": 0.24740406079299582, "DJIA": -0.2535668695780367, "GBPUSD": 0.5911563017261637, "Gold": 0.3755497356327586}
