{"FTSE100": -0.49185893201608477, "DJIA": 0.16790995699246303, "GBPUSD": 0.1672906874850626, "Gold": -0.07639030352413934}
