{"FTSE100": -0.4425716058162162, "DJIA": -0.7678719963641301, "GBPUSD": 0.27775573367193546, "Gold": 0.71822436402391}
