{"FTSE100": 0.19848949998160198, "DJIA": 0.2971982623153109, "GBPUSD": 0.46872474543397663, "Gold": 0.22063985558118998}
