{"FTSE100": 0.5757195181646372, "DJIA": 0.0, "GBPUSD": -0.4061408496466668, "Gold": 0.43784707390003297}
