{"FTSE100": -0.09889499042079476, "DJIA": 0.3250181204907131, "GBPUSD": 0.28512593061934305, "Gold": 0.3765731840253759}
