{"FTSE100": 1.5621599755415934, "DJIA": 2.2230039287305448, "GBPUSD": -0.582834331337332, "Gold": -1.3953488372092977}
