{"FTSE100": -0.16832851674206087, "DJIA": -0.41103559386866934, "GBPUSD": 0.06332119677061199, "Gold": 0.0}
