{"FTSE100": -0.42137427822663953, "DJIA": -0.5169346533361571, "GBPUSD": 0.06285848982477503, "Gold": 0.0}
