{"FTSE100": 0.30425382905513915, "DJIA": 0.8141370495370411, "GBPUSD": 0.5014102162331702, "Gold": 0.26803118908381696}
