{"FTSE100": 0.022955084551215248, "DJIA": 0.7156493242086989, "GBPUSD": -0.4538464423690117, "Gold": -2.759455370650524}
