{"FTSE100": 0.10572100923314849, "DJIA": 0.7210799084435269, "GBPUSD": 0.26746381371930833, "Gold": -0.4782450486042546}
