{"FTSE100": 0.6397072861862438, "DJIA": 2.662428829032737, "GBPUSD": -0.2877966735189616, "Gold": -1.15671422699783}
