{"FTSE100": 0.25395517150343966, "DJIA": -0.2173165758630381, "GBPUSD": -0.25812696620148984, "Gold": -0.37317300715248497}
