{"FTSE100": -0.5842729154958207, "DJIA": -0.1045580090866439, "GBPUSD": 0.011176098051640614, "Gold": -0.7404566641099742}
