{"FTSE100": 0.6416178655943666, "DJIA": 0.9721683621483534, "GBPUSD": 0.1674169425945969, "Gold": 1.0808136052295751}
