{"FTSE100": 0.2601494524273627, "DJIA": -0.6080214447008778, "GBPUSD": 0.24852953359289964, "Gold": 0.058591669329919514}
