{"FTSE100": 0.03588091186169098, "DJIA": 0.47323261775398445, "GBPUSD": 0.3305478180130039, "Gold": 1.129460468883585}
