{"FTSE100": 0.9205958606143225, "DJIA": 1.0262393264666687, "GBPUSD": -0.10168961201500758, "Gold": 2.1826776032253536}
