{"FTSE100": -0.17872388397245453, "DJIA": 0.6210782430528998, "GBPUSD": 0.5521424683101412, "Gold": 0.5870129870129964}
