{"FTSE100": 0.40831096373493003, "DJIA": 0.9333153946699003, "GBPUSD": 0.6259780907668274, "Gold": -0.53958700840511}
