{"FTSE100": -0.007610294027401972, "DJIA": 0.0, "GBPUSD": -0.14981864059296743, "Gold": -0.19301707128763831}
