{"FTSE100": 0.059924257679166364, "DJIA": -0.25291682348512606, "GBPUSD": 0.026777858536404305, "Gold": -0.1343054489639294}
