{"FTSE100": -0.4786887207250348, "DJIA": -0.7956158518677133, "GBPUSD": 0.13862148633038304, "Gold": -0.13220226947230596}
