{"FTSE100": 0.12730032937689975, "DJIA": -0.002566084251074419, "GBPUSD": 0.22884984497269323, "Gold": 1.5174780959262966}
