{"FTSE100": 0.33619293111010895, "DJIA": -0.9814742131348325, "GBPUSD": 0.04856726566294613, "Gold": 0.30031833743768394}
