{"FTSE100": 0.7589585807620687, "DJIA": 0.036557231889809236, "GBPUSD": -0.09414718343008535, "Gold": -0.07276129099319634}
