{"FTSE100": 0.5360184989714625, "DJIA": 0.5032998213821805, "GBPUSD": -0.4501320635392946, "Gold": 0.0}
