{"FTSE100": 0.4070743511740295, "DJIA": 0.5370553617606709, "GBPUSD": -0.22002200220021326, "Gold": 0.09903570497785202}
