{"FTSE100": 0.3242562101375573, "DJIA": 0.16928970244030098, "GBPUSD": -0.033483388518906164, "Gold": 0.3646118186316639}
