{"FTSE100": -0.4877628425840124, "DJIA": -0.08607004359868389, "GBPUSD": 0.4996776273372004, "Gold": 0.085255767301908}
