{"FTSE100": 0.30425382905513915, "DJIA": 0.9641992620882427, "GBPUSD": 0.799122532121591, "Gold": 0.17868745938921746}
