{"FTSE100": 0.6438656946170082, "DJIA": -1.0756403436845956, "GBPUSD": -0.2846917195379908, "Gold": 0.0}
