{"FTSE100": 0.3330981904054285, "DJIA": 0.5758306421718188, "GBPUSD": 0.026050388895096758, "Gold": -0.9661533324986284}
