{"FTSE100": 0.9832992324709422, "DJIA": 1.770117732148349, "GBPUSD": 0.4852052179446384, "Gold": -1.7578125}
