{"FTSE100": -0.15883940245934122, "DJIA": 0.6099885466374421, "GBPUSD": 0.20398912058023003, "Gold": 1.038332977739852}
