{"FTSE100": -1.093323581353755, "DJIA": 0.12672300894125516, "GBPUSD": -0.30300548685611634, "Gold": 0.0}
