{"FTSE100": -0.6817950248176904, "DJIA": -1.559389648539442, "GBPUSD": -0.6445327137825032, "Gold": 0.0}
