{"FTSE100": -0.0926763823216091, "DJIA": 1.02572767302188, "GBPUSD": 0.026777858536404305, "Gold": 0.06523407521106189}
