{"FTSE100": -1.9374730871643184, "DJIA": 0.07311493195595238, "GBPUSD": 0.07232401157185173, "Gold": 0.23670639952658334}
