{"FTSE100": -0.8639171521255142, "DJIA": 0.518734233630401, "GBPUSD": -0.048386496445456464, "Gold": 1.0740113129191626}
