{"FTSE100": 0.4831977900399371, "DJIA": 0.0764253125056181, "GBPUSD": -0.047528517110260925, "Gold": -0.26459513552019154}
