{"FTSE100": -0.15287987296378205, "DJIA": -0.59207244905334, "GBPUSD": 0.0, "Gold": 0.10214504596527069}
