{"FTSE100": -0.3806855206568492, "DJIA": -0.5872120448258398, "GBPUSD": 0.7976794778825251, "Gold": 1.975906043651396}
