{"FTSE100": -0.06935524300959202, "DJIA": 2.127325533372524, "GBPUSD": 0.5458154151505077, "Gold": 0.7670850767085052}
