{"FTSE100": 0.052054409742935785, "DJIA": 0.2738781027416851, "GBPUSD": -0.16927293245203856, "Gold": 0.0}
