{"FTSE100": 0.2873175896196865, "DJIA": -0.6221554944202693, "GBPUSD": 0.05003271369742058, "Gold": 1.1733333333333424}
