{"FTSE100": -0.3077270216225833, "DJIA": -0.8275391460364453, "GBPUSD": 0.14529017676971698, "Gold": 0.2339242085564277}
