{"FTSE100": -0.2225579101136437, "DJIA": -0.15227961341175558, "GBPUSD": 0.3194633016532229, "Gold": -0.8321716723693774}
