{"FTSE100": -0.3988391681054615, "DJIA": -0.8377119719489592, "GBPUSD": 0.13003901170353072, "Gold": -0.5891778626895017}
