{"FTSE100": 0.19714967889111826, "DJIA": 1.42650082838567, "GBPUSD": -0.04801152276545842, "Gold": 0.0}
