{"FTSE100": 0.2277321660917874, "DJIA": 0.12561002805738813, "GBPUSD": 0.35618173183472757, "Gold": 0.53899025861642}
