{"FTSE100": 0.6394262045340465, "DJIA": 0.47947084903889636, "GBPUSD": 0.22270004607588118, "Gold": 0.0}
