{"FTSE100": -0.035031114994597226, "DJIA": 0.5724131399899729, "GBPUSD": -0.18576311487590627, "Gold": 0.006742633672716649}
