{"FTSE100": 0.1222000357776634, "DJIA": 0.1359618973639427, "GBPUSD": 0.43748560902600475, "Gold": 0.16326205550909523}
