{"FTSE100": 0.11190694515982841, "DJIA": 0.3680293300623806, "GBPUSD": 0.3485148514851629, "Gold": -1.4043895654533767}
