{"FTSE100": 0.3965850829608246, "DJIA": 0.6386246022945836, "GBPUSD": -0.2049180327868809, "Gold": 0.14771828013717658}
