{"FTSE100": -0.41791367295122134, "DJIA": 0.11109348070885484, "GBPUSD": 0.11483608075570753, "Gold": 0.08158983623754827}
