{"FTSE100": -0.41967906894725926, "DJIA": -0.8277072151929433, "GBPUSD": -0.5668483951330406, "Gold": 0.0}
