{"FTSE100": -0.5578561160340721, "DJIA": -0.04129633387930713, "GBPUSD": 0.1300583404555862, "Gold": 0.0681723872191648}
