{"FTSE100": 0.21511296100082933, "DJIA": 0.3210630280199732, "GBPUSD": 0.20654591674610226, "Gold": 0.5608906263278584}
