{"FTSE100": -1.2367858657704907, "DJIA": -1.6528918769150907, "GBPUSD": -0.24637076905582952, "Gold": 0.04776803840550287}
