{"FTSE100": -0.5666383073774666, "DJIA": -0.7428935919073757, "GBPUSD": -0.07192882831724447, "Gold": -0.2945463379084256}
