{"FTSE100": 0.5808539883829273, "DJIA": -0.8552509086787902, "GBPUSD": 0.7456140350877183, "Gold": 0.0}
