{"FTSE100": 0.12691758782854298, "DJIA": 0.12661153708526426, "GBPUSD": -0.07926442612554611, "Gold": -0.00984155102844432}
