{"FTSE100": 0.6397072861862438, "DJIA": 2.4639504789180937, "GBPUSD": -0.3475985797047147, "Gold": -1.15671422699783}
