{"FTSE100": 0.22100139579829167, "DJIA": -0.6251422152067638, "GBPUSD": -0.14815912289799257, "Gold": 0.4767580452920143}
