{"FTSE100": 0.052054409742935785, "DJIA": 0.08444918483118927, "GBPUSD": 0.016132935387591994, "Gold": 0.1347569192495029}
