{"FTSE100": 0.47081425338175353, "DJIA": 1.0218801204266423, "GBPUSD": 0.4118276912939721, "Gold": -0.53958700840511}
