{"FTSE100": -2.4467144617886376, "DJIA": -0.5279282373602433, "GBPUSD": 0.7815098104423075, "Gold": 2.277121374865741}
