{"FTSE100": -0.5964250840180316, "DJIA": -0.5547281146282721, "GBPUSD": -0.06269592476488338, "Gold": 0.1910665760869565}
