{"FTSE100": 0.260212456410624, "DJIA": 0.11893839247808574, "GBPUSD": 0.09507209633973142, "Gold": 2.024894020023455}
