{"FTSE100": -0.2225579101136437, "DJIA": -0.20583182580650172, "GBPUSD": -0.015926102882622868, "Gold": -0.8321716723693774}
