{"FTSE100": -0.03161841094900547, "DJIA": 0.03159185761286059, "GBPUSD": 0.2679063903553579, "Gold": 0.34864963313732866}
