{"FTSE100": -0.055379929390599617, "DJIA": 0.583643251189945, "GBPUSD": 0.05579319323042801, "Gold": -1.0118926463318942}
