{"FTSE100": -0.5842729154958207, "DJIA": -0.1045580090866439, "GBPUSD": 0.16706886950065605, "Gold": -1.2478612307510821}
