{"FTSE100": 0.03612862309658357, "DJIA": -0.04913866970017493, "GBPUSD": 0.11821262510834854, "Gold": 0.0}
