{"FTSE100": -0.17629550023846438, "DJIA": 0.6663545364751647, "GBPUSD": 0.04732234403343591, "Gold": 0.12875536480686695}
