{"FTSE100": -0.37863655867117585, "DJIA": 0.233330232695628, "GBPUSD": -0.09170105456211737, "Gold": -0.29590327024131186}
