{"FTSE100": 0.11077921531957247, "DJIA": -0.10073598075221062, "GBPUSD": 0.14383182740181585, "Gold": -0.530606195346069}
