{"FTSE100": 0.0387520628531795, "DJIA": 0.1359618973639427, "GBPUSD": 0.16804155209287958, "Gold": -0.43453994578217553}
