{"FTSE100": -0.08958660016957196, "DJIA": 0.06612084902247252, "GBPUSD": 0.13676588897828115, "Gold": 0.22733013387218995}
