{"FTSE100": 0.022955084551215248, "DJIA": 0.2055601563437402, "GBPUSD": -0.4013352837477938, "Gold": -2.239031770045386}
