{"FTSE100": 0.034539456404115695, "DJIA": 0.0023053111151395194, "GBPUSD": 0.41923746242683774, "Gold": -0.05428613729458305}
