{"FTSE100": -0.29533969808952926, "DJIA": -0.6221554944202693, "GBPUSD": -0.2461349126990131, "Gold": 0.003294784356360879}
