{"FTSE100": 0.19397301092543792, "DJIA": -0.06674616616787857, "GBPUSD": -0.18348623853211482, "Gold": -0.11396552542856217}
