{"FTSE100": 0.7940562048318781, "DJIA": 1.2297599984519143, "GBPUSD": -0.47029996443108724, "Gold": 0.6079601238577111}
