{"FTSE100": -0.02334212553395348, "DJIA": -0.8275391460364453, "GBPUSD": -0.08878844135927845, "Gold": 0.2339242085564277}
