{"FTSE100": -0.7842008792335552, "DJIA": -0.22686977753143586, "GBPUSD": 0.1299694189602473, "Gold": -0.3224137244755765}
