{"FTSE100": -0.16236377459343054, "DJIA": 0.6210782430528998, "GBPUSD": 0.40438603312855537, "Gold": 0.6129870129870224}
