{"FTSE100": -0.9823883655525013, "DJIA": 0.04056162329261397, "GBPUSD": 0.16484810424680044, "Gold": -0.2918336053816028}
