{"FTSE100": -0.008960951336766929, "DJIA": -0.31661186361566174, "GBPUSD": -0.13291634089132406, "Gold": -0.3829656862745098}
