{"FTSE100": 0.35647891331092263, "DJIA": 0.3158581906191702, "GBPUSD": 0.4636177903504649, "Gold": 0.3206685453308672}
