{"FTSE100": -0.15268670097639572, "DJIA": 0.5516625720786568, "GBPUSD": -0.25474316565909766, "Gold": -0.14406915319352925}
