{"FTSE100": 0.13906933990160786, "DJIA": 0.09926609086834237, "GBPUSD": 0.023623907394280413, "Gold": 0.04145593234391841}
