{"FTSE100": 0.49785611587956313, "DJIA": 0.8041113741553874, "GBPUSD": -0.31816735602927165, "Gold": -0.6632832520978867}
