{"FTSE100": -2.577581033381304, "DJIA": 0.318931833765597, "GBPUSD": 1.3634852011972038, "Gold": 2.5510204081632653}
