{"FTSE100": 0.1068594967415629, "DJIA": -0.1045580090866439, "GBPUSD": -0.2645009872219903, "Gold": -1.1741105669951082}
