{"FTSE100": 0.1352982388456028, "DJIA": 0.10068095213366375, "GBPUSD": 0.6646621300838711, "Gold": 0.41830200371823534}
