{"FTSE100": -0.6079089891379935, "DJIA": -0.29801232063427296, "GBPUSD": -0.42174320524834813, "Gold": -0.6392227051904884}
