{"FTSE100": 0.06749726942864336, "DJIA": 0.6076239777097703, "GBPUSD": 0.12721634730063178, "Gold": 0.5441892104023789}
