{"FTSE100": -0.6142370818755494, "DJIA": -0.22662860868653287, "GBPUSD": -0.20564283951632364, "Gold": 0.0}
