{"FTSE100": -0.11228009565400064, "DJIA": -0.19863787822888013, "GBPUSD": -0.1463533620619582, "Gold": -0.971120601993092}
