{"FTSE100": -0.5320753893304966, "DJIA": -0.8024158270873926, "GBPUSD": 0.05571474052850565, "Gold": 0.5816819481415731}
