{"FTSE100": 0.25087438618927527, "DJIA": -0.32585965313005105, "GBPUSD": -0.12054001928638981, "Gold": 0.09096881791074718}
