{"FTSE100": 0.003156772919434104, "DJIA": -1.719878054908802, "GBPUSD": 0.15219413207068772, "Gold": -0.05512983075141959}
