{"FTSE100": -0.5964769240671847, "DJIA": 0.2994536296275326, "GBPUSD": 0.12262643528669699, "Gold": 0.0}
