{"FTSE100": -0.2681900609221918, "DJIA": 1.4888953683381576, "GBPUSD": 0.1363599903745739, "Gold": -0.2667471941214935}
