{"FTSE100": 0.8021506449981426, "DJIA": 0.4076625143751533, "GBPUSD": 0.2660272022181546, "Gold": 0.0}
