{"FTSE100": 0.7226759412266486, "DJIA": 0.45321186074049913, "GBPUSD": -0.007985944737261538, "Gold": 0.31731057844861243}
