{"FTSE100": -0.7259514582946418, "DJIA": -1.0859927634952995, "GBPUSD": -0.4785046728971768, "Gold": 0.0}
