{"FTSE100": -1.2104514498477899, "DJIA": -0.21673049926039156, "GBPUSD": -0.1961104755678998, "Gold": 0.0}
