{"FTSE100": 0.03612862309658357, "DJIA": 0.13403423797751024, "GBPUSD": 0.15761683347781555, "Gold": -0.14097515920468798}
