{"FTSE100": 0.0876266806365259, "DJIA": 0.22115950520776653, "GBPUSD": 0.3519241068013111, "Gold": 0.0}
