{"FTSE100": 0.33054137351955426, "DJIA": -0.3225038142335186, "GBPUSD": 0.8187231227257707, "Gold": 0.6222508314558597}
