{"FTSE100": -0.860553370217429, "DJIA": -0.4731838105434644, "GBPUSD": 0.16493485073396022, "Gold": 0.0}
