{"FTSE100": 2.1286854659272085e-14, "DJIA": 0.2973710194088548, "GBPUSD": -0.12583722346254844, "Gold": -0.3360312183841661}
