{"FTSE100": 0.3962575817240739, "DJIA": 0.581175583979411, "GBPUSD": -0.18922254216371606, "Gold": 0.20303483650352394}
