{"FTSE100": 0.0, "DJIA": -0.05259540849812567, "GBPUSD": -0.1220639911226136, "Gold": -0.21994773519162575}
