{"FTSE100": -0.6227539113704983, "DJIA": -0.5618624186262472, "GBPUSD": -0.007959882193742655, "Gold": -0.09863980895025769}
