{"FTSE100": -0.18188084168026902, "DJIA": 0.0, "GBPUSD": -0.2556950255694916, "Gold": -0.07044296191937482}
