{"FTSE100": 0.2778333293788143, "DJIA": 0.6457447179105776, "GBPUSD": 0.22117369507520743, "Gold": -0.8772441128468147}
