{"FTSE100": -0.6718715694167074, "DJIA": -0.6528325622026786, "GBPUSD": -0.1726980139728377, "Gold": 0.14838996883810654}
