{"FTSE100": 0.16335241586556581, "DJIA": 1.2928433847263459, "GBPUSD": -0.03000300030004335, "Gold": 0.0}
