{"FTSE100": -0.18389750028168156, "DJIA": 0.0, "GBPUSD": -0.07090522335146324, "Gold": 0.06862745098039662}
