{"FTSE100": -0.1754117926809357, "DJIA": -0.6221554944202693, "GBPUSD": -0.23075148065532586, "Gold": -0.07248525584001425}
