{"FTSE100": 0.12647205456636781, "DJIA": 0.46429005352659725, "GBPUSD": 0.07409846863164012, "Gold": 1.7061028136711975}
