{"FTSE100": 0.452623521010257, "DJIA": 0.18417808156144322, "GBPUSD": 0.4185447520927313, "Gold": 0.15462889066240568}
