{"FTSE100": -0.06469560716827327, "DJIA": -0.3743057045706011, "GBPUSD": 0.09529103470180797, "Gold": 0.4722843649018146}
