{"FTSE100": 1.2197007605780283, "DJIA": 0.21164786510542605, "GBPUSD": -0.28660138524001477, "Gold": 0.11629910406617303}
