{"FTSE100": 0.17904553548935545, "DJIA": -0.20185449786607268, "GBPUSD": -0.2415010217350901, "Gold": 0.0059819345576441}
