{"FTSE100": -0.7345311242989868, "DJIA": 0.12561002805738813, "GBPUSD": 0.08706664555959148, "Gold": 0.0}
