{"FTSE100": 0.19714967889111826, "DJIA": 1.3267567266111568, "GBPUSD": 1.596351197263403, "Gold": 1.0434335646363497}
