{"FTSE100": -0.055906829223731816, "DJIA": 0.11906360870655812, "GBPUSD": -0.21430272243828277, "Gold": 0.08341153164425692}
