{"FTSE100": -0.8115708717146358, "DJIA": 0.7955544708420131, "GBPUSD": -0.055379746835436935, "Gold": 1.7126878713736375}
