{"FTSE100": 0.037245839470453006, "DJIA": -0.3306836771535578, "GBPUSD": 0.011562030292526651, "Gold": -0.285202383999405}
