{"FTSE100": 0.14577462382680564, "DJIA": -0.09705025243720997, "GBPUSD": -0.1687695893273319, "Gold": -1.4793783622235526}
