{"FTSE100": -0.8661054288988841, "DJIA": -0.5468671780450398, "GBPUSD": -0.029870808752143676, "Gold": 0.0}
