{"FTSE100": 0.11194461958131076, "DJIA": 1.0942522026663541, "GBPUSD": -0.016233766233764445, "Gold": -0.22803835190463143}
