{"FTSE100": -0.590642725079125, "DJIA": 0.2663479988735084, "GBPUSD": -0.47049112670243814, "Gold": -0.07092198581560036}
