{"FTSE100": 0.5320646975133888, "DJIA": 0.6663545364751647, "GBPUSD": 0.11830586008360729, "Gold": -0.24034334763948106}
