{"FTSE100": 0.9589668840566568, "DJIA": 0.35604734464211185, "GBPUSD": -0.2141327623126468, "Gold": 0.7148191614210958}
