{"FTSE100": 0.03612862309658357, "DJIA": -0.04913866970017493, "GBPUSD": 0.0866141732283544, "Gold": 0.4255319148936081}
