{"FTSE100": -0.16828130166934918, "DJIA": 1.8471231770240168, "GBPUSD": 0.4319321249517971, "Gold": -0.08528265107212106}
