{"FTSE100": -0.19169303501967352, "DJIA": -0.16889969685108214, "GBPUSD": 0.26391554702495845, "Gold": 1.0668958891641875}
