{"FTSE100": 0.8507366749429691, "DJIA": 0.5286449358552803, "GBPUSD": -0.2746347358013783, "Gold": -1.2255101211283672}
