{"FTSE100": 0.19389511570135484, "DJIA": 0.0, "GBPUSD": 0.08703908846337244, "Gold": 0.48612604861261266}
