{"FTSE100": 0.5164863808158492, "DJIA": 0.9827448635051533, "GBPUSD": 0.08057368463458946, "Gold": -0.09577095619739356}
