{"FTSE100": 0.07273078107663956, "DJIA": 1.176177736463645, "GBPUSD": 0.02386824727503914, "Gold": -0.038041617529577354}
