{"FTSE100": 0.545960511839696, "DJIA": 0.07492422732759449, "GBPUSD": -0.11778563015312578, "Gold": 0.0}
