{"FTSE100": -0.4181371378276482, "DJIA": 1.7349133347044125e-14, "GBPUSD": -0.5817764667322276, "Gold": -0.15506738046888752}
