{"FTSE100": 0.700364530238199, "DJIA": 1.2633361362158366, "GBPUSD": 0.18650664936749664, "Gold": 0.07618080243778567}
