{"FTSE100": 0.5563900461796417, "DJIA": 0.5844744357188725, "GBPUSD": -0.21000233335925367, "Gold": -0.8553938460291224}
