{"FTSE100": 0.019628845823868393, "DJIA": 0.47034355627909946, "GBPUSD": 0.4455561635269317, "Gold": 0.7143958472529214}
