{"FTSE100": -0.43611338685891565, "DJIA": 0.12661153708526426, "GBPUSD": -0.07128712871286344, "Gold": -0.08352987421383871}
