{"FTSE100": 1.171617550136535, "DJIA": -0.2386402058404856, "GBPUSD": -0.04137360364088091, "Gold": 1.5311207078790752}
