{"FTSE100": -0.2176814731683389, "DJIA": -0.25616973141493027, "GBPUSD": -0.5590551181102271, "Gold": -2.221149203283438}
