{"FTSE100": 0.5831831582849065, "DJIA": 0.5228724792609903, "GBPUSD": -0.09004584151930901, "Gold": 0.7208216619981394}
