{"FTSE100": -0.37166802819883366, "DJIA": 0.3636407946585871, "GBPUSD": 0.03917574238033119, "Gold": -0.911957726071748}
