{"FTSE100": 0.6397072861862438, "DJIA": 1.6225657518480845, "GBPUSD": -0.25042048215286594, "Gold": -0.32881216605015184}
