{"FTSE100": 0.4158211716365902, "DJIA": 0.08233753137203556, "GBPUSD": -0.17594369801663307, "Gold": 0.393054595715269}
