{"FTSE100": -0.5992767727537989, "DJIA": -1.0352140488311603, "GBPUSD": -0.17000231821342862, "Gold": -2.1575984990619173}
