{"FTSE100": -3.0067517599958467, "DJIA": 0.012033281986033722, "GBPUSD": -0.015666614444616794, "Gold": 3.3957687643174834}
