{"FTSE100": 0.35729279251114304, "DJIA": 0.20607228699518781, "GBPUSD": 0.06657789613849317, "Gold": 0.41796163326545677}
