{"FTSE100": 0.6419007344073131, "DJIA": 0.03416206565843811, "GBPUSD": -0.024590163934423523, "Gold": 0.8441044579266684}
