{"FTSE100": -0.6821647552995302, "DJIA": -0.7289654614041045, "GBPUSD": 0.2616626794258417, "Gold": 0.0}
