{"FTSE100": -0.6164765623497138, "DJIA": -0.7956158518677132, "GBPUSD": 0.03080477474009842, "Gold": -0.13220226947230596}
