{"FTSE100": 0.7470435074305112, "DJIA": 0.39589525184368535, "GBPUSD": -0.20652950988959864, "Gold": -0.13046314416176974}
