{"FTSE100": -0.1276100518288886, "DJIA": 0.6223204046828232, "GBPUSD": 0.016448721111931734, "Gold": 0.0}
