{"FTSE100": 0.021194821209791333, "DJIA": 0.7735517288974445, "GBPUSD": -0.3149721652505106, "Gold": -0.6603433785568494}
