{"FTSE100": -0.17224306150620466, "DJIA": -0.2666577919403726, "GBPUSD": -0.2956830277942158, "Gold": 0.4339385634349524}
