{"FTSE100": 0.21520947188850884, "DJIA": -0.2535668695780367, "GBPUSD": 0.386222117127761, "Gold": 0.3755497356327586}
