{"FTSE100": 0.07924083831639685, "DJIA": 0.03570612081713786, "GBPUSD": -0.07059260635333504, "Gold": -0.21534964407488838}
