{"FTSE100": -0.3077349007581551, "DJIA": -0.21817765997761038, "GBPUSD": -0.3483217226092431, "Gold": -0.4495825305073927}
