{"FTSE100": -0.12287472732095105, "DJIA": -1.0231216312168163, "GBPUSD": 0.30701409115956974, "Gold": 0.0}
