{"FTSE100": -0.3372593595820767, "DJIA": -0.8858578786024814, "GBPUSD": 0.15594690198165798, "Gold": 0.970404670827476}
