{"FTSE100": 0.1579193429280335, "DJIA": 0.38011250035140554, "GBPUSD": 0.3697003067725892, "Gold": 0.5072463768116037}
