{"FTSE100": 0.3131765446033916, "DJIA": -0.7519028174464846, "GBPUSD": -0.8635996771589937, "Gold": -0.5475555555555426}
