{"FTSE100": 0.5356976453335769, "DJIA": -0.9282916865650261, "GBPUSD": 0.030962148773121444, "Gold": 0.2755165936130206}
