{"FTSE100": 0.7275875091346838, "DJIA": 0.214954850793778, "GBPUSD": -0.06192429754624289, "Gold": 0.2755165936130206}
