{"FTSE100": 0.673757097413698, "DJIA": 0.5128147804844863, "GBPUSD": -0.32645793144383134, "Gold": 0.030921459492883375}
