{"FTSE100": 0.12380099446035475, "DJIA": -0.041431396256527295, "GBPUSD": -0.09633197480548934, "Gold": 0.37755845532223736}
