{"FTSE100": 0.37028589485970803, "DJIA": 0.058458450398123266, "GBPUSD": -0.313630880579012, "Gold": -0.18049783822357307}
