{"FTSE100": -1.0801007399146034, "DJIA": -0.4498252085070594, "GBPUSD": -0.05748070290687493, "Gold": 1.8151557705310288}
