{"FTSE100": 0.5273560024013673, "DJIA": -0.055388618318105196, "GBPUSD": 0.42875989445909224, "Gold": -0.10998075336816057}
