{"FTSE100": -0.895183199164811, "DJIA": -1.197099874144723, "GBPUSD": 0.24023358095871492, "Gold": -0.2139301435800499}
