{"FTSE100": -2.4138712156823767, "DJIA": -0.873352531767609, "GBPUSD": 0.18234562784914873, "Gold": -0.5138586110246076}
