{"FTSE100": -0.3664236859718043, "DJIA": 0.15975801488197997, "GBPUSD": 0.10588043655319099, "Gold": 0.0}
