{"FTSE100": 0.35466872694390655, "DJIA": 0.3058802269914348, "GBPUSD": -0.4481075458109986, "Gold": 0.781735159817355}
