{"FTSE100": -0.2939769468623306, "DJIA": 0.526500436470395, "GBPUSD": 0.28724168195963035, "Gold": 0.09541026413578843}
