{"FTSE100": -0.1398021333805554, "DJIA": -0.27556613968992016, "GBPUSD": -0.24497008152283017, "Gold": -0.4693179011256476}
