{"FTSE100": 0.17378143503759214, "DJIA": -0.24354833257195302, "GBPUSD": -0.2169720347155195, "Gold": 0.09096881791074718}
