{"FTSE100": -0.24040412356584365, "DJIA": -0.3159873865338924, "GBPUSD": 0.2163634906643278, "Gold": -0.5436935152846256}
