{"FTSE100": 0.5423412104789638, "DJIA": 0.032615876345421825, "GBPUSD": -0.44479745830024214, "Gold": -1.4729789644810134}
