{"FTSE100": -0.32411042366758924, "DJIA": -0.19194328528277277, "GBPUSD": -0.555301993001663, "Gold": 0.6894344175510304}
