{"FTSE100": -0.13382989995125194, "DJIA": -0.30055321172013205, "GBPUSD": 0.047018258757162916, "Gold": 0.06716610694911816}
