{"FTSE100": 0.5841893037520159, "DJIA": 0.1589310816153905, "GBPUSD": 0.16299609567492485, "Gold": -0.011926058437675498}
