{"FTSE100": -0.48113720851446656, "DJIA": 0.023032329668518616, "GBPUSD": -0.17839444995043516, "Gold": 0.4229772138081469}
