{"FTSE100": -0.8781766631827652, "DJIA": 1.0048600540112893, "GBPUSD": -0.11593754830731619, "Gold": 1.3899238619795915}
