{"FTSE100": 0.03377980922561111, "DJIA": -0.21207662095522664, "GBPUSD": 0.1507954459775316, "Gold": -0.5312126736656846}
