{"FTSE100": -0.03607717776001661, "DJIA": 0.4368665922406841, "GBPUSD": 0.6018446146631264, "Gold": 0.11685455045365808}
