{"FTSE100": 0.42362216563758537, "DJIA": 0.7172988231156872, "GBPUSD": -0.19338043882483716, "Gold": 0.0}
