{"FTSE100": 0.6035260956872499, "DJIA": 0.11743741957445278, "GBPUSD": -0.1023380303865116, "Gold": -0.025947067981314176}
