{"FTSE100": 0.40803075654748544, "DJIA": 1.4689919001806955, "GBPUSD": 0.13468546981461219, "Gold": 0.14719591776654725}
