{"FTSE100": 0.6883409578139263, "DJIA": 0.20374432896980163, "GBPUSD": 0.14006692086219155, "Gold": 0.7908499511033593}
