{"FTSE100": -0.6933418882599897, "DJIA": -0.5079523690565482, "GBPUSD": 0.6064235981133484, "Gold": 0.6646472370084966}
