{"FTSE100": -0.01495269924756523, "DJIA": 0.21537701636724985, "GBPUSD": 0.014561339643261742, "Gold": 1.6482515784361396}
