{"FTSE100": -0.07738089551668564, "DJIA": 0.24625739774351751, "GBPUSD": -0.12327416173570485, "Gold": 0.24045686804929137}
