{"FTSE100": 0.36825233523421586, "DJIA": 0.8469044252918984, "GBPUSD": -0.007912644405759534, "Gold": -0.05680644494938592}
