{"FTSE100": 0.30402622333921026, "DJIA": -0.9733856435851889, "GBPUSD": -0.0079668578712547, "Gold": 0.38755228118644364}
