{"FTSE100": 0.07864009260657305, "DJIA": -0.4574558202974666, "GBPUSD": -0.09860312243221774, "Gold": 0.0}
