{"FTSE100": 0.7269484642002113, "DJIA": 0.9656628059108809, "GBPUSD": 0.136229470975573, "Gold": 0.20227953475706295}
