{"FTSE100": -0.4451407271352051, "DJIA": -0.10461924585919027, "GBPUSD": 0.01852194850898933, "Gold": 0.40809136549131364}
