{"FTSE100": 1.0649333531854055, "DJIA": 0.30623296387359294, "GBPUSD": -0.026827118384246538, "Gold": 1.8113094514716168e-14}
