{"FTSE100": 0.012860990346697456, "DJIA": 1.2161956788204773, "GBPUSD": -0.0474758664345572, "Gold": 0.09129918743723181}
