{"FTSE100": 0.19714967889111826, "DJIA": 1.325038507047752, "GBPUSD": 1.7185209317478514, "Gold": 1.0434335646363497}
