{"FTSE100": 0.05517038231746642, "DJIA": -0.434599829936005, "GBPUSD": -0.06491770725932848, "Gold": -1.3397471575097326}
