{"FTSE100": 0.3775595771663213, "DJIA": 0.07492422732759449, "GBPUSD": 0.1884570082449908, "Gold": 0.0}
