{"FTSE100": 1.8762164970571442, "DJIA": 0.6814109996095004, "GBPUSD": -0.023704171934257817, "Gold": 2.0946290374901437}
