{"FTSE100": 0.5529397713057144, "DJIA": 0.11376013625401434, "GBPUSD": 0.18293696989855143, "Gold": 0.0}
