{"FTSE100": 0.49785611587956313, "DJIA": 0.538872872356776, "GBPUSD": 0.6166413069592229, "Gold": 0.0050253781597019475}
