{"FTSE100": -0.03172598700478161, "DJIA": -0.4497342195254305, "GBPUSD": 0.1839132229854043, "Gold": 0.44421092854414324}
