{"FTSE100": 0.36986890772225467, "DJIA": -0.11089638964021888, "GBPUSD": -0.18493205757015105, "Gold": 0.16853932584270592}
