{"FTSE100": -0.1856530328428965, "DJIA": -1.0307721444356852, "GBPUSD": -0.13184881336066523, "Gold": -0.48325129067115985}
