{"FTSE100": 0.4676484494950305, "DJIA": 0.7159552122635682, "GBPUSD": 0.4326280185636797, "Gold": 0.45548654244307357}
