{"FTSE100": -0.05609553928271623, "DJIA": 0.1525168228928394, "GBPUSD": 0.11834319526627667, "Gold": 0.0}
