{"FTSE100": 0.06913046009351906, "DJIA": -0.41726610619070487, "GBPUSD": -0.20036867836819322, "Gold": -0.04516881845900074}
