{"FTSE100": -0.15262139019599122, "DJIA": -0.29801232063427296, "GBPUSD": -0.07029053420805224, "Gold": -0.11506008693428016}
