{"FTSE100": -0.09241945264895904, "DJIA": -0.2343375431877598, "GBPUSD": -0.008039877793856648, "Gold": 0.0}
