{"FTSE100": -0.6612521630314663, "DJIA": 1.0797349628416797, "GBPUSD": -0.13882461823228456, "Gold": 0.9121300920384625}
