{"FTSE100": 0.232191529763226, "DJIA": 0.6210782430528998, "GBPUSD": 0.038883272416202264, "Gold": -0.0415584415584392}
