{"FTSE100": -0.17224306150620466, "DJIA": -0.05250879730356501, "GBPUSD": -0.27991326631184243, "Gold": 0.4339385634349524}
