{"FTSE100": 0.6063365986397287, "DJIA": 0.5477369486265941, "GBPUSD": 0.018682509434673505, "Gold": -0.1696702893566411}
