{"FTSE100": 0.9516429331369188, "DJIA": -0.0003817473103102214, "GBPUSD": -1.2762824183915615, "Gold": -2.097792621197101}
