{"FTSE100": -0.09479346260888843, "DJIA": -0.13018671319289135, "GBPUSD": -0.007842522155124224, "Gold": 0.0}
