{"FTSE100": 0.30721610491661694, "DJIA": -1.0782721567498783, "GBPUSD": 0.3770860077021942, "Gold": 0.1390061063396691}
