{"FTSE100": -0.8615685532210265, "DJIA": -1.8957074033152979, "GBPUSD": 0.007486150621349676, "Gold": 2.190698961241478}
