{"FTSE100": 0.5937522264028195, "DJIA": -0.48245583865285674, "GBPUSD": 0.015781582892762405, "Gold": 0.0}
