{"FTSE100": -0.7452417086719846, "DJIA": -0.1614469344348213, "GBPUSD": -0.018474043968230814, "Gold": 0.19765786061933183}
