{"FTSE100": -0.5964769240671847, "DJIA": 0.2994536296275326, "GBPUSD": -0.2410889803790642, "Gold": 0.15935784689841337}
