{"FTSE100": -0.39403573671711184, "DJIA": -0.38286014611908964, "GBPUSD": -0.8105897226147029, "Gold": 0.0}
