{"FTSE100": 0.32004892689479275, "DJIA": 0.02326781680191176, "GBPUSD": -0.04447409384033311, "Gold": 0.2867145530271021}
