{"FTSE100": 0.13837228955069372, "DJIA": 0.8552295089589758, "GBPUSD": 0.13112604491067414, "Gold": 0.2431269870955676}
