{"FTSE100": -0.1316802262617429, "DJIA": 0.30442976887914736, "GBPUSD": 0.2129487802144612, "Gold": 0.011931394481732764}
