{"FTSE100": 0.19300530495778576, "DJIA": 0.13890413343880204, "GBPUSD": -0.15228812914033363, "Gold": -0.1888525928950615}
