{"FTSE100": -0.682819383259911, "DJIA": 1.0031848348753987, "GBPUSD": 0.5829487490891323, "Gold": 0.5246103996296774}
