{"FTSE100": 0.3673837225959878, "DJIA": 0.07047168775730396, "GBPUSD": -0.18708312998210255, "Gold": 0.0}
