{"FTSE100": 0.11640285995728021, "DJIA": 0.4752378317991603, "GBPUSD": -0.33436828278003194, "Gold": -0.14157144301750338}
