{"FTSE100": 0.12032149393883282, "DJIA": -0.6120859242289759, "GBPUSD": 0.17906438856972004, "Gold": -0.004672678846778611}
