{"FTSE100": -0.3422605654627961, "DJIA": -0.8262115950894455, "GBPUSD": -0.3193102897740882, "Gold": 0.0}
