{"FTSE100": 0.9672359284688973, "DJIA": 0.7891359046074093, "GBPUSD": -0.011546899657432158, "Gold": 0.12715033657442373}
