{"FTSE100": -0.07371340229187948, "DJIA": -0.18884705514233294, "GBPUSD": -0.0786596397388588, "Gold": 0.005175983436860063}
