{"FTSE100": 0.3329640734033298, "DJIA": -1.0856999866524848, "GBPUSD": 0.023940627244431165, "Gold": -0.5803285683806234}
