{"FTSE100": -0.20484223267119894, "DJIA": -0.08435786601660489, "GBPUSD": 0.047166103293778475, "Gold": -0.08676036786395973}
