{"FTSE100": -0.35021137927040974, "DJIA": -1.886836680762409, "GBPUSD": -0.54074212194667, "Gold": -0.45498372905869316}
