{"FTSE100": 0.6035260956872499, "DJIA": 0.14637127657105953, "GBPUSD": 0.007869678130163609, "Gold": -0.06436663233779609}
