{"FTSE100": 0.30425382905513915, "DJIA": 1.0382648478631822, "GBPUSD": 0.8147916013788927, "Gold": 0.1421377517868746}
