{"FTSE100": -0.46619560127363346, "DJIA": 0.1158126211580766, "GBPUSD": 0.0, "Gold": 0.5611617031749984}
