{"FTSE100": 0.2096871864860313, "DJIA": 0.2098753431737458, "GBPUSD": -0.23387096774192764, "Gold": -0.21120956109622444}
