{"FTSE100": 1.0738721075097508, "DJIA": -0.873352531767609, "GBPUSD": 0.265230004144208, "Gold": -0.5138586110246076}
