{"FTSE100": -0.7554321087280778, "DJIA": -0.24609717489886687, "GBPUSD": -0.1419222581408203, "Gold": -0.05898545025560585}
