{"FTSE100": 1.0246139442942763, "DJIA": 0.2501440559447669, "GBPUSD": -0.28879175772713367, "Gold": -0.7422680412371051}
