{"FTSE100": 0.31113925132360093, "DJIA": -0.13883581976118878, "GBPUSD": -0.6487265737626138, "Gold": 0.0}
