{"FTSE100": 0.37386483618267, "DJIA": 0.6674213214554768, "GBPUSD": 0.022951572182691983, "Gold": 0.5634091374718295}
