{"FTSE100": -0.3508176968323576, "DJIA": 0.014302893050057592, "GBPUSD": -0.4283520568980912, "Gold": 0.24388978257485575}
