{"FTSE100": -0.07945343648007348, "DJIA": 1.2291647572612365, "GBPUSD": -0.3672337555272356, "Gold": -0.9483793517406935}
