{"FTSE100": 0.09832141482891688, "DJIA": 0.3853179154728225, "GBPUSD": 0.12463647694225649, "Gold": 0.1195392306020455}
