{"FTSE100": -0.5985335389507738, "DJIA": -0.5389256699666518, "GBPUSD": 0.09411764705883059, "Gold": 0.3039513677811516}
