{"FTSE100": 0.18119602243844968, "DJIA": 0.7612472506021626, "GBPUSD": -0.008082114281095044, "Gold": 0.0}
