{"FTSE100": -0.5410042001622866, "DJIA": 0.3612942024034004, "GBPUSD": 0.12753068707156254, "Gold": -0.41535305009258777}
