{"FTSE100": -0.7623602509861613, "DJIA": -0.4028964726786318, "GBPUSD": 0.046996161980099774, "Gold": 1.166130760986078}
