{"FTSE100": -0.026443331806380903, "DJIA": -0.2535668695780367, "GBPUSD": 0.17340584850634347, "Gold": 0.12353609724761574}
