{"FTSE100": -0.09395814414220721, "DJIA": -0.5064521410946575, "GBPUSD": 0.5731725472681287, "Gold": -0.07472600464962562}
