{"FTSE100": -0.23942792808720906, "DJIA": 0.023032329668518616, "GBPUSD": 0.03567888999009407, "Gold": 0.1159776231409345}
