{"FTSE100": 0.19896529988783251, "DJIA": 0.663916265407546, "GBPUSD": -0.12988458826584912, "Gold": 0.0}
