{"FTSE100": -0.1406547538902329, "DJIA": -0.019519421591548836, "GBPUSD": -0.10781671159028462, "Gold": 0.4884139399948487}
