{"FTSE100": 0.5088209326391392, "DJIA": -0.24580174934409926, "GBPUSD": -0.16526324073345328, "Gold": -0.17823930564165796}
