{"FTSE100": 0.3582632944730669, "DJIA": 0.993441695519574, "GBPUSD": -0.31821797931581397, "Gold": 0.9018648731274804}
