{"FTSE100": 0.3131765446033916, "DJIA": -0.7519028174464846, "GBPUSD": -1.121872477804683, "Gold": -0.7395555555555459}
