{"FTSE100": -0.09582925828942755, "DJIA": -0.59207244905334, "GBPUSD": -0.05628366969525793, "Gold": 0.0}
