{"FTSE100": 0.3303759792754239, "DJIA": 0.384430576899243, "GBPUSD": 0.11526428453810685, "Gold": 1.7284779325390216}
