{"FTSE100": 0.06749726942864336, "DJIA": 0.7718018219984817, "GBPUSD": 0.06360817365030706, "Gold": 0.23023389670869465}
