{"FTSE100": -0.13203735389308677, "DJIA": 0.39148366026754317, "GBPUSD": 0.2119125104064282, "Gold": 0.4227774327616638}
