{"FTSE100": -0.41096058835702615, "DJIA": -0.2306852536110123, "GBPUSD": -0.07222412285703474, "Gold": -0.09496913503111942}
