{"FTSE100": 1.804609528971547, "DJIA": 0.3126579848380299, "GBPUSD": -0.07729767334004112, "Gold": 0.0}
