{"FTSE100": 0.11077921531957247, "DJIA": 0.03872466457086871, "GBPUSD": 0.1807117831458649, "Gold": -0.8803912850155571}
