{"FTSE100": -0.6614427698138772, "DJIA": 0.1663536127146241, "GBPUSD": 0.0944361375619633, "Gold": -0.22711318495271915}
