{"FTSE100": 0.22870614567790004, "DJIA": 0.431484600114922, "GBPUSD": 0.011088523378310443, "Gold": -0.6175719814453929}
