{"FTSE100": -0.9101520600668735, "DJIA": -1.0682848984068007, "GBPUSD": 0.4208944006012814, "Gold": 1.6648506195676915}
