{"FTSE100": 0.5793940701694855, "DJIA": 0.29258762146241046, "GBPUSD": -0.016097875080487604, "Gold": 0.728252194732637}
