{"FTSE100": -0.13382989995125194, "DJIA": 0.07097578043258594, "GBPUSD": 0.09403651751430843, "Gold": -0.18599845001291185}
