{"FTSE100": 0.02269153028795254, "DJIA": -1.2204295130867604, "GBPUSD": -0.3767095241994871, "Gold": -0.6000208702911405}
