{"FTSE100": 0.40897067709590607, "DJIA": 0.24616515480739443, "GBPUSD": -0.239827324326494, "Gold": -0.4211511464670169}
