{"FTSE100": 0.24979306489938582, "DJIA": 0.2842385556239028, "GBPUSD": 0.44929396662388077, "Gold": 0.25020850708923864}
