{"FTSE100": 0.14542536920492688, "DJIA": 0.44372502096655364, "GBPUSD": -0.16243354991139838, "Gold": -0.7951106627900131}
