{"FTSE100": -1.2986147131886854, "DJIA": -0.41814595424636064, "GBPUSD": 0.09882236679567385, "Gold": 0.7772810404389329}
