{"FTSE100": -0.6597905633910022, "DJIA": -0.026951820959356377, "GBPUSD": 0.22000471438673005, "Gold": -0.05273983439691999}
