{"FTSE100": 1.5834316424171049, "DJIA": 0.8548626716069065, "GBPUSD": -0.15521607711788357, "Gold": -0.3022138071657343}
