{"FTSE100": -0.04833451495511718, "DJIA": -1.5778030122208067, "GBPUSD": -0.48004800480047716, "Gold": 0.0}
