{"FTSE100": 0.9568039769843774, "DJIA": 0.4917184966985216, "GBPUSD": -0.12878536998196405, "Gold": 0.3170672786568426}
