{"FTSE100": 0.3640686348097449, "DJIA": 0.04186664303537789, "GBPUSD": 0.5216037368626042, "Gold": 1.875895792934828}
