{"FTSE100": 0.4907138903137083, "DJIA": 0.015739496029909383, "GBPUSD": -0.3823456071814427, "Gold": 0.0}
