{"FTSE100": 0.36744330922815327, "DJIA": 0.29577176516555614, "GBPUSD": 0.7777606653318957, "Gold": 0.2198139249565461}
