{"FTSE100": -2.18790543497564, "DJIA": -1.63451099157624, "GBPUSD": 0.16971525551575223, "Gold": -1.8957442892492835}
