{"FTSE100": -0.17530118235052428, "DJIA": 0.23839424343233565, "GBPUSD": 0.1390605686032157, "Gold": 2.133898028994954}
