{"FTSE100": 0.5309000756955385, "DJIA": 0.5355259685446533, "GBPUSD": -0.4709339562219861, "Gold": 0.0}
