{"FTSE100": 0.516031880118995, "DJIA": -0.28854961600140455, "GBPUSD": -0.031350419311854845, "Gold": 1.2211668928086952}
