{"FTSE100": -0.8116900403582253, "DJIA": -0.2213974377498522, "GBPUSD": -0.44639166735553026, "Gold": 0.15388843088761647}
