{"FTSE100": 0.6096473651614204, "DJIA": 0.6360237061270105, "GBPUSD": 0.08945877441479723, "Gold": 0.0}
