{"FTSE100": -0.7866364913502369, "DJIA": -0.730868883648019, "GBPUSD": 0.2808292723217847, "Gold": 1.4226159458051164}
