{"FTSE100": 0.1789487919590571, "DJIA": -0.7365768784712128, "GBPUSD": -0.9036617947508914, "Gold": 0.09903570497785202}
