{"FTSE100": -0.1111501786904446, "DJIA": 0.6461320162107737, "GBPUSD": 0.10709095081466136, "Gold": 0.3549858252187869}
