{"FTSE100": 0.07818967340402241, "DJIA": -0.30817887794355414, "GBPUSD": 0.04337710477542888, "Gold": -0.01136406682070257}
