{"FTSE100": 0.3798088352815372, "DJIA": 0.09898491425418575, "GBPUSD": -0.3191840628095428, "Gold": -1.8478693747510806}
