{"FTSE100": 0.49839905437780996, "DJIA": -0.0025957097828106066, "GBPUSD": -0.3690036900368925, "Gold": 0.1470544101317378}
