{"FTSE100": -0.36806652123511535, "DJIA": -0.25248577377194026, "GBPUSD": 0.26658178490430623, "Gold": -1.6029255955432546}
