{"FTSE100": 0.17066442921956157, "DJIA": 0.11416773435395901, "GBPUSD": -0.43816766250225525, "Gold": -3.2472172081829083}
