{"FTSE100": 0.25395517150343966, "DJIA": -0.17490688114219605, "GBPUSD": -0.20972816003871386, "Gold": -0.3006115890950531}
