{"FTSE100": 0.8955566508449941, "DJIA": 0.6034891630965501, "GBPUSD": 0.2849234776945487, "Gold": 0.0}
