{"FTSE100": 1.0439684098535111, "DJIA": -0.3756687185095184, "GBPUSD": -1.4235457743598199, "Gold": -2.6822522569535088}
