{"FTSE100": -0.2150951170936042, "DJIA": -0.06638708623778036, "GBPUSD": 0.35321821036106343, "Gold": 0.6915701786556319}
