{"FTSE100": 0.509056446475346, "DJIA": -0.36495681001377683, "GBPUSD": -0.8871989860582924, "Gold": -8.25060168471721}
