{"FTSE100": 0.11551349407636659, "DJIA": -1.8957074033152979, "GBPUSD": -0.28447372361132095, "Gold": 2.3692748811589897}
