{"FTSE100": 0.16954823112954032, "DJIA": 0.2994536296275326, "GBPUSD": -0.19658024553984046, "Gold": 0.15935784689841337}
