{"FTSE100": 0.09745085898897016, "DJIA": -0.16888433054214605, "GBPUSD": -0.45876955652275503, "Gold": -2.0630624039798113}
