{"FTSE100": -0.1335641100843632, "DJIA": -0.45086094005159, "GBPUSD": -0.06281900274832444, "Gold": 0.39764593605853343}
