{"FTSE100": -0.12223358211043096, "DJIA": -0.01416725966909566, "GBPUSD": -0.3608975364820287, "Gold": 0.313692685732211}
