{"FTSE100": -0.3425460025766262, "DJIA": 0.5036677750515509, "GBPUSD": 0.07812790654414192, "Gold": 1.6399882156535401}
