{"FTSE100": 0.07108503778868981, "DJIA": 0.39589525184368535, "GBPUSD": -0.12733784321526653, "Gold": 0.16580415012811908}
