{"FTSE100": 0.10754170311666376, "DJIA": -0.39190426906891573, "GBPUSD": -0.2547666009204555, "Gold": 0.24045686804929137}
