{"FTSE100": -0.16574642965964634, "DJIA": 0.629594313616355, "GBPUSD": -0.02221563981042409, "Gold": 0.0}
