{"FTSE100": 0.4398158459478591, "DJIA": 0.34919893722060835, "GBPUSD": 0.0, "Gold": 0.5332280043448185}
