{"FTSE100": -0.2225579101136437, "DJIA": -0.20583182580650172, "GBPUSD": 0.2715438064052448, "Gold": -0.8321716723693774}
