{"FTSE100": -1.442539871813982, "DJIA": -0.9646810192555927, "GBPUSD": -0.6812344116442685, "Gold": 0.12909154559775152}
