{"FTSE100": -0.12020443811865127, "DJIA": -0.13249459782919146, "GBPUSD": 0.4446914952751568, "Gold": 0.7805120556798432}
