{"FTSE100": -1.1544115716798338, "DJIA": 0.24311927257530114, "GBPUSD": 0.33136094674556066, "Gold": 0.1149185123276246}
