{"FTSE100": 0.12032149393883282, "DJIA": -0.6509155777175725, "GBPUSD": 0.052122114668663067, "Gold": 0.0}
