{"FTSE100": -0.4456748391542778, "DJIA": 0.16635361271460578, "GBPUSD": 0.04721806878098165, "Gold": -0.22711318495271915}
