{"FTSE100": 0.15247351046885832, "DJIA": 0.42730848253596293, "GBPUSD": -0.4326328800988742, "Gold": 0.07606574726327767}
