{"FTSE100": -0.5549929303748256, "DJIA": 0.1428140605911842, "GBPUSD": 0.22979397781300512, "Gold": 1.1038678835289044}
