{"FTSE100": -0.18719752075244736, "DJIA": -0.9421358745932237, "GBPUSD": -0.11888839352058594, "Gold": -0.7034814465196814}
