{"FTSE100": -0.6652909490064568, "DJIA": -1.3355971700710638, "GBPUSD": -0.07337833871440343, "Gold": 0.0}
