{"FTSE100": -0.2849733688496451, "DJIA": 0.03998756396987386, "GBPUSD": 0.23771790808241788, "Gold": 0.41720990873532854}
