{"FTSE100": 0.11077921531957247, "DJIA": -0.254550442705645, "GBPUSD": 0.07007191591370138, "Gold": -0.6313917296576175}
