{"FTSE100": -0.035618593969285364, "DJIA": 0.29920841251814084, "GBPUSD": -0.03938868756892586, "Gold": -0.015682994406396283}
