{"FTSE100": 0.6597205585879746, "DJIA": 1.092818710795105, "GBPUSD": 0.03892565200468408, "Gold": 0.7075371774774315}
