{"FTSE100": -0.5578595014407595, "DJIA": -0.5050097517637646, "GBPUSD": 1.6605190317456725e-14, "Gold": 0.06046371014626297}
