{"FTSE100": 1.0764787435712724, "DJIA": -0.1657974986571158, "GBPUSD": -0.20754577125490428, "Gold": 0.8239270839620988}
