{"FTSE100": 0.21230147770474592, "DJIA": 0.033365243697223115, "GBPUSD": 0.39801372199688995, "Gold": -0.13118664281453896}
