{"FTSE100": -0.024386761400182852, "DJIA": 0.006240949144843799, "GBPUSD": 0.4263877715205036, "Gold": 0.5203334175296884}
