{"FTSE100": 0.7440360222801333, "DJIA": 0.8882744054949492, "GBPUSD": 0.04869734599465595, "Gold": 0.27276002264422594}
