{"FTSE100": 0.03172588832485534, "DJIA": -0.6120663862601452, "GBPUSD": 0.05900633334644809, "Gold": 0.10210255634549512}
