{"FTSE100": -0.5465406983313196, "DJIA": 0.15944645647302655, "GBPUSD": -0.04560310101086371, "Gold": -0.10501575236284988}
