{"FTSE100": -0.49185893201608477, "DJIA": 0.1985303962538974, "GBPUSD": 0.19915558033935685, "Gold": -0.07639030352413934}
