{"FTSE100": 0.2781658631017697, "DJIA": 0.9728137826776428, "GBPUSD": 1.6166334541320082e-14, "Gold": 1.4145216124332172}
