{"FTSE100": -0.138865027068992, "DJIA": -0.8269877753134245, "GBPUSD": -0.887198986058292, "Gold": 0.07387343018960847}
