{"FTSE100": -0.18417041660618425, "DJIA": 0.585378350682271, "GBPUSD": 0.15035214053968607, "Gold": 0.3686409437208159}
