{"FTSE100": 0.37984595488806144, "DJIA": -0.10089098301183232, "GBPUSD": 0.42023597866495016, "Gold": 0.36104703640557845}
