{"FTSE100": -0.02261032189599231, "DJIA": -0.21613541412862727, "GBPUSD": 0.0036879955744130934, "Gold": -0.09485697346968484}
