{"FTSE100": 0.44711740777107595, "DJIA": -0.2878280428684172, "GBPUSD": -1.1575466025255456, "Gold": -3.543802842237807}
