{"FTSE100": 0.1718976832758351, "DJIA": 0.3086135681025486, "GBPUSD": 0.13415404040404313, "Gold": 0.6990911814640967}
