{"FTSE100": 0.056816978308617, "DJIA": 0.21630125312620196, "GBPUSD": -0.33339870562856144, "Gold": -0.5884615384615279}
