{"FTSE100": -0.12745816494101198, "DJIA": -0.3306836771535578, "GBPUSD": -0.08864223224264726, "Gold": -0.285202383999405}
