{"FTSE100": -0.443323355400266, "DJIA": -0.5169346533361571, "GBPUSD": -0.06285848982479247, "Gold": 0.0}
