{"FTSE100": -1.1659198734844525, "DJIA": -0.544807854310768, "GBPUSD": 0.09884678747941432, "Gold": 0.8950033242980616}
