{"FTSE100": 0.4333332944414494, "DJIA": 0.029288958354474297, "GBPUSD": 0.2924796666533237, "Gold": 0.44509865769459284}
