{"FTSE100": 0.23693775208183124, "DJIA": 1.1388703134055618, "GBPUSD": 0.18370607028753744, "Gold": 0.2988291774849316}
