{"FTSE100": 0.07416384561641284, "DJIA": -1.4853557629860334, "GBPUSD": -0.016012810248196795, "Gold": -0.14401675831370261}
