{"FTSE100": -0.9585833595844842, "DJIA": -0.9675828309385837, "GBPUSD": -0.18259735420159054, "Gold": -1.0994894544620148}
