{"FTSE100": 1.0609753627396123, "DJIA": 0.7915308648026019, "GBPUSD": 0.12265925259629215, "Gold": 0.0}
