{"FTSE100": 1.804609528971547, "DJIA": 0.2804709210621526, "GBPUSD": -0.9973914377781281, "Gold": -0.2124216063119586}
