{"FTSE100": -1.3355122215998592, "DJIA": -1.6922105830537704, "GBPUSD": -0.007729169887153268, "Gold": 1.166369674388466}
