{"FTSE100": -0.12701434892197216, "DJIA": -0.3574128362556799, "GBPUSD": -0.11830586008360729, "Gold": 0.6167164636481999}
