{"FTSE100": 0.11901987444961325, "DJIA": 0.18577415573962347, "GBPUSD": 0.2672281156368822, "Gold": -1.5307435039876627}
