{"FTSE100": 0.3501852340596055, "DJIA": -0.6125483595503677, "GBPUSD": 0.15049199305422484, "Gold": 0.01461934870800176}
