{"FTSE100": 0.3288291362406069, "DJIA": -0.1045580090866439, "GBPUSD": 0.018563207722300613, "Gold": -1.39241253171278}
