{"FTSE100": 0.260971326803656, "DJIA": 0.8358267969805301, "GBPUSD": 0.793586525224717, "Gold": -0.2958579881656843}
