{"FTSE100": 0.14367613249482128, "DJIA": 0.2512947992615201, "GBPUSD": 0.2030194529548745, "Gold": 0.46452818779032007}
