{"FTSE100": 0.5483428217425166, "DJIA": 0.0, "GBPUSD": 0.03176367823393599, "Gold": 0.5201882586078771}
