{"FTSE100": -0.1362636231455053, "DJIA": -0.9542322898171862, "GBPUSD": -0.13798701298701582, "Gold": -0.3887017362010884}
