{"FTSE100": 0.17300540707231182, "DJIA": 0.01750522268031231, "GBPUSD": -0.032304958811173956, "Gold": 0.0}
