{"FTSE100": 0.6436040817616061, "DJIA": 1.6484204794403907, "GBPUSD": 0.7980261382474328, "Gold": 2.240745436105471}
