{"FTSE100": 0.17694494115793466, "DJIA": 0.625096404177658, "GBPUSD": 0.2148148148148076, "Gold": 0.9106095176010393}
