{"FTSE100": -2.1714301070934328, "DJIA": -1.0483063778557478, "GBPUSD": 0.19678841309825007, "Gold": -0.5782454678057999}
