{"FTSE100": -1.590105558643552, "DJIA": -1.6572149860968854, "GBPUSD": 0.23480083857441622, "Gold": 0.0}
