{"FTSE100": -0.11228009565400064, "DJIA": -0.19082002541533663, "GBPUSD": -0.08130742336774452, "Gold": -0.533862111043319}
