{"FTSE100": -0.06347737602979418, "DJIA": -0.107157370322774, "GBPUSD": 0.17275225755790966, "Gold": 0.39764593605853343}
