{"FTSE100": -0.5219676051956111, "DJIA": 0.17796855021226818, "GBPUSD": -0.02356637863314744, "Gold": -0.33366555444816365}
