{"FTSE100": -0.06933880877001358, "DJIA": 0.16705769703677525, "GBPUSD": -0.024051952216785612, "Gold": 0.0}
