{"FTSE100": -0.8558011175897265, "DJIA": -1.6342130446203906, "GBPUSD": -0.11057869517139389, "Gold": 0.3212110023998624}
