{"FTSE100": -0.3065101612415323, "DJIA": -0.9927453141093638, "GBPUSD": -0.2854730408909929, "Gold": 0.4341736694677903}
