{"FTSE100": -0.03519120114922095, "DJIA": -0.7425024098149572, "GBPUSD": -0.7284243863816386, "Gold": -0.5942733657482508}
