{"FTSE100": -0.09622675511820683, "DJIA": 0.7735517288974445, "GBPUSD": -0.4321711104599908, "Gold": -0.6603433785568494}
