{"FTSE100": -0.33864559315637777, "DJIA": -0.028891600975112, "GBPUSD": 0.25292443882389104, "Gold": 1.1107775442809809}
