{"FTSE100": -0.3839749136389659, "DJIA": 0.7968650026319785, "GBPUSD": -0.02378686964795171, "Gold": -0.24093861303163153}
