{"FTSE100": -0.1529668342738817, "DJIA": 0.22837829350425742, "GBPUSD": 0.26103369342596483, "Gold": 0.34581319030312224}
