{"FTSE100": -0.980375476394172, "DJIA": -0.31033208775128, "GBPUSD": -0.04709576138147048, "Gold": 0.2600216684723727}
