{"FTSE100": 0.4122380690886897, "DJIA": 0.0, "GBPUSD": -0.2786885245901514, "Gold": 0.3270904774465864}
