{"FTSE100": 0.027080592322055567, "DJIA": 0.17088277717845352, "GBPUSD": -0.43743872086884583, "Gold": 1.8023358205638465e-14}
