{"FTSE100": -0.3848184980268755, "DJIA": -0.6251422152067638, "GBPUSD": -0.6003019924133525, "Gold": 1.2781093627539666}
