{"FTSE100": -0.12852006266525878, "DJIA": 0.0, "GBPUSD": -0.007867201636377073, "Gold": 0.48981293314573826}
