{"FTSE100": 0.1616615489998225, "DJIA": -0.12699122478312394, "GBPUSD": 0.23134328358208062, "Gold": 1.255230125523015}
