{"FTSE100": 0.43099538390211495, "DJIA": -0.11003251448037732, "GBPUSD": -0.015809026954389214, "Gold": -0.4009762900976211}
