{"FTSE100": 0.12214483438171606, "DJIA": -0.19835301536448688, "GBPUSD": -0.38818962475003016, "Gold": -1.9679566903211712}
