{"FTSE100": -1.120260080093781, "DJIA": -1.1501383841140713, "GBPUSD": 0.12734797835084732, "Gold": 1.3704032337572687}
