{"FTSE100": 0.9491816467269756, "DJIA": -0.29708762151943735, "GBPUSD": -0.2981997570224119, "Gold": -0.7984443593294352}
