{"FTSE100": -0.43284437223830163, "DJIA": -0.5139200357818361, "GBPUSD": 0.24644705495770258, "Gold": 0.43866688065050113}
