{"FTSE100": 0.4932924448476593, "DJIA": 1.4029162830136641, "GBPUSD": 0.0896659941717171, "Gold": -0.09567145023916589}
