{"FTSE100": -0.43055580513576774, "DJIA": 0.2669177325379399, "GBPUSD": 0.606956657069491, "Gold": 1.8425665484489127}
