{"FTSE100": -0.02622804283521101, "DJIA": -0.224089320585031, "GBPUSD": 0.2083500280471318, "Gold": -0.5436935152846256}
