{"FTSE100": 0.2360345323552148, "DJIA": 0.1844860347834945, "GBPUSD": -0.05241482590791051, "Gold": 0.15384615384616193}
