{"FTSE100": 0.39711850703854223, "DJIA": -0.40707833905014884, "GBPUSD": 0.104526815148354, "Gold": 0.10693008809002032}
