{"FTSE100": 0.21528959568101175, "DJIA": 0.09267068427050526, "GBPUSD": 0.07121379965185337, "Gold": 0.494730049473005}
