{"FTSE100": -0.15262139019599122, "DJIA": -0.5646957374079498, "GBPUSD": 0.4474448543841776, "Gold": 1.0159714150415389}
