{"FTSE100": 0.3637462420538052, "DJIA": -0.7309793301085022, "GBPUSD": -0.830670926517569, "Gold": -2.2191740557487964}
