{"FTSE100": 0.2873175896196865, "DJIA": -0.6221554944202693, "GBPUSD": -0.06922544419659264, "Gold": 0.003294784356360879}
