{"FTSE100": 0.0909007211111442, "DJIA": -0.3743057045706011, "GBPUSD": 0.11906651849500371, "Gold": 0.08475421278293177}
