{"FTSE100": -0.5549929303748256, "DJIA": -0.14917782241782726, "GBPUSD": 0.18225039619651098, "Gold": 1.0951760104302595}
