{"FTSE100": 0.4116975042659058, "DJIA": 0.6647378695976559, "GBPUSD": 0.5766337957546303, "Gold": 0.8370930042941833}
