{"FTSE100": 0.5518444801919399, "DJIA": -1.192592695962823, "GBPUSD": 0.3778234086242248, "Gold": 1.54838054624835}
