{"FTSE100": 0.40803075654748544, "DJIA": 1.4680604971659932, "GBPUSD": -0.6302190011028838, "Gold": -0.5226906355331955}
