{"FTSE100": -1.2119457409229017, "DJIA": -1.616779654182555, "GBPUSD": 0.4775400861901697, "Gold": 0.8163265306122575}
