{"FTSE100": -1.148107635090789, "DJIA": -0.9450369243999552, "GBPUSD": -0.5517858474386587, "Gold": -1.132896756767264}
