{"FTSE100": 0.1068594967415629, "DJIA": 0.31118680683534444, "GBPUSD": 0.29043789097408507, "Gold": 0.12697100336619993}
