{"FTSE100": 0.16239862888670376, "DJIA": -0.0020225947350461623, "GBPUSD": 0.3107198342827701, "Gold": 0.6357829383320317}
