{"FTSE100": -0.18372593227328873, "DJIA": 0.07125203436923055, "GBPUSD": -0.20106445890006325, "Gold": 0.4339385634349524}
