{"FTSE100": -0.1989866841277584, "DJIA": -0.5618624186262472, "GBPUSD": 0.04775929316247361, "Gold": 0.0}
