{"FTSE100": -0.03409022854272481, "DJIA": 0.5228858866842576, "GBPUSD": -0.07739938080494503, "Gold": 0.35804041725479707}
