{"FTSE100": -0.317632134478154, "DJIA": -0.05325871777064558, "GBPUSD": 0.6988120195667458, "Gold": 1.1808367071524966}
