{"FTSE100": 0.33054137351955426, "DJIA": -0.3382632667085195, "GBPUSD": 0.9179622891167805, "Gold": 0.6222508314558597}
