{"FTSE100": -0.1244189595947478, "DJIA": -0.09081750954431816, "GBPUSD": -0.15842839036755402, "Gold": 0.1428219650332475}
