{"FTSE100": -0.4244451681497173, "DJIA": -0.5389256699666518, "GBPUSD": -0.03921568627450549, "Gold": -0.048782318285854144}
