{"FTSE100": 0.2128865362395588, "DJIA": -0.6691088516746496, "GBPUSD": -0.2921279212791977, "Gold": 0.4562489815870872}
