{"FTSE100": 0.5901857660068228, "DJIA": -0.13424903271818125, "GBPUSD": 0.17210357506062582, "Gold": 0.7160713529087789}
