{"FTSE100": 0.15614991818173565, "DJIA": 0.28654748448638656, "GBPUSD": 0.23092849179806693, "Gold": 0.9374598690124606}
