{"FTSE100": -0.10514042042841613, "DJIA": 0.5830496679569971, "GBPUSD": 0.199936020473462, "Gold": 0.6573292208120544}
