{"FTSE100": -0.3725315361702571, "DJIA": -0.03662185865447587, "GBPUSD": -0.055088324947668174, "Gold": -0.07234581298607617}
