{"FTSE100": 0.9058784926424158, "DJIA": -0.8695475814814038, "GBPUSD": -0.741035856573712, "Gold": 1.4523526414132757}
