{"FTSE100": 0.598054412995584, "DJIA": 0.1780744197493332, "GBPUSD": 0.10833397817844678, "Gold": -0.23563771530982586}
