{"FTSE100": -0.29642104906816136, "DJIA": -0.03706468446607502, "GBPUSD": 0.5555972670620972, "Gold": 0.6368359309535648}
