{"FTSE100": -0.10407454541533097, "DJIA": 0.1664131657039827, "GBPUSD": -0.3889474110687882, "Gold": -0.9588211546225271}
