{"FTSE100": 0.46363201428381184, "DJIA": -0.36194917099307355, "GBPUSD": 0.0335282941549053, "Gold": 0.18805524933531803}
