{"FTSE100": 0.9016071610347042, "DJIA": 0.9981709717002313, "GBPUSD": 0.22743887580212116, "Gold": 0.13727184910265114}
