{"FTSE100": 0.07695724360054872, "DJIA": 0.33662424647686806, "GBPUSD": -0.04724781478856083, "Gold": 0.04145593234391841}
