{"FTSE100": -1.3211421642857046, "DJIA": -0.6458966231212456, "GBPUSD": 0.05727845511825096, "Gold": -0.23419203747072137}
