{"FTSE100": -0.4332474003213635, "DJIA": -0.1528832270219908, "GBPUSD": 0.41012698162316374, "Gold": 0.28399353669880656}
