{"FTSE100": -0.3796219657572407, "DJIA": -0.4188890430992602, "GBPUSD": 0.08658008658009453, "Gold": 0.4540071061981862}
