{"FTSE100": -0.39883352951391887, "DJIA": 0.11384422185250298, "GBPUSD": -0.2466189339697598, "Gold": 0.3362885967594077}
