{"FTSE100": -1.0739780607097635, "DJIA": -1.810305551173148, "GBPUSD": 0.05669852583832195, "Gold": 0.0}
