{"FTSE100": -0.020458237961189975, "DJIA": -0.20337129924703878, "GBPUSD": -0.016015374759767612, "Gold": 0.0}
