{"FTSE100": 0.18203218566251453, "DJIA": -0.29775660902699086, "GBPUSD": -0.20090003214400087, "Gold": 0.09096881791074718}
