{"FTSE100": 0.27429377477097916, "DJIA": 1.6298268140291872e-14, "GBPUSD": 0.2040495997488744, "Gold": 0.549533843704995}
