{"FTSE100": 0.2873175896196865, "DJIA": -0.5990923393758758, "GBPUSD": 0.11161143824808153, "Gold": 1.2666666666666666}
