{"FTSE100": -0.9826639468024141, "DJIA": -0.5279425651694876, "GBPUSD": -0.04567252797441835, "Gold": 0.2763888539913063}
