{"FTSE100": 0.32685089965874836, "DJIA": -1.0210169772739706, "GBPUSD": -0.36956156559717446, "Gold": 0.02725092653150207}
