{"FTSE100": -0.8287542621267774, "DJIA": -0.4407517242922102, "GBPUSD": 0.07079924480804757, "Gold": 0.1457043242961937}
