{"FTSE100": 0.48197451726669344, "DJIA": -0.23678158475697156, "GBPUSD": -0.6841377247747573, "Gold": 0.9483706991388793}
