{"FTSE100": -0.1211109884318451, "DJIA": -0.023643137848942092, "GBPUSD": -0.6292510820936111, "Gold": 0.28375149342891276}
