{"FTSE100": 2.1365664763980705, "DJIA": 1.2104879278218357, "GBPUSD": 0.8792048929663658, "Gold": -0.8441437527155443}
