{"FTSE100": 0.21230147770474592, "DJIA": -0.011711782489635123, "GBPUSD": 0.542056783291004, "Gold": -0.13118664281453896}
