{"FTSE100": 0.6241541192962219, "DJIA": 0.5944119192481964, "GBPUSD": -0.6801632391773987, "Gold": -0.08665511265164876}
