{"FTSE100": 0.35647891331092263, "DJIA": 0.2961486821397024, "GBPUSD": 0.10161012974832569, "Gold": 0.15839493136220514}
