{"FTSE100": 0.7176968208486856, "DJIA": -0.1052188051238282, "GBPUSD": -0.3090211847053202, "Gold": -0.12942485411320856}
