{"FTSE100": 0.9824745970439002, "DJIA": 0.4658403495534576, "GBPUSD": 0.007984031936126864, "Gold": -0.07077856420626207}
