{"FTSE100": 0.08797198486639178, "DJIA": -0.0606378799878433, "GBPUSD": 0.2038096731206346, "Gold": -0.00423764725823837}
