{"FTSE100": -0.5061697762661774, "DJIA": -0.6189057557754923, "GBPUSD": 0.07491227378464742, "Gold": -0.5393377083804679}
