{"FTSE100": -1.007148419102206, "DJIA": -1.4990440837857055, "GBPUSD": 0.6359957049640736, "Gold": 2.9807191245440356}
