{"FTSE100": 0.3318276622946514, "DJIA": 0.0, "GBPUSD": -0.07849909726037285, "Gold": 0.4175814714365585}
