{"FTSE100": -0.9494076334360907, "DJIA": 0.1525168228928394, "GBPUSD": -0.6893040379117331, "Gold": -0.5861491478671985}
