{"FTSE100": 1.5028568495287322, "DJIA": -0.2289472706865067, "GBPUSD": 0.047619047619059995, "Gold": 0.2697167973627623}
