{"FTSE100": 0.25813924737829474, "DJIA": 0.15263445150289925, "GBPUSD": 0.11224244367835066, "Gold": 0.3754889178618016}
