{"FTSE100": 0.8326476178291832, "DJIA": 0.30539076363878587, "GBPUSD": 0.22898757460865626, "Gold": 0.0}
