{"FTSE100": -0.1447904753526223, "DJIA": 1.0223330286687726, "GBPUSD": 0.6444144317962631, "Gold": 0.2850772998062836}
