{"FTSE100": -0.8108332926222325, "DJIA": -1.352230485666809, "GBPUSD": -0.12709508300897973, "Gold": -0.14551658387275282}
