{"FTSE100": 0.23051285989538306, "DJIA": 1.8630725517507942, "GBPUSD": -0.5871760745322212, "Gold": -0.3747345630178623}
