{"FTSE100": -0.10266643828972065, "DJIA": 0.6679126218229057, "GBPUSD": -0.17368977495846313, "Gold": -0.3673292999135521}
