{"FTSE100": -0.9823883655525013, "DJIA": 0.04056162329261397, "GBPUSD": -0.03134796238244169, "Gold": -0.2918336053816028}
