{"FTSE100": 0.3314159600247815, "DJIA": -1.0586608038636016, "GBPUSD": -0.007869678130181083, "Gold": -0.03844182470528323}
