{"FTSE100": 0.260212456410624, "DJIA": -0.6042097229734193, "GBPUSD": -0.03984063745019481, "Gold": 0.4963112005365486}
