{"FTSE100": -0.3859348198970734, "DJIA": -1.1248935826559716, "GBPUSD": -0.11385756785543323, "Gold": 1.3428377059362917}
