{"FTSE100": 0.6368329694713715, "DJIA": 0.10950720405953393, "GBPUSD": -0.39262167567968603, "Gold": 0.035756853396909205}
