{"FTSE100": -0.8471784131686725, "DJIA": -1.810305551173148, "GBPUSD": -0.1376964198930856, "Gold": 0.0}
