{"FTSE100": -0.3565176954514689, "DJIA": -1.0023795171968468, "GBPUSD": -0.023853065118865147, "Gold": 0.46439628482972134}
