{"FTSE100": -0.27451234070580655, "DJIA": -0.31598738653389236, "GBPUSD": -0.2804711916018959, "Gold": -0.5833003276563503}
