{"FTSE100": 1.0691786084110022, "DJIA": 0.9981709717002313, "GBPUSD": 0.016245633985864507, "Gold": 0.0}
