{"FTSE100": 0.2873175896196865, "DJIA": -0.9015423156315705, "GBPUSD": 0.026940691990922715, "Gold": 1.1166666666666667}
