{"FTSE100": 0.4873439210868258, "DJIA": 0.0, "GBPUSD": 0.15080561949361163, "Gold": 0.0}
