{"FTSE100": -0.15195505749543034, "DJIA": -0.026654144858206278, "GBPUSD": 0.0557369217294486, "Gold": -0.15267175572518635}
