{"FTSE100": -0.04530200896474752, "DJIA": 0.03159185761286059, "GBPUSD": 0.3073043889370431, "Gold": 0.34864963313732866}
