{"FTSE100": -0.6032552709291954, "DJIA": -1.068517153202919, "GBPUSD": -0.007849293563578413, "Gold": 0.24624089694556742}
