{"FTSE100": -0.1874768687520255, "DJIA": -0.18183437455623994, "GBPUSD": -0.20334972455354075, "Gold": -0.022079441831710494}
