{"FTSE100": 0.32356440042232365, "DJIA": -1.1005801171786118, "GBPUSD": 0.1664863065012904, "Gold": -0.16585581601061475}
