{"FTSE100": -1.2248683058215328, "DJIA": -0.30055321172013205, "GBPUSD": -0.1566293366747593, "Gold": 0.0}
