{"FTSE100": -0.20791243533045836, "DJIA": 0.6679126218229057, "GBPUSD": -0.25675879776469335, "Gold": -0.3169115528666047}
