{"FTSE100": 1.0970103755293417, "DJIA": 0.9339390297073944, "GBPUSD": -0.07732755954222949, "Gold": 0.24335939522600414}
