{"FTSE100": -1.1362555552225937, "DJIA": -0.515535632609913, "GBPUSD": -0.3202496304811968, "Gold": 1.8151557705310288}
