{"FTSE100": -0.4386243527191379, "DJIA": -0.3543402524971517, "GBPUSD": -0.20906982932299617, "Gold": -0.4998375527953415}
