{"FTSE100": 0.16633726648932518, "DJIA": 0.15847931345605779, "GBPUSD": 0.03150102378326949, "Gold": 0.0}
