{"FTSE100": -0.09910043555552953, "DJIA": 0.8017027632632096, "GBPUSD": 0.41867954911433924, "Gold": -0.45368620037807184}
