{"FTSE100": -0.16832851674206087, "DJIA": -0.417697886558633, "GBPUSD": 0.25394809935720114, "Gold": 0.8016310643621789}
