{"FTSE100": -0.20303396753029854, "DJIA": 0.27325301549328884, "GBPUSD": 0.2814862473862038, "Gold": 0.3037010346425125}
