{"FTSE100": -0.4133473384809005, "DJIA": -0.6007710435094994, "GBPUSD": -0.8168289135056352, "Gold": -1.9711621695149955}
