{"FTSE100": 1.5759979285427665, "DJIA": 1.0599285535638696, "GBPUSD": -0.9129967776584333, "Gold": -0.13655674691483136}
