{"FTSE100": 0.8954686261796692, "DJIA": 1.5184124931290872, "GBPUSD": -0.48758532743229693, "Gold": -3.525641025641028}
