{"FTSE100": -0.028608599408410883, "DJIA": 0.2665673832844813, "GBPUSD": -0.5314991402219899, "Gold": -0.6479792646635307}
