{"FTSE100": -0.46674590204525584, "DJIA": 0.23760217068305511, "GBPUSD": -0.4150291989569128, "Gold": 1.0943831524150374}
