{"FTSE100": 0.005190681587131344, "DJIA": -0.3256629419526956, "GBPUSD": -0.2812826488788746, "Gold": -0.5678421996413673}
