{"FTSE100": -0.8384205498314056, "DJIA": -0.1830302542024926, "GBPUSD": 0.7598555522118733, "Gold": 3.1113783255674052}
