{"FTSE100": 0.3238583817550489, "DJIA": -0.2386402058404856, "GBPUSD": 0.04889607703013047, "Gold": 1.576420137106267}
