{"FTSE100": -0.5202228049230659, "DJIA": 0.011084016847691452, "GBPUSD": 0.18015195425706654, "Gold": 1.0246516613076138}
