{"FTSE100": 0.43827247816496695, "DJIA": -0.5915571342052401, "GBPUSD": -0.25602048163852065, "Gold": 0.13351795074671374}
