{"FTSE100": -0.10346172109345095, "DJIA": -0.09613483872479539, "GBPUSD": -0.20905363029669016, "Gold": 0.0}
