{"FTSE100": -0.1447904753526223, "DJIA": 1.0223330286687726, "GBPUSD": -1.2881459898788472, "Gold": -0.4853483195270657}
