{"FTSE100": -0.48504446240906735, "DJIA": 0.7727769393462457, "GBPUSD": 0.9603407401454498, "Gold": 0.3793704501179093}
