{"FTSE100": 1.0246139442942763, "DJIA": 0.412255356379175, "GBPUSD": -0.33562285357477134, "Gold": -0.7422680412371051}
