{"FTSE100": 0.016507040887828207, "DJIA": -1.0104511581288504, "GBPUSD": -0.16971227848599868, "Gold": -0.3367346938775386}
