{"FTSE100": -0.1892952995276024, "DJIA": 0.7200968942933874, "GBPUSD": 0.565097776786382, "Gold": 0.27908910067989773}
