{"FTSE100": 0.0688925874701439, "DJIA": 0.11678752419254261, "GBPUSD": -0.2928257686676466, "Gold": 0.0}
