{"FTSE100": 2.1912551707368235e-14, "DJIA": 1.6540415087346056, "GBPUSD": -0.2776870303822156, "Gold": -0.18064516129030916}
