{"FTSE100": 0.10480882922217677, "DJIA": -0.48427282495209384, "GBPUSD": 0.5867427846495282, "Gold": 0.5656690321917104}
