{"FTSE100": 0.3991068783533257, "DJIA": 1.0112411194046187, "GBPUSD": 0.296980696254729, "Gold": 0.5077928607340441}
