{"FTSE100": 1.2742451747064871, "DJIA": 0.18246038133679038, "GBPUSD": -0.09553379507999903, "Gold": 0.11629910406617303}
