{"FTSE100": 0.1794730541000025, "DJIA": 0.2512947992615201, "GBPUSD": 0.14395924845890654, "Gold": 0.12094225007557889}
