{"FTSE100": -0.3941778188568549, "DJIA": 0.5562740824610231, "GBPUSD": -0.08227067050595556, "Gold": 0.0}
