{"FTSE100": -0.1696823525017509, "DJIA": 0.5830496679569971, "GBPUSD": 0.22392834293027317, "Gold": 0.7432876573797869}
