{"FTSE100": -1.1582544501533496, "DJIA": -0.5700223821083189, "GBPUSD": -0.007420599584429129, "Gold": 0.36742057555224694}
