{"FTSE100": -0.19022749056198285, "DJIA": -0.1154119363518417, "GBPUSD": 0.11074197120709285, "Gold": -0.18473170941273281}
