{"FTSE100": 0.5657073887573925, "DJIA": 0.8469044252918984, "GBPUSD": 0.031650577623038134, "Gold": -0.06713488948564111}
