{"FTSE100": -0.22440739979494514, "DJIA": -0.7096249108717577, "GBPUSD": -0.7150402210124254, "Gold": 1.1662568000596236}
