{"FTSE100": 0.11190694515982841, "DJIA": 0.3680293300623806, "GBPUSD": -0.09475679090333763, "Gold": 0.3821656050955539}
