{"FTSE100": 0.5231922066386476, "DJIA": -0.5389256699666518, "GBPUSD": 0.0549019607843251, "Gold": 0.20638673120942624}
