{"FTSE100": -0.918018679288263, "DJIA": -0.3756687185095184, "GBPUSD": -0.1825574641108605, "Gold": 0.5636373396317569}
