{"FTSE100": -1.8458948569084437, "DJIA": -0.12079694235055477, "GBPUSD": 0.0562429696287902, "Gold": 0.0}
