{"FTSE100": 0.49785611587956313, "DJIA": 0.8041113741553874, "GBPUSD": -0.11135857461025038, "Gold": 0.0}
