{"FTSE100": 0.22937030999245067, "DJIA": 0.5026427393806943, "GBPUSD": -0.06634599436058318, "Gold": 0.0}
