{"FTSE100": 0.47596757620733543, "DJIA": -1.5518193040996278, "GBPUSD": 0.25793340628418465, "Gold": 0.35056365136100553}
