{"FTSE100": 0.5058644298012057, "DJIA": 1.1772720209408987, "GBPUSD": 0.0797829902664664, "Gold": 0.07828810020875639}
