{"FTSE100": -1.00620608126042, "DJIA": 0.02711714794929295, "GBPUSD": -0.19717643347266714, "Gold": 0.10772168633402623}
