{"FTSE100": -0.23764302589519873, "DJIA": -0.02809406082031541, "GBPUSD": -0.08899206809825981, "Gold": 0.26611946519606855}
