{"FTSE100": -0.3414402595821466, "DJIA": -0.8367720635315004, "GBPUSD": -0.26677128285601004, "Gold": 0.40337561700546193}
