{"FTSE100": 0.00571995942067231, "DJIA": 0.2994536296275326, "GBPUSD": -0.33752457253068, "Gold": 0.15935784689841337}
