{"FTSE100": 0.14186111036526206, "DJIA": -0.9814742131348325, "GBPUSD": 0.09339858781336687, "Gold": 0.30031833743768394}
