{"FTSE100": -0.006110041853775996, "DJIA": 1.0471000058129012, "GBPUSD": 0.3106279121366749, "Gold": 0.048153610015948145}
