{"FTSE100": 0.19896529988783251, "DJIA": 0.3648730663256773, "GBPUSD": -0.033398894125510184, "Gold": -0.18032180506750928}
