{"FTSE100": 0.3026180959628948, "DJIA": -0.3856438103780602, "GBPUSD": -0.026532236667556566, "Gold": 0.79568172730908}
