{"FTSE100": -0.05031599493065589, "DJIA": 0.50359592443877, "GBPUSD": 0.09164502825720694, "Gold": 0.0}
