{"FTSE100": 0.14542536920492688, "DJIA": 0.5062228344885726, "GBPUSD": -0.06658282163201161, "Gold": 0.09253178914691387}
