{"FTSE100": 0.5863325133476636, "DJIA": -0.7333473112679759, "GBPUSD": 0.25969937829541656, "Gold": 0.11105416025969199}
