{"FTSE100": 0.31820085091318273, "DJIA": 0.3237801078073148, "GBPUSD": 0.7193669570777632, "Gold": -0.7671457065411956}
