{"FTSE100": 0.7298107223158828, "DJIA": 1.6383344263575952, "GBPUSD": -0.24860161591051053, "Gold": 0.2815126050420283}
