{"FTSE100": 0.16911754490328998, "DJIA": 0.12736037670386083, "GBPUSD": -0.04749089757795899, "Gold": 0.09196247930844215}
