{"FTSE100": 0.22760848784129004, "DJIA": 0.4249773379103264, "GBPUSD": 0.19229228427210798, "Gold": 1.2183599383360684}
