{"FTSE100": 1.331930836040294, "DJIA": 0.2521418033423458, "GBPUSD": 1.0778253288952335, "Gold": 2.406295717096293}
