{"FTSE100": 0.23205311162126618, "DJIA": 0.23760217068305511, "GBPUSD": -0.5031769934256453, "Gold": 1.697772782395223}
