{"FTSE100": -1.0427542497308275, "DJIA": -1.6528918769150907, "GBPUSD": -0.5495963309706992, "Gold": 0.04776803840550287}
