{"FTSE100": -0.22462314808824058, "DJIA": -0.3743057045706011, "GBPUSD": -0.055586436909387985, "Gold": 0.4722843649018146}
