{"FTSE100": -0.236320904364491, "DJIA": 0.19542928964835954, "GBPUSD": -0.36929362772060564, "Gold": -0.2128939695469229}
