{"FTSE100": -0.7722678916191066, "DJIA": -0.20408175406198337, "GBPUSD": 0.3461348277567151, "Gold": 0.05875126849329215}
