{"FTSE100": -0.4425044230443558, "DJIA": 0.44903413793774183, "GBPUSD": -0.356012658227844, "Gold": -0.28222013170273286}
