{"FTSE100": -0.034178725110767555, "DJIA": 0.2771280948387882, "GBPUSD": -0.5061867266591654, "Gold": -0.7999999999999906}
