{"FTSE100": 0.25371633093906737, "DJIA": 0.029287993464166842, "GBPUSD": 0.07258064516130024, "Gold": 0.0}
