{"FTSE100": -0.8558011175897265, "DJIA": -1.6342130446203906, "GBPUSD": -0.06962362288569582, "Gold": 0.3212110023998624}
