{"FTSE100": 0.19825383281616135, "DJIA": 1.09953157571708, "GBPUSD": 0.048149931478946584, "Gold": 0.0}
