{"FTSE100": -0.7032450933455023, "DJIA": 0.6914002799336821, "GBPUSD": -0.44679280469326094, "Gold": -0.21829044117648103}
