{"FTSE100": 0.39009547232657593, "DJIA": 0.9714077959259579, "GBPUSD": 0.19152501795546703, "Gold": -1.8746079191113962}
