{"FTSE100": -0.9253649205337062, "DJIA": -0.21189036602780176, "GBPUSD": -0.20361813767719927, "Gold": -0.6879428955671743}
