{"FTSE100": 1.331930836040294, "DJIA": 0.23148947000612718, "GBPUSD": 1.331431288635277, "Gold": 2.406295717096293}
