{"FTSE100": -0.2778460292057093, "DJIA": -0.49578568374004245, "GBPUSD": -0.6850393700787346, "Gold": -2.2404635441815484}
