{"FTSE100": 0.5818303330659311, "DJIA": 0.4039825866858529, "GBPUSD": 0.3122748018256077, "Gold": 0.32119914346895073}
