{"FTSE100": -0.28560622223947896, "DJIA": -0.4923832568389099, "GBPUSD": 0.2758777068137962, "Gold": 2.370522260539961}
