{"FTSE100": -0.1950681316681412, "DJIA": 0.08337352620218463, "GBPUSD": -0.2528069001412631, "Gold": -0.5373949704581326}
