{"FTSE100": 0.032802910702899965, "DJIA": 0.45454836168586543, "GBPUSD": 0.07064918753435301, "Gold": 0.0}
