{"FTSE100": 1.1279001610605279e-14, "DJIA": -0.6991176859152085, "GBPUSD": 0.14266465879369294, "Gold": 1.0211638149432831}
