{"FTSE100": 0.01907970607594141, "DJIA": 0.6104516361361215, "GBPUSD": 0.23391812865497963, "Gold": 0.7337869968024961}
