{"FTSE100": 0.25395517150343966, "DJIA": -0.7681128539340597, "GBPUSD": -0.1700129533678749, "Gold": -0.1612148317645176}
