{"FTSE100": -0.8572120722198265, "DJIA": -0.16617483850439813, "GBPUSD": 0.055476303693130675, "Gold": 0.03452527743526735}
