{"FTSE100": 0.10480882922217677, "DJIA": -0.6216510406253698, "GBPUSD": 0.4360926102125008, "Gold": 0.02056978298878245}
