{"FTSE100": -0.8475798233592735, "DJIA": 0.5270381416418123, "GBPUSD": -0.09254974548818971, "Gold": 0.18572784679516283}
