{"FTSE100": -0.27374260095968855, "DJIA": -0.4562469501016552, "GBPUSD": 0.07115305396397456, "Gold": 0.04813477737666558}
