{"FTSE100": 0.13827707545941068, "DJIA": 0.0, "GBPUSD": 0.46732737088067255, "Gold": 0.15121729925903524}
