{"FTSE100": 0.2194291887238831, "DJIA": -0.13539847915705555, "GBPUSD": -0.6674082313681792, "Gold": 0.3697606686083415}
