{"FTSE100": 0.329497419066711, "DJIA": -0.8574188729116689, "GBPUSD": 0.29430480432707895, "Gold": -0.33691406249999334}
