{"FTSE100": -0.06433811256255391, "DJIA": -0.1361497929996175, "GBPUSD": 0.01531510835438992, "Gold": 0.9539800045791039}
