{"FTSE100": 0.23881080536809596, "DJIA": -0.38471543134349534, "GBPUSD": 0.04532406707961428, "Gold": 0.27307482250136533}
