{"FTSE100": -0.322650878633434, "DJIA": 0.500786870169679, "GBPUSD": 0.9570532411130788, "Gold": 1.1478869614454086}
