{"FTSE100": 0.5843380824286848, "DJIA": 0.7978554537875318, "GBPUSD": 0.06588700378849545, "Gold": 0.37874746612610205}
