{"FTSE100": -0.19169303501967352, "DJIA": -0.1607349313135543, "GBPUSD": 0.2559181062060214, "Gold": 1.0668958891641875}
