{"FTSE100": 0.17829045085164016, "DJIA": -0.49167689240474355, "GBPUSD": -0.15681354869060699, "Gold": -0.026408915649923412}
