{"FTSE100": -1.2393003302175174, "DJIA": -1.400693651124611, "GBPUSD": -0.18405889884762874, "Gold": 1.6537259251789833}
