{"FTSE100": 0.5739607563638351, "DJIA": 0.4420275118197516, "GBPUSD": 0.4330663396313136, "Gold": 1.7645184418067468}
