{"FTSE100": 0.9244392495861947, "DJIA": -0.22226258909521276, "GBPUSD": -0.2719112005065692, "Gold": 1.0570333372052503}
