{"FTSE100": 0.5596128422245505, "DJIA": -0.43477289982581635, "GBPUSD": 0.03160556257901043, "Gold": 0.3947018862195943}
