{"FTSE100": -0.31314192955616776, "DJIA": -0.7144535128520014, "GBPUSD": 0.4532283230552042, "Gold": 2.453707926662418}
