{"FTSE100": -0.5908872442732668, "DJIA": -0.818050239675666, "GBPUSD": -1.0373214219793936, "Gold": 1.793476696318039}
