{"FTSE100": -1.1955400965120795, "DJIA": 0.0094736567008142, "GBPUSD": -0.7193711064965916, "Gold": 1.202561896568216}
