{"FTSE100": 0.06081228818191922, "DJIA": -1.6953298760650801, "GBPUSD": 0.2874528689289679, "Gold": 0.9480840167057862}
