{"FTSE100": -0.03193334639697429, "DJIA": -0.28976114448216217, "GBPUSD": -0.1463799121720449, "Gold": 0.15451541588418477}
