{"FTSE100": -0.37863655867117585, "DJIA": 0.2470657680033372, "GBPUSD": -0.07641754546843114, "Gold": -0.29590327024131186}
