{"FTSE100": 0.035545874115207376, "DJIA": 0.2771280948387882, "GBPUSD": -0.00803470994695219, "Gold": -0.8686695278969864}
