{"FTSE100": 1.331930836040294, "DJIA": 0.3324324674092239, "GBPUSD": 1.101600887620861, "Gold": 2.406295717096293}
