{"FTSE100": 0.14501625221082184, "DJIA": 0.4917184966985216, "GBPUSD": 0.1287853699819804, "Gold": 0.4650320086966915}
