{"FTSE100": 0.10724734252758043, "DJIA": 0.8017027632632096, "GBPUSD": 0.9903381642512059, "Gold": 0.07561436672967864}
