{"FTSE100": 0.5886583016032559, "DJIA": -1.0531079290170324, "GBPUSD": -0.5265499851675974, "Gold": 2.3210018162699657}
