{"FTSE100": -0.33434725558253325, "DJIA": 0.06882950315087095, "GBPUSD": -0.2909720037747748, "Gold": 0.0}
