{"FTSE100": 0.7208543180993814, "DJIA": 0.7968650026319785, "GBPUSD": 0.26958452267682126, "Gold": -0.4504504504504457}
