{"FTSE100": 0.17829045085164016, "DJIA": -0.507374573065161, "GBPUSD": -0.20385761329778387, "Gold": 0.18486240954946387}
