{"FTSE100": -0.1329574653082452, "DJIA": -0.4188890430992602, "GBPUSD": -0.09445100354190224, "Gold": 0.13324121594946928}
