{"FTSE100": -0.17095079725236387, "DJIA": 0.0676580292569238, "GBPUSD": 0.1268431901062348, "Gold": 0.0}
