{"FTSE100": -0.08210796169102343, "DJIA": 0.0, "GBPUSD": 0.11791107223003615, "Gold": 0.47513589691967717}
