{"FTSE100": 0.092629524754502, "DJIA": -0.5079523690565482, "GBPUSD": 0.011158638646092208, "Gold": 1.3587036437961302}
