{"FTSE100": -0.46619560127363346, "DJIA": -0.8242843078967427, "GBPUSD": -0.2677797905016988, "Gold": 0.12798424809254919}
