{"FTSE100": -0.020118107325888413, "DJIA": -1.4905905113794273, "GBPUSD": 0.014834594273844976, "Gold": 2.8561263415887574}
