{"FTSE100": -1.4990319083433998, "DJIA": -0.6509155777175725, "GBPUSD": 0.05583057282167926, "Gold": 1.2522779309378151}
