{"FTSE100": 0.12004895156878805, "DJIA": 0.03321069591975728, "GBPUSD": 0.10376519418915416, "Gold": 0.5820276904083066}
