{"FTSE100": 0.42211250437397235, "DJIA": 0.09898491425418575, "GBPUSD": -0.04396248534583338, "Gold": -0.6371963361210673}
