{"FTSE100": 0.620637090627534, "DJIA": -0.48245583865285674, "GBPUSD": 0.03156316578552481, "Gold": 0.0}
