{"FTSE100": 0.04853101853492368, "DJIA": 0.12672300894125516, "GBPUSD": -0.3275734993039066, "Gold": 0.0}
