{"FTSE100": 0.020149507233796247, "DJIA": -0.28482725227149736, "GBPUSD": -0.3707823507600959, "Gold": 0.8205647714321918}
