{"FTSE100": -0.8900947812947786, "DJIA": -0.5361960455579713, "GBPUSD": 0.6052064334272809, "Gold": -0.022014309301038173}
