{"FTSE100": 0.6092947801081016, "DJIA": 0.13671379948966422, "GBPUSD": 0.2487839293008196, "Gold": 1.5997106051166512}
