{"FTSE100": 0.7247355648152329, "DJIA": 1.094364097500544, "GBPUSD": -0.13474634910229122, "Gold": -1.9196736554785685}
