{"FTSE100": 0.2763046699898283, "DJIA": 0.47897079879904764, "GBPUSD": 0.26224450443502273, "Gold": 0.27209226770631384}
