{"FTSE100": -0.37863655867117585, "DJIA": 0.26665484367426173, "GBPUSD": -0.030567018187372456, "Gold": -0.29590327024131186}
