{"FTSE100": -0.2714349374516817, "DJIA": -0.715837043848619, "GBPUSD": -0.02359418010223885, "Gold": -0.753390256152687}
