{"FTSE100": -0.45855552610972217, "DJIA": -1.5270081147355825, "GBPUSD": 0.01575175238245081, "Gold": 1.5503211991434807}
