{"FTSE100": 0.36495649597876617, "DJIA": 0.9014858908388983, "GBPUSD": 0.14024088434250226, "Gold": 0.5077928607340441}
