{"FTSE100": 0.48197451726669344, "DJIA": -0.4091173785115344, "GBPUSD": -0.7065684698493371, "Gold": 0.9483706991388793}
