{"FTSE100": 0.034761021139757, "DJIA": 0.7955544708420131, "GBPUSD": -0.15036403925292915, "Gold": 0.4729758782302102}
