{"FTSE100": 0.28633604398123436, "DJIA": 0.1095941606459989, "GBPUSD": 0.05687203791469409, "Gold": 0.5965532479010164}
