{"FTSE100": 0.42322281743160123, "DJIA": 0.05252494225919441, "GBPUSD": -0.05262762198330373, "Gold": -1.2047070512621536}
