{"FTSE100": 0.0007250229590542158, "DJIA": -2.6864335527127574, "GBPUSD": 0.6544305701820317, "Gold": 3.07975942212954}
