{"FTSE100": 0.29560696702928657, "DJIA": -0.11808764193646888, "GBPUSD": -0.08956196059272747, "Gold": -0.3177043300025528}
