{"FTSE100": -0.6760643380273589, "DJIA": -0.24775165612416652, "GBPUSD": 0.2735354456348338, "Gold": -0.39776937175836746}
