{"FTSE100": 0.11415134539957862, "DJIA": -0.4497342195254305, "GBPUSD": 0.04879330405735386, "Gold": 0.44421092854414324}
