{"FTSE100": -0.34360336051342577, "DJIA": 0.16705769703677525, "GBPUSD": 0.06413853924476164, "Gold": 0.0}
