{"FTSE100": 0.40934837450615247, "DJIA": 1.092818710795105, "GBPUSD": 0.21019852082523524, "Gold": 0.27400725065340187}
