{"FTSE100": -0.12759120242329075, "DJIA": -0.13539847915705555, "GBPUSD": -0.0741564701520126, "Gold": 0.42041281499304456}
