{"FTSE100": -0.2725970890394159, "DJIA": 0.7793829824905736, "GBPUSD": 0.31256029326645646, "Gold": 0.2521837652132464}
