{"FTSE100": -0.014598523496216985, "DJIA": -0.1656486945652701, "GBPUSD": -0.22575151491148315, "Gold": 1.8310445276737315}
