{"FTSE100": 1.490102454532256, "DJIA": 0.24930419133572027, "GBPUSD": 0.2805155420773341, "Gold": 0.36507738392410816}
