{"FTSE100": -0.12420095620621935, "DJIA": -0.31598738653389236, "GBPUSD": -0.3205385046878759, "Gold": -0.5833003276563503}
