{"FTSE100": 0.0873191711195076, "DJIA": 0.9827448635051533, "GBPUSD": 0.4914994762710494, "Gold": -0.040324613135740435}
