{"FTSE100": -0.27540706136409343, "DJIA": -0.1385437117231588, "GBPUSD": -0.032781511227663984, "Gold": 0.29923321488685245}
