{"FTSE100": -0.5483653842398316, "DJIA": 0.39707840013955664, "GBPUSD": 0.28578232912598617, "Gold": 0.049152125829442124}
