{"FTSE100": 0.1932571230181139, "DJIA": 0.9651360103565871, "GBPUSD": -0.1301086790142211, "Gold": -0.0978326309452274}
