{"FTSE100": 0.3606572122118795, "DJIA": -0.5468671780450398, "GBPUSD": 0.11198208286674557, "Gold": 0.6310925790274438}
