{"FTSE100": -0.2940525880474611, "DJIA": -0.7956158518677132, "GBPUSD": 0.1540238737004237, "Gold": -0.13220226947230596}
