{"FTSE100": -0.16975017989172075, "DJIA": -0.5268641984902405, "GBPUSD": -0.4883504193849063, "Gold": 0.16219070609534275}
