{"FTSE100": 0.2071442767223419, "DJIA": 1.0496807521419425, "GBPUSD": 0.04148689014271033, "Gold": 0.0}
