{"FTSE100": 1.014254569847397, "DJIA": 0.8028730304034182, "GBPUSD": 0.6417366502931386, "Gold": 1.6338746872086725}
