{"FTSE100": 0.18175508476583083, "DJIA": -0.06674616616787857, "GBPUSD": 0.13131730011632015, "Gold": -0.18281969704164058}
