{"FTSE100": 0.7440360222801333, "DJIA": 1.0031848348753987, "GBPUSD": 0.04050879040753196, "Gold": -0.061718870544671366}
