{"FTSE100": 0.4799710424710504, "DJIA": 0.19924672884667344, "GBPUSD": -0.1589825119236877, "Gold": 0.3470560076591598}
