{"FTSE100": 0.7307345425393394, "DJIA": -0.11664376752894585, "GBPUSD": 0.040518638573757454, "Gold": 0.0}
