{"FTSE100": 0.043700276726307774, "DJIA": 0.2696010850178156, "GBPUSD": -0.007915149596326498, "Gold": 0.36325179326835066}
