{"FTSE100": 0.4218557722424473, "DJIA": -0.8241023352035658, "GBPUSD": -0.4493496255419642, "Gold": -0.8103885959773437}
