{"FTSE100": 0.11077921531957247, "DJIA": 0.28389445207311154, "GBPUSD": 0.1880877742946747, "Gold": -0.8803912850155571}
