{"FTSE100": 0.12647205456636781, "DJIA": 0.22074307167143098, "GBPUSD": 0.13173061090069352, "Gold": 1.7061028136711975}
