{"FTSE100": -0.21387876067112582, "DJIA": -0.36454083119177816, "GBPUSD": -0.11140563174675974, "Gold": 0.5742559953770618}
