{"FTSE100": 0.3588797585108167, "DJIA": 0.0, "GBPUSD": 0.0475360481698745, "Gold": -0.06869142829105986}
