{"FTSE100": 1.014254569847397, "DJIA": 0.7437646189009491, "GBPUSD": 0.610045951513234, "Gold": 1.422893871743279}
