{"FTSE100": -0.2277040339471911, "DJIA": -0.33588448142926675, "GBPUSD": -0.43503242222770105, "Gold": 0.0}
