{"FTSE100": -0.5688359179251182, "DJIA": -1.2688115132365383, "GBPUSD": 0.5800095344033119, "Gold": 0.8357881756525344}
