{"FTSE100": -1.1362555552225937, "DJIA": -0.6334555476628548, "GBPUSD": -0.27098045656100006, "Gold": 1.8151557705310288}
