{"FTSE100": -0.01665734029123987, "DJIA": -0.24781650419012533, "GBPUSD": -0.2365370969013555, "Gold": -0.3342508847817516}
