{"FTSE100": 0.260212456410624, "DJIA": -0.6318176759730724, "GBPUSD": -0.5387418792584311, "Gold": 0.9335257508794}
