{"FTSE100": -0.17961628672959565, "DJIA": 0.08377085725195982, "GBPUSD": -0.24365032486710578, "Gold": -0.3708538539132498}
