{"FTSE100": -0.8116900403582253, "DJIA": -0.2213974377498522, "GBPUSD": 0.008302200083021086, "Gold": 0.15388843088761647}
