{"FTSE100": 0.5668676932540258, "DJIA": -0.016319488161918114, "GBPUSD": 0.34081001822937074, "Gold": 1.6720583076743223}
