{"FTSE100": 0.2778333293788143, "DJIA": 0.7993309602232792, "GBPUSD": 0.3096431731052773, "Gold": -0.8772441128468147}
