{"FTSE100": -0.8396042620203993, "DJIA": 0.6307435694204555, "GBPUSD": -0.7122781349863304, "Gold": -0.45211977468128584}
