{"FTSE100": 1.171617550136535, "DJIA": 1.3851018429090824, "GBPUSD": 0.1959159068645871, "Gold": 0.9437173179863239}
