{"FTSE100": 0.3507320996775043, "DJIA": 0.04957233486451518, "GBPUSD": -0.055388510840316735, "Gold": 0.6117045558294573}
