{"FTSE100": 0.08800347668055877, "DJIA": -0.9059053124318851, "GBPUSD": 0.5597432644227227, "Gold": 2.38959534997662}
