{"FTSE100": -3.695726122225004, "DJIA": -5.502574487747598, "GBPUSD": -0.34134988363073554, "Gold": 0.6407702523240433}
