{"FTSE100": -0.41791367295122134, "DJIA": 0.1572909870091696, "GBPUSD": -0.11100421816027788, "Gold": -0.15152398158400307}
