{"FTSE100": 0.15807981770976295, "DJIA": -0.14012881890648238, "GBPUSD": 0.06021829130599427, "Gold": -0.03252609479877906}
