{"FTSE100": -0.754070220309636, "DJIA": -0.27631246294200423, "GBPUSD": -0.42489574317413414, "Gold": -0.24259316609889775}
