{"FTSE100": -0.7188767142777553, "DJIA": -0.8349275675588376, "GBPUSD": -0.7872862426306373, "Gold": -1.4348426957158027}
