{"FTSE100": 0.7051583168242682, "DJIA": -0.873352531767609, "GBPUSD": -0.14919187733112504, "Gold": -0.5138586110246076}
