{"FTSE100": 1.411054861242592, "DJIA": -0.38453006172271775, "GBPUSD": 0.2350265352539881, "Gold": -0.06835057631964062}
