{"FTSE100": -4.953072306643027, "DJIA": -5.502574487747598, "GBPUSD": -0.36845983787767383, "Gold": 0.7835325365205964}
