{"FTSE100": 0.18090195861158986, "DJIA": 0.6092074879444653, "GBPUSD": -0.2256972432693967, "Gold": 0.0}
