{"FTSE100": -0.1820296448278775, "DJIA": -0.2628758738385836, "GBPUSD": 0.18729397662572436, "Gold": 0.5303977983487684}
