{"FTSE100": 0.7002452975530276, "DJIA": -0.048770348838096715, "GBPUSD": -0.353851217906515, "Gold": 0.0}
