{"FTSE100": 0.5677337591918912, "DJIA": 0.646095484870066, "GBPUSD": 0.0676640854071048, "Gold": -0.23597354612351068}
