{"FTSE100": -0.3733834952143292, "DJIA": -0.35258272093663195, "GBPUSD": -0.125480354482005, "Gold": 0.0}
