{"FTSE100": -0.2261295658696971, "DJIA": -0.399472649516906, "GBPUSD": -0.18482864844050503, "Gold": 0.47739708420550103}
