{"FTSE100": -0.02809848785071606, "DJIA": 0.47858902626650623, "GBPUSD": 0.10356090177647405, "Gold": 0.10111223458038422}
