{"FTSE100": -0.2179408615207367, "DJIA": 0.12120043233245743, "GBPUSD": 0.024956326428746935, "Gold": 0.0}
