{"FTSE100": 0.18216671684508773, "DJIA": 0.15439790571281017, "GBPUSD": -0.3222428099573031, "Gold": -0.6692638098092031}
