{"FTSE100": -0.18544705832711644, "DJIA": -0.5181646392339261, "GBPUSD": 0.025873221216046755, "Gold": 0.0}
