{"FTSE100": 0.06749726942864336, "DJIA": 0.5249090893210184, "GBPUSD": 0.07155919535661309, "Gold": 0.5441892104023789}
