{"FTSE100": -0.8475798233592735, "DJIA": 0.5270381416418123, "GBPUSD": -0.02313743637204743, "Gold": 1.2877682850593912}
