{"FTSE100": 0.8008897585418993, "DJIA": 0.7139001278338577, "GBPUSD": 0.7532508721852255, "Gold": 0.03666457154829486}
