{"FTSE100": 0.11797093929922645, "DJIA": 0.9457542734176346, "GBPUSD": 0.4691339638096636, "Gold": -0.018334419817463254}
