{"FTSE100": 0.3740387138890551, "DJIA": -1.2290685590938644, "GBPUSD": 0.21087513179695086, "Gold": 0.6004122233174988}
