{"FTSE100": -1.007148419102206, "DJIA": -1.0958381594310058, "GBPUSD": 0.5451391756834838, "Gold": 2.9807191245440356}
