{"FTSE100": -0.24446126062797072, "DJIA": -0.31301195247437186, "GBPUSD": -0.13332287663712922, "Gold": 1.3791050699474132}
