{"FTSE100": 0.7100486894307055, "DJIA": 0.9981709717002313, "GBPUSD": 0.39801803265371655, "Gold": 0.06609385327164342}
