{"FTSE100": 0.20394817773921825, "DJIA": 0.825796465777775, "GBPUSD": -0.0393081761006246, "Gold": 0.0}
