{"FTSE100": 0.5615283633400402, "DJIA": 0.5878335099737697, "GBPUSD": -0.27543873455576123, "Gold": 0.8097165991902878}
