{"FTSE100": -0.5787013452768646, "DJIA": -0.4948898040914321, "GBPUSD": -0.01646632636258669, "Coffee": 0.0, "Gold": 0.4922526150920151}
