{"FTSE100": -1.0887317005258246, "DJIA": -0.15692807609631063, "GBPUSD": 0.2567287784679174, "Gold": -0.10413241258358494}
