{"FTSE100": 0.6730643397162146, "DJIA": 0.3464669655065319, "GBPUSD": 0.03464069897233066, "Gold": 0.34405385190726523}
