{"FTSE100": -0.2225579101136437, "DJIA": -0.20583182580650172, "GBPUSD": -0.047778308647868604, "Gold": 0.492273447198322}
