{"FTSE100": -0.02264300102220144, "DJIA": -0.46709616328155984, "GBPUSD": -0.007880220646177225, "Gold": 0.31165887519478247}
