{"FTSE100": 0.4076612383448514, "DJIA": 1.7190608567505095, "GBPUSD": 0.5778622823696025, "Gold": 1.0848392220324334}
