{"FTSE100": -0.5992767727537989, "DJIA": -0.9282916865650261, "GBPUSD": -0.2704582335213707, "Gold": -2.1575984990619173}
