{"FTSE100": 0.33823989978076996, "DJIA": 0.4896193646091157, "GBPUSD": -0.20467606077304068, "Gold": 0.23784812316208268}
