{"FTSE100": -1.3649401860357164, "DJIA": -0.8788774168778184, "GBPUSD": -0.4461141112937339, "Gold": -0.2782501159375413}
