{"FTSE100": 0.24887958269047428, "DJIA": 0.9686424484211156, "GBPUSD": 0.10987286140323872, "Gold": 0.08280565026791392}
