{"FTSE100": 0.09443975691419006, "DJIA": 0.22438255731344794, "GBPUSD": 0.06088897909480418, "Gold": -0.682902153490392}
