{"FTSE100": -1.1854162464340208, "DJIA": -0.1358946860204572, "GBPUSD": 0.19195302796492547, "Gold": 1.3060278207109808}
