{"FTSE100": -0.3242557875112429, "DJIA": -0.059837878430117356, "GBPUSD": 0.11581007148276436, "Gold": -0.022741055184957133}
