{"FTSE100": -0.4209747806963852, "DJIA": 0.12950275135830516, "GBPUSD": -0.1897683245038491, "Gold": 0.1460732084550649}
