{"FTSE100": -0.2176814731683389, "DJIA": -0.11328302823798174, "GBPUSD": -0.007916402786572909, "Gold": 0.0}
