{"FTSE100": 0.2676397915515194, "DJIA": 0.8883872322055988, "GBPUSD": 0.6100040666937847, "Gold": -1.7733960979364682}
