{"FTSE100": 0.01079616304365674, "DJIA": 0.1664131657039827, "GBPUSD": -0.3740141474916609, "Gold": -0.24913565182022018}
