{"FTSE100": 0.04967182835732327, "DJIA": -0.15878732642403706, "GBPUSD": 0.11994002998501092, "Gold": -0.07149611384027223}
