{"FTSE100": -0.11882300030072053, "DJIA": 0.14894147543033434, "GBPUSD": 0.10351142606896081, "Gold": -0.03447426742180833}
