{"FTSE100": 0.24063082437275485, "DJIA": -0.24737160418128915, "GBPUSD": 0.6037542537231579, "Gold": 0.159297887048773}
