{"FTSE100": -0.12349655639742611, "DJIA": 0.0, "GBPUSD": -0.17548057749062612, "Gold": 0.0050017506127099}
