{"FTSE100": 1.8152187405318323, "DJIA": 0.7745654247254498, "GBPUSD": 0.22066034651848207, "Gold": 0.32981886996486276}
