{"FTSE100": -1.3460497920414505, "DJIA": -0.6532618070496287, "GBPUSD": -0.0723240115718339, "Gold": 0.667850198664288}
