{"FTSE100": 0.2096871864860313, "DJIA": 0.3028108241385695, "GBPUSD": 0.01612903225806274, "Gold": -0.6284772305790256}
