{"FTSE100": -0.11415304246880754, "DJIA": -0.7993660520068736, "GBPUSD": 0.08748240842873868, "Gold": 0.970404670827476}
