{"FTSE100": 0.3113239653361035, "DJIA": -0.5213450401173019, "GBPUSD": 0.18999366687777464, "Gold": 0.0}
