{"FTSE100": 0.35466872694390655, "DJIA": 0.2109873555192774, "GBPUSD": -0.5441305913419154, "Gold": 0.781735159817355}
