{"FTSE100": -0.09425003391573276, "DJIA": 1.0707382911364858, "GBPUSD": 0.38848866593746373, "Gold": 1.3063516771968433}
