{"FTSE100": 0.19326164874552387, "DJIA": 0.8764744105905673, "GBPUSD": 0.6037542537231579, "Gold": 0.159297887048773}
