{"FTSE100": 0.09252997049337008, "DJIA": 0.4426726906979775, "GBPUSD": -0.19206145966709007, "Gold": -0.09076763485476785}
