{"FTSE100": -0.08685202094944072, "DJIA": 0.31848522735297, "GBPUSD": -0.926071260398684, "Gold": -0.7257671699951225}
