{"FTSE100": 0.462370575619738, "DJIA": 0.029287993464145273, "GBPUSD": -0.04838709677418822, "Gold": 0.0}
