{"FTSE100": 0.2240058580438708, "DJIA": -0.191968956304182, "GBPUSD": -0.31028721457554415, "Gold": -0.4945410278845056}
