{"FTSE100": 1.2316019920103618, "DJIA": 0.1792333584814522, "GBPUSD": -0.5342864512325419, "Gold": -0.08623282863730618}
