{"FTSE100": -0.48241834372517417, "DJIA": 0.11847399731061123, "GBPUSD": -0.5161088520488083, "Gold": -2.700080158629709}
