{"FTSE100": 0.5230879747395247, "DJIA": -0.21835283908797154, "GBPUSD": -0.8473246508708553, "Gold": 0.0}
