{"FTSE100": -1.4545334109286279, "DJIA": -1.922633039669544, "GBPUSD": -0.3401487683624141, "Gold": -1.1698761767118577}
