{"FTSE100": -0.6933471473457109, "DJIA": -0.2536153140131795, "GBPUSD": -0.26807537648820057, "Gold": -0.13271726307511036}
