{"FTSE100": -0.5062112856877682, "DJIA": 0.4262846506250717, "GBPUSD": 0.039166536111559375, "Gold": 0.5713722785932488}
