{"FTSE100": 0.4466364327165663, "DJIA": -0.12474708227958271, "GBPUSD": 0.014929829799955214, "Gold": -0.20637773783370353}
