{"FTSE100": 0.7825978430840018, "DJIA": 1.4299348501031526, "GBPUSD": 0.20126837048570548, "Gold": 0.400966183574888}
