{"FTSE100": -0.14615613248388407, "DJIA": 0.825796465777775, "GBPUSD": -0.2122641509433903, "Gold": 0.046375736214812405}
