{"FTSE100": 0.04249003118499191, "DJIA": -1.3355971700710638, "GBPUSD": -0.018350644107598006, "Gold": 0.9058228567946757}
