{"FTSE100": -0.18544705832711644, "DJIA": -0.3935784862136972, "GBPUSD": 0.12936610608021737, "Gold": 0.29094502236982706}
