{"FTSE100": -0.5842729154958207, "DJIA": -0.1045580090866439, "GBPUSD": -0.003725366017202509, "Gold": -0.7404566641099742}
