{"FTSE100": 1.3027485942313617, "DJIA": 0.1922526927345052, "GBPUSD": 0.2653525398028854, "Gold": 0.36507738392410816}
