{"FTSE100": -0.5992767727537989, "DJIA": -0.7333329726630071, "GBPUSD": -0.25500347732013434, "Gold": -2.1575984990619173}
