{"FTSE100": -0.7361650463856946, "DJIA": -0.46300115158926197, "GBPUSD": -0.25183319754092803, "Gold": 0.0}
