{"FTSE100": -0.10212450105627996, "DJIA": 0.1325529566566976, "GBPUSD": 0.01577411467781197, "Gold": -0.5493966447562074}
