{"FTSE100": 0.3033912100197485, "DJIA": 0.8357554944813419, "GBPUSD": -0.2361460957178756, "Gold": -0.1561605330279527}
