{"FTSE100": -0.016006662936122653, "DJIA": -0.2924552134761858, "GBPUSD": -0.03154076644062103, "Gold": 0.3648015775203397}
