{"FTSE100": -0.006137768894321448, "DJIA": 0.869606700811641, "GBPUSD": -0.49027618891975855, "Gold": 1.1255600480821841}
