{"FTSE100": 0.17829045085164016, "DJIA": -0.38095166245982615, "GBPUSD": -0.17249490355966596, "Gold": -0.026408915649923412}
