{"FTSE100": -0.6355045285952593, "DJIA": 0.17266205352600647, "GBPUSD": 0.007810059356450249, "Gold": 0.2165421195652135}
