{"FTSE100": 0.27753314642599886, "DJIA": -0.5738126324801933, "GBPUSD": -0.19192323070773126, "Gold": -0.026067462593191176}
