{"FTSE100": 1.3992533596822152, "DJIA": 0.15847931345605779, "GBPUSD": -0.03934529430281452, "Gold": 0.2082403688829414}
