{"FTSE100": 0.3092791628581239, "DJIA": 0.6254486541314095, "GBPUSD": 0.6090808416389843, "Gold": 0.809356956028222}
