{"FTSE100": 1.254785431416599, "DJIA": 0.9339390297073944, "GBPUSD": -0.10825858335911442, "Gold": 0.24335939522600414}
