{"FTSE100": -0.6992146623980859, "DJIA": 0.0676580292569238, "GBPUSD": 0.14269858886951195, "Gold": 0.0}
