{"FTSE100": -0.8237363638664627, "DJIA": -0.03628484457796525, "GBPUSD": -0.2572400630653143, "Gold": 0.03757582264211957}
