{"FTSE100": 0.015995577693232836, "DJIA": 0.6512884291800126, "GBPUSD": 0.16828271496113398, "Gold": -1.3430310013322355}
