{"FTSE100": -0.6297667567894708, "DJIA": -0.07719888775062109, "GBPUSD": 0.6502280020266692, "Gold": 0.15998234677553322}
