{"FTSE100": 0.1847705080783604, "DJIA": 1.6529306306701488, "GBPUSD": 0.27837921435198154, "Gold": 0.23376189681081982}
