{"FTSE100": 0.03527402101380539, "DJIA": -0.7150329221274481, "GBPUSD": -0.4153279523548202, "Gold": 0.01549987083441911}
