{"FTSE100": -0.40652596623385306, "DJIA": 0.12950275135830516, "GBPUSD": -0.0395350676049788, "Gold": -0.0300738958583871}
