{"FTSE100": 0.14016294921637665, "DJIA": 0.12561002805738813, "GBPUSD": 0.49865442456862213, "Gold": 0.53899025861642}
