{"FTSE100": 0.05315381554007797, "DJIA": 0.3853358454754037, "GBPUSD": -0.01649076517150214, "Gold": 0.027495188342040143}
