{"FTSE100": -0.2327848188806253, "DJIA": 0.007125584596024881, "GBPUSD": 0.11668611435239648, "Gold": 0.0}
