{"FTSE100": 0.03222453587879824, "DJIA": 0.3058802269914348, "GBPUSD": 0.032149172158831216, "Gold": -0.2855284082694843}
