{"FTSE100": 0.1285992512547765, "DJIA": 0.03159185761286059, "GBPUSD": 0.023638799149000626, "Gold": 0.24977884165061948}
