{"FTSE100": 0.10089111541031875, "DJIA": 0.32926280546385256, "GBPUSD": 0.2359974826935094, "Gold": -0.27031241877631884}
