{"FTSE100": 0.9091702125597194, "DJIA": 1.2579542251060856, "GBPUSD": -0.026346494034389736, "Gold": 0.0}
