{"FTSE100": 0.2479863176412658, "DJIA": 0.9545927265787134, "GBPUSD": -0.11296699749859339, "Gold": -0.5917774086378784}
