{"FTSE100": -0.01659829190627091, "DJIA": 0.3497367967820414, "GBPUSD": -0.02625557931060894, "Gold": -2.8502269288956072}
