{"FTSE100": 0.2065701407073675, "DJIA": 0.0, "GBPUSD": 0.397203686050198, "Gold": 0.5608906263278584}
