{"FTSE100": -0.7199976821000322, "DJIA": -1.2115235026794196, "GBPUSD": 0.36109584739775, "Gold": 1.597535934291585}
