{"FTSE100": -0.19566657982386076, "DJIA": -0.3704681377960019, "GBPUSD": 0.007436602959767159, "Gold": 0.15272902655341009}
