{"FTSE100": 0.32356440042232365, "DJIA": -0.5169733309748356, "GBPUSD": 0.09150653023873877, "Gold": -0.6446991404011486}
