{"FTSE100": 0.13596210671342038, "DJIA": -0.021506174738334247, "GBPUSD": -0.10997643362137217, "Gold": -0.5689763247986972}
