{"FTSE100": -0.30946437931491777, "DJIA": 0.10005837484344933, "GBPUSD": -0.521816365049406, "Gold": -0.8454464550578463}
