{"FTSE100": -0.035595793804609, "DJIA": -1.0239646705356156, "GBPUSD": -0.44582437704003086, "Gold": -2.255478809584723}
