{"FTSE100": -0.216343979692132, "DJIA": 0.06830302864361712, "GBPUSD": -0.24107628898047131, "Gold": 0.2565396585078606}
