{"FTSE100": 0.8267468958459228, "DJIA": 0.8734190126967547, "GBPUSD": 0.18606093495619488, "Gold": -0.113208925245587}
