{"FTSE100": -0.2681900609221918, "DJIA": 1.6592161341089722, "GBPUSD": 0.1524023421833651, "Gold": -0.2667471941214935}
