{"FTSE100": -1.244422030481496, "DJIA": -0.6458966231212244, "GBPUSD": -0.07364372800915645, "Gold": -0.23419203747072137}
