{"FTSE100": -1.406219874291451, "DJIA": 0.16953487781378876, "GBPUSD": 0.029897600717539122, "Gold": -1.4366197183098548}
