{"FTSE100": 0.18489765730994057, "DJIA": 3.571726318202797, "GBPUSD": 0.388228899759307, "Gold": -0.19118308591994163}
