{"FTSE100": 0.7731712895651234, "DJIA": 0.3056424563351711, "GBPUSD": -0.27399468127972193, "Gold": 1.4996686778502424}
