{"FTSE100": 0.33366242918022687, "DJIA": 0.12417636692221869, "GBPUSD": -0.19926199261992064, "Gold": 0.1740644038294087}
