{"FTSE100": 0.09339213323486019, "DJIA": 0.5342785015671788, "GBPUSD": -0.2769017767864047, "Gold": -0.11531745247273564}
