{"FTSE100": 0.1947481452557488, "DJIA": -0.6120663862601452, "GBPUSD": 0.05113882223358951, "Gold": 0.10210255634549512}
