{"FTSE100": -1.2726049384885136, "DJIA": -1.0699665852762297, "GBPUSD": 0.007606876616460443, "Gold": 0.0}
