{"FTSE100": 0.1720367932133378, "DJIA": 0.07576690339000201, "GBPUSD": -0.09302325581394325, "Gold": 0.0}
