{"FTSE100": -1.2206350424252423, "DJIA": -0.30055321172013205, "GBPUSD": -0.1644608035084964, "Gold": 0.0}
