{"FTSE100": 0.16235353950277584, "DJIA": 0.09267068427050526, "GBPUSD": 0.031650577623038134, "Gold": 0.5162400516240052}
