{"FTSE100": 0.22674076833468607, "DJIA": -0.313830226370326, "GBPUSD": -0.2712242244101751, "Gold": 0.0}
