{"FTSE100": 0.008375647804002224, "DJIA": -0.2386402058404856, "GBPUSD": 0.2896152254861497, "Gold": 1.9086159514390062}
