{"FTSE100": -0.3065101612415323, "DJIA": -0.9927453141093638, "GBPUSD": 0.0, "Gold": 0.9242144177449167}
