{"FTSE100": -0.6536063943443451, "DJIA": 0.07492422732759449, "GBPUSD": 0.007852375343540555, "Gold": 0.0}
