{"FTSE100": 0.23205311162126618, "DJIA": 0.20692501266162808, "GBPUSD": 0.31005462867266953, "Gold": 1.9510432661909547}
