{"FTSE100": -4.953072306643027, "DJIA": -5.502574487747598, "GBPUSD": -0.4537873792809146, "Gold": 0.4116865869853948}
