{"FTSE100": 0.6282903791893225, "DJIA": -0.3050992884327139, "GBPUSD": 0.17128388442061132, "Gold": 0.31929650082442024}
