{"FTSE100": 0.1590186278964143, "DJIA": -0.1760663315157647, "GBPUSD": 0.4701843421150811, "Gold": 2.7993675255550814}
