{"FTSE100": -0.3674889854471377, "DJIA": -1.0164411980366876, "GBPUSD": -0.5993507034046344, "Gold": 0.0}
