{"FTSE100": -0.6933418882599897, "DJIA": -0.5079523690565482, "GBPUSD": 0.5989368870255302, "Gold": 2.255683322059813}
