{"FTSE100": 0.516031880118995, "DJIA": -0.3557943102279252, "GBPUSD": 0.10968348480100813, "Gold": 0.024366471734889095}
