{"FTSE100": -0.377066477531423, "DJIA": -0.4562469501016552, "GBPUSD": 0.07864284911807627, "Gold": 0.10228640192539383}
