{"FTSE100": 0.18418551914717732, "DJIA": -2.602066674954433, "GBPUSD": -0.5558600172238398, "Gold": -0.08743806470418301}
