{"FTSE100": 1.1780248094908587, "DJIA": 0.6256291370527437, "GBPUSD": -0.044251050962455483, "Gold": -0.543394777265731}
