{"FTSE100": -0.30797389989737556, "DJIA": -0.612715697179101, "GBPUSD": -0.2644473827487026, "Gold": -0.050491141099784684}
