{"FTSE100": -0.27018558329211917, "DJIA": 0.15990990283314852, "GBPUSD": 0.21452407436835744, "Gold": 1.2194286497225426}
