{"FTSE100": 0.0432604765731434, "DJIA": 0.4006885951795405, "GBPUSD": -0.12210012210012672, "Gold": 0.0}
