{"FTSE100": -0.013476659146479872, "DJIA": -0.5356437050390547, "GBPUSD": 0.09821698398306564, "Gold": 0.03081810207904089}
