{"FTSE100": -0.11143711011622874, "DJIA": 0.28269037535719965, "GBPUSD": -0.14800965957778395, "Gold": -0.7307789901040276}
