{"FTSE100": 0.3631112340854534, "DJIA": 0.32668092183416714, "GBPUSD": -0.6150777159005962, "Gold": -0.07618218425204677}
