{"FTSE100": 0.45826373720501723, "DJIA": 0.8505066446738597, "GBPUSD": 0.17556459979251293, "Gold": 0.03479471120388514}
