{"FTSE100": 0.6540813811027487, "DJIA": 0.7737617981226725, "GBPUSD": -0.42566364832443776, "Gold": -2.574883720930226}
