{"FTSE100": 0.4676484494950305, "DJIA": -0.4267107831152267, "GBPUSD": 0.06275494195167178, "Gold": 0.39842698954776185}
