{"FTSE100": -0.07616057143823367, "DJIA": 0.5004432764820844, "GBPUSD": 0.0, "Gold": -0.42338298306467836}
