{"FTSE100": 1.587586540637994, "DJIA": -0.07182535692740982, "GBPUSD": 0.24222098006334825, "Gold": 0.0}
