{"FTSE100": -0.507542556387868, "DJIA": -0.575208192805847, "GBPUSD": 0.40431266846360253, "Gold": -1.3999224956403842}
