{"FTSE100": 0.9058784926424158, "DJIA": -1.2372630858564577, "GBPUSD": 0.0803212851405534, "Gold": -0.04244121891180714}
