{"FTSE100": 0.22280379120100946, "DJIA": -0.5915571342052401, "GBPUSD": -0.08800704056323537, "Gold": 0.13351795074671374}
