{"FTSE100": -0.3581094317539478, "DJIA": 0.3853179154728225, "GBPUSD": 0.5731849144376249, "Gold": -0.315148880678111}
