{"FTSE100": -0.06502274485127406, "DJIA": 0.03104622192506316, "GBPUSD": -0.16097875080487603, "Gold": -0.3307046553039939}
