{"FTSE100": -0.049291435613065086, "DJIA": 0.27325301549328884, "GBPUSD": 0.13672189158758524, "Gold": 0.020589900653734027}
