{"FTSE100": 1.804609528971547, "DJIA": 0.3126579848380299, "GBPUSD": 0.19324418335007704, "Gold": 0.0}
