{"FTSE100": 0.24662287299583827, "DJIA": 0.6589621149668392, "GBPUSD": 0.43684288464386317, "Gold": 0.2694300518134715}
