{"FTSE100": -0.1329574653082452, "DJIA": -0.4188890430992602, "GBPUSD": -0.3451792578646098, "Gold": 0.004934372841207394}
