{"FTSE100": -0.24505038669160648, "DJIA": 0.007125584596024881, "GBPUSD": 0.10112796577207925, "Gold": 0.0}
