{"FTSE100": 0.06749726942864336, "DJIA": 0.8186356248874658, "GBPUSD": -0.03174855147233558, "Gold": 0.08341153164425692}
