{"FTSE100": -0.5295857843257301, "DJIA": 0.12950275135830516, "GBPUSD": -0.13441922985688579, "Gold": -0.06444406255370339}
