{"FTSE100": -0.7697674638294307, "DJIA": 1.1670118216496712, "GBPUSD": 0.17345337408110933, "Gold": 1.4226159458051164}
