{"FTSE100": 0.3068679257350018, "DJIA": 0.23938759698886905, "GBPUSD": 0.0357128685369677, "Gold": -1.4116259711431836}
