{"FTSE100": 0.15630483743135637, "DJIA": 2.813908960571047, "GBPUSD": 0.25045537340618235, "Gold": 0.8540372670807453}
