{"FTSE100": -0.8430990407248967, "DJIA": -0.16836639498721664, "GBPUSD": -0.3402207285702425, "Gold": 0.2308229105158599}
