{"FTSE100": -0.10546164214653068, "DJIA": -1.0586608038636016, "GBPUSD": -0.17313291886363433, "Gold": -0.31180591149838466}
