{"FTSE100": -0.1002906677111419, "DJIA": 0.9707956657116367, "GBPUSD": 1.021721032316663, "Gold": 0.08096587526491644}
