{"FTSE100": -0.001133006104386943, "DJIA": -0.028891600975112, "GBPUSD": -0.03161555485298419, "Gold": 0.7676802333061558}
