{"FTSE100": -0.44303988871080097, "DJIA": 0.7910553773053546, "GBPUSD": -0.19447976662427524, "Gold": -0.7269742627660118}
