{"FTSE100": 0.260971326803656, "DJIA": 0.5096498481432244, "GBPUSD": 0.696412664993112, "Gold": -0.7375010719492441}
