{"FTSE100": -0.2260717475439027, "DJIA": -0.13145736847176523, "GBPUSD": 0.04726642508271103, "Gold": -0.07841497203199331}
