{"FTSE100": 0.10651351542016316, "DJIA": 0.07634675873089147, "GBPUSD": 0.37166085946573096, "Gold": 0.24186601285533518}
