{"FTSE100": 1.5608891733897217, "DJIA": 0.71200223359167, "GBPUSD": -1.035461559988807, "Gold": -0.4457445326647228}
