{"FTSE100": 0.2805292323412319, "DJIA": -0.305081231250134, "GBPUSD": 0.04018646519853456, "Gold": 0.1335836522492533}
