{"FTSE100": 0.6747123076831211, "DJIA": 0.8484399095769031, "GBPUSD": 0.047915668423586966, "Gold": 0.31731057844861243}
