{"FTSE100": -0.9449613595293888, "DJIA": -1.63451099157624, "GBPUSD": 0.2602300584574901, "Gold": 0.0}
