{"FTSE100": -0.10346172109345095, "DJIA": 0.007089944355955409, "GBPUSD": -0.14472943635925253, "Gold": 0.0}
