{"FTSE100": -0.13937171378263064, "DJIA": 3.085011846938135, "GBPUSD": -1.2421407759546075, "Gold": -2.853702149399694}
