{"FTSE100": 0.09629564697267298, "DJIA": 0.3104411713980244, "GBPUSD": -0.12167423750811622, "Gold": 0.0}
