{"FTSE100": -0.43399297120078956, "DJIA": -0.08562044902757175, "GBPUSD": 0.2990430622009738, "Gold": -0.8405507697308803}
