{"FTSE100": -0.16975017989172075, "DJIA": -0.6564598080658264, "GBPUSD": -0.6225535880708354, "Gold": -0.07166566083283384}
