{"FTSE100": -0.590642725079125, "DJIA": -0.41401055672588605, "GBPUSD": -0.6273215022699176, "Gold": -0.43098745226404056}
