{"FTSE100": -0.12701434892197216, "DJIA": -0.27808507107693137, "GBPUSD": 0.011827321111758127, "Gold": 0.4339385634349524}
