{"FTSE100": 0.019628845823868393, "DJIA": 0.5004432764820844, "GBPUSD": -0.023346303501960233, "Gold": -0.387675984492956}
