{"FTSE100": -0.44977491504178263, "DJIA": -0.5248320298098286, "GBPUSD": -0.5658153241650196, "Gold": -0.3859871989055486}
