{"FTSE100": 0.8909732647145159, "DJIA": 0.456591842729084, "GBPUSD": -0.15922299180001606, "Gold": 0.11629910406617303}
