{"FTSE100": 0.3795401065901314, "DJIA": 0.29674153718411483, "GBPUSD": -0.34426663640145516, "Gold": -0.2092698806386642}
