{"FTSE100": 0.5821582498761643, "DJIA": 0.4670862221125936, "GBPUSD": -0.273009461834768, "Gold": 1.4017662744330486}
