{"FTSE100": -0.46958740632639895, "DJIA": -1.1702909087764823, "GBPUSD": -0.4809305446818079, "Gold": -0.7818245152301069}
