{"FTSE100": -0.47545915977264186, "DJIA": 1.731892940539367e-14, "GBPUSD": 0.3314411977599205, "Gold": 0.011290504685549175}
