{"FTSE100": 0.9017486731826951, "DJIA": -0.5050097517637646, "GBPUSD": 0.06732495511670579, "Gold": 1.1209041650194138}
