{"FTSE100": -0.32442478590233165, "DJIA": -0.07964156969438005, "GBPUSD": 0.06336633663367398, "Gold": 0.43174719823625}
