{"FTSE100": 0.4289386793866028, "DJIA": 0.5928974953895598, "GBPUSD": 0.04936021566617606, "Gold": -0.0595261716734791}
