{"FTSE100": 0.2934126678246488, "DJIA": 0.1525168228928394, "GBPUSD": 0.10256410256410878, "Gold": 0.14348622037503653}
