{"FTSE100": 0.21722177074025573, "DJIA": -0.14012881890648238, "GBPUSD": -0.056388857561731245, "Gold": -0.2897779354800475}
