{"FTSE100": -1.4097187642334674, "DJIA": -3.9772108299001627, "GBPUSD": -0.6984466241746322, "Gold": -0.6296415886341621}
