{"FTSE100": 0.27633033317543026, "DJIA": 0.11640997004562277, "GBPUSD": 0.10707519973643678, "Gold": -0.8872055618968511}
