{"FTSE100": -0.07079626650909131, "DJIA": 0.07761973277970954, "GBPUSD": -0.11069293779055678, "Gold": 0.2997601918465228}
