{"FTSE100": -0.10402953125584256, "DJIA": -0.7039618168513665, "GBPUSD": 0.17873100983021892, "Gold": -0.15354632965216655}
