{"FTSE100": 0.14217373578908277, "DJIA": 1.237817360522537, "GBPUSD": -0.24026910139356986, "Gold": 0.0}
