{"FTSE100": 0.13105315172086654, "DJIA": -0.7654102166605894, "GBPUSD": 0.014865467518951831, "Gold": 0.0}
