{"FTSE100": -0.5231132109600442, "DJIA": -0.6697051588265507, "GBPUSD": 0.06508671848080075, "Gold": 0.2832540222071153}
