{"FTSE100": 0.20965504803554585, "DJIA": 0.7428059631767134, "GBPUSD": 0.7149666348903635, "Gold": 1.2790005948839938}
