{"FTSE100": 0.5231922066386476, "DJIA": -0.4404097259742356, "GBPUSD": 0.08632867681683416, "Gold": 0.8754642613507128}
