{"FTSE100": 0.7155470286739843, "DJIA": 0.25122059726733825, "GBPUSD": -0.44084934277047155, "Gold": 0.8181647588665859}
