{"FTSE100": -0.8558011175897265, "DJIA": -1.3711909408188383, "GBPUSD": -0.8125457056959281, "Gold": 1.2445040614054732}
