{"FTSE100": 0.27998553767498724, "DJIA": 0.6814109996095004, "GBPUSD": -0.41087231352718817, "Gold": 0.0}
