{"FTSE100": -0.6858820562234537, "DJIA": -0.6831416618855234, "GBPUSD": -0.3402462734932115, "Gold": -1.1101973684210595}
