{"FTSE100": 0.07667275302284322, "DJIA": -0.45391563353623593, "GBPUSD": 0.17869108778201026, "Gold": -0.43541797142943434}
