{"FTSE100": 0.3454870254746392, "DJIA": 0.20663536147982495, "GBPUSD": 0.12598425196850754, "Gold": -0.28127313101405466}
