{"FTSE100": 0.30075032688850145, "DJIA": 1.0014658993795054, "GBPUSD": 0.19365770999757587, "Gold": 0.0}
