{"FTSE100": 0.32356440042232365, "DJIA": -1.1005801171786118, "GBPUSD": 0.24972945975194485, "Gold": -0.16585581601061475}
