{"FTSE100": -0.18518857867227215, "DJIA": 0.10740883121825397, "GBPUSD": 0.25001838370467294, "Gold": 0.3639128781706613}
