{"FTSE100": -0.35846858387887837, "DJIA": -0.07964156969438005, "GBPUSD": -0.03960396039603525, "Gold": 0.11941943781002703}
