{"FTSE100": 0.8268753772076963, "DJIA": -0.2798372571090217, "GBPUSD": -0.5063704671675909, "Gold": 0.7741935483870968}
