{"FTSE100": 0.18112156889422126, "DJIA": 0.1843906519260851, "GBPUSD": 0.10185693018883325, "Gold": 1.1180391313695979}
