{"FTSE100": -0.19022749056198285, "DJIA": -0.12621265517415786, "GBPUSD": -0.03956322202879767, "Gold": 0.10755001075500108}
