{"FTSE100": 1.7189870051637424, "DJIA": 1.4653692845057606, "GBPUSD": -0.9687217798210173, "Gold": 0.15970042403216536}
