{"FTSE100": 0.1616615489998225, "DJIA": -0.14007307238975264, "GBPUSD": 0.2164179104477539, "Gold": 1.159896191938979}
