{"FTSE100": 0.2128865362395588, "DJIA": -1.0404368358913798, "GBPUSD": -0.33825338253382226, "Gold": 0.4562489815870872}
