{"FTSE100": 0.48514997783579455, "DJIA": 0.41442938284666686, "GBPUSD": 0.26017029328288244, "Gold": 0.9685751183814033}
