{"FTSE100": -0.8366789895815413, "DJIA": -0.5047579644187093, "GBPUSD": 0.29332583276408813, "Gold": 0.29563423856996784}
