{"FTSE100": -0.3758326475377669, "DJIA": -0.6532618070496287, "GBPUSD": -0.0723240115718339, "Gold": 0.7566150984867736}
