{"FTSE100": 0.7623678869824249, "DJIA": 0.8353676327770759, "GBPUSD": -0.7420576640643157, "Gold": -0.45006321112515113}
