{"FTSE100": 0.30075032688850145, "DJIA": 0.17654948348534158, "GBPUSD": 0.016143352974411006, "Gold": -0.0364185005983063}
