{"FTSE100": -0.049291435613065086, "DJIA": 0.3424449443128618, "GBPUSD": 0.1287830006439187, "Gold": -1.1498346476723433}
