{"FTSE100": -0.8781766631827652, "DJIA": 0.6277189008245951, "GBPUSD": -0.22414592672746195, "Gold": 1.276526810302935}
