{"FTSE100": 0.33054137351955426, "DJIA": 0.5989186636816825, "GBPUSD": 0.8518028448561011, "Gold": 0.6222508314558597}
