{"FTSE100": 0.07417165035722854, "DJIA": 0.5691257684465376, "GBPUSD": 0.12842622830515102, "Gold": -0.43185398446412326}
