{"FTSE100": 0.29791402358561264, "DJIA": 0.07634675873089147, "GBPUSD": 0.22454510259387553, "Gold": 0.24186601285533518}
