{"FTSE100": 0.4207889643270263, "DJIA": 0.6987590110052285, "GBPUSD": -0.23879013000795862, "Gold": 0.691723310675737}
