{"FTSE100": -0.622731122421429, "DJIA": -0.5950899714253752, "GBPUSD": -0.2622040564509792, "Gold": -1.2861842105263128}
