{"FTSE100": 0.24565542889312353, "DJIA": 0.4322749834951116, "GBPUSD": -0.13728498748282425, "Gold": -0.005049739938400062}
