{"FTSE100": 0.11176497706761276, "DJIA": -0.862774881793168, "GBPUSD": -0.027456363992945477, "Gold": 0.35384615384616436}
