{"FTSE100": 1.2059202462169285, "DJIA": -0.28001073244478997, "GBPUSD": -0.12464315869888146, "Gold": 0.49019607843137253}
