{"FTSE100": -1.442539871813982, "DJIA": -0.9646810192555927, "GBPUSD": -0.22111456732749588, "Gold": 0.12909154559775152}
