{"FTSE100": -0.13898256586342306, "DJIA": 0.011084016847710078, "GBPUSD": -0.02349808099006728, "Gold": 1.0246516613076138}
