{"FTSE100": -1.5535843726186247, "DJIA": -3.9772108299001627, "GBPUSD": 0.7111828701034083, "Gold": -0.8694544412242341}
