{"FTSE100": 0.5886583016032559, "DJIA": -1.3939417202702225, "GBPUSD": -0.17059783414923368, "Gold": 1.1687433594127306}
