{"FTSE100": 0.78209446228559, "DJIA": -0.30778961596335436, "GBPUSD": -0.1533494753833747, "Gold": 0.0}
