{"FTSE100": -0.8116900403582253, "DJIA": -0.977881327361173, "GBPUSD": 0.19083969465648595, "Gold": 0.15388843088761647}
