{"FTSE100": 0.24691741667669753, "DJIA": -0.06391235151075388, "GBPUSD": -0.6967803940413384, "Gold": 0.0}
