{"FTSE100": 0.16984165000875118, "DJIA": 0.3219571845942602, "GBPUSD": -0.03743355543909148, "Gold": 0.05264950912076165}
