{"FTSE100": -0.29173282779189713, "DJIA": -0.28250845381300527, "GBPUSD": -0.023661172016717955, "Gold": -0.3090128755364729}
