{"FTSE100": 0.3277308583825181, "DJIA": 0.5436551913757287, "GBPUSD": -0.08308157099698647, "Gold": 0.4945740900797168}
