{"FTSE100": -0.12725608336493008, "DJIA": -0.07893158932107848, "GBPUSD": -0.015615240474718925, "Gold": -1.4904751936361695}
