{"FTSE100": 0.27181270592536094, "DJIA": -0.25079498990170707, "GBPUSD": 0.44159275334968184, "Gold": 1.1800036401140457}
