{"FTSE100": 0.7204829410996908, "DJIA": -0.8895462757933232, "GBPUSD": -1.2528001327470248, "Gold": -0.1673143350604564}
