{"FTSE100": 0.15636744173679865, "DJIA": 1.5083119312081201, "GBPUSD": -0.306146479315489, "Gold": 0.06887941796891424}
