{"FTSE100": -0.14357540630109328, "DJIA": -0.3235520988883594, "GBPUSD": 0.1958972463500472, "Gold": 0.29094502236982706}
