{"FTSE100": 0.8163373775735516, "DJIA": 0.5515321384034098, "GBPUSD": -0.09457874626413751, "Gold": 0.05425515423965629}
