{"FTSE100": 0.31574606743442013, "DJIA": 0.0, "GBPUSD": -0.047778308647868604, "Gold": 0.11985788279612097}
