{"FTSE100": 0.8137426991336195, "DJIA": 0.3219571845942602, "GBPUSD": -0.1384575085132588, "Gold": 0.6132119297593663}
