{"FTSE100": 1.171617550136535, "DJIA": -0.2386402058404856, "GBPUSD": -0.015047776691008952, "Gold": 1.5552804034669163}
