{"FTSE100": -0.30481308194746504, "DJIA": 0.5605149421433138, "GBPUSD": 0.5687753917585754, "Gold": 0.20064333259021566}
