{"FTSE100": 0.09654581924844624, "DJIA": 0.2971982623153109, "GBPUSD": -0.0484887667690265, "Gold": 0.13539263865209333}
