{"FTSE100": 0.2490543485080674, "DJIA": 0.4670862221125936, "GBPUSD": -0.2983961208504292, "Gold": 0.7706044964160663}
