{"FTSE100": 0.5109595640466742, "DJIA": 1.5774460717160004, "GBPUSD": 0.23011176857329993, "Gold": 0.015028554253078575}
