{"FTSE100": 0.48969401021460746, "DJIA": 0.3219571845942602, "GBPUSD": 0.1534258878120052, "Gold": -0.31280002477623675}
