{"FTSE100": 0.529713939622799, "DJIA": 0.45114201031305134, "GBPUSD": 0.1450946835819873, "Gold": 1.2266583326822385}
