{"FTSE100": -1.4824683726850099, "DJIA": -0.25280291383128867, "GBPUSD": 0.07102272727271944, "Gold": 0.0}
