{"FTSE100": -0.478192160848124, "DJIA": -0.08562044902757175, "GBPUSD": 0.38127990430622793, "Gold": -0.8405507697308803}
