{"FTSE100": -0.5742162881351943, "DJIA": 0.07207183265239471, "GBPUSD": -0.04843005892325094, "Gold": 0.2339242085564277}
