{"FTSE100": -0.014851402140036527, "DJIA": -0.5516723226797723, "GBPUSD": 0.023512814483891132, "Gold": 0.38072032285083374}
