{"FTSE100": -0.01665734029123987, "DJIA": -0.24781650419012533, "GBPUSD": -0.07884569896711266, "Gold": -0.16220998820290772}
