{"FTSE100": 0.34706757203769095, "DJIA": -0.019400993589162044, "GBPUSD": -0.2928257686676466, "Gold": 0.0}
