{"FTSE100": 0.09654581924844624, "DJIA": -0.014725641236747182, "GBPUSD": -0.48336421493595466, "Gold": -0.7391868944161399}
