{"FTSE100": -0.03696645761900748, "DJIA": 0.2973710194088548, "GBPUSD": -0.35206992837196827, "Gold": 0.16333938294010888}
