{"FTSE100": 0.35833166377408915, "DJIA": 0.6486379955549604, "GBPUSD": 0.11177490846020052, "Gold": -0.09843596193808808}
