{"FTSE100": 0.31225756871977184, "DJIA": 0.8573642362316193, "GBPUSD": 0.8776167471819752, "Gold": -0.26843100189035574}
