{"FTSE100": -0.30264401699370125, "DJIA": 0.03570612081713786, "GBPUSD": 0.07059260635333504, "Gold": -0.38284381168869197}
