{"FTSE100": 0.7336809077826737, "DJIA": 0.02831031282639463, "GBPUSD": 0.22973936465183592, "Gold": 1.4469374786136842}
