{"FTSE100": -0.035031114994597226, "DJIA": 0.5511257227108757, "GBPUSD": -0.14885382554331658, "Gold": 0.0}
