{"FTSE100": -0.36677834597071546, "DJIA": 0.07681098111335398, "GBPUSD": -0.43687041917896446, "Gold": 0.0}
