{"FTSE100": -0.11228009565400064, "DJIA": -0.11808764193646888, "GBPUSD": -0.06513597134016544, "Gold": 0.010248526774278528}
