{"FTSE100": -0.15385237276861374, "DJIA": -0.1681898295137389, "GBPUSD": -0.24296574966689244, "Gold": 0.2434570906877623}
