{"FTSE100": -0.4304225908218866, "DJIA": 0.20008700902402662, "GBPUSD": 0.07826563356031242, "Gold": 0.4328335136806354}
