{"FTSE100": -0.2594963803612494, "DJIA": 0.011084016847710078, "GBPUSD": 0.08615963029684959, "Gold": 1.0246516613076138}
