{"FTSE100": -0.24379104143540586, "DJIA": 1.6898480762534698, "GBPUSD": 0.8621335932228852, "Gold": 0.0}
