{"FTSE100": 1.901441630707095, "DJIA": 0.7569785729058252, "GBPUSD": 0.1225890813991547, "Gold": 0.22708840227088647}
