{"FTSE100": -0.6794338292101304, "DJIA": -0.09414466793153867, "GBPUSD": 0.3495175138667227, "Gold": 0.41726787037397406}
