{"FTSE100": 0.8017138404340336, "DJIA": 0.5948067219996409, "GBPUSD": -0.25369003690035813, "Gold": 0.4562489815870872}
