{"FTSE100": 0.09263060006465539, "DJIA": 0.2765969764780759, "GBPUSD": 0.2983412228012365, "Gold": 1.0338381718994356}
