{"FTSE100": -0.3986830103034349, "DJIA": -0.038200877995528945, "GBPUSD": 0.2659372388116449, "Gold": 0.41726787037397406}
