{"FTSE100": -0.20484223267119894, "DJIA": 0.17796855021226818, "GBPUSD": 0.08647118937191266, "Gold": 0.16484469894151166}
