{"FTSE100": 1.171617550136535, "DJIA": -0.0516247017300005, "GBPUSD": 0.21852158842588368, "Gold": 2.40106438936848}
