{"FTSE100": -0.23004359558874557, "DJIA": -0.3733527224552447, "GBPUSD": -0.7759228779684944, "Gold": 1.2738022780627651}
