{"FTSE100": -0.2361464010706764, "DJIA": -0.38453006172271775, "GBPUSD": 0.32878576017535815, "Gold": 2.212073197253544}
