{"FTSE100": -0.4304225908218866, "DJIA": 0.20008700902402662, "GBPUSD": -0.48297888914855364, "Gold": -1.3448363359553412}
