{"FTSE100": -0.47868872072503477, "DJIA": -0.8306237812214673, "GBPUSD": -0.46750459840588554, "Gold": 0.33165051405829676}
