{"FTSE100": -0.14708814329607267, "DJIA": 0.3250181204907131, "GBPUSD": 0.07128148265483136, "Gold": 0.0}
