{"FTSE100": 0.2096871864860313, "DJIA": 0.35473141171839684, "GBPUSD": -0.1370967741935512, "Gold": -0.726354832062637}
