{"FTSE100": 0.1591511936339546, "DJIA": -0.3743057045706011, "GBPUSD": 0.015881839116967996, "Gold": 0.4722843649018146}
