{"FTSE100": 0.7000001043997287, "DJIA": 1.069721133866315, "GBPUSD": -0.23261048998273284, "Gold": -1.226517997818444}
