{"FTSE100": 0.12615734866554393, "DJIA": 1.5083119312081201, "GBPUSD": -0.2276473820550987, "Gold": 0.06887941796891424}
