{"FTSE100": -0.03447551692031841, "DJIA": -0.13614979299961746, "GBPUSD": -0.045945325063169756, "Gold": 0.6754178432419986}
