{"FTSE100": 0.1570639231405314, "DJIA": 1.0547228733598666, "GBPUSD": 0.14960629921259944, "Gold": -0.28127313101405466}
