{"FTSE100": -0.011888916170219204, "DJIA": 0.9661535597876271, "GBPUSD": 0.4481132075471728, "Gold": 1.164030978991787}
