{"FTSE100": 0.18500364368254296, "DJIA": 0.2512947992615201, "GBPUSD": 0.14395924845890654, "Gold": 0.20340287512711677}
