{"FTSE100": -0.47776615897952396, "DJIA": -0.4267107831152267, "GBPUSD": -0.117665516159402, "Gold": -0.28356362136522995}
