{"FTSE100": -0.2521055948757808, "DJIA": -0.59207244905334, "GBPUSD": -0.2251346787810496, "Gold": 0.3217568947906119}
