{"FTSE100": 0.6585844433967655, "DJIA": 0.25122059726733825, "GBPUSD": -0.675429726996973, "Gold": 0.2026646650403487}
