{"FTSE100": -0.027821054974394337, "DJIA": -0.5116237563763574, "GBPUSD": 0.21212459528860253, "Gold": -0.2478002478002516}
