{"FTSE100": 0.14119020891759285, "DJIA": -0.09081750954431816, "GBPUSD": -0.3564638783269921, "Gold": 0.1428219650332475}
