{"FTSE100": 0.6416603089560576, "DJIA": -0.36723278266181547, "GBPUSD": -0.13343217197922919, "Gold": -0.8139640047029031}
