{"FTSE100": -0.2785325081698621, "DJIA": -0.1641759714700209, "GBPUSD": -1.1675699268904738, "Gold": -0.07492432643030539}
