{"FTSE100": -0.43716230694823643, "DJIA": 0.6602382934436083, "GBPUSD": 0.22615297633471737, "Gold": -0.5152506675692887}
