{"FTSE100": 0.14597215587798795, "DJIA": 0.869606700811641, "GBPUSD": -0.5965026965190278, "Gold": 1.0927767457108513}
