{"FTSE100": -1.0016996525619637, "DJIA": 0.6914002799336821, "GBPUSD": -0.41571156610590665, "Gold": -0.6969975490196182}
