{"FTSE100": 1.5123238054057386, "DJIA": 0.46942598026563126, "GBPUSD": 1.6210001819610988e-14, "Gold": 1.4845932663091173}
