{"FTSE100": 0.18764946703319782, "DJIA": 0.7756100194817952, "GBPUSD": 0.21376305187864306, "Gold": 0.09474182851728706}
