{"FTSE100": 0.6419007344073131, "DJIA": 0.32945334552794114, "GBPUSD": 0.31081302142974193, "Gold": 0.0886155129274419}
