{"FTSE100": -0.3077349007581551, "DJIA": -0.2206359220029495, "GBPUSD": -0.3245725142495244, "Gold": -0.20749962946494963}
