{"FTSE100": 0.5231922066386476, "DJIA": -0.1451978965344977, "GBPUSD": 0.29037827656569115, "Gold": 1.171075570378217}
