{"FTSE100": -0.07356395511869764, "DJIA": -0.1361497929996175, "GBPUSD": 0.0765755417719666, "Gold": 0.9539800045791039}
