{"FTSE100": -0.5185781522241675, "DJIA": 0.4403964783910884, "GBPUSD": 0.2102259929424066, "Gold": 1.0486384613526119}
