{"FTSE100": 1.0215014832206504, "DJIA": 0.9283456808221016, "GBPUSD": 0.8791208791208869, "Gold": 1.2351029252437704}
