{"FTSE100": -0.2059122918981229, "DJIA": -0.4194363872062808, "GBPUSD": -0.6270083862371665, "Gold": 1.0868620119989565}
