{"FTSE100": 0.14375696216330217, "DJIA": -0.9417440188201537, "GBPUSD": -0.15809404757526926, "Gold": -0.24608366844728025}
