{"FTSE100": 0.130045624945531, "DJIA": -0.46771782631756254, "GBPUSD": 0.31731290147821317, "Gold": 0.5378720895962241}
