{"FTSE100": 0.35466872694390655, "DJIA": 0.29098542322041887, "GBPUSD": -0.5441305913419154, "Gold": 0.781735159817355}
