{"FTSE100": 0.3087857323857004, "DJIA": -0.28645766650004273, "GBPUSD": -0.5966868179320131, "Gold": -0.6247647722995826}
