{"FTSE100": 0.6507472127777353, "DJIA": 0.3126579848380299, "GBPUSD": -0.0927572080080459, "Gold": 0.0}
