{"FTSE100": -0.1417060929586587, "DJIA": -0.4079733340800242, "GBPUSD": -0.4775929316246124, "Gold": -0.21285432457688241}
