{"FTSE100": 0.10649569176520222, "DJIA": 0.35745476022759165, "GBPUSD": -0.28573696325105546, "Gold": 0.08341153164425692}
