{"FTSE100": -0.137495070542744, "DJIA": 0.4317992709991025, "GBPUSD": -0.12377630246426835, "Gold": -2.3600605143721634}
