{"FTSE100": -1.0334570650184127, "DJIA": -0.1692469920715134, "GBPUSD": -0.10674987682705345, "Gold": 1.8151557705310288}
