{"FTSE100": 0.1565045310294205, "DJIA": 0.421693455086827, "GBPUSD": -0.26693883960116743, "Gold": -0.6134738426797037}
