{"FTSE100": 0.10480882922217677, "DJIA": -0.6804313792889797, "GBPUSD": -0.21325329752783545, "Gold": -1.1149184268398804}
