{"FTSE100": -1.265991155759403, "DJIA": -1.0209477662600082, "GBPUSD": 0.7559055118110278, "Gold": 0.8649920420732129}
