{"FTSE100": -0.16846084865009142, "DJIA": -0.5302527541014622, "GBPUSD": -0.5890312823370095, "Gold": -0.21285432457688241}
