{"FTSE100": 0.8954686261796692, "DJIA": 1.0707382911364858, "GBPUSD": 0.09053187476422993, "Gold": 0.8729359338277908}
