{"FTSE100": 0.7099163610535371, "DJIA": 0.5515321384034096, "GBPUSD": -0.08701244656300718, "Gold": 0.05425515423965629}
