{"FTSE100": 0.2267177357902258, "DJIA": -0.6042097229734193, "GBPUSD": 0.17529880478087487, "Gold": 0.8271853342275878}
