{"FTSE100": 0.0067374418895575746, "DJIA": 0.0, "GBPUSD": -0.08679185734575516, "Gold": -1.071627906976734}
