{"FTSE100": -0.5816084841520109, "DJIA": 0.33703171538278354, "GBPUSD": 0.15617679212868982, "Gold": 0.43095458758110206}
