{"FTSE100": 0.5332258614542772, "DJIA": 0.13314865606795193, "GBPUSD": 0.39576770858574645, "Gold": 0.7088633050123125}
