{"FTSE100": -0.3484274091379123, "DJIA": 1.7349133347044125e-14, "GBPUSD": -0.7374631268436674, "Gold": -0.15506738046888752}
