{"FTSE100": 0.4164780213996673, "DJIA": 0.3922058404648661, "GBPUSD": 0.7373042829922879, "Gold": -0.5859166932992436}
