{"FTSE100": -0.10955751827008553, "DJIA": 0.14425623594078488, "GBPUSD": 0.1744164470998682, "Gold": 0.6039637014780446}
