{"FTSE100": 0.6335702561183393, "DJIA": 0.5562740824610231, "GBPUSD": -0.20567667626490718, "Gold": 0.15494763838426284}
