{"FTSE100": -0.2430355291738985, "DJIA": 0.08248042758137689, "GBPUSD": -0.48575129533678796, "Gold": -0.05200478444016849}
