{"FTSE100": -0.6070128179831652, "DJIA": -0.8971670233218856, "GBPUSD": -0.5438765670202337, "Gold": -1.4774968621122402}
