{"FTSE100": 0.40897067709590607, "DJIA": -0.051148578398403866, "GBPUSD": -0.1279079063074623, "Gold": -0.4211511464670169}
