{"FTSE100": 0.586571281619679, "DJIA": 2.561711230568805, "GBPUSD": -0.9921828021647533, "Gold": -3.013131858247886}
