{"FTSE100": -0.36029544226264876, "DJIA": -0.09087056634996377, "GBPUSD": -0.1406689590497049, "Gold": -0.8219178082191703}
