{"FTSE100": -0.07738089551668564, "DJIA": 0.3762949087976161, "GBPUSD": -0.18902038132807106, "Gold": -0.6261897605450355}
