{"FTSE100": -0.24838621516968692, "DJIA": -0.6700750170622101, "GBPUSD": -0.1040582726326714, "Gold": 0.274233061537899}
