{"FTSE100": 0.3931944375802293, "DJIA": -0.9927453141093638, "GBPUSD": -0.12088000644693825, "Gold": 1.3322638021832323}
