{"FTSE100": -2.577581033381304, "DJIA": -0.28361335320611575, "GBPUSD": 0.024628519825973978, "Gold": 0.0}
