{"FTSE100": 0.8774242239740039, "DJIA": 0.11332995823084009, "GBPUSD": 0.05823142833374285, "Gold": 0.0}
