{"FTSE100": -0.028608599408410883, "DJIA": 0.19175962091026766, "GBPUSD": -0.4455213381272501, "Gold": -0.4415858692521752}
