{"FTSE100": -0.4262773565975039, "DJIA": 0.03794789956680398, "GBPUSD": 0.0, "Gold": -0.07815934736945612}
