{"FTSE100": 0.8954686261796692, "DJIA": 1.1644684025153245, "GBPUSD": -0.5025879528917507, "Gold": -3.6432604093154577}
