{"FTSE100": -0.8108332926222325, "DJIA": -1.352230485666809, "GBPUSD": 0.03177377075224052, "Gold": -0.2960509809824924}
