{"FTSE100": 0.08827398776756623, "DJIA": 0.12672300894125516, "GBPUSD": -0.2538694619605358, "Gold": 0.0}
