{"FTSE100": 1.0764787435712724, "DJIA": 0.03570612081713786, "GBPUSD": -0.31873100585575354, "Gold": 0.0029909672788152493}
