{"FTSE100": -1.5208441257463858, "DJIA": -1.192592695962823, "GBPUSD": 0.09856262833676303, "Gold": 1.726063559752259}
