{"FTSE100": -0.6204434599353963, "DJIA": -1.017168800958807, "GBPUSD": 0.314313346228241, "Gold": 0.085255767301908}
