{"FTSE100": -0.3627791155521097, "DJIA": 0.2827013033874426, "GBPUSD": -0.519716218445817, "Gold": -0.39652770335440274}
