{"FTSE100": -0.3077349007581551, "DJIA": -0.2206359220029495, "GBPUSD": 0.07146827602635597, "Gold": 0.09908347783007183}
