{"FTSE100": 0.0281277979235625, "DJIA": 0.28010154198070913, "GBPUSD": -0.10296214161255178, "Gold": -0.5535511293431544}
