{"FTSE100": -0.4773010575415132, "DJIA": -0.1601575579645757, "GBPUSD": 0.015841584158431687, "Gold": 0.0}
