{"FTSE100": -0.18544705832711644, "DJIA": -0.619189899049106, "GBPUSD": 0.0554426168915358, "Gold": 0.0}
