{"FTSE100": -0.4386243527191379, "DJIA": 0.3365380164016258, "GBPUSD": -0.1558520545862231, "Gold": -0.1274585759628098}
