{"FTSE100": -0.8108332926222325, "DJIA": -1.6834126428124667, "GBPUSD": -0.372247742753061, "Gold": -1.332870875037155}
