{"FTSE100": 0.688453094717405, "DJIA": 0.27702091153827185, "GBPUSD": -0.32029795158286556, "Gold": 0.0}
