{"FTSE100": 0.7940562048318781, "DJIA": 1.06403197348351, "GBPUSD": -0.25419016601794187, "Gold": 0.5650986115789045}
