{"FTSE100": -0.2206760558016389, "DJIA": 0.4403964783910884, "GBPUSD": 0.23275020647194838, "Gold": 1.2371034382777377}
