{"FTSE100": -0.10927214428958995, "DJIA": -0.30830899292414915, "GBPUSD": 0.18178944040467662, "Gold": 0.44602650426725715}
