{"FTSE100": 0.8208299462164476, "DJIA": 0.4767881228360383, "GBPUSD": -0.456082409373282, "Gold": 1.0127016821146544}
