{"FTSE100": 0.4375122296725617, "DJIA": 0.0, "GBPUSD": -0.6544094733561828, "Gold": -0.5191568892119198}
