{"FTSE100": -0.13218484484199083, "DJIA": -0.682834275202848, "GBPUSD": 0.024063527713160098, "Gold": 0.6341537067794005}
