{"FTSE100": -0.34228432171961415, "DJIA": -0.9940569573174595, "GBPUSD": 0.3648218582628385, "Gold": -0.4285812247137077}
