{"FTSE100": 0.06743864549316683, "DJIA": 0.014776723704826493, "GBPUSD": -0.2385058525666718, "Gold": -0.9451898527894014}
