{"FTSE100": 1.6161801540056218, "DJIA": 0.4465211063033056, "GBPUSD": -0.43804755944929813, "Gold": 2.0946290374901437}
