{"FTSE100": 0.2586834553942393, "DJIA": 0.8505066446738597, "GBPUSD": 0.1117229271406965, "Gold": 0.03479471120388514}
