{"FTSE100": -2.036524843083113, "DJIA": -2.32066830979287, "GBPUSD": -0.22659790592279283, "Gold": -1.0141402481757993}
