{"FTSE100": -0.40551834089769423, "DJIA": -0.6874051684328517, "GBPUSD": -0.2714137463079803, "Gold": 0.0}
