{"FTSE100": 0.541075769911641, "DJIA": -0.3729195547664761, "GBPUSD": 0.058888479941121376, "Gold": -0.12095554883580284}
