{"FTSE100": 0.32480187085877615, "DJIA": -0.5139200357818361, "GBPUSD": -1.1209487450247773, "Gold": -0.30969671080735695}
