{"FTSE100": -0.15333965278568615, "DJIA": -0.059837878430117356, "GBPUSD": 0.3314564114851544, "Gold": -0.022741055184957133}
