{"FTSE100": -0.5766540581277096, "DJIA": -0.9550170076149177, "GBPUSD": 0.007739339060443385, "Gold": -0.007368110816379977}
