{"FTSE100": -0.1856530328428965, "DJIA": -0.9417440188201537, "GBPUSD": 0.2316261627265698, "Gold": -0.08102754936679289}
