{"FTSE100": 0.7518347382514449, "DJIA": -0.09184528969440969, "GBPUSD": -0.29603315571342376, "Gold": 0.0}
