{"FTSE100": 0.9115726841356497, "DJIA": -0.873352531767609, "GBPUSD": 0.2403646912556902, "Gold": -0.5138586110246076}
