{"FTSE100": -0.11620081182828856, "DJIA": -0.5222118125101671, "GBPUSD": -0.11273957158963223, "Gold": -0.015204115247191268}
