{"FTSE100": 0.06799780720249449, "DJIA": -0.31661186361566174, "GBPUSD": -0.20328381548085672, "Gold": -0.3829656862745098}
