{"FTSE100": 0.0029679795479261874, "DJIA": 0.3853358454754037, "GBPUSD": -0.04947229551450642, "Gold": 0.027495188342040143}
