{"FTSE100": -0.29596506794938077, "DJIA": 0.9247514478540337, "GBPUSD": 0.6193078324225992, "Gold": 0.600774492417933}
