{"FTSE100": 0.18208088706409495, "DJIA": -0.024509001882573527, "GBPUSD": 0.18103225329737785, "Gold": 0.2638522427440551}
