{"FTSE100": -0.8418381331773893, "DJIA": 1.1420242096903337, "GBPUSD": 0.062049173970364684, "Gold": -0.07889411038315719}
