{"FTSE100": -0.3674889854471377, "DJIA": -1.1178470352365695, "GBPUSD": -0.5244318654790621, "Gold": 0.0}
