{"FTSE100": 0.02017169735006716, "DJIA": 0.21744609405791324, "GBPUSD": -0.037512191462221095, "Gold": -0.2254978755726459}
