{"FTSE100": -0.3372593595820767, "DJIA": -0.3627824498712298, "GBPUSD": 0.2928758890875135, "Gold": 0.970404670827476}
