{"FTSE100": -0.6803792730383141, "DJIA": 0.5021110365781433, "GBPUSD": 0.17464475668809873, "Gold": -0.004915212582939742}
