{"FTSE100": 0.4793607489963221, "DJIA": 0.3023118509650154, "GBPUSD": 0.3876908165737935, "Gold": 0.6435071137700444}
