{"FTSE100": 0.0004044363976546105, "DJIA": 0.045124498991825975, "GBPUSD": -0.19395506707612395, "Gold": -0.6075822244539246}
