{"FTSE100": 1.016623396346971, "DJIA": 0.1620696779800442, "GBPUSD": -0.5341712490180784, "Gold": -0.15698587127158778}
