{"FTSE100": -0.17857352494225395, "DJIA": 0.10614207232063211, "GBPUSD": 0.330786800031502, "Gold": 1.0632537533841944}
