{"FTSE100": -0.9494076334360907, "DJIA": -0.17549770660981048, "GBPUSD": -0.7284975716747505, "Gold": -0.3891242242143564}
