{"FTSE100": -0.2980741667913235, "DJIA": -0.4457888358008879, "GBPUSD": -0.03969199015638207, "Gold": -0.7942563817980053}
