{"FTSE100": 0.3848898049785846, "DJIA": 0.7879134723964827, "GBPUSD": 0.2307998408277059, "Gold": 0.7787770687836004}
