{"FTSE100": 0.36831968864137316, "DJIA": 0.6034891630965501, "GBPUSD": 0.15467274503417378, "Gold": 0.0}
