{"FTSE100": 1.4217533888066052, "DJIA": 0.6621923568740486, "GBPUSD": -0.395197971814172, "Gold": 0.0}
