{"FTSE100": -0.03509746156407357, "DJIA": 1.706561154675814e-14, "GBPUSD": -0.17063459819612975, "Gold": 0.13786422237125784}
