{"FTSE100": -4.953072306643027, "DJIA": -5.502574487747598, "GBPUSD": -0.1861908456167711, "Gold": 0.39508632138114513}
