{"FTSE100": 0.022955084551215248, "DJIA": 0.80389757793091, "GBPUSD": -0.3038145605941344, "Gold": -2.934947049924357}
