{"FTSE100": 0.18355801636977706, "DJIA": 0.5190625735796204, "GBPUSD": 0.13416815742398971, "Gold": 0.20059279662285012}
