{"FTSE100": 0.7689402408079936, "DJIA": 0.6755562674819804, "GBPUSD": 0.4758514743902041, "Gold": 0.0}
