{"FTSE100": 0.30075032688850145, "DJIA": 0.2634321655364844, "GBPUSD": -0.03228670594882201, "Gold": -0.0364185005983063}
