{"FTSE100": 0.054182275677251354, "DJIA": 0.2696752076129649, "GBPUSD": -0.42050903725561173, "Gold": 0.0}
