{"FTSE100": 0.5610199748699692, "DJIA": 0.6211655801358724, "GBPUSD": -0.20498676903581903, "Gold": -0.17974835230676028}
