{"FTSE100": 0.19896529988783251, "DJIA": 0.663916265407546, "GBPUSD": -0.11144130757801313, "Gold": 0.07880585944742341}
