{"FTSE100": -0.4262773565975039, "DJIA": 0.3291359116446397, "GBPUSD": 0.023635074450481915, "Gold": 0.29901960784314396}
