{"FTSE100": 0.17064957058810373, "DJIA": -0.3743057045706011, "GBPUSD": 0.06350214319734354, "Gold": 0.08475421278293177}
