{"FTSE100": 0.2340733590733547, "DJIA": -0.434599829936005, "GBPUSD": 0.2979828850855757, "Gold": 0.3186897414175679}
