{"FTSE100": -0.2945096018198964, "DJIA": -0.4188890430992602, "GBPUSD": 0.1574183392365212, "Gold": 0.4540071061981862}
