{"FTSE100": 0.04993787888525364, "DJIA": -0.19035657871668524, "GBPUSD": -0.08303578842482037, "Gold": 0.397313933967551}
