{"FTSE100": -0.418054595893452, "DJIA": 0.3104411713980244, "GBPUSD": -0.06489292667100371, "Gold": 0.0}
