{"FTSE100": 0.39032288469658594, "DJIA": 0.029287993464145273, "GBPUSD": -0.11290322580643918, "Gold": 0.0}
