{"FTSE100": 0.5406368665599224, "DJIA": 0.7243160230990184, "GBPUSD": 0.4946480700616278, "Gold": 1.1528694768918255}
