{"FTSE100": -0.4064750140736654, "DJIA": -0.028891600975112, "GBPUSD": 0.12662234884457468, "Gold": 0.576170615298604}
