{"FTSE100": -0.8615685532210265, "DJIA": -1.8957074033152979, "GBPUSD": -0.08983380745621274, "Gold": 1.800850121984957}
