{"FTSE100": 0.19397301092543792, "DJIA": -0.06770684315277115, "GBPUSD": -0.08612619359670357, "Gold": 0.27861786488223794}
