{"FTSE100": 0.2143701871232344, "DJIA": 0.4603166738811885, "GBPUSD": -0.6347924999082541, "Gold": -1.0158074854690664}
