{"FTSE100": 0.541075769911641, "DJIA": -0.3018486541117103, "GBPUSD": -0.06985550939372819, "Gold": -0.8762979413000501}
