{"FTSE100": 0.4851726647444685, "DJIA": -0.23045459719226985, "GBPUSD": -0.26413921690491526, "Gold": 0.2815126050420283}
