{"FTSE100": 0.2168087601315082, "DJIA": 0.9981709717002313, "GBPUSD": 0.10559662090813735, "Gold": 0.10168285118714729}
