{"FTSE100": -0.6978631251083706, "DJIA": 1.1621354477690533, "GBPUSD": -0.6727158948685811, "Gold": -0.5016808895784752}
