{"FTSE100": 0.34993806694864493, "DJIA": -0.20163508038452232, "GBPUSD": 0.13330371028660473, "Gold": 0.6477243285257793}
