{"FTSE100": 0.021430900166215083, "DJIA": -0.029666380964121594, "GBPUSD": 0.542387993164415, "Gold": 2.693909817872234}
