{"FTSE100": 0.4650534522017808, "DJIA": 1.3908810231385735, "GBPUSD": 0.49296334578993267, "Gold": 0.937676254935135}
