{"FTSE100": -0.6166504021267226, "DJIA": -0.42036726301610056, "GBPUSD": 0.037388768413964324, "Gold": -0.2004311159853338}
