{"FTSE100": 0.21044882667354176, "DJIA": 1.2643251040026782, "GBPUSD": -0.25452912112592224, "Gold": 2.9955481777710684}
