{"FTSE100": 0.09353296853020539, "DJIA": -0.14992069262634208, "GBPUSD": -0.12616306576248412, "Gold": -0.19301707128763831}
