{"FTSE100": -0.3593047678516988, "DJIA": 1.2291841728527713, "GBPUSD": 0.12014417300759589, "Gold": -0.24140012070005806}
