{"FTSE100": -1.0322192847606013, "DJIA": -0.3772102594914932, "GBPUSD": -0.02361460957178581, "Gold": 0.0}
