{"FTSE100": 0.006786102062983788, "DJIA": -0.1044966962777968, "GBPUSD": -0.4905815825937202, "Gold": -1.0559566787003583}
