{"FTSE100": 0.5294262352003659, "DJIA": -0.19923501477549774, "GBPUSD": 0.09652136983127858, "Gold": -0.06464563982171721}
