{"FTSE100": -0.25261976047904283, "DJIA": -0.5880034239945523, "GBPUSD": -0.28146989835809594, "Gold": -1.1131535947712394}
