{"FTSE100": -0.26813924261614447, "DJIA": -0.36454083119177816, "GBPUSD": -0.32653374822326187, "Gold": 0.4550707887893639}
