{"FTSE100": -0.19169303501967352, "DJIA": -0.22835739710687591, "GBPUSD": 0.24792066538708435, "Gold": 1.0668958891641875}
