{"FTSE100": 0.31225756871977184, "DJIA": 0.08251402399085193, "GBPUSD": 0.7165861513687706, "Gold": -0.31758034026463655}
