{"FTSE100": -0.6921874868175811, "DJIA": 1.7882521400316829, "GBPUSD": -0.007399733609589239, "Gold": -1.8033596837944739}
