{"FTSE100": 0.6733846050304968, "DJIA": 0.8505066446738598, "GBPUSD": 0.23940627244432938, "Gold": -0.18267223382047112}
