{"FTSE100": -0.022819142000253763, "DJIA": 0.8120616239471145, "GBPUSD": -0.12576698807118636, "Gold": 0.049134477284760066}
