{"FTSE100": -0.5399938286419628, "DJIA": -0.01802421883138968, "GBPUSD": 0.1976753380248238, "Gold": -0.07733287506443234}
