{"FTSE100": -0.10891570005098335, "DJIA": 0.2800210030083037, "GBPUSD": -0.4245950621166906, "Gold": -0.04114591369645537}
