{"FTSE100": 0.3595862508421117, "DJIA": 1.1533000031443654, "GBPUSD": 0.6042296072507403, "Gold": -0.6418219461697723}
