{"FTSE100": -0.6292774792154691, "DJIA": -0.8585878386325305, "GBPUSD": -0.057565789473677874, "Gold": -0.31778058007565974}
