{"FTSE100": 0.05507935201901651, "DJIA": -0.648551345929201, "GBPUSD": -0.007464914899952743, "Gold": -0.5836273661318638}
