{"FTSE100": 0.1862822339710107, "DJIA": 0.4006885951795405, "GBPUSD": 0.016280016280014485, "Gold": 0.4782375067168238}
