{"FTSE100": 0.04993787888525364, "DJIA": 0.43139820797766715, "GBPUSD": 0.0, "Gold": 0.7946278679350893}
