{"FTSE100": -0.3627791155521097, "DJIA": 0.39667797036666097, "GBPUSD": -0.5857119287246416, "Gold": -0.39652770335440274}
