{"FTSE100": 1.0653344785648353, "DJIA": -0.6754619076339926, "GBPUSD": -1.1623726782504367, "Gold": 1.2893655864901905}
