{"FTSE100": 0.6397072861862438, "DJIA": 2.6663323763092928, "GBPUSD": -0.12334143150812403, "Gold": -1.1126768833304002}
