{"FTSE100": 0.2767933120750995, "DJIA": -0.2535668695780367, "GBPUSD": 0.53598171356506, "Gold": 0.3755497356327586}
