{"FTSE100": 0.1729086770871381, "DJIA": -0.333123341754501, "GBPUSD": -0.14490061304104745, "Gold": -0.19740384040198328}
