{"FTSE100": -0.3425460025766262, "DJIA": -0.9067072548159046, "GBPUSD": -0.16404444113041383, "Gold": -0.9754960066846702}
