{"FTSE100": 0.6707773624066206, "DJIA": -0.48245583865285674, "GBPUSD": -0.015781582892762405, "Gold": 0.0}
