{"FTSE100": 0.3405421195779126, "DJIA": 0.25199130394292024, "GBPUSD": -0.05595970900952473, "Gold": -0.2183746685384519}
