{"FTSE100": 0.24357397571818754, "DJIA": -0.3698159508653571, "GBPUSD": 0.03178386968614843, "Gold": 0.35372451102787544}
