{"FTSE100": 0.2218085617599, "DJIA": 0.3293076217979727, "GBPUSD": -0.04994589195038158, "Gold": 0.0}
