{"FTSE100": 0.0024849432059638613, "DJIA": 0.46766783006063156, "GBPUSD": 0.2020987174504592, "Gold": 0.0}
