{"FTSE100": 0.39096605703777115, "DJIA": 0.1042566928628082, "GBPUSD": 0.1685846221505511, "Gold": 1.0012390583156874}
