{"FTSE100": -0.46619560127363346, "DJIA": -0.6820596501288896, "GBPUSD": -0.1575175238245256, "Gold": 0.019689884321934085}
