{"FTSE100": -0.23653459292644544, "DJIA": -0.9502098521490437, "GBPUSD": -0.07594167679221521, "Gold": 0.0}
