{"FTSE100": -0.0957054563781579, "DJIA": -0.03706468446607502, "GBPUSD": 0.05222711333283018, "Gold": 1.0103186573774765}
