{"FTSE100": 0.16239862888670376, "DJIA": 0.1747427776905047, "GBPUSD": 0.369904564622336, "Gold": 0.6357829383320317}
