{"FTSE100": -0.2751465187506563, "DJIA": -0.09081750954431816, "GBPUSD": -0.4277566539923835, "Gold": 0.1428219650332475}
