{"FTSE100": -0.3963636759060886, "DJIA": 0.21354356328962146, "GBPUSD": 0.4400094287734601, "Gold": 0.23205527134644077}
