{"FTSE100": -0.39049694108628324, "DJIA": -0.7678719963641301, "GBPUSD": 0.18252519641298062, "Gold": 0.5467772577730495}
