{"FTSE100": 0.49007487516327214, "DJIA": 0.21987940545026316, "GBPUSD": 0.22464698331194927, "Gold": 0.23984566452890707}
