{"FTSE100": -0.11751455578020625, "DJIA": 0.9966847090039459, "GBPUSD": -0.1020854601137573, "Gold": 0.12524055350215074}
