{"FTSE100": 0.5602659994415988, "DJIA": 0.32892367720207255, "GBPUSD": 0.40198628517379065, "Gold": -0.20259919948608535}
