{"FTSE100": 0.130045624945531, "DJIA": -0.4148187872736374, "GBPUSD": 0.3637489358408735, "Gold": 0.7994400235779646}
