{"FTSE100": -0.03540008485797073, "DJIA": -0.11367148199528888, "GBPUSD": 0.04807307106803589, "Gold": 0.37296732806206173}
