{"FTSE100": -0.8348649815477889, "DJIA": -1.2613547764348276, "GBPUSD": -0.4212802445662254, "Gold": -0.5863683864225757}
