{"FTSE100": 0.3224503295901277, "DJIA": 0.05722361973508259, "GBPUSD": 0.5293888672635375, "Gold": 1.6145350307731103}
