{"FTSE100": 0.8913839909332955, "DJIA": 0.576049714199827, "GBPUSD": -0.5488134807142386, "Gold": -0.222503160556251}
