{"FTSE100": 0.23487062221407434, "DJIA": 0.581723329603427, "GBPUSD": 0.1664298761924179, "Gold": -0.3107385460326768}
