{"FTSE100": 0.24237260363755245, "DJIA": 0.4049701256653451, "GBPUSD": 0.03168316831684578, "Gold": -0.35377358490566263}
