{"FTSE100": 0.3677859437796629, "DJIA": 0.35096001939878774, "GBPUSD": -0.8145623805170003, "Gold": -0.07618218425204677}
