{"FTSE100": -0.3422605654627961, "DJIA": -0.7560737182370457, "GBPUSD": -0.33527580426279086, "Gold": 0.0}
