{"FTSE100": 1.411054861242592, "DJIA": -0.249871745171294, "GBPUSD": 0.2577710386656611, "Gold": 0.36507738392410816}
