{"FTSE100": 0.49785611587956313, "DJIA": 0.8041113741553874, "GBPUSD": -0.3977091950365984, "Gold": 0.0}
