{"FTSE100": 0.036677329209116, "DJIA": -0.9417440188201537, "GBPUSD": 0.24633258575682665, "Gold": -0.03601224416302361}
