{"FTSE100": 0.046791904287997156, "DJIA": -0.49200584247563706, "GBPUSD": 0.0, "Gold": 0.5140535610645732}
