{"FTSE100": 0.021686351879564286, "DJIA": 0.127595015725482, "GBPUSD": 0.09547298910015656, "Gold": -0.07134848639281742}
