{"FTSE100": 0.8053596576678839, "DJIA": 0.28146191685943783, "GBPUSD": -0.4843608899104995, "Gold": -0.04956220056170994}
