{"FTSE100": 0.08607031790353882, "DJIA": -0.3195830379316818, "GBPUSD": -0.742037368240795, "Gold": -0.1299902507311906}
