{"FTSE100": -0.383026819772127, "DJIA": -0.59207244905334, "GBPUSD": -0.13668891211707282, "Gold": 0.18386108273749419}
