{"FTSE100": -0.20310231717678623, "DJIA": 1.0471000058129012, "GBPUSD": 0.2662524961171546, "Gold": -0.37319047762362206}
