{"FTSE100": 1.9360558742106524, "DJIA": 0.7787988144400243, "GBPUSD": -0.7196495619524308, "Gold": 2.0946290374901437}
