{"FTSE100": -0.7537754945860506, "DJIA": -0.31161725858526357, "GBPUSD": 0.32975132870389007, "Gold": 1.3075573504584725}
