{"FTSE100": 0.047710855134711225, "DJIA": -1.3650664328341438, "GBPUSD": -0.9165650446481207, "Gold": -1.3954016033882957}
