{"FTSE100": 0.23366891973315676, "DJIA": -0.26914241162829106, "GBPUSD": -0.06021829130597756, "Gold": 0.1037221431958274}
