{"FTSE100": -0.17147844356915642, "DJIA": -0.17851534406947844, "GBPUSD": -0.07976389885936747, "Gold": -0.05501925673986577}
