{"FTSE100": 0.8637112200312127, "DJIA": 0.1212983912016473, "GBPUSD": -0.23415547923822302, "Gold": 0.009163802978248469}
