{"FTSE100": -0.10751832296685149, "DJIA": 0.015739496029909383, "GBPUSD": -0.7813149364142693, "Gold": -0.37002775208140365}
