{"FTSE100": -1.2353034075165925, "DJIA": -1.167376543653244, "GBPUSD": 0.023877745940798233, "Gold": 1.3704032337572687}
