{"FTSE100": 0.6941118294157381, "DJIA": 0.7978554537875318, "GBPUSD": 0.2882556415746859, "Gold": 0.37874746612610205}
