{"FTSE100": 0.3708885018656819, "DJIA": 0.3497367967820414, "GBPUSD": -0.31131615468287743, "Gold": -2.438729198184566}
