{"FTSE100": 0.612780415295247, "DJIA": 0.71200223359167, "GBPUSD": -0.07596050053971985, "Gold": -0.1845660955564905}
