{"FTSE100": 0.42211250437397235, "DJIA": 0.4731256463340824, "GBPUSD": 0.16515579696847985, "Gold": 0.15531660692951377}
