{"FTSE100": -0.3570071758839502, "DJIA": 0.3612942024034004, "GBPUSD": 0.0, "Gold": -0.24520842716309316}
