{"FTSE100": 0.11928736664685625, "DJIA": 0.03737063986391462, "GBPUSD": -0.1942931159282129, "Gold": -0.2295735952730557}
