{"FTSE100": 0.49007487516327214, "DJIA": 0.08689671204057399, "GBPUSD": -0.11224244367835066, "Gold": 0.2607561929595828}
