{"FTSE100": -0.750131787032157, "DJIA": -0.9782146707198871, "GBPUSD": -0.2635914332784077, "Gold": -0.2710581496445651}
