{"FTSE100": 0.027365705457338064, "DJIA": 0.6420607733242925, "GBPUSD": -0.09442870632673038, "Gold": 0.27269572115622986}
