{"FTSE100": -0.537836447278152, "DJIA": -0.17670802027971874, "GBPUSD": 0.354669819287281, "Gold": 0.15998234677553322}
