{"FTSE100": -0.3177595777485519, "DJIA": 0.47323261775398445, "GBPUSD": -0.007428316743425121, "Gold": 0.0}
