{"FTSE100": 0.5863325133476636, "DJIA": -0.8586024389241369, "GBPUSD": -0.10212097407698968, "Gold": -0.08109607751078111}
