{"FTSE100": 0.11818669403429945, "DJIA": 1.5774460717160004, "GBPUSD": -0.10683760683761331, "Gold": 0.015028554253078575}
