{"FTSE100": 0.19901951828507225, "DJIA": 0.6976647870354017, "GBPUSD": 0.3055468505170804, "Gold": 0.03248862897986444}
