{"FTSE100": 0.49973556534555424, "DJIA": 0.1943430954406277, "GBPUSD": -0.3330354967102585, "Gold": 0.43784707390003297}
