{"FTSE100": 0.6419007344073131, "DJIA": 0.053758456061813974, "GBPUSD": 0.20491803278689907, "Gold": 0.8441044579266684}
