{"FTSE100": -0.040952203112628746, "DJIA": 0.08444918483118927, "GBPUSD": 0.12906348310075388, "Gold": -0.04664662589406504}
