{"FTSE100": -0.12961641056467477, "DJIA": 0.33350699889492147, "GBPUSD": -0.6576341018936672, "Gold": -0.2783792143519997}
