{"FTSE100": 0.2490543485080674, "DJIA": 0.579854059106879, "GBPUSD": -0.2685565087653896, "Gold": 0.570002690999822}
