{"FTSE100": -0.3740003094439075, "DJIA": -1.2020141129322275, "GBPUSD": -0.4469088802449781, "Gold": -1.4483176386364862}
