{"FTSE100": -0.3370335924368022, "DJIA": 0.17266205352600647, "GBPUSD": -0.007807620237350795, "Gold": -0.19677621938454337}
