{"FTSE100": 0.9485961606554469, "DJIA": -0.17147800077911046, "GBPUSD": -0.5411092740117145, "Gold": -2.168004683057364}
