{"FTSE100": 0.5209779877922724, "DJIA": 0.6222272755523591, "GBPUSD": 0.9361279098666297, "Gold": -0.12250985405347578}
