{"FTSE100": 0.5058644298012057, "DJIA": 1.1542769961329533, "GBPUSD": 0.13566355438512764, "Gold": -0.28270702853166313}
