{"FTSE100": 0.10860755565730593, "DJIA": 0.18276909537610697, "GBPUSD": 0.37130551017377955, "Gold": 0.1390114149758018}
