{"FTSE100": -0.4641011715765772, "DJIA": -0.3960476150938347, "GBPUSD": -0.7660013257715065, "Gold": -0.5976916735366778}
