{"FTSE100": 0.19896529988783251, "DJIA": 0.663916265407546, "GBPUSD": 0.05200594353639843, "Gold": 0.07880585944742341}
