{"FTSE100": -1.9265140871350563, "DJIA": 1.0567853185221285, "GBPUSD": -0.37012666556999085, "Gold": -0.3252544329031605}
