{"FTSE100": 0.5842243694164169, "DJIA": 0.28680688336520416, "GBPUSD": -0.10641781270463792, "Gold": 0.24465150174379496}
