{"FTSE100": 1.8152187405318323, "DJIA": 0.4006885951795405, "GBPUSD": 0.03256003256002897, "Gold": 0.0}
