{"FTSE100": 0.31647016213821305, "DJIA": 0.6189623624281557, "GBPUSD": 0.08680883185506581, "Gold": 0.791724807377295}
