{"FTSE100": 0.06019277848249904, "DJIA": -0.037743310070873226, "GBPUSD": -0.43982407037185606, "Gold": 0.1094833428913982}
