{"FTSE100": 0.18563472797371489, "DJIA": 1.092818710795105, "GBPUSD": 0.15570260801868446, "Gold": 0.27400725065340187}
