{"FTSE100": 0.7531525801894411, "DJIA": 0.9590019299776511, "GBPUSD": 0.0, "Gold": 0.0}
