{"FTSE100": 0.38548592445889696, "DJIA": 0.21977475856511872, "GBPUSD": -0.1680134410752853, "Gold": 0.4697853822569479}
