{"FTSE100": -1.0047911174534767, "DJIA": 0.20008700902402662, "GBPUSD": 0.03130625342411802, "Gold": 0.664708610295259}
