{"FTSE100": -0.05433246443263602, "DJIA": -1.0699665852762297, "GBPUSD": -0.10649627263044621, "Gold": 0.8248590352842685}
