{"FTSE100": -0.6333447003912505, "DJIA": -0.24781650419012533, "GBPUSD": -0.29961365607506313, "Gold": -0.47188360204482444}
