{"FTSE100": 0.21710444194798167, "DJIA": -0.4719397704683027, "GBPUSD": 0.06708407871199486, "Gold": 0.278434777401866}
