{"FTSE100": 0.10860755565730593, "DJIA": 0.14308455936887354, "GBPUSD": -0.0074008288928351824, "Gold": 0.0}
