{"FTSE100": -0.8558011175897265, "DJIA": -1.6342130446203906, "GBPUSD": -0.42608980662078766, "Gold": 0.018460402436773122}
