{"FTSE100": 0.30586113698413325, "DJIA": -0.0032250019349976847, "GBPUSD": 0.26082420448618066, "Gold": 1.0782735473681013}
