{"FTSE100": 0.5704276657417866, "DJIA": 0.29258762146241046, "GBPUSD": -0.024146812620731404, "Gold": 0.10474860335195076}
