{"FTSE100": 0.13105315172086654, "DJIA": -0.14673996652329963, "GBPUSD": -0.10353498003254458, "Gold": -0.1896633475580871}
