{"FTSE100": -0.846378360221275, "DJIA": -0.9771354349678317, "GBPUSD": -0.5035801400582408, "Gold": -0.3716320842366081}
