{"FTSE100": 0.688453094717405, "DJIA": 0.3413086459277876, "GBPUSD": -0.32029795158286556, "Gold": 1.825680229341646}
