{"FTSE100": 0.438701261752611, "DJIA": 0.18855921136658588, "GBPUSD": 0.049220672682521234, "Gold": 0.7266321699878919}
