{"FTSE100": -1.7948228500492327, "DJIA": -0.8428946203931843, "GBPUSD": 0.25066583111390345, "Gold": 1.9707586578628216}
