{"FTSE100": 0.14367613249482128, "DJIA": -0.483173535864506, "GBPUSD": 0.05182881682216385, "Gold": -0.01660577881102372}
