{"FTSE100": 1.171617550136535, "DJIA": 1.3851018429090824, "GBPUSD": 0.2109863612387848, "Gold": 2.407252699650366}
