{"FTSE100": 0.5954622974146585, "DJIA": 0.3064129009083431, "GBPUSD": 0.1653152798551516, "Gold": 0.192172486524486}
