{"FTSE100": 1.4928839421212214, "DJIA": 0.5898960655036961, "GBPUSD": 0.2451781627983094, "Gold": 0.32981886996486276}
