{"FTSE100": -0.2909143269306367, "DJIA": -0.21835283908797154, "GBPUSD": 0.10284810126582902, "Gold": -0.22995714435037581}
