{"FTSE100": 0.4022279127748813, "DJIA": 0.4896193646091157, "GBPUSD": -0.19680390458946287, "Gold": 0.23784812316208268}
