{"FTSE100": 0.09247126504625769, "DJIA": 0.0, "GBPUSD": -0.1801654246171468, "Gold": -0.6000208702911405}
