{"FTSE100": 0.7659458912607087, "DJIA": -1.352230485666809, "GBPUSD": -0.1906426245134784, "Gold": -0.14551658387275282}
