{"FTSE100": -0.6858820562234537, "DJIA": -0.803870284382958, "GBPUSD": -0.4617627997407678, "Gold": -1.1101973684210595}
