{"FTSE100": 0.4685631585159999, "DJIA": 0.6386246022945836, "GBPUSD": 0.09836065573771229, "Gold": 0.14771828013717658}
