{"FTSE100": -1.1659198734844525, "DJIA": -0.7453123533346824, "GBPUSD": -0.01647039446596393, "Gold": 0.0}
