{"FTSE100": 0.9327432704107037, "DJIA": -0.2226392059964714, "GBPUSD": -0.3078418664938452, "Gold": 0.0}
