{"FTSE100": -0.08780201158850973, "DJIA": -0.2683441114206481, "GBPUSD": 0.07092992869675636, "Gold": 0.810901441941283}
