{"FTSE100": 0.586571281619679, "DJIA": 2.6508034787432013, "GBPUSD": -0.9771497294046828, "Gold": -3.1600407747196764}
