{"FTSE100": -4.5650020235928475, "DJIA": -5.502574487747598, "GBPUSD": -0.3025601241272315, "Gold": 0.17596281540505251}
