{"FTSE100": -0.11184078830967711, "DJIA": -0.1550674117853334, "GBPUSD": -0.07842522155125965, "Gold": 0.0}
