{"FTSE100": -0.25151667296748326, "DJIA": 0.3745557446196195, "GBPUSD": 0.2613173468603543, "Gold": -0.003716090672609032}
