{"FTSE100": -0.1246843799161496, "DJIA": -0.761685837208147, "GBPUSD": -0.049480455220200885, "Gold": 0.0}
