{"FTSE100": -0.24597397937165558, "DJIA": -0.613484191855639, "GBPUSD": 0.14661625125395575, "Gold": -0.4049764675836371}
