{"FTSE100": 0.638230076069146, "DJIA": 1.108937743871318, "GBPUSD": -0.20656414964426184, "Gold": 1.3316943249334152}
