{"FTSE100": 0.43912820567596006, "DJIA": -0.2206359220029495, "GBPUSD": 0.007940919558483998, "Gold": 0.26752539014119847}
