{"FTSE100": -0.03696645761900748, "DJIA": 0.2633000960118747, "GBPUSD": -0.327789243656662, "Gold": 0.16333938294010888}
