{"FTSE100": -0.00928847618567157, "DJIA": 0.9800716895676744, "GBPUSD": 0.5649254953332347, "Gold": 0.0}
