{"FTSE100": -0.4711105580919326, "DJIA": -1.2397834642727992, "GBPUSD": -0.7274718397997391, "Gold": -0.45513317817429294}
