{"FTSE100": -0.9748719154803516, "DJIA": -0.3965682979733181, "GBPUSD": -0.3631961259079861, "Gold": 0.4160000000000097}
