{"FTSE100": -0.02795588704388173, "DJIA": -0.5064832108151335, "GBPUSD": 0.15729453401494312, "Gold": -0.753390256152687}
