{"FTSE100": 0.9759961581325178, "DJIA": -0.3164020127397127, "GBPUSD": -0.24082844986753565, "Gold": -0.4552427136424388}
