{"FTSE100": 0.16340122117655217, "DJIA": 0.19640661292526607, "GBPUSD": -0.1132930513595209, "Gold": 0.8450974743109749}
