{"FTSE100": 0.8440391488793142, "DJIA": -0.11664376752894585, "GBPUSD": 0.0972447325769927, "Gold": 0.0}
