{"FTSE100": 0.28397894651545813, "DJIA": -0.08852498663378733, "GBPUSD": 0.10198478073271018, "Gold": 0.15275369498801988}
