{"FTSE100": 1.8507436286720824, "DJIA": 0.4838642504311921, "GBPUSD": 0.007515406583495339, "Gold": -0.38258906171599083}
