{"FTSE100": 0.18997214560709982, "DJIA": 0.026147196874728454, "GBPUSD": -0.23011176857331817, "Gold": 0.24045686804929137}
