{"FTSE100": 0.06749726942864336, "DJIA": 0.7257601448939694, "GBPUSD": -0.1785572573605337, "Gold": 0.08341153164425692}
