{"FTSE100": 0.43271441693392404, "DJIA": 0.3269463908926365, "GBPUSD": 0.022433261048378592, "Gold": 0.3668267594448367}
