{"FTSE100": -0.06842006557461813, "DJIA": -0.22263920599647138, "GBPUSD": -0.6480881399870387, "Gold": -1.1101973684210595}
