{"FTSE100": 0.21402210100354807, "DJIA": 0.03159185761286059, "GBPUSD": 0.14183279489402126, "Gold": 0.3850757142113801}
