{"FTSE100": 0.702912590813631, "DJIA": 1.2617376505069284, "GBPUSD": 0.05476879743370198, "Gold": 0.1838798651547609}
