{"FTSE100": 0.009251861801134647, "DJIA": -0.20163508038452232, "GBPUSD": 0.2962304673035624, "Gold": 0.5959063822437118}
