{"FTSE100": 0.3209188745413017, "DJIA": -0.06001681702517092, "GBPUSD": -0.09477924334569685, "Gold": 0.18199704869650987}
