{"FTSE100": 0.032336614356480886, "DJIA": 0.19397293274905603, "GBPUSD": 0.04746084480304983, "Gold": 0.04725694891953039}
