{"FTSE100": -0.24877012522360828, "DJIA": -0.20740550054082807, "GBPUSD": -0.15832805573147574, "Gold": -0.28654710735635364}
