{"FTSE100": -0.016684485825376544, "DJIA": -0.08870159773099369, "GBPUSD": -0.15146925174189652, "Gold": -1.3293300079905213}
