{"FTSE100": 0.1590186278964143, "DJIA": 0.03543143018341901, "GBPUSD": 0.43286812448690404, "Gold": 0.07167213257173037}
