{"FTSE100": 0.25815763323631885, "DJIA": 0.9075225928154418, "GBPUSD": -0.4255628705488605, "Gold": -0.2157820601192877}
