{"FTSE100": 0.3735818895240006, "DJIA": -0.10268109483943874, "GBPUSD": -0.2528069001412631, "Gold": -2.381437003867293}
