{"FTSE100": -1.2266698915628649, "DJIA": -0.3772102594914932, "GBPUSD": 0.031486146095731894, "Gold": 0.0}
