{"FTSE100": 0.4335509589127163, "DJIA": 0.21062485373273215, "GBPUSD": 0.3936078091789432, "Gold": 0.5530817904851268}
