{"FTSE100": 1.7225403279653537, "DJIA": 0.7715860946678679, "GBPUSD": 0.22216932476395587, "Gold": -0.052140361854111264}
