{"FTSE100": -0.28166939522574513, "DJIA": 0.19838740499920998, "GBPUSD": -0.10810810810810448, "Gold": 0.4186783343391637}
