{"FTSE100": -0.06743298981288118, "DJIA": 0.10740883121825397, "GBPUSD": 0.36884036588963504, "Gold": -0.01357883873771115}
