{"FTSE100": 0.18818697286335725, "DJIA": -0.32585965313005105, "GBPUSD": 0.2337201805286833, "Gold": 0.17889087656529518}
