{"FTSE100": 0.9662350790322746, "DJIA": 0.9078897269876526, "GBPUSD": -0.15873015873015886, "Gold": 0.16982168722840335}
