{"FTSE100": 0.22401173213986017, "DJIA": 0.3761302044005663, "GBPUSD": 0.397203686050198, "Gold": 0.11047845670093945}
