{"FTSE100": 0.3055497837404778, "DJIA": 0.7671968509511476, "GBPUSD": 0.11167361524717517, "Gold": -0.20926031983787832}
