{"FTSE100": 0.3204587406199877, "DJIA": 0.5026427393806943, "GBPUSD": -0.17415823519654924, "Gold": -0.47240712905304816}
