{"FTSE100": -0.43055580513576774, "DJIA": 0.23839424343233565, "GBPUSD": -0.038627935723110705, "Gold": 0.16809413271431273}
