{"FTSE100": -0.7842008792335553, "DJIA": -0.45430287201022096, "GBPUSD": -0.019122652694371165, "Gold": 1.8159386266530795e-14}
