{"FTSE100": 0.8070880396081807, "DJIA": -0.31033208775128, "GBPUSD": 0.13343799058085046, "Gold": 0.12134344528711515}
