{"FTSE100": -0.4842299173694537, "DJIA": -0.11328302823798174, "GBPUSD": -0.04749841671943745, "Gold": 0.07904747789140402}
