{"FTSE100": -0.1542135643680929, "DJIA": -1.2890422287925116, "GBPUSD": -0.24016563146997122, "Gold": -0.31787789104461}
