{"FTSE100": 0.018616152497902997, "DJIA": -1.2995112806410898, "GBPUSD": -0.08108421174562688, "Gold": 0.19099956438695231}
