{"FTSE100": -0.507542556387868, "DJIA": -0.7552689855293765, "GBPUSD": -0.03948823250670865, "Gold": 0.0}
