{"FTSE100": -0.5766540581277096, "DJIA": -1.0897174110405456, "GBPUSD": -0.4967843801748254, "Gold": -0.9620290066321728}
