{"FTSE100": 0.049966577316251905, "DJIA": 0.8469044252918984, "GBPUSD": 0.1503402437094487, "Gold": 0.04647800041314248}
