{"FTSE100": 0.04017982521776105, "DJIA": -0.2306852536110123, "GBPUSD": -0.3789601333939589, "Gold": 0.527328618199083}
