{"FTSE100": 0.20965504803554585, "DJIA": 0.8844962512111914, "GBPUSD": 0.0, "Gold": 0.033491020220192035}
