{"FTSE100": 0.6409151356942346, "DJIA": 0.004601868460306209, "GBPUSD": 0.6622516556291537, "Gold": 0.9685751183814033}
