{"FTSE100": 0.05069509400013112, "DJIA": 1.2291647572612365, "GBPUSD": -0.31477179045192094, "Gold": 0.6992797118847593}
