{"FTSE100": 0.013458336184679065, "DJIA": -0.018843990869444775, "GBPUSD": 0.3355026476413839, "Gold": -0.17843049788970997}
