{"FTSE100": 0.08436541194660274, "DJIA": -0.08091186021302973, "GBPUSD": -0.4076199983362554, "Gold": -0.8874939120082305}
