{"FTSE100": 0.8321385330073924, "DJIA": 0.25122059726733825, "GBPUSD": -0.03250182822783424, "Gold": 0.13786422237125784}
