{"FTSE100": -0.5045035895417673, "DJIA": 0.058458450398123266, "GBPUSD": 0.12866907921190557, "Gold": -0.054569113881550675}
