{"FTSE100": -0.18448953892290174, "DJIA": 0.5830496679569971, "GBPUSD": 0.15994881637875893, "Gold": 0.7432876573797869}
