{"FTSE100": -0.4064293944535929, "DJIA": 0.0, "GBPUSD": -0.2590673575129608, "Gold": -0.2288210515367461}
