{"FTSE100": 0.022955084551215248, "DJIA": 0.5763552708968163, "GBPUSD": -0.3563257192153356, "Gold": -2.759455370650524}
