{"FTSE100": -0.2908371748076839, "DJIA": -0.4267107831152267, "GBPUSD": -0.21179792908692707, "Gold": -0.18560527943906663}
