{"FTSE100": 0.04993787888525364, "DJIA": 0.28430861685220843, "GBPUSD": 0.1992858922195431, "Gold": 0.878567431449359}
