{"FTSE100": -0.033035194809040436, "DJIA": -0.7667039052070755, "GBPUSD": -0.23027781904621175, "Gold": 0.0}
