{"FTSE100": -0.41899808232851943, "DJIA": 0.3817162424390318, "GBPUSD": 0.3962616822429802, "Gold": 1.3963406245700836}
