{"FTSE100": 0.23719377987004134, "DJIA": 0.2850207316383082, "GBPUSD": -0.2387168966803334, "Gold": -0.32893935332959723}
