{"FTSE100": 0.2739380962876679, "DJIA": 0.9686424484211156, "GBPUSD": 0.16480929210484938, "Gold": 0.0389673648319621}
