{"FTSE100": 0.00037379590992198054, "DJIA": 0.09316576400708027, "GBPUSD": 0.019611688566392116, "Gold": 0.40384615384615385}
