{"FTSE100": 0.15575587564744633, "DJIA": 0.0023053111151395194, "GBPUSD": 0.40341718082582695, "Gold": 0.0}
