{"FTSE100": 0.14687955358968924, "DJIA": -0.490648404370982, "GBPUSD": 0.0, "Gold": -0.5145320539563301}
