{"FTSE100": 0.35418074744712125, "DJIA": 0.18980683412380034, "GBPUSD": -0.25602048163852065, "Gold": -0.35110275937097757}
