{"FTSE100": -0.02032375614081268, "DJIA": 0.2961486821397024, "GBPUSD": -0.03126465530717179, "Gold": -0.2591917058654167}
