{"FTSE100": 0.4052249232751819, "DJIA": 0.8469044252918985, "GBPUSD": 0.5776230416205163, "Gold": 0.31501755835570694}
