{"FTSE100": 0.217426469888561, "DJIA": 1.2291647572612365, "GBPUSD": -0.33725548976991293, "Gold": -0.9483793517406935}
