{"FTSE100": -0.19022749056198285, "DJIA": -0.1154119363518417, "GBPUSD": 0.03955070400254446, "Gold": -0.10310607036989693}
