{"FTSE100": -0.6760643380273589, "DJIA": -0.24775165612416652, "GBPUSD": 0.3723121343363062, "Gold": -0.6457385148014123}
