{"FTSE100": 0.07465566908975034, "DJIA": 0.3644906216491603, "GBPUSD": 0.05509208248072918, "Gold": 0.5198534508367164}
