{"FTSE100": 0.8267468958459228, "DJIA": 0.691345975644746, "GBPUSD": 0.16280331808667267, "Gold": -0.113208925245587}
