{"FTSE100": -1.3722930480922864, "DJIA": 0.16675311005516108, "GBPUSD": 0.0611433812289922, "Gold": -0.36675741076829316}
