{"FTSE100": -0.08321533513683022, "DJIA": 0.0, "GBPUSD": 0.23398328690809347, "Gold": 1.14295999640013}
