{"FTSE100": 0.01746779980931603, "DJIA": -0.22722995859992132, "GBPUSD": -0.17979419303011163, "Gold": -0.1343054489639294}
