{"FTSE100": 0.4335509589127163, "DJIA": 0.19660393016077043, "GBPUSD": 0.01571215335061497, "Gold": 0.5390203890321069}
