{"FTSE100": 0.7440360222801333, "DJIA": 1.0031848348753987, "GBPUSD": 0.05671230657053755, "Gold": 0.07200534896877352}
