{"FTSE100": -0.043847881259926155, "DJIA": 0.3095057545104177, "GBPUSD": -0.13506415547385187, "Gold": -0.16967640286025937}
