{"FTSE100": -1.2405487260345316, "DJIA": -0.9450369243999552, "GBPUSD": -0.9544403847587744, "Gold": -1.3291618895862816}
