{"FTSE100": -0.23121672126130377, "DJIA": -0.8275391460364453, "GBPUSD": -0.08071676487207295, "Gold": 0.2339242085564277}
