{"FTSE100": 1.0516209622194193, "DJIA": -0.6116234251628423, "GBPUSD": -0.12902274486673193, "Gold": -1.6202877868949932}
