{"FTSE100": 0.3747924408950806, "DJIA": 0.3126579848380299, "GBPUSD": -0.13913581201206027, "Gold": 0.0}
