{"FTSE100": -0.48533903756498703, "DJIA": -0.8024158270873926, "GBPUSD": -0.039796243234634265, "Gold": 0.5816819481415731}
