{"FTSE100": 0.5713548016162472, "DJIA": 0.0009967500411175508, "GBPUSD": -0.4527402700556027, "Gold": -1.226661411892216}
