{"FTSE100": 0.02483586346216863, "DJIA": 0.12113128996473452, "GBPUSD": 0.803665314706319, "Gold": 0.06397757738240034}
