{"FTSE100": -0.2662976163393204, "DJIA": -0.5890410150138474, "GBPUSD": -0.6649575388559505, "Gold": -0.005027399326335349}
