{"FTSE100": -1.2796921168021325, "DJIA": -0.5080952025665896, "GBPUSD": -0.6231040419775397, "Gold": -0.8928088306909798}
