{"FTSE100": 0.19356528826187983, "DJIA": -0.4172661061907049, "GBPUSD": -0.2644866554460271, "Gold": -0.04516881845900074}
