{"FTSE100": 0.673757097413698, "DJIA": 0.5128147804844863, "GBPUSD": 0.31623200267867757, "Gold": 0.030921459492883375}
