{"FTSE100": -0.14122324720527726, "DJIA": -0.5811700718270236, "GBPUSD": -0.10254907705829518, "Gold": -0.48325129067115985}
