{"FTSE100": 1.87151252444213, "DJIA": 1.4005709452199757, "GBPUSD": 0.24568077349818535, "Gold": 2.73419764919537}
