{"FTSE100": 0.5423412104789638, "DJIA": 0.3612942024034004, "GBPUSD": 0.0, "Gold": -1.2463668160993129}
