{"FTSE100": 0.3168911762798659, "DJIA": 1.7642739747664254e-14, "GBPUSD": 0.15541488192260394, "Gold": -0.011926058437675498}
