{"FTSE100": 0.1718976832758351, "DJIA": 0.5418783057353993, "GBPUSD": -0.01574183392365037, "Gold": 0.0}
