{"FTSE100": -0.0349820732217686, "DJIA": -0.8481457736383144, "GBPUSD": -0.3184459836000321, "Gold": -2.255478809584723}
