{"FTSE100": 0.19825383281616135, "DJIA": 1.09953157571708, "GBPUSD": -0.0037038408829870345, "Gold": 0.0}
