{"FTSE100": -0.1789062142759219, "DJIA": -0.02668236517377775, "GBPUSD": 0.052746590309692025, "Gold": 0.0}
