{"FTSE100": -0.4699391769521416, "DJIA": -0.2183688443959681, "GBPUSD": -0.5705157462345839, "Gold": 0.5983305838032201}
