{"FTSE100": -0.19169303501967352, "DJIA": -0.14221485338697792, "GBPUSD": 0.18394113883558788, "Gold": 1.1124032967588613}
