{"FTSE100": -0.07085912108542672, "DJIA": 0.4262846506250717, "GBPUSD": -0.09399968666770075, "Gold": 0.09358683873510447}
