{"FTSE100": 0.4348557512576999, "DJIA": -0.2206359220029495, "GBPUSD": 0.015881839116967996, "Gold": 0.5499133019569055}
