{"FTSE100": 0.050008415459734744, "DJIA": 0.2765969764780759, "GBPUSD": 0.2983412228012365, "Gold": 1.1788044100255632}
