{"FTSE100": -0.2945680253421935, "DJIA": 0.0, "GBPUSD": -0.5842486562280955, "Gold": -1.2940877949758944}
