{"FTSE100": -0.27231537175414194, "DJIA": 0.08948623650547553, "GBPUSD": -0.47307419380272847, "Gold": -0.802900802900799}
