{"FTSE100": -0.055379929390599617, "DJIA": 0.20444116533965895, "GBPUSD": 0.06323228566115063, "Gold": 1.0440255271593681}
