{"FTSE100": 0.2976284059162717, "DJIA": -0.6952911068033695, "GBPUSD": 0.3377364154908397, "Gold": 0.018802647412755714}
