{"FTSE100": -0.16917430862686303, "DJIA": 0.643382925394808, "GBPUSD": -0.2023963730569905, "Gold": 0.322429663529047}
