{"FTSE100": 0.042857072886411614, "DJIA": 0.044934899278369425, "GBPUSD": 0.8308098454848926, "Gold": 0.9821562453141331}
