{"FTSE100": -0.216343979692132, "DJIA": 0.35905340734430885, "GBPUSD": -0.20219301656426905, "Gold": 1.1102699974766628}
