{"FTSE100": 0.4952491194961733, "DJIA": 1.3889373022485583, "GBPUSD": 0.2062365946213452, "Gold": 0.5228758169934686}
