{"FTSE100": 0.1837998557108593, "DJIA": -1.2634768174566209, "GBPUSD": -0.4752772450596213, "Gold": -0.7926167209554782}
