{"FTSE100": 0.2128865800465088, "DJIA": -0.8377119719489592, "GBPUSD": 0.07649353629619154, "Gold": 0.0}
