{"FTSE100": 1.375082506278445, "DJIA": 0.27351479521347005, "GBPUSD": 0.17311929493232447, "Gold": 0.2082403688829414}
