{"FTSE100": 0.29212711003926106, "DJIA": 1.0014658993795054, "GBPUSD": -0.4034535624949661, "Gold": -0.3633720930232558}
