{"FTSE100": -0.23049847783036334, "DJIA": -0.0025749426324333025, "GBPUSD": -0.30957442840624194, "Gold": -0.4600202804639752}
