{"FTSE100": 0.8267468958459228, "DJIA": 0.691345975644746, "GBPUSD": 0.2978147360278406, "Gold": -0.12415102607171878}
