{"FTSE100": -0.25894691524551466, "DJIA": -1.810305551173148, "GBPUSD": -0.040498947027390805, "Gold": 0.0}
