{"FTSE100": -0.32360414806674664, "DJIA": -0.5523806491666671, "GBPUSD": -0.015581177937050324, "Gold": -0.12459765341085367}
