{"FTSE100": 0.2769784876778955, "DJIA": -0.27362807286722257, "GBPUSD": -0.04762777065395255, "Gold": -0.6749979668735963}
