{"FTSE100": -0.7090404820537541, "DJIA": -0.030182626143536187, "GBPUSD": 0.3399320135972875, "Gold": 1.0145822081629396}
