{"FTSE100": -0.4190547582236219, "DJIA": 0.1371879560273585, "GBPUSD": 0.22038567493114017, "Gold": -0.07895775759967967}
