{"FTSE100": 0.4009313908778216, "DJIA": 0.1430641700827601, "GBPUSD": 0.04523863379325446, "Gold": 0.6506569434840093}
