{"FTSE100": 2.7064117744816962, "DJIA": -0.8428946203931843, "GBPUSD": 0.5169982766724237, "Gold": 1.4283789246732277}
