{"FTSE100": -0.31985001334516205, "DJIA": -0.2020952343388863, "GBPUSD": -0.029601124842740766, "Gold": -0.1237873161182653}
