{"FTSE100": -0.2436133036435679, "DJIA": -0.6116234251628423, "GBPUSD": 0.2585697399527066, "Gold": -0.924604590319906}
