{"FTSE100": -0.13382989995125194, "DJIA": -0.13540311277396835, "GBPUSD": 0.09403651751430843, "Gold": 0.06716610694911816}
