{"FTSE100": 0.476999524444676, "DJIA": 0.59963582018052, "GBPUSD": -0.15861027190332255, "Gold": 0.7226543743397764}
