{"FTSE100": -1.1145347319651486, "DJIA": -0.6526720275650322, "GBPUSD": -0.06834750911299368, "Gold": -0.264213719542034}
