{"FTSE100": 0.6113375535762694, "DJIA": 1.3908810231385735, "GBPUSD": 0.04372540445999527, "Gold": 1.2655104342921633}
