{"FTSE100": 0.23131609383696464, "DJIA": -0.007418914836214681, "GBPUSD": -0.20905363029669016, "Gold": 0.16853932584270592}
