{"FTSE100": 0.1712113899613961, "DJIA": -0.434599829936005, "GBPUSD": 0.27506112469438015, "Gold": 0.3186897414175679}
