{"FTSE100": -0.11543500489966438, "DJIA": -0.25345949478588886, "GBPUSD": -0.09101439682277848, "Gold": -0.37158469945354944}
