{"FTSE100": 0.06434494908262559, "DJIA": -0.34004394023717777, "GBPUSD": -0.018640718786122615, "Gold": 0.0}
