{"FTSE100": 1.0934655884198952, "DJIA": -0.15830066251674343, "GBPUSD": -0.17972387876807286, "Gold": 0.12379842703175396}
