{"FTSE100": -0.8639171521255142, "DJIA": 0.8080346028833523, "GBPUSD": -0.011166114564325934, "Gold": 0.8281820568509943}
