{"FTSE100": -1.277732431323157, "DJIA": -0.7519028174464846, "GBPUSD": -0.7021791767554602, "Gold": -0.5475555555555426}
