{"FTSE100": 0.6397072861862438, "DJIA": 2.6633981662759116, "GBPUSD": -0.2877966735189616, "Gold": -1.3064411954670894}
