{"FTSE100": 0.21710444194798167, "DJIA": -0.31988677401942933, "GBPUSD": 0.05222321695015838, "Gold": -0.07754249925439634}
