{"FTSE100": -0.07355831695371992, "DJIA": 0.2570157105216764, "GBPUSD": 0.16852580049755161, "Gold": -0.4895034315704504}
