{"FTSE100": -0.12759120242329075, "DJIA": -0.13539847915705555, "GBPUSD": 0.02225849532571353, "Gold": 0.21527162213498796}
