{"FTSE100": -0.6756471148821045, "DJIA": 0.0909617133879212, "GBPUSD": 0.003716504998707066, "Gold": 0.2502681444404882}
