{"FTSE100": 0.4837814882638601, "DJIA": 0.21981854186898434, "GBPUSD": -0.44269186414195155, "Gold": -0.28964831506818917}
