{"FTSE100": -0.0037615607322119514, "DJIA": -0.0606378799878433, "GBPUSD": 0.2273261738653212, "Gold": -0.00423764725823837}
