{"FTSE100": 0.12657895703558916, "DJIA": 1.0778702516553311, "GBPUSD": 0.16063642622200053, "Gold": -0.05423394551953206}
