{"FTSE100": -0.4094252285127443, "DJIA": -0.2550589971080233, "GBPUSD": -0.12454334108270149, "Gold": -0.32205240174671745}
