{"FTSE100": -0.8639171521255142, "DJIA": 0.518734233630401, "GBPUSD": 0.037246722288434515, "Gold": 0.7828349125277279}
