{"FTSE100": -0.2031315143373217, "DJIA": -0.02809406082031541, "GBPUSD": -0.08125362739406256, "Gold": 0.26611946519606855}
