{"FTSE100": -0.09395814414220721, "DJIA": -0.5147158267554462, "GBPUSD": 0.5582849486377894, "Gold": -0.07472600464962562}
