{"FTSE100": -0.06944762328261521, "DJIA": 0.46766783006063156, "GBPUSD": 0.04663816556549988, "Gold": 0.0}
