{"FTSE100": -0.8403027841644257, "DJIA": -0.30055321172013205, "GBPUSD": 0.10180906883858225, "Gold": 0.0}
