{"FTSE100": 0.0006309546343755618, "DJIA": -0.5222118125101671, "GBPUSD": -0.3457346862081877, "Gold": 1.1732508932417753}
