{"FTSE100": 0.8954686261796692, "DJIA": 1.0707382911364858, "GBPUSD": 0.10183683476030342, "Gold": 1.3063516771968433}
