{"FTSE100": 0.49605810966428737, "DJIA": 0.474684506835943, "GBPUSD": 0.11429442243218964, "Gold": 0.7078607743449497}
