{"FTSE100": -3.004539675348398, "DJIA": -1.439416085634146, "GBPUSD": -0.7731534791906443, "Gold": 0.7029692582100562}
