{"FTSE100": 0.1222000357776634, "DJIA": 0.1359618973639427, "GBPUSD": -0.06491770725932848, "Gold": 0.0}
