{"FTSE100": 0.07517132300202807, "DJIA": 0.021652394858754358, "GBPUSD": -0.4776689754000482, "Gold": 0.22246941045605537}
