{"FTSE100": 0.2208894445629558, "DJIA": 0.22115950520776653, "GBPUSD": 0.08415576466987061, "Gold": 0.0}
