{"FTSE100": 0.35837223558258635, "DJIA": -0.5915571342052401, "GBPUSD": -0.3040243219457577, "Gold": 0.13351795074671374}
