{"FTSE100": 0.012447143264289017, "DJIA": -0.94575707267771, "GBPUSD": -0.2019597576482852, "Gold": -1.0992554376502315}
