{"FTSE100": 0.34235689652620077, "DJIA": -0.45172350771915354, "GBPUSD": 0.16872890888640632, "Gold": -0.12360515021458915}
