{"FTSE100": 0.3582632944730669, "DJIA": 0.993441695519574, "GBPUSD": -0.15910898965789816, "Gold": 0.9018648731274804}
