{"FTSE100": -0.3118552159927078, "DJIA": 0.2014126811801529, "GBPUSD": -0.36515007668150834, "Gold": 0.0}
