{"FTSE100": -0.5465406983313196, "DJIA": 0.15944645647302655, "GBPUSD": 0.17507802390195393, "Gold": 0.0}
