{"FTSE100": 1.0266907511205368, "DJIA": 0.2103974986793637, "GBPUSD": 0.27146628983675974, "Gold": -0.367162249515186}
