{"FTSE100": -0.1628370685504538, "DJIA": -0.5064832108151335, "GBPUSD": 0.10224144710971914, "Gold": -0.753390256152687}
