{"FTSE100": -0.46118648294707143, "DJIA": -0.002555440510018795, "GBPUSD": 0.6102393406245078, "Gold": -0.18825301204819278}
