{"FTSE100": 0.8408909876752747, "DJIA": 0.0, "GBPUSD": -0.42566364832443776, "Gold": -2.027906976744186}
