{"FTSE100": -0.685517848421258, "DJIA": 0.33350699889492147, "GBPUSD": -0.34862530702796607, "Gold": -0.2783792143519997}
