{"FTSE100": 0.16279161833105035, "DJIA": -0.5516723226797722, "GBPUSD": -0.10188886276354564, "Gold": 0.11802330008375499}
