{"FTSE100": 0.19397301092543792, "DJIA": -0.06674616616787857, "GBPUSD": 0.01875961430233621, "Gold": 0.0}
