{"FTSE100": -0.1874768687520255, "DJIA": 0.596068610129017, "GBPUSD": -0.34384589788145237, "Gold": 0.8994331116368384}
