{"FTSE100": 0.5580427594043154, "DJIA": 0.039785602364751205, "GBPUSD": 0.08699090549625156, "Gold": 0.2978760145052707}
