{"FTSE100": 0.5088209326391392, "DJIA": -0.22919506012417706, "GBPUSD": -0.14165420634294498, "Gold": -0.17823930564165796}
