{"FTSE100": -0.05802586594457366, "DJIA": 0.45454836168586543, "GBPUSD": 0.16484810424680044, "Gold": 0.0}
