{"FTSE100": 0.2926902252686091, "DJIA": -0.25356686957805585, "GBPUSD": 0.45716087333489436, "Gold": 0.3755497356327586}
