{"FTSE100": -0.2594963803612494, "DJIA": -0.03202333735908077, "GBPUSD": 0.3150350476490512, "Gold": 0.2912205567451898}
