{"FTSE100": 0.6419007344073131, "DJIA": 0.32945334552794114, "GBPUSD": 0.27049180327869515, "Gold": 1.334740174096554}
