{"FTSE100": -1.2492133417243516, "DJIA": -0.40757445455794017, "GBPUSD": 0.4291150514128477, "Gold": 0.67890757599135}
