{"FTSE100": 0.29392886726255385, "DJIA": -0.3288633778312686, "GBPUSD": -0.6358125092414565, "Gold": 0.0}
