{"FTSE100": 0.1681839874828593, "DJIA": -0.4091173785115344, "GBPUSD": -0.09408753904631, "Gold": -0.5136280133468233}
