{"FTSE100": -0.34761269359588753, "DJIA": 0.0, "GBPUSD": -0.18558614290132674, "Gold": 0.434782608695656}
