{"FTSE100": 0.559726998348961, "DJIA": 2.1208611690249506, "GBPUSD": -0.40167095115682155, "Gold": -0.6043843474697784}
