{"FTSE100": 0.3496871134987271, "DJIA": 0.4029595356611934, "GBPUSD": 0.1884631018809395, "Gold": -0.2991546821824594}
