{"FTSE100": -0.7842450681897446, "DJIA": -1.5270081147355825, "GBPUSD": -0.04725525714735244, "Gold": 1.5503211991434807}
