{"FTSE100": 1.4948938857708116, "DJIA": 0.0, "GBPUSD": -0.48198676578711025, "Gold": -0.7609962132245882}
