{"FTSE100": -0.3740003094439075, "DJIA": -2.2174597201382653, "GBPUSD": -0.49656542249441404, "Gold": -1.696128641445011}
