{"FTSE100": -0.38210132744912456, "DJIA": -0.4562469501016552, "GBPUSD": 0.07115305396397456, "Gold": 0.018050541516256433}
