{"FTSE100": -0.10407454541533097, "DJIA": 0.1664131657039827, "GBPUSD": -0.20326855841937935, "Gold": 0.03559080740287869}
