{"FTSE100": -0.21792585306890816, "DJIA": 0.09478451884629477, "GBPUSD": 0.3079109426811773, "Gold": 0.9243697478991597}
