{"FTSE100": 0.11190694515982841, "DJIA": 0.3680293300623806, "GBPUSD": 0.07106759317752076, "Gold": 0.3821656050955539}
