{"FTSE100": 0.28397894651545813, "DJIA": 0.12941582381601738, "GBPUSD": 0.07837604827965451, "Gold": -0.004111673039756139}
