{"FTSE100": -0.32360414806674664, "DJIA": 0.23925292713397106, "GBPUSD": 0.8006279434850853, "Gold": 0.9482894116414384}
