{"FTSE100": -0.1011209247797262, "DJIA": 0.5082880503843484, "GBPUSD": 0.9835259404966815, "Gold": 0.17123287671232187}
