{"FTSE100": -0.1950681316681412, "DJIA": 0.08337352620218463, "GBPUSD": -0.327161870771058, "Gold": -0.33253169442713315}
