{"FTSE100": 0.8527898507212931, "DJIA": -0.13071854331415794, "GBPUSD": 0.04030307915524302, "Gold": 0.0}
