{"FTSE100": 0.30495832501042985, "DJIA": 1.0471000058129012, "GBPUSD": 0.21448117742769784, "Gold": -0.4153248863875818}
