{"FTSE100": 0.19397301092543792, "DJIA": -0.06674616616787857, "GBPUSD": -0.22842164388691233, "Gold": 0.18336389398232605}
