{"FTSE100": 0.1716878205554294, "DJIA": -0.06286030518796773, "GBPUSD": -0.1166685484174431, "Gold": -1.0235069171071938}
