{"FTSE100": 0.9531031591651491, "DJIA": 0.4658403495534576, "GBPUSD": 0.03992015968063432, "Gold": 0.1263902932254803}
