{"FTSE100": -0.020458237961189975, "DJIA": -0.20337129924703878, "GBPUSD": 0.10409993593848949, "Gold": 0.0}
