{"FTSE100": 0.024039301610618565, "DJIA": 0.03108476720504899, "GBPUSD": -0.3412713294580952, "Gold": 0.3212773207418541}
