{"FTSE100": 0.04683969220837027, "DJIA": -0.3164152370158927, "GBPUSD": -0.40786058583611867, "Gold": -0.09304430920887875}
