{"FTSE100": 0.5363001229414819, "DJIA": 1.167011821649671, "GBPUSD": 0.18997274304121323, "Gold": 0.0}
