{"FTSE100": -0.7648394172469517, "DJIA": -0.3551872632563475, "GBPUSD": 0.07058823529412729, "Gold": 1.0582010582010684}
