{"FTSE100": 0.01849160248486134, "DJIA": -0.05452120254254874, "GBPUSD": 0.0943173779768993, "Gold": 0.5479053529868203}
