{"FTSE100": -0.67271404153059, "DJIA": 0.7722443186353741, "GBPUSD": -0.11062821019360472, "Gold": 0.008496898631991592}
