{"FTSE100": -0.32056748076653796, "DJIA": 0.08524701629661285, "GBPUSD": 0.045984058859607296, "Gold": 0.30217046836421924}
