{"FTSE100": -0.5554376631644343, "DJIA": 0.03631263072368768, "GBPUSD": -0.043991201759652106, "Gold": 0.48993133245890813}
