{"FTSE100": 0.4117236484506169, "DJIA": 0.32550970857382805, "GBPUSD": -0.034747693139265776, "Gold": -0.0995571423667167}
