{"FTSE100": 0.1760752086730576, "DJIA": 1.4299348501031526, "GBPUSD": -0.018987582121299015, "Gold": 0.3961352657004963}
