{"FTSE100": 0.3118604424520036, "DJIA": 0.0, "GBPUSD": 0.023176761433866423, "Gold": -0.2561434403265865}
