{"FTSE100": -0.21820760514154025, "DJIA": -0.01416725966909566, "GBPUSD": -0.28244155029027346, "Gold": 0.313692685732211}
