{"FTSE100": 0.16984165000875118, "DJIA": 0.1535585494132657, "GBPUSD": 0.6253767329716676, "Gold": 1.5430546825895777}
