{"FTSE100": 0.28719720056948944, "DJIA": 0.1280997537870129, "GBPUSD": -0.056501735410456444, "Gold": -0.0364185005983063}
