{"FTSE100": 0.1932571230181139, "DJIA": 0.9651360103565871, "GBPUSD": 0.00765755417719496, "Gold": 1.3126764863008331}
