{"FTSE100": 0.30789164696815824, "DJIA": -0.05452120254254874, "GBPUSD": 0.18077497445570767, "Gold": 0.5479053529868203}
