{"FTSE100": -1.255400288015368, "DJIA": 0.20675746178584817, "GBPUSD": -0.4802604802604815, "Gold": -0.4162905005517194}
