{"FTSE100": -1.0072397232945005, "DJIA": 0.04053127880320813, "GBPUSD": -0.014958863126400747, "Gold": -0.17829369143811966}
