{"FTSE100": -0.049291435613065086, "DJIA": 0.27325301549328884, "GBPUSD": 0.04021232105516687, "Gold": 0.0}
