{"FTSE100": 0.19550649779000542, "DJIA": -0.028891600975112, "GBPUSD": 0.20550110654441475, "Gold": 1.1107775442809809}
