{"FTSE100": 0.8864493212716645, "DJIA": 1.3377006701936247, "GBPUSD": 0.19885459751829038, "Gold": -2.133789062499991}
