{"FTSE100": -0.8116900403582253, "DJIA": -0.5967345759283498, "GBPUSD": 0.11616329239960735, "Gold": 0.15388843088761647}
