{"FTSE100": 0.614188124014719, "DJIA": 0.006482020656175377, "GBPUSD": -0.19091827948937448, "Gold": 1.6689743843339049}
