{"FTSE100": -0.1102145711264015, "DJIA": 0.7724447776295207, "GBPUSD": 0.5360662199448277, "Gold": 0.3466119898457288}
