{"FTSE100": -0.5928423738757361, "DJIA": -0.28622945825406426, "GBPUSD": -0.24431776116086906, "Gold": -0.033342426722450476}
