{"FTSE100": 0.04017982521776105, "DJIA": -0.2306852536110123, "GBPUSD": 0.003801269624062456, "Gold": -0.09496913503111942}
