{"FTSE100": -0.216343979692132, "DJIA": 0.5017275560169973, "GBPUSD": 0.015583606046437428, "Gold": 1.2869038607115781}
