{"FTSE100": 0.02269153028795254, "DJIA": -0.9426621907096439, "GBPUSD": -0.3439521742691001, "Gold": -0.6000208702911405}
