{"FTSE100": 1.377782580505727, "DJIA": 2.6632409764527014, "GBPUSD": -0.12002100367563003, "Gold": -2.861091507880504}
