{"FTSE100": -1.3783564086427538, "DJIA": -0.15277998533845463, "GBPUSD": 0.43721156181686266, "Gold": 0.7354832073239702}
