{"FTSE100": 0.07576822922980686, "DJIA": -0.613484191855639, "GBPUSD": 0.09259973763408363, "Gold": -0.4049764675836371}
