{"FTSE100": 0.1219753730514176, "DJIA": -0.004678195518288035, "GBPUSD": -0.054815974941262564, "Gold": 1.238137603795953}
