{"FTSE100": -0.22643010562291407, "DJIA": -0.22419281713781605, "GBPUSD": 0.047166103293778475, "Gold": 0.0043380183931940415}
