{"FTSE100": -0.09199686617126848, "DJIA": 0.16635361271460578, "GBPUSD": 0.023609034390490825, "Gold": -0.02890531444853916}
