{"FTSE100": -0.22555326293644234, "DJIA": -0.44209799500421065, "GBPUSD": 0.1609787508048939, "Gold": -0.9763873667430462}
