{"FTSE100": 0.007878409874286448, "DJIA": -0.06378748599433778, "GBPUSD": -0.2509039923252784, "Gold": 0.0}
