{"FTSE100": -0.3740003094439075, "DJIA": -1.0456165539326052, "GBPUSD": -0.04151789421241941, "Gold": 0.0}
