{"FTSE100": -0.37863655867117585, "DJIA": 0.3515022010181188, "GBPUSD": -0.03820877273421557, "Gold": -0.29590327024131186}
