{"FTSE100": 0.32255976667912795, "DJIA": 0.5595277945542727, "GBPUSD": 0.639437295180242, "Gold": 0.3631156344294946}
