{"FTSE100": -1.567755064634735, "DJIA": -0.6532618070496287, "GBPUSD": -0.04821600771455593, "Gold": 0.667850198664288}
