{"FTSE100": 0.551051098421513, "DJIA": 2.1208611690249506, "GBPUSD": -0.3213367609254501, "Gold": -0.5941405449702882}
