{"FTSE100": -0.13061233123181587, "DJIA": 0.9434026833120237, "GBPUSD": 0.12550988390334356, "Gold": -0.3866776654980408}
