{"FTSE100": -0.7266862877654773, "DJIA": -1.9139007114799262, "GBPUSD": -0.0894187779433748, "Gold": 0.04230501918835074}
