{"FTSE100": -0.27860997009451965, "DJIA": 0.21387445308781902, "GBPUSD": 0.3590521024495291, "Gold": 0.09541026413578843}
