{"FTSE100": -0.37778329691120693, "DJIA": -1.2634768174566209, "GBPUSD": -0.4752772450596213, "Gold": -1.2812160694896801}
