{"FTSE100": 0.30216709241602574, "DJIA": 0.40023947307733043, "GBPUSD": 0.1421913263290958, "Gold": 0.20795167599148612}
