{"FTSE100": -1.2758075397650364, "DJIA": 1.198721583951809, "GBPUSD": 0.02454790933640365, "Gold": -1.4662457998167169}
