{"FTSE100": -0.7372395799189793, "DJIA": -0.10753075007499042, "GBPUSD": 0.08116224332441457, "Gold": 0.0}
