{"FTSE100": 0.31820085091318273, "DJIA": 0.3195824146598572, "GBPUSD": 0.6953880585085068, "Gold": -0.7671457065411956}
