{"FTSE100": 0.3722565400313323, "DJIA": 0.18028655443115482, "GBPUSD": -0.3040243219457577, "Gold": 0.08406685787756134}
