{"FTSE100": 0.6002669867399996, "DJIA": 1.237817360522537, "GBPUSD": -0.4164664424155128, "Gold": 0.0}
