{"FTSE100": 0.3409952682567313, "DJIA": -0.1941338524261538, "GBPUSD": -0.05573692172943092, "Gold": 0.0}
