{"FTSE100": 0.9832992324709422, "DJIA": 0.0, "GBPUSD": 0.11084718923197512, "Gold": 0.0}
