{"FTSE100": -0.5964769240671847, "DJIA": 0.0044388038020055825, "GBPUSD": 0.1820816766378108, "Gold": 0.0681723872191648}
