{"FTSE100": -0.8418542716559945, "DJIA": -0.5169346533361571, "GBPUSD": 0.09428773473716254, "Gold": 0.0}
