{"FTSE100": 0.3735818895240006, "DJIA": -0.45391563353623593, "GBPUSD": 0.022341376228773233, "Gold": 0.0}
