{"FTSE100": -0.08752864880004955, "DJIA": -0.5738126324801933, "GBPUSD": -0.3278688524590335, "Gold": -0.026067462593191176}
