{"FTSE100": 0.42893867938660274, "DJIA": 1.0691526357570553, "GBPUSD": -0.06443543190691108, "Gold": 0.9596161535385845}
