{"FTSE100": 0.06973686763821241, "DJIA": 0.25122059726733825, "GBPUSD": -0.26289180990899697, "Gold": 0.12760367798836897}
