{"FTSE100": -0.15930586856810683, "DJIA": 0.0688295031508904, "GBPUSD": 0.0, "Gold": -1.1408147277712473}
