{"FTSE100": 0.8664347231367088, "DJIA": 0.7434133897744631, "GBPUSD": -0.003738178012028221, "Gold": 1.1176340546780967}
