{"FTSE100": -0.5799948414197033, "DJIA": 0.7844244525698305, "GBPUSD": 0.904159132007234, "Gold": 1.6499057196731615}
