{"FTSE100": 1.0923464854115446, "DJIA": 1.07484345802904, "GBPUSD": -0.3048083517488382, "Gold": 0.7005677014132362}
