{"FTSE100": 0.7546856858517086, "DJIA": 0.4039825866858529, "GBPUSD": 0.4163664024341317, "Gold": -0.3040685224839361}
