{"FTSE100": 0.007572476571816424, "DJIA": 0.03159185761286059, "GBPUSD": 0.06303679773066834, "Gold": 0.24977884165061948}
