{"FTSE100": 0.7440360222801333, "DJIA": 1.0031848348753987, "GBPUSD": 0.12144765606024263, "Gold": -0.07200534896878522}
