{"FTSE100": 0.8538398860297982, "DJIA": 0.6679126218229057, "GBPUSD": 0.520259750123421, "Gold": 0.4975845410628107}
