{"FTSE100": 0.07517132300202807, "DJIA": 1.4005709452199757, "GBPUSD": 0.15850372483753383, "Gold": 2.461786813297682}
