{"FTSE100": 1.6720032132859717, "DJIA": -0.6243731483607998, "GBPUSD": -0.6965396506127292, "Gold": 0.4762457892902776}
