{"FTSE100": 0.9404194125741158, "DJIA": -0.2683441114206481, "GBPUSD": 0.16839426711073496, "Gold": 1.9913902567437882}
