{"FTSE100": -1.2986147131886854, "DJIA": -0.8585878386325305, "GBPUSD": 0.09882236679567385, "Gold": 0.7010770168664882}
