{"FTSE100": -0.9263957569978677, "DJIA": 0.20008700902402662, "GBPUSD": -0.054785943492206536, "Gold": 0.4173751739063295}
