{"FTSE100": 0.06368168732532757, "DJIA": 0.4426726906979775, "GBPUSD": -0.21606914212547412, "Gold": -0.09076763485476785}
