{"FTSE100": -1.0421998718001886, "DJIA": -0.27556613968992016, "GBPUSD": -0.26906549937753216, "Gold": -0.28229648188009454}
