{"FTSE100": 1.21748511704992, "DJIA": 0.30623296387359294, "GBPUSD": 0.04982179128502199, "Gold": 1.8113094514716168e-14}
