{"FTSE100": 0.39417290713389247, "DJIA": 0.0, "GBPUSD": -0.2897224763647473, "Gold": -0.25701111195102355}
