{"FTSE100": 0.40577205238434877, "DJIA": 0.4386597502325108, "GBPUSD": 0.030522701259058066, "Gold": 0.0}
