{"FTSE100": -0.47868872072503477, "DJIA": -0.8167823622888604, "GBPUSD": -0.47516860821581725, "Gold": 0.33165051405829676}
