{"FTSE100": -0.3640829184904932, "DJIA": -1.9139007114799262, "GBPUSD": -0.014903129657226375, "Gold": 0.5650741848729284}
