{"FTSE100": -1.0143036312711065, "DJIA": -0.2748976099997544, "GBPUSD": -0.056369785794807774, "Gold": 1.05606856793021}
