{"FTSE100": 0.22841362554835357, "DJIA": -0.4189773243668167, "GBPUSD": -0.4181072605933803, "Gold": 0.0}
