{"FTSE100": 0.0008525927955873324, "DJIA": -0.3557943102279252, "GBPUSD": 0.1801942964588053, "Gold": 0.0649772579597104}
