{"FTSE100": 0.5091225431496499, "DJIA": 0.0, "GBPUSD": -0.26756905642559764, "Gold": 1.051644119680061}
