{"FTSE100": 0.8321385330073924, "DJIA": 0.25122059726733825, "GBPUSD": -0.4651162790697611, "Gold": 0.7693751172827923}
