{"FTSE100": 0.5385704132522795, "DJIA": 0.653818744378335, "GBPUSD": -0.01571091908876496, "Gold": -0.7768150582611216}
