{"FTSE100": 0.27566322582812186, "DJIA": -0.09081750954431816, "GBPUSD": -0.40399239543725307, "Gold": 0.1428219650332475}
