{"FTSE100": 0.5775987245589498, "DJIA": 0.7653179072071321, "GBPUSD": 0.39376538146020634, "Gold": 0.8367279533193903}
