{"FTSE100": 0.06173515884108797, "DJIA": 0.2530545291969588, "GBPUSD": 0.542567621479288, "Gold": 0.09541026413578843}
