{"FTSE100": 1.0259769748947516, "DJIA": 0.1394940882996657, "GBPUSD": -0.3222428099573031, "Gold": -1.143197972066206}
