{"FTSE100": -0.6323812916222546, "DJIA": -0.15271769722671216, "GBPUSD": 0.6838386140870845, "Gold": 0.41726787037397406}
