{"FTSE100": 0.34025862276063584, "DJIA": 0.2010829220459061, "GBPUSD": -0.014811523365176476, "Gold": -0.2971456013446616}
