{"FTSE100": 0.260212456410624, "DJIA": -0.6042097229734193, "GBPUSD": -0.015936254980077925, "Gold": 0.6930471719204113}
