{"FTSE100": -0.29642104906816136, "DJIA": -0.03706468446607502, "GBPUSD": 0.11191524285608123, "Gold": 1.2401541813306343}
