{"FTSE100": 0.5294262352003659, "DJIA": 0.21786728993074392, "GBPUSD": 0.15829504652330853, "Gold": 0.8307871880256882}
