{"FTSE100": 0.0007250229590542158, "DJIA": -1.9953385384532358, "GBPUSD": 0.7823078080336967, "Gold": 3.2610995254933988}
