{"FTSE100": -0.2945993751583535, "DJIA": 0.5606549598280448, "GBPUSD": -0.21304490331040293, "Gold": -1.052242938896068}
