{"FTSE100": 0.21556475250232715, "DJIA": 0.5691257684465376, "GBPUSD": -0.11374894507026312, "Gold": -0.3938291053289152}
