{"FTSE100": -0.7560343846819436, "DJIA": -0.23783913061918874, "GBPUSD": -0.2975957396820444, "Gold": -0.9827755650959499}
