{"FTSE100": 0.06697131590441326, "DJIA": 0.0, "GBPUSD": -0.2584178655455504, "Gold": 0.09186485658874546}
