{"FTSE100": 0.32885474608057497, "DJIA": 0.5595201484329968, "GBPUSD": 0.3854322347203574, "Gold": 0.5279503105590085}
