{"FTSE100": -0.527024830153591, "DJIA": 0.21991704279377303, "GBPUSD": 0.4311059525783345, "Gold": -0.20363236103466253}
