{"FTSE100": -0.5067991732823343, "DJIA": -1.2115235026794196, "GBPUSD": -0.10204882643850215, "Gold": 1.227926078028751}
