{"FTSE100": -0.09391428029818426, "DJIA": -0.6991176859152085, "GBPUSD": -0.4973945997157723, "Gold": 0.3115022194533136}
