{"FTSE100": 1.2588475477464585, "DJIA": 0.6707738238767136, "GBPUSD": 0.32098765432098886, "Gold": 0.4901960784313633}
