{"FTSE100": 0.16279161833105035, "DJIA": -0.3959431324093621, "GBPUSD": 0.36999134062820976, "Gold": -0.8742181023438019}
