{"FTSE100": 0.4655054292799085, "DJIA": 0.20315749627711183, "GBPUSD": 0.015643332029737975, "Gold": 0.7476317913427791}
