{"FTSE100": 0.6845226633804379, "DJIA": 0.6566278289460488, "GBPUSD": -0.039277297721929845, "Gold": 1.149546509175277}
