{"FTSE100": 0.23693775208183124, "DJIA": 0.5484968718886152, "GBPUSD": 0.37657239003286186, "Gold": 1.4670048237107762}
