{"FTSE100": 0.3544380456532564, "DJIA": 1.0336323300343413, "GBPUSD": 0.2875258035977598, "Gold": -1.2590347400326496}
