{"FTSE100": 0.1718976832758351, "DJIA": 0.5418783057353993, "GBPUSD": -0.11806375442737779, "Gold": 0.08917071237491105}
