{"FTSE100": 0.6903879351365575, "DJIA": -0.1632518963341318, "GBPUSD": -0.2368507023848336, "Gold": 0.7741935483870968}
