{"FTSE100": -0.11109815636026846, "DJIA": 0.07691069257278817, "GBPUSD": 0.06293761309101659, "Gold": 0.2709603459955211}
