{"FTSE100": -0.5995182442679883, "DJIA": -0.8377119719489592, "GBPUSD": -0.15298707259234912, "Gold": -0.5891778626895017}
