{"FTSE100": 0.070686339659038, "DJIA": -0.16821893447834443, "GBPUSD": -0.07212116355476407, "Gold": -1.141396320167062}
