{"FTSE100": -0.09568705841170412, "DJIA": -0.0460441207706328, "GBPUSD": 0.6856540084388099, "Gold": 1.5430546825895777}
