{"FTSE100": -1.5653077399545794, "DJIA": -0.9668165209615976, "GBPUSD": 0.13406940063091757, "Gold": -0.8164974353606268}
