{"FTSE100": -1.8224776003605432, "DJIA": 0.16923231441487935, "GBPUSD": 0.05634256278172448, "Gold": -0.2593274217835148}
