{"FTSE100": -0.47958234109780495, "DJIA": -0.8819633339375277, "GBPUSD": -0.6257822277847315, "Gold": -0.5275407292474693}
