{"FTSE100": -0.9684951457579954, "DJIA": 0.10744100074232571, "GBPUSD": -0.6266645777847413, "Gold": 0.2807605162053022}
