{"FTSE100": -0.0998114383648111, "DJIA": 0.3030015272935508, "GBPUSD": 0.21328698949363492, "Gold": 0.3317324355102265}
