{"FTSE100": -0.8061405330751009, "DJIA": -0.6658205172368361, "GBPUSD": -0.008259002312519737, "Gold": -0.18648253616249408}
