{"FTSE100": 0.2828570335931999, "DJIA": 0.6371912635725749, "GBPUSD": -0.2633311389071833, "Gold": -0.372758412250648}
