{"FTSE100": -0.3308386514108104, "DJIA": 0.8194790170702327, "GBPUSD": -0.2283464566929057, "Gold": -0.10140028971510907}
