{"FTSE100": -0.10407454541533097, "DJIA": 0.1664131657039827, "GBPUSD": -0.18700707374583045, "Gold": 0.0254220052877771}
