{"FTSE100": 0.415146802454795, "DJIA": -0.7437605886963166, "GBPUSD": -0.6706528765352273, "Gold": -0.4876024483867668}
