{"FTSE100": -0.33957821156201595, "DJIA": 0.1844860347834945, "GBPUSD": 0.10481395522945615, "Gold": 0.9023668639053254}
