{"FTSE100": -0.4882997300398188, "DJIA": -0.2751883081939169, "GBPUSD": -0.1410768869033642, "Gold": 0.25888981953855655}
