{"FTSE100": -0.26576547766976594, "DJIA": 1.1420242096903337, "GBPUSD": 0.1085860544481382, "Gold": -0.07889411038315719}
