{"FTSE100": -1.0651665879167873, "DJIA": -0.7580271592361629, "GBPUSD": -0.14529017676971698, "Gold": 0.0}
