{"FTSE100": 0.05956088800342185, "DJIA": 0.37807501232447527, "GBPUSD": 0.2752437873545186, "Gold": -0.798080689385035}
