{"FTSE100": -0.3839749136389659, "DJIA": 0.6269817497354713, "GBPUSD": -0.22943037974682773, "Gold": -0.2613149367617853}
