{"FTSE100": 0.28345774933403833, "DJIA": -0.4457888358008879, "GBPUSD": -0.48526452834654027, "Gold": -1.5319761464116737}
