{"FTSE100": -0.5400281198074273, "DJIA": -1.0727910903334492, "GBPUSD": -0.16548072149594586, "Gold": 0.049180327868857426}
