{"FTSE100": 0.06576542147350134, "DJIA": 1.045956616328452, "GBPUSD": -0.11208249271464221, "Gold": 0.5719187875321704}
