{"FTSE100": 0.33566845637231363, "DJIA": 1.2617376505069284, "GBPUSD": 0.9556907037358818, "Gold": 0.12274331304658433}
