{"FTSE100": 0.7518347382514449, "DJIA": -0.19576191043155447, "GBPUSD": -0.0779654724336197, "Gold": -1.0892199263174838}
