{"FTSE100": 2.138190457335182, "DJIA": 0.64455989539423, "GBPUSD": -0.5365150544522862, "Gold": -0.20428474150123568}
