{"FTSE100": 0.5423412104789638, "DJIA": 0.22310588420312258, "GBPUSD": -0.3256552819698167, "Gold": -1.4680526134292307}
