{"FTSE100": -1.2087847501126532, "DJIA": -0.6005744960082198, "GBPUSD": 0.0, "Gold": 0.3011922192010154}
