{"FTSE100": 0.30929736472335273, "DJIA": -0.0606378799878433, "GBPUSD": 0.101904836560326, "Gold": -0.00423764725823837}
