{"FTSE100": 0.3131765446033916, "DJIA": -0.014415536874016203, "GBPUSD": 0.06441742491344987, "Gold": 0.16648955012399125}
