{"FTSE100": 0.03807434955202505, "DJIA": 0.34287367479071457, "GBPUSD": -0.2676111767020738, "Gold": 0.4656692757356516}
