{"FTSE100": -0.09582925828942755, "DJIA": -0.59207244905334, "GBPUSD": -0.14460154241645434, "Gold": 0.48658061872567093}
