{"FTSE100": 0.06749726942864336, "DJIA": 0.7257601448939694, "GBPUSD": -0.03180408682515353, "Gold": 0.0}
