{"FTSE100": -0.010753142877848138, "DJIA": -0.4091173785115344, "GBPUSD": -0.0037635015618443773, "Gold": -0.5136280133468233}
