{"FTSE100": -0.10163533197056586, "DJIA": -0.28001073244478997, "GBPUSD": 0.07639419404127124, "Gold": 0.4726890756302521}
