{"FTSE100": 0.5794732835399771, "DJIA": 0.17459712995045848, "GBPUSD": -0.254169976171572, "Gold": 0.1576432336568326}
