{"FTSE100": -0.010747745239589608, "DJIA": 0.19542928964835954, "GBPUSD": -0.44000942877347754, "Gold": -0.2128939695469229}
