{"FTSE100": -0.04132988657675845, "DJIA": 0.5789231921862223, "GBPUSD": -0.2745744096650238, "Gold": 0.45396230139149535}
