{"FTSE100": 0.7617483812514798, "DJIA": -0.44721173462843405, "GBPUSD": 0.13337517652597167, "Gold": 0.22348110805051474}
