{"FTSE100": -0.586920262125139, "DJIA": 0.3980259129540328, "GBPUSD": -0.06731991921608953, "Gold": -0.7269742627660118}
