{"FTSE100": -0.40620573300505325, "DJIA": -0.1558911315197585, "GBPUSD": -0.01515840533574018, "Gold": -0.4716271135417235}
