{"FTSE100": 0.0011689085900513608, "DJIA": 2.127325533372524, "GBPUSD": 0.21501819384716636, "Gold": 0.7670850767085052}
