{"FTSE100": 0.6431504282865674, "DJIA": 0.5878335099737697, "GBPUSD": -0.3383961595970876, "Gold": 0.44435667028735065}
