{"FTSE100": 0.30075032688850145, "DJIA": 0.33712054268539654, "GBPUSD": -0.16143352974412797, "Gold": -0.0364185005983063}
