{"FTSE100": 0.17485601869641446, "DJIA": 1.5083119312081201, "GBPUSD": -0.07064918753433558, "Gold": 0.06887941796891424}
