{"FTSE100": -0.061654754005544335, "DJIA": -0.5784810709515997, "GBPUSD": -0.07793075295951277, "Gold": -0.4309690734164866}
