{"FTSE100": -0.1316802262617429, "DJIA": -0.21643089373828905, "GBPUSD": 0.48193671311690267, "Gold": -0.00900955012313598}
