{"FTSE100": -0.8115708717146358, "DJIA": 0.9113407318396413, "GBPUSD": -0.20569620253164048, "Gold": 1.62530583711988}
