{"FTSE100": -0.06889807798538064, "DJIA": 0.7227088649545987, "GBPUSD": 0.5563176345069413, "Gold": 1.762791607111153e-14}
