{"FTSE100": 0.07630560460084744, "DJIA": -1.037809090216601, "GBPUSD": 0.1260835303388356, "Gold": 0.533597771166819}
