{"FTSE100": 1.3967341975167176, "DJIA": 0.9837744447043659, "GBPUSD": 0.28940338379342806, "Gold": 1.4674821790020403}
