{"FTSE100": -1.1960597563655975, "DJIA": 0.0743451223590785, "GBPUSD": 0.1971608832807529, "Gold": -0.38207892808541577}
