{"FTSE100": 0.4963569576665214, "DJIA": 0.0, "GBPUSD": -0.1675169420543653, "Gold": -0.17354022049815554}
