{"FTSE100": 0.1713389479788594, "DJIA": -0.5412225972964565, "GBPUSD": 0.18870891649630112, "Gold": 0.0}
