{"FTSE100": 0.49785611587956313, "DJIA": 0.17426160238557814, "GBPUSD": -0.19090041361755947, "Gold": 0.74870609517109}
