{"FTSE100": 0.7756373254847775, "DJIA": 0.6814109996095004, "GBPUSD": -0.4819848293299616, "Gold": 0.0}
