{"FTSE100": -0.009417470585132067, "DJIA": 0.3497367967820414, "GBPUSD": -0.04876036157683803, "Gold": -2.26928895612708}
