{"FTSE100": -0.2945993751583535, "DJIA": 0.8552295089589758, "GBPUSD": -0.24582104228122856, "Gold": -1.052242938896068}
