{"FTSE100": -0.26827870618889776, "DJIA": 1.3197225737131233, "GBPUSD": 0.3624615869513779, "Gold": 0.8073624764693654}
