{"FTSE100": -2.1714301070934328, "DJIA": -1.068517153202919, "GBPUSD": 0.03139717425431365, "Gold": 0.24624089694556742}
