{"FTSE100": 0.19042809153229104, "DJIA": 0.7334687251805754, "GBPUSD": 0.559279973332358, "Gold": 0.3404102839738449}
