{"FTSE100": -0.46215580832442377, "DJIA": 0.07411814880035386, "GBPUSD": -0.3931435760339592, "Gold": -0.1645836547857864}
