{"FTSE100": -0.049291435613065086, "DJIA": 0.2603856400089543, "GBPUSD": 0.18512556342564318, "Gold": -1.175273467311112}
