{"FTSE100": 0.11993463562357833, "DJIA": 0.3853179154728225, "GBPUSD": -0.05816368923971108, "Gold": 0.1195392306020455}
