{"FTSE100": 0.18119602243844968, "DJIA": 0.8146996493534732, "GBPUSD": -0.20979585249737234, "Gold": -0.5917774086378784}
