{"FTSE100": -0.15155355323253056, "DJIA": 0.13555485155827454, "GBPUSD": -0.7388194608189776, "Gold": 0.16970519782777346}
