{"FTSE100": -0.6466332627228517, "DJIA": -1.6099292133409195, "GBPUSD": -0.20961221739782418, "Gold": 0.3751011786073875}
