{"FTSE100": 0.5328805607469067, "DJIA": 0.2681144795801062, "GBPUSD": 0.5123354614960156, "Gold": -0.20259919948608535}
