{"FTSE100": 0.28004528391824296, "DJIA": 0.6979597834872301, "GBPUSD": -0.06016847172081167, "Gold": -1.5052936653457174}
