{"FTSE100": 1.058616212390936, "DJIA": 1.229352249857853, "GBPUSD": -0.20309442044236242, "Gold": 0.5634564673533322}
