{"FTSE100": 0.0, "DJIA": 0.6211655801358724, "GBPUSD": -0.21244083336439337, "Gold": -0.26962252846014895}
