{"FTSE100": 0.6924710064625237, "DJIA": 0.7733764292780528, "GBPUSD": 0.12374195677279612, "Gold": 0.7591754650578248}
