{"FTSE100": 0.10860755565730593, "DJIA": 0.02036045563376305, "GBPUSD": 0.25991385712164405, "Gold": 1.4844069181533432}
