{"FTSE100": 0.32562319069819595, "DJIA": -1.0836312961629802, "GBPUSD": -0.09524565441700673, "Gold": 0.0}
