{"FTSE100": 0.5058644298012057, "DJIA": 0.25243253641564256, "GBPUSD": 0.16741071428571355, "Gold": 1.1526750761200522}
