{"FTSE100": 0.1801776510806179, "DJIA": -0.39473583267781875, "GBPUSD": -0.3745006657789571, "Gold": 0.14467902689958448}
