{"FTSE100": 0.5478011552793167, "DJIA": 0.4562742131286481, "GBPUSD": 0.25494437577256496, "Gold": 2.133898028994954}
