{"FTSE100": 0.7623678869824249, "DJIA": 0.46766783006063156, "GBPUSD": 0.06218422075399409, "Gold": 0.0}
