{"FTSE100": -0.7361650463856946, "DJIA": -0.9421358745932237, "GBPUSD": -0.288867491296942, "Gold": 0.0}
