{"FTSE100": 0.43980641179038166, "DJIA": 0.9333153946699003, "GBPUSD": -0.5157170923379152, "Gold": -0.3539638748633571}
