{"FTSE100": 0.2763046699898283, "DJIA": 0.4326510799306817, "GBPUSD": 0.31623602005399093, "Gold": 0.27209226770631384}
