{"FTSE100": -0.33151237646205456, "DJIA": 0.7735517288974445, "GBPUSD": -0.0036615283219130364, "Gold": 0.0570296554208079}
