{"FTSE100": 0.4991476695147214, "DJIA": -0.8275391460364453, "GBPUSD": -0.04843005892325094, "Gold": 0.0}
