{"FTSE100": 0.024920189813146268, "DJIA": 0.27325301549328884, "GBPUSD": 0.24931639054207033, "Gold": 0.15957173006640946}
