{"FTSE100": -0.2436133036435679, "DJIA": -0.23409491224008447, "GBPUSD": 0.8271853342275793, "Gold": 1.782948091000207}
