{"FTSE100": 0.8305299215371881, "DJIA": -0.24306134447145203, "GBPUSD": 0.5494505494505586, "Gold": 0.788732394366209}
