{"FTSE100": -0.051270655514740346, "DJIA": -1.2890422287925116, "GBPUSD": 0.4223602484472136, "Gold": -0.2082648251671574}
