{"FTSE100": 0.9009780788924884, "DJIA": -0.0606378799878433, "GBPUSD": 0.11773940345369363, "Gold": -0.2076447156538728}
