{"FTSE100": -0.39390572853404343, "DJIA": 0.7519351131895838, "GBPUSD": -0.10311556308461707, "Gold": -0.3179837474973421}
