{"FTSE100": 1.1727728143164196, "DJIA": 0.4917184966985216, "GBPUSD": 0.1287853699819804, "Gold": 0.4831501389056649}
