{"FTSE100": 0.04439887220051319, "DJIA": -0.9417440188201537, "GBPUSD": 0.25368579727197144, "Gold": 0.009003061040745667}
