{"FTSE100": 0.6113375535762694, "DJIA": 1.3908810231385735, "GBPUSD": 0.01987518384545721, "Gold": 0.39128595600676497}
