{"FTSE100": -0.10890290828081503, "DJIA": 0.1350305285771394, "GBPUSD": 1.0091145833333306, "Gold": 0.0}
