{"FTSE100": -0.4246019281123857, "DJIA": -0.22419281713781608, "GBPUSD": -0.007861017215626837, "Gold": -0.49019607843138036}
