{"FTSE100": 0.10860755565730593, "DJIA": 0.14308455936887354, "GBPUSD": 0.3416010693598647, "Gold": 0.20049723313818268}
