{"FTSE100": -0.4640443131903166, "DJIA": -0.9078464689668302, "GBPUSD": 0.2780867630700825, "Gold": 0.1644173460300124}
