{"FTSE100": -0.06939878734748371, "DJIA": 0.6287188262150586, "GBPUSD": 0.2693847834000755, "Gold": 1.3386352598348685}
