{"FTSE100": -0.13382989995125194, "DJIA": -0.30055321172013205, "GBPUSD": 0.07052738813573567, "Gold": -0.19633169723585403}
