{"FTSE100": 0.0828523074994494, "DJIA": 0.08337352620218463, "GBPUSD": -0.4833073090936092, "Gold": -0.5373949704581326}
