{"FTSE100": 0.04589465670555253, "DJIA": -0.22434998507272352, "GBPUSD": -0.23134533192173534, "Gold": -0.724266588631216}
