{"FTSE100": -0.5241668996407045, "DJIA": 0.9900529185224659, "GBPUSD": -0.05184801125841959, "Gold": 0.0}
