{"FTSE100": 0.30495832501042985, "DJIA": 1.0471000058129012, "GBPUSD": 0.1183344427187372, "Gold": -0.352123273241649}
