{"FTSE100": -0.15998526754369358, "DJIA": 0.7171450297884536, "GBPUSD": 0.15619189289698704, "Gold": -0.33987501370463763}
