{"FTSE100": -0.2366304913334343, "DJIA": 0.02990286823750128, "GBPUSD": 0.40186209366171954, "Gold": -0.1948118527632461}
