{"FTSE100": 0.8313568941582147, "DJIA": -1.1174709052692762, "GBPUSD": -1.3772504770596488, "Gold": -0.1673143350604564}
