{"FTSE100": -0.2945993751583535, "DJIA": 0.380462320376659, "GBPUSD": -0.3113733202228798, "Gold": -1.052242938896068}
