{"FTSE100": 0.08161023059512466, "DJIA": 0.05006246171294965, "GBPUSD": -0.06336131791542324, "Gold": -0.08402115356101643}
