{"FTSE100": 0.9294710604853664, "DJIA": 1.0223330286687726, "GBPUSD": -1.3801564177273435, "Gold": -0.638616209904025}
