{"FTSE100": -0.5782621666740745, "DJIA": 0.058458450398123266, "GBPUSD": 0.008041817450742983, "Gold": -0.09654535532889148}
