{"FTSE100": 1.1721332215249718, "DJIA": 1.0567853185221285, "GBPUSD": -0.098514079303823, "Gold": -0.4393994873672576}
