{"FTSE100": 0.7731712895651234, "DJIA": 0.3769688105201904, "GBPUSD": -0.048520135856393004, "Gold": 0.3843118416086133}
