{"FTSE100": 0.03864532404167928, "DJIA": 0.686895387377803, "GBPUSD": 0.48572146386398163, "Gold": 0.20725388601037262}
