{"FTSE100": -0.3091415125768225, "DJIA": -0.03421949548820726, "GBPUSD": 0.4664629242399893, "Gold": 0.9677253307252769}
