{"FTSE100": 0.2810919330776725, "DJIA": 0.12120043233245743, "GBPUSD": -0.09150653023875724, "Gold": 0.0}
