{"FTSE100": 1.018126926337212, "DJIA": -0.6116234251628423, "GBPUSD": -0.2174954842039139, "Gold": -1.9770484005232487}
