{"FTSE100": 0.0004044363976546105, "DJIA": 0.10140534776691236, "GBPUSD": 0.04051535531967968, "Gold": 0.0}
