{"FTSE100": 3.044086318344477, "DJIA": -2.498962654324392, "GBPUSD": 0.3122710975750884, "Gold": 1.0807555780933034}
