{"FTSE100": 1.1458218773302205, "DJIA": 0.5017275560169971, "GBPUSD": 0.12466884837151673, "Gold": 0.5322245322245398}
