{"FTSE100": -0.1102145711264015, "DJIA": 0.8540955116997677, "GBPUSD": 0.5124162396531472, "Gold": 0.3466119898457288}
