{"FTSE100": 0.1345406701468207, "DJIA": 0.029287993464166842, "GBPUSD": -0.14516129032258257, "Gold": 0.0}
