{"FTSE100": -0.1874768687520255, "DJIA": 0.596068610129017, "GBPUSD": 0.10736366665433886, "Gold": 0.0}
