{"FTSE100": -0.368947358466611, "DJIA": -0.5018220632662808, "GBPUSD": 0.715460526315802, "Gold": -0.18158890290037372}
