{"FTSE100": 0.3469669442040112, "DJIA": 0.5691257684465376, "GBPUSD": 0.01834660404359766, "Gold": -0.7387690803411325}
