{"FTSE100": -0.14444627714279992, "DJIA": -0.4172661061907049, "GBPUSD": -0.6572092650476865, "Gold": -0.04516881845900074}
