{"FTSE100": 0.688453094717405, "DJIA": 0.047142908028630706, "GBPUSD": -0.2756052141527029, "Gold": -0.32893923280489157}
