{"FTSE100": -0.07064127175858725, "DJIA": 0.10140534776691236, "GBPUSD": -0.2349890608540558, "Gold": 0.0}
