{"FTSE100": 0.42294439398127454, "DJIA": 0.0, "GBPUSD": -0.33053243598422016, "Gold": 0.3244274809160305}
