{"FTSE100": 0.1716878205554294, "DJIA": 0.158574015162851, "GBPUSD": -0.16183056715967592, "Gold": -1.0235069171071938}
