{"FTSE100": -0.04833451495511718, "DJIA": -1.7264318993144296, "GBPUSD": 0.01508750754375211, "Gold": 0.38953811908736785}
