{"FTSE100": 0.4121251701826805, "DJIA": 0.4279592195578475, "GBPUSD": 0.24579765302885193, "Gold": 0.05656690321916635}
