{"FTSE100": -0.7026726807593783, "DJIA": -0.7956158518677132, "GBPUSD": -0.10781671159028462, "Gold": -0.13220226947230596}
