{"FTSE100": 0.8538398860297982, "DJIA": 0.7097911486241991, "GBPUSD": 0.5278547829719372, "Gold": -0.14645155094591988}
