{"FTSE100": 0.42362216563758537, "DJIA": 0.7594006171248293, "GBPUSD": -0.15619189289698704, "Gold": 0.0}
