{"FTSE100": 0.0007250229590542158, "DJIA": -2.4827916038508784, "GBPUSD": 0.007475517679598489, "Gold": 0.46973166578591974}
