{"FTSE100": 0.34235689652620077, "DJIA": -0.5047579644187093, "GBPUSD": -0.02410412984091009, "Gold": 0.0034376074252445445}
