{"FTSE100": 0.33054137351955426, "DJIA": -0.3454888269942244, "GBPUSD": 0.8021832616606055, "Gold": 0.6222508314558597}
