{"FTSE100": -1.5535843726186247, "DJIA": -3.2154404040040334, "GBPUSD": 0.9649021643024688, "Gold": -1.0223255517691616}
