{"FTSE100": 0.012860990346697456, "DJIA": 1.2161956788204773, "GBPUSD": -0.0712137996518358, "Gold": 0.22368300922122208}
