{"FTSE100": 0.09968633180078669, "DJIA": -0.34004394023717777, "GBPUSD": 0.06337844387279704, "Gold": 0.0}
