{"FTSE100": -0.07318348144276056, "DJIA": 0.23634814242700203, "GBPUSD": 0.5386138613861496, "Gold": 1.5359379660005896}
