{"FTSE100": 0.5919705427697074, "DJIA": 0.030877853733815772, "GBPUSD": -0.03724394785846889, "Gold": 1.3453704169390936}
