{"FTSE100": 0.5091060756881514, "DJIA": -0.7587942618356444, "GBPUSD": -0.12615311834738024, "Gold": 0.056116722783397306}
