{"FTSE100": -0.13847468733776538, "DJIA": 0.16200757517672706, "GBPUSD": 0.3248811410459582, "Gold": 0.9430682312038363}
