{"FTSE100": 0.5325360455740245, "DJIA": 0.6675547037887289, "GBPUSD": 0.08097821685965582, "Gold": -1.5307435039876627}
