{"FTSE100": 0.5163248959564463, "DJIA": 0.2996738431419219, "GBPUSD": -0.07077668094615641, "Gold": -0.6293810589112575}
