{"FTSE100": 0.12389454472345918, "DJIA": 0.011517794863939274, "GBPUSD": -0.40444893832154416, "Gold": 0.24786560176260403}
