{"FTSE100": -0.12114639729462326, "DJIA": 0.3762949087976161, "GBPUSD": -0.13989466754444, "Gold": 0.0}
