{"FTSE100": -0.3628311997618242, "DJIA": 0.29920841251814084, "GBPUSD": 0.007877737513785173, "Gold": -0.015682994406396283}
