{"FTSE100": -0.41777266367666255, "DJIA": 0.07761973277970954, "GBPUSD": -0.014759058372074236, "Gold": 0.3417266187050387}
