{"FTSE100": 0.5926560607240813, "DJIA": 0.6114572415991295, "GBPUSD": 0.7718903272493409, "Gold": 0.7179591628901628}
