{"FTSE100": -0.1268123375961507, "DJIA": 0.26572595851838937, "GBPUSD": 0.11158935118761722, "Gold": -0.8707401291097477}
