{"FTSE100": -0.41331900964831, "DJIA": -0.41103559386866934, "GBPUSD": 0.11872724394491505, "Gold": 0.0}
