{"FTSE100": -0.25551119511628323, "DJIA": 1.176177736463645, "GBPUSD": 0.11138515395018264, "Gold": -0.3690036900369107}
