{"FTSE100": 0.22066219316786653, "DJIA": 0.029287993464166842, "GBPUSD": -0.07258064516128233, "Gold": 0.0}
