{"FTSE100": -0.003072028380193744, "DJIA": 0.46948262446271805, "GBPUSD": -0.28990175551619, "Gold": 0.2652925871129047}
