{"FTSE100": 1.041811107007126, "DJIA": 1.06403197348351, "GBPUSD": -0.611645086980683, "Gold": 0.5650986115789045}
