{"FTSE100": -0.8337292595570499, "DJIA": -1.1778427445654158, "GBPUSD": -0.03489860017835817, "Gold": -0.13034679106782088}
