{"FTSE100": -1.0143036312711065, "DJIA": -0.13071854331415794, "GBPUSD": -0.08052826542115396, "Gold": 1.05606856793021}
