{"FTSE100": 0.5931342377770457, "DJIA": -0.13424903271818125, "GBPUSD": 0.1251662364077326, "Gold": 0.44913351129190987}
