{"FTSE100": 0.09028572959836473, "DJIA": -0.8950587659342351, "GBPUSD": -0.015136607886154238, "Gold": -1.0001651216002556}
