{"FTSE100": 0.5231922066386476, "DJIA": -0.25988676266482447, "GBPUSD": 0.14126510751844482, "Gold": 0.9247328128552882}
