{"FTSE100": 0.0819537349460929, "DJIA": -0.4718065581230504, "GBPUSD": -0.03279494957776141, "Gold": -0.1406850278664648}
