{"FTSE100": -0.7842008792335553, "DJIA": -0.22686977753143586, "GBPUSD": -0.08409785932720786, "Gold": 1.8159386266530795e-14}
