{"FTSE100": -0.045957117440592665, "DJIA": 0.16705769703677525, "GBPUSD": 0.008017317405595204, "Gold": 0.0}
