{"FTSE100": -0.08946912681815335, "DJIA": -0.12465203163821478, "GBPUSD": 0.7007233273055955, "Gold": 1.5430546825895777}
