{"FTSE100": 0.03501419135787253, "DJIA": -0.03706468446607502, "GBPUSD": 0.05222711333283018, "Gold": 0.9384950561421105}
