{"FTSE100": 0.30892942935286444, "DJIA": -0.030124164077094923, "GBPUSD": 0.08203445447086873, "Gold": 0.11560057249806831}
