{"FTSE100": -0.3627791155521097, "DJIA": 0.5026427393806943, "GBPUSD": -0.14098523801625765, "Gold": 0.0}
