{"FTSE100": 0.5563900461796417, "DJIA": 0.5061404770550759, "GBPUSD": -0.15555728396982202, "Gold": -0.7378278671909949}
