{"FTSE100": 0.7440360222801333, "DJIA": 1.0031848348753987, "GBPUSD": 0.008102414519525926, "Gold": 0.12347584503781915}
