{"FTSE100": 0.61315564046672, "DJIA": 0.40468767167978803, "GBPUSD": 0.08498060225383221, "Gold": -0.15410560595487852}
