{"FTSE100": 0.2776358803617793, "DJIA": -0.6333709145214892, "GBPUSD": -0.22110399512047305, "Gold": 0.04535490210899607}
