{"FTSE100": 0.4041906828986398, "DJIA": -1.141041489359408, "GBPUSD": -0.127408208177285, "Gold": -0.044629063819551895}
