{"FTSE100": -0.35832994682632063, "DJIA": -0.44721173462843405, "GBPUSD": -0.31289111389236574, "Gold": -0.3258339798293227}
