{"FTSE100": 1.3416508776320042, "DJIA": -0.15830066251674343, "GBPUSD": -0.4656482313536326, "Gold": -0.7609962132245882}
