{"FTSE100": 0.5230879747395247, "DJIA": -0.203497300359542, "GBPUSD": -0.894398242585898, "Gold": 0.0}
