{"FTSE100": -0.590642725079125, "DJIA": 0.16740321869361838, "GBPUSD": -0.3549319026000801, "Gold": -0.038188761593006985}
