{"FTSE100": -0.6591107339620769, "DJIA": 0.9900529185224659, "GBPUSD": -0.08147544626324722, "Gold": -0.7183972156530235}
