{"FTSE100": -0.4224165088144852, "DJIA": -0.9805753418866612, "GBPUSD": 0.5363984674329592, "Gold": 0.6833655754591317}
