{"FTSE100": 0.14456122965336068, "DJIA": -0.31661186361566174, "GBPUSD": 0.07818608287723923, "Gold": -0.22977941176470587}
