{"FTSE100": -0.01665734029123987, "DJIA": -0.43358929776707, "GBPUSD": 0.0788519161015701, "Gold": 0.3648015775203397}
