{"FTSE100": 0.25596908762350723, "DJIA": 0.09979463818425847, "GBPUSD": -0.06364419153158005, "Gold": -1.2977404519096107}
