{"FTSE100": -0.6167152392591874, "DJIA": -2.0607987361459204, "GBPUSD": -0.024762690879072798, "Gold": 0.15275504637207757}
