{"FTSE100": 0.05101157661178652, "DJIA": -1.140945596890982, "GBPUSD": -0.13161141729045372, "Gold": 0.0}
