{"FTSE100": -0.1447904753526223, "DJIA": 1.0223330286687726, "GBPUSD": 0.5595215126374842, "Gold": 0.2521837652132464}
