{"FTSE100": -0.4035835845271384, "DJIA": 0.017591807772886776, "GBPUSD": -0.36112061428517367, "Gold": 0.7322620148451798}
