{"FTSE100": 0.9333271045960714, "DJIA": 0.7760730376042843, "GBPUSD": 0.2350265352539881, "Gold": 0.2870693959061351}
