{"FTSE100": -0.5046636839311365, "DJIA": -0.2635540834942136, "GBPUSD": -0.6088767825668826, "Gold": -0.13071238248454758}
