{"FTSE100": 0.15632827889384723, "DJIA": -0.06001681702517092, "GBPUSD": 0.015796540557616142, "Gold": 0.18199704869650987}
