{"FTSE100": 0.4857060720475939, "DJIA": 0.4426726906979775, "GBPUSD": -0.016005121638922693, "Gold": -0.09076763485476785}
