{"FTSE100": -0.15713413875442422, "DJIA": -0.09677257692693851, "GBPUSD": 0.0, "Gold": 0.029411764705893816}
