{"FTSE100": 0.16911754490328998, "DJIA": -0.07964156969438005, "GBPUSD": -0.03168316831682819, "Gold": -0.004593055300402525}
