{"FTSE100": -0.31425517277360693, "DJIA": -0.5350095436311513, "GBPUSD": -0.045530429503713304, "Gold": 1.8134764351829005e-14}
