{"FTSE100": -0.1362636231455053, "DJIA": 0.020301566271700242, "GBPUSD": 0.08080155138979572, "Gold": 1.333125842929755}
