{"FTSE100": -0.13061233123181587, "DJIA": 1.1273150168170294, "GBPUSD": 0.1725760903671148, "Gold": -0.3866776654980408}
