{"FTSE100": 0.6540813811027487, "DJIA": 0.7769444126814553, "GBPUSD": -0.44114232644532453, "Gold": -2.500465116279063}
