{"FTSE100": 0.3722565400313323, "DJIA": 0.24052178317833575, "GBPUSD": -0.03211045998233571, "Gold": 0.11875896877629229}
