{"FTSE100": -0.022317713455683917, "DJIA": -0.25605496011490997, "GBPUSD": 0.34124275851122693, "Gold": 0.9869792873360911}
