{"FTSE100": -0.20603747919858945, "DJIA": 0.5455409610457033, "GBPUSD": -0.04441483455473639, "Gold": 0.0}
