{"FTSE100": 0.6262747697065938, "DJIA": 0.29258762146241046, "GBPUSD": -0.08048937540243802, "Gold": 0.728252194732637}
