{"FTSE100": 0.7825978430840018, "DJIA": 0.8655435390812319, "GBPUSD": 0.6028233498664646, "Gold": 0.0}
