{"FTSE100": -0.1740490031138579, "DJIA": -0.14109263645690004, "GBPUSD": -0.1346428005702546, "Gold": -0.08402115356101643}
