{"FTSE100": 0.689151258836653, "DJIA": 1.6525222778030564, "GBPUSD": -0.3870682346002121, "Gold": -1.9502913545011404}
