{"FTSE100": 0.30537661610183847, "DJIA": 0.05491534653200237, "GBPUSD": 0.09382329945268708, "Gold": 0.24532493982596656}
