{"FTSE100": 0.03917964593208597, "DJIA": 0.09292343123922793, "GBPUSD": -0.019017914875819365, "Gold": 0.47513589691967717}
