{"FTSE100": -0.18660429293255107, "DJIA": 0.825796465777775, "GBPUSD": -0.22012578616351522, "Gold": 0.046375736214812405}
