{"FTSE100": -1.2726049384885136, "DJIA": -0.6625421976791712, "GBPUSD": -0.0418076089848222, "Gold": 0.051707581316325045}
