{"FTSE100": -0.29682194576672016, "DJIA": -0.2306852536110123, "GBPUSD": -0.09503174060135883, "Gold": -0.09496913503111942}
