{"FTSE100": -0.3177595777485519, "DJIA": 0.5729523844346603, "GBPUSD": 0.7476635514018698, "Gold": 1.8847159169074106}
