{"FTSE100": -0.3102803265842531, "DJIA": -0.056353578112741935, "GBPUSD": -0.6329113924050648, "Gold": -0.055301392589620246}
