{"FTSE100": 0.062203980075133676, "DJIA": 3.571726318202797, "GBPUSD": 0.1941144498796449, "Gold": -0.19118308591994163}
