{"FTSE100": 0.41756198324211496, "DJIA": 1.0503918436831712, "GBPUSD": 0.32883798263440345, "Gold": 0.0}
