{"FTSE100": 0.5355689278731648, "DJIA": -0.20066982360349273, "GBPUSD": -0.49483013293943334, "Gold": -0.29857486953031137}
