{"FTSE100": 0.2879849387949128, "DJIA": 0.23729090544432, "GBPUSD": -0.0961040881200456, "Gold": -0.38032348393030313}
