{"FTSE100": 0.2455676263767403, "DJIA": 1.137228315939286, "GBPUSD": -0.007492320371618265, "Gold": 1.505093977192612}
