{"FTSE100": -0.16927527898076658, "DJIA": 1.3863842059128055, "GBPUSD": 0.2723523461209117, "Gold": -0.06930006930006188}
