{"FTSE100": -0.06986940172948226, "DJIA": 3.573928967634798, "GBPUSD": -1.1194602054899514, "Gold": -2.9047914461920192}
