{"FTSE100": 0.5024583468195606, "DJIA": -0.11349336005954973, "GBPUSD": 0.4668383773341941, "Gold": 0.6384676775738205}
