{"FTSE100": -0.03409022854272481, "DJIA": 0.5228858866842576, "GBPUSD": -0.1509112719111478, "Gold": 0.20311908286570352}
