{"FTSE100": -0.6993483761849214, "DJIA": -0.21908590020950341, "GBPUSD": -0.29925590423811355, "Gold": 0.0}
