{"FTSE100": 0.8008897585418993, "DJIA": 0.8357554944813419, "GBPUSD": 0.6660323501427182, "Gold": 0.03666457154829486}
