{"FTSE100": 0.2490543485080674, "DJIA": 0.4670862221125936, "GBPUSD": -0.2610966057441297, "Gold": 0.35716906818014793}
