{"FTSE100": 0.26555231035812765, "DJIA": 0.0004100832359653255, "GBPUSD": -0.3741740307300316, "Gold": 0.22246941045605537}
