{"FTSE100": -0.6536063943443451, "DJIA": 0.01699790832906379, "GBPUSD": 0.04707728520989847, "Gold": 0.25476354758239766}
