{"FTSE100": 2.0741404592892843, "DJIA": 0.7038237945658509, "GBPUSD": -0.9897191959490664, "Gold": -0.13655674691483136}
