{"FTSE100": 1.8762164970571442, "DJIA": 0.6814109996095004, "GBPUSD": -1.0247183979974883, "Gold": 2.0946290374901437}
