{"FTSE100": 0.1747820640998312, "DJIA": -0.016832731517927427, "GBPUSD": 0.011233851338707695, "Gold": 0.22146548234229946}
