{"FTSE100": 0.8267468958459228, "DJIA": 0.691345975644746, "GBPUSD": 0.5028624477796823, "Gold": -0.12415102607171878}
