{"FTSE100": 0.42294439398127454, "DJIA": 0.05882620586215998, "GBPUSD": -0.2588507028792143, "Gold": 0.30152671755725535}
