{"FTSE100": -0.5321338700560835, "DJIA": -1.2238559157311448, "GBPUSD": -0.6492490613266563, "Gold": -0.3258339798293227}
