{"FTSE100": 1.1004892379497098, "DJIA": 0.9078897269876526, "GBPUSD": -0.03968253968253531, "Gold": 0.16982168722840335}
