{"FTSE100": -0.1211109884318451, "DJIA": -0.06650194381654134, "GBPUSD": -0.920234241443264, "Gold": 0.31168519795007316}
