{"FTSE100": 0.31085956312088875, "DJIA": 0.10187186727034203, "GBPUSD": -0.02333359259547071, "Gold": -0.8716098431102282}
