{"FTSE100": 0.6074015157031682, "DJIA": 0.3069950861805224, "GBPUSD": -0.18252933507169614, "Gold": -1.1364653243847849}
