{"FTSE100": -0.7535880916168967, "DJIA": -0.2166786438583101, "GBPUSD": 0.11186113789779545, "Gold": -0.03586157432311279}
