{"FTSE100": -1.5151806136774446, "DJIA": -1.6563117639674385, "GBPUSD": -0.20961221739782418, "Gold": 0.7521765739442947}
