{"FTSE100": -0.39403573671711184, "DJIA": -0.5960372305365365, "GBPUSD": -0.8700825462928566, "Gold": -0.07225240172334871}
