{"FTSE100": -0.1950681316681412, "DJIA": 0.2124175334810023, "GBPUSD": 0.040839056989067944, "Gold": -0.6490058410525694}
