{"FTSE100": -0.1989866841277584, "DJIA": -0.5614892597705204, "GBPUSD": -0.4516282386498723, "Gold": -0.7217238890607278}
