{"FTSE100": 0.6809994968975377, "DJIA": 1.4689919001806955, "GBPUSD": 0.11884012042465987, "Gold": -0.05397183651440736}
