{"FTSE100": 0.6389505310246035, "DJIA": 0.25122059726733825, "GBPUSD": -0.6188068756319461, "Gold": 0.2026646650403487}
