{"FTSE100": -0.27152499844472316, "DJIA": 0.31659565287741076, "GBPUSD": 0.20574503442272182, "Gold": 0.1966085033177685}
