{"FTSE100": 0.08156407475592074, "DJIA": -1.0782721567498783, "GBPUSD": 0.4011553273427564, "Gold": 0.1390061063396691}
