{"FTSE100": -0.46118648294707143, "DJIA": -0.25230411749914206, "GBPUSD": -0.007885813421653575, "Gold": 0.022629554197778873}
