{"FTSE100": -0.22185800077783666, "DJIA": -1.719878054908802, "GBPUSD": 0.06764183647585287, "Gold": -0.05512983075141959}
