{"FTSE100": -0.4878978776442174, "DJIA": -0.1558911315197585, "GBPUSD": -0.04547521600727103, "Gold": 0.21825297275600364}
