{"FTSE100": 0.20112269668151908, "DJIA": 1.2139763189649497, "GBPUSD": -0.08935885024945028, "Gold": -0.8257792127157505}
