{"FTSE100": -0.3756333914570191, "DJIA": 0.4697663719506376, "GBPUSD": 0.11868754546499961, "Gold": 0.2832540222071153}
