{"FTSE100": 0.260971326803656, "DJIA": 0.6896185615159817, "GBPUSD": 0.8016843469106826, "Gold": -0.3301603636051913}
