{"FTSE100": 0.2873175896196865, "DJIA": -0.5678316069426467, "GBPUSD": 0.08082207597275105, "Gold": 1.2666666666666666}
