{"FTSE100": 0.46592306401050604, "DJIA": 1.5774460717160004, "GBPUSD": 0.07396449704141196, "Gold": 0.21039975954313422}
