{"FTSE100": -0.057813685272608537, "DJIA": 0.5714299041492346, "GBPUSD": 0.11827787415234639, "Gold": -0.7849360899030703}
