{"FTSE100": 0.3520994716480848, "DJIA": -0.5112606051573205, "GBPUSD": 0.029603315571357165, "Gold": 1.178645712965103}
