{"FTSE100": 0.0819537349460929, "DJIA": -0.4718065581230504, "GBPUSD": -0.09018611133884388, "Gold": -0.33547968183540094}
