{"FTSE100": 1.0653344785648353, "DJIA": -0.3571577995788784, "GBPUSD": -1.1384062312762033, "Gold": 1.2779552715654916}
