{"FTSE100": -0.3355538767941802, "DJIA": 0.0, "GBPUSD": 0.3139717425431714, "Gold": 0.6915701786556319}
