{"FTSE100": -0.504594726978446, "DJIA": -0.3723024026887334, "GBPUSD": -0.1108296390120383, "Gold": 0.10869028210068897}
