{"FTSE100": 0.6354544633312647, "DJIA": -0.24642090439630351, "GBPUSD": 0.048271508670325015, "Gold": 1.2781607347414428}
