{"FTSE100": -0.7554321087280778, "DJIA": -0.23501241006138388, "GBPUSD": -0.18922967752108788, "Gold": -0.05898545025560585}
