{"FTSE100": -0.18496971866702017, "DJIA": -0.6694550848533798, "GBPUSD": -0.1813236627379841, "Gold": 0.0023588800037827895}
