{"FTSE100": -0.23851007117345685, "DJIA": -0.14190121399148084, "GBPUSD": -0.10073614877953171, "Gold": -0.0914913083257015}
