{"FTSE100": -0.8661054288988841, "DJIA": -0.5468671780450398, "GBPUSD": -0.23142963792458984, "Gold": 0.10706034822787462}
