{"FTSE100": 0.3099414450887921, "DJIA": 0.3058802269914348, "GBPUSD": -0.2170069120720081, "Gold": -0.2855284082694843}
