{"FTSE100": -0.1566540484088612, "DJIA": -0.6804313792889797, "GBPUSD": -0.15796540557617897, "Gold": -1.1916329974939999}
