{"FTSE100": -0.3027583368503273, "DJIA": -0.3951565798559657, "GBPUSD": -0.4289284249002217, "Gold": -1.07832710904459}
