{"FTSE100": 0.06680295856526243, "DJIA": 0.04227383007386206, "GBPUSD": 0.05447470817120022, "Gold": 0.49479698020812307}
