{"FTSE100": -0.880959644114186, "DJIA": -0.8367720635315004, "GBPUSD": -0.21184778344448213, "Gold": 0.40337561700546193}
