{"FTSE100": -0.507542556387868, "DJIA": -0.5591668469660894, "GBPUSD": 0.20612018392262055, "Gold": -1.2546018213524555}
