{"FTSE100": 0.18848759916171573, "DJIA": 0.1440814014874075, "GBPUSD": -0.05587930071047696, "Gold": 0.0}
