{"FTSE100": -2.036524843083113, "DJIA": -2.7599789215461707, "GBPUSD": -0.2969213939678095, "Gold": -0.7296862761264902}
