{"FTSE100": 0.4680351289287662, "DJIA": 0.2510403830314156, "GBPUSD": 0.6468504543354524, "Gold": 0.18914221449749746}
