{"FTSE100": -0.13061233123181587, "DJIA": 1.0829125508118662, "GBPUSD": 0.2039535613429507, "Gold": -0.3866776654980408}
