{"FTSE100": -0.5909915000824011, "DJIA": 0.10299977937114062, "GBPUSD": -0.2957364659492358, "Gold": 3.2525544321403705}
