{"FTSE100": 0.3568504953418727, "DJIA": -0.862774881793168, "GBPUSD": 0.011767013139838753, "Gold": 0.35384615384616436}
