{"FTSE100": -0.03750631406697846, "DJIA": -0.9646810192555927, "GBPUSD": 0.20991078791512957, "Gold": -3.4898477157360404}
