{"FTSE100": 0.18119602243844968, "DJIA": 0.7612472506021626, "GBPUSD": 0.11314959993534857, "Gold": 0.0}
