{"FTSE100": -0.8558011175897265, "DJIA": -1.2319867152024495, "GBPUSD": -0.7800438774680939, "Gold": 1.2445040614054732}
