{"FTSE100": -0.0651228319072198, "DJIA": -0.560687558584245, "GBPUSD": 0.7555555555555545, "Gold": 0.0}
