{"FTSE100": -0.1874768687520255, "DJIA": 0.0, "GBPUSD": -0.12575824826156332, "Gold": -0.040153475506384}
