{"FTSE100": 0.36030805297811463, "DJIA": 1.3422323002951637, "GBPUSD": 0.022581859239741583, "Gold": -0.5600995732574707}
