{"FTSE100": 1.3179433821455617, "DJIA": 1.167011821649671, "GBPUSD": 0.512100437763276, "Gold": 0.0}
