{"FTSE100": 0.16984165000875118, "DJIA": 0.3219571845942602, "GBPUSD": 0.12348912921454563, "Gold": -0.5853386602248472}
