{"FTSE100": 0.35918160280942407, "DJIA": 0.2310402602924975, "GBPUSD": -0.07984031936128637, "Gold": -0.15652854471933167}
