{"FTSE100": 0.41253146705679467, "DJIA": 0.43910947016459473, "GBPUSD": -0.24374901714105052, "Gold": -0.17750861438864418}
