{"FTSE100": 0.5078177201657057, "DJIA": -0.05372222591101573, "GBPUSD": -0.007912644405759534, "Gold": 1.054505614900044}
