{"FTSE100": 0.07755516077264993, "DJIA": 0.33350699889492147, "GBPUSD": -0.562554472704214, "Gold": -0.2783792143519997}
