{"FTSE100": -0.24838621516968692, "DJIA": -0.613484191855639, "GBPUSD": -0.007716644802838875, "Gold": -0.1751249589550778}
