{"FTSE100": -0.04833451495511718, "DJIA": -1.7264318993144296, "GBPUSD": 0.03393793129454817, "Gold": -0.062326099053982904}
