{"FTSE100": 0.4783353405944201, "DJIA": 0.9333153946699003, "GBPUSD": -0.27832351015062784, "Gold": -0.3539638748633571}
