{"FTSE100": -0.19169303501967352, "DJIA": -0.17851534406947844, "GBPUSD": 0.015952779771873492, "Gold": 0.0}
