{"FTSE100": -0.301834634039724, "DJIA": 0.015739496029909383, "GBPUSD": -0.5652065497464813, "Gold": -0.36458616749197614}
