{"FTSE100": 0.35346108886643274, "DJIA": 0.127595015725482, "GBPUSD": 0.15116556607526555, "Gold": -0.07134848639281742}
