{"FTSE100": 0.3848898049785846, "DJIA": 0.9078897269876526, "GBPUSD": -0.015873015873014124, "Gold": 0.0}
