{"FTSE100": 1.804609528971547, "DJIA": 0.4499608462250985, "GBPUSD": -0.8746355685131253, "Gold": -0.2124216063119586}
