{"FTSE100": -0.25893110005260134, "DJIA": -0.031041116091428917, "GBPUSD": 0.313908564069544, "Gold": -0.3088572282554571}
