{"FTSE100": -0.2176814731683389, "DJIA": -0.22929743002579792, "GBPUSD": -0.6377952755905508, "Gold": -2.293577981651376}
