{"FTSE100": 0.9672359284688973, "DJIA": 0.7891359046074093, "GBPUSD": -0.023094688221723555, "Gold": -0.699326851159305}
