{"FTSE100": 0.5926560607240813, "DJIA": 0.4658403495534576, "GBPUSD": 0.06387225548901491, "Gold": 0.2275025278058645}
