{"FTSE100": 0.006786102062983788, "DJIA": -0.01140412058434021, "GBPUSD": -0.4681121971314151, "Gold": -0.015170823472298076}
