{"FTSE100": 0.12304205749213061, "DJIA": 0.31914767219966006, "GBPUSD": 0.018857250612866944, "Gold": 0.0}
