{"FTSE100": -0.15369590796743943, "DJIA": -0.5937798212891447, "GBPUSD": 0.06639126586012842, "Gold": -0.25757658793226534}
