{"FTSE100": 0.0985691959800959, "DJIA": 0.2510403830314156, "GBPUSD": 0.2541198213460712, "Gold": 0.06645537266127975}
