{"FTSE100": 0.49785611587956313, "DJIA": 0.23373695237513425, "GBPUSD": -0.4136175628380602, "Gold": -0.17587055926837847}
