{"FTSE100": 1.7878536166994183, "DJIA": 0.9800716895676744, "GBPUSD": 0.05731128213524831, "Gold": 0.0}
