{"FTSE100": -0.28231657497359697, "DJIA": 0.6900935969219066, "GBPUSD": 0.039360780917906554, "Gold": -0.1507272590247946}
