{"FTSE100": 0.5798604454566352, "DJIA": 0.517541964432192, "GBPUSD": 0.28517110266160073, "Gold": -0.1696122663591031}
