{"FTSE100": -1.7984969828332014, "DJIA": 0.15044874976173675, "GBPUSD": -0.12273954668192741, "Gold": -0.23419203747072137}
