{"FTSE100": 0.14347944819322525, "DJIA": -0.14333462800699967, "GBPUSD": -0.2620348880736736, "Gold": 0.0}
