{"FTSE100": 0.3588861711331632, "DJIA": -0.2206359220029495, "GBPUSD": 0.07146827602635597, "Gold": 0.5003715630418696}
