{"FTSE100": -0.10232352501234994, "DJIA": 0.1626854212399271, "GBPUSD": 0.1355013550135352, "Gold": -0.5654806585597849}
