{"FTSE100": -0.3793335506461508, "DJIA": -0.4718065581230504, "GBPUSD": -0.28695580880544874, "Gold": -0.8386992045884962}
