{"FTSE100": -0.331507291714347, "DJIA": 0.26391817852486954, "GBPUSD": 0.3507701692847461, "Gold": -0.1447468939728965}
