{"FTSE100": 0.36411574927045004, "DJIA": -0.9927453141093638, "GBPUSD": 0.04835200257876814, "Gold": 1.395040630558365}
