{"FTSE100": -0.7259514582946418, "DJIA": -0.97078472834765, "GBPUSD": -0.022529288074477693, "Gold": 0.0}
