{"FTSE100": 0.4036329406478932, "DJIA": 0.3591460816527929, "GBPUSD": -0.21748254416420293, "Gold": -0.4588910133843212}
