{"FTSE100": 0.07517132300202807, "DJIA": 0.9966389577980488, "GBPUSD": 0.5095135737600479, "Gold": 2.1336838911922245}
