{"FTSE100": -0.1950681316681412, "DJIA": 0.08337352620218463, "GBPUSD": -0.3791821561338203, "Gold": -0.1454826163118699}
