{"FTSE100": 1.0259769748947516, "DJIA": -0.03628737450243426, "GBPUSD": -0.04013807497791964, "Gold": -0.4651392943737983}
