{"FTSE100": 0.25814630282940393, "DJIA": 0.10751297283731569, "GBPUSD": -0.5902258597623231, "Gold": -0.83307501549907}
