{"FTSE100": 0.7440360222801333, "DJIA": 0.995218932599621, "GBPUSD": 0.13797581365149217, "Gold": 0.27276002264422594}
