{"FTSE100": -0.7692645169377317, "DJIA": 0.07241260758131314, "GBPUSD": -0.19810152703260073, "Gold": 0.010911074740864456}
