{"FTSE100": -0.27152499844472316, "DJIA": 0.25028315624830827, "GBPUSD": 0.22157157553216061, "Gold": 0.3686409437208159}
