{"FTSE100": 1.1780248094908587, "DJIA": 0.6256291370527437, "GBPUSD": -0.029500700641636988, "Gold": -0.24193548387095726}
