{"FTSE100": 0.5209036887803172, "DJIA": -1.0782721567498783, "GBPUSD": 0.36906290115534013, "Gold": 0.1390061063396691}
