{"FTSE100": -1.861815741415917, "DJIA": -1.070288322441955, "GBPUSD": 0.24110409045559547, "Gold": 1.4554242749731545}
