{"FTSE100": 1.9544272580750193, "DJIA": 0.7538857683454266, "GBPUSD": -0.6326073030108919, "Gold": -0.20428474150123568}
