{"FTSE100": -1.0875578165691757, "DJIA": -1.6922105830537704, "GBPUSD": 0.1623125676302358, "Gold": 1.2635671472541714}
