{"FTSE100": -0.3740003094439075, "DJIA": -1.5048021840529617, "GBPUSD": -0.4717371513696961, "Gold": -1.0408062117958088}
