{"FTSE100": 0.034709518851023066, "DJIA": 1.0547228733598666, "GBPUSD": 0.09448818897638503, "Gold": -0.28127313101405466}
