{"FTSE100": 0.7557473175273142, "DJIA": 0.1212983912016473, "GBPUSD": -0.18732438339056803, "Gold": 0.009163802978248469}
