{"FTSE100": 2.1551778970967117, "DJIA": 1.2511600310355904, "GBPUSD": 0.4541594358084481, "Gold": 3.1278809429737917}
