{"FTSE100": -0.1938427936243773, "DJIA": 0.025593944591225506, "GBPUSD": 0.08527131782946519, "Gold": 0.50456143927424}
