{"FTSE100": -0.6882018014358171, "DJIA": 0.058458450398123266, "GBPUSD": 0.04020908725371491, "Gold": -0.03777861730261054}
