{"FTSE100": 0.38082174363788845, "DJIA": 0.09267068427050526, "GBPUSD": -0.031650577623038134, "Gold": 0.2280060228006101}
