{"FTSE100": 0.7419025175820856, "DJIA": 0.0, "GBPUSD": 0.23938716884774108, "Gold": 0.009873130275956236}
