{"FTSE100": 0.23719377987004134, "DJIA": 0.2850207316383082, "GBPUSD": -0.026102845210133306, "Gold": 0.0}
