{"FTSE100": 0.5433687789915317, "DJIA": -0.40707833905014884, "GBPUSD": -0.23317520302322928, "Gold": -0.4582718061001069}
