{"FTSE100": 0.21708271260941722, "DJIA": 0.1850680519141729, "GBPUSD": 0.044651918002845584, "Gold": -0.682902153490392}
