{"FTSE100": 2.7064117744816962, "DJIA": -0.8428946203931843, "GBPUSD": 0.11750881316099153, "Gold": 0.16507209270988044}
