{"FTSE100": 0.1694777174863945, "DJIA": -0.3239319390313213, "GBPUSD": -0.21249803242561977, "Gold": 0.5198534508367164}
