{"FTSE100": 0.24691741667669753, "DJIA": -0.5010955761940887, "GBPUSD": -0.6487265737626138, "Gold": 0.0}
