{"FTSE100": 0.2624793969174134, "DJIA": 0.3023118509650154, "GBPUSD": 0.5007673047411343, "Gold": 0.6435071137700444}
