{"FTSE100": 0.5739607563638351, "DJIA": -0.11127777080303582, "GBPUSD": 0.3334227570612866, "Gold": 1.3343423882737375}
