{"FTSE100": -0.2931444638070942, "DJIA": -0.09081750954431816, "GBPUSD": 0.015842839036771233, "Gold": 0.0}
