{"FTSE100": 0.1484168216229201, "DJIA": 0.8034625489553466, "GBPUSD": -0.41185496244850867, "Gold": -0.5857698328536148}
