{"FTSE100": -0.211529824256391, "DJIA": -0.4382588895956184, "GBPUSD": 0.21715112956685903, "Gold": 0.2860261187008358}
