{"FTSE100": 0.3545798755305636, "DJIA": -0.43107519378210224, "GBPUSD": 0.09469696969695926, "Gold": -0.8122558091712871}
