{"FTSE100": 0.18818697286335725, "DJIA": -0.32585965313005105, "GBPUSD": 0.07232401157185173, "Gold": 0.0}
