{"FTSE100": -0.029003353820020335, "DJIA": 0.06644797576185729, "GBPUSD": 0.2275176625553841, "Gold": -0.03789601333939669}
