{"FTSE100": 1.014254569847397, "DJIA": 0.8194790170702327, "GBPUSD": 0.14173228346456881, "Gold": 2.6943505552873095}
