{"FTSE100": -0.5887786783684043, "DJIA": 0.0, "GBPUSD": 0.18886516669403586, "Gold": 0.7437457741717353}
