{"FTSE100": -0.2508550775419901, "DJIA": -0.09769340276783262, "GBPUSD": -0.488843333596151, "Gold": -0.802900802900799}
