{"FTSE100": 0.03612862309658357, "DJIA": -0.04913866970017493, "GBPUSD": 0.11033178343445864, "Gold": 0.14097515920471007}
