{"FTSE100": -0.49185893201608477, "DJIA": -0.09981199168518168, "GBPUSD": 0.1832231339122097, "Gold": 0.06620492972091843}
