{"FTSE100": 0.2240058580438708, "DJIA": -0.1814181333166539, "GBPUSD": -0.3261993794255702, "Gold": -0.5439951306729631}
