{"FTSE100": 0.32959865292454416, "DJIA": 0.377089524600167, "GBPUSD": -0.024156534342536996, "Gold": -0.021253985122207192}
