{"FTSE100": -0.1005927008778359, "DJIA": -0.7415540428452304, "GBPUSD": -1.0928549894482935, "Gold": 0.11333157039779379}
