{"FTSE100": 0.10567754304484955, "DJIA": 0.3994789354188463, "GBPUSD": 0.0, "Gold": 0.0}
