{"FTSE100": 0.11933922990601568, "DJIA": 0.421693455086827, "GBPUSD": -0.23553427023631088, "Gold": -0.6134738426797037}
