{"FTSE100": 0.12647205456636781, "DJIA": 0.34465347519991263, "GBPUSD": 0.16466326362588518, "Gold": 1.7061028136711975}
