{"FTSE100": 0.352039105738062, "DJIA": 0.3636407946585871, "GBPUSD": 0.03917574238033119, "Gold": 0.030101053536885525}
