{"FTSE100": -2.1270479319755697, "DJIA": -1.513607747799949, "GBPUSD": -0.28910767307392066, "Gold": -0.2926990147174161}
