{"FTSE100": 0.11491102302436515, "DJIA": -0.31661186361566174, "GBPUSD": -0.25801407349492417, "Gold": -0.3829656862745098}
