{"FTSE100": 1.1697284016286995, "DJIA": 0.5586178087421069, "GBPUSD": 0.0485005254223534, "Gold": -0.6295863909272811}
