{"FTSE100": 0.0007250229590542158, "DJIA": -1.328883554801312, "GBPUSD": 0.624341808334585, "Gold": 2.154924894973848}
