{"FTSE100": -0.5644406018301416, "DJIA": -1.5270081147355825, "GBPUSD": -0.007875876191225406, "Gold": 1.5503211991434807}
