{"FTSE100": 0.0, "DJIA": 0.23729090544432, "GBPUSD": -0.14785244326162503, "Gold": 0.10448447360722196}
