{"FTSE100": -0.06369684222904427, "DJIA": -0.1681898295137389, "GBPUSD": -0.666196410376985, "Gold": 1.2607599339187896}
