{"FTSE100": 0.41253146705679467, "DJIA": 0.4052288847080739, "GBPUSD": -0.06290297216542788, "Gold": -0.05220841599665866}
