{"FTSE100": -1.003222952477241, "DJIA": 0.1779685502122682, "GBPUSD": 0.0392772977219124, "Gold": -0.33366555444816365}
