{"FTSE100": 0.1632223074822091, "DJIA": 0.14308455936887354, "GBPUSD": 0.04440168726412758, "Gold": 0.4384206164621619}
