{"FTSE100": -0.32360414806674664, "DJIA": 0.08431042035524326, "GBPUSD": 0.77708006279435, "Gold": 0.8854193954000152}
