{"FTSE100": 0.09289391301037522, "DJIA": -0.11176403098763804, "GBPUSD": -0.15738589522596047, "Gold": -1.7947178871548537}
