{"FTSE100": -0.28307834836650925, "DJIA": -0.6536400238924877, "GBPUSD": 0.008116883116882223, "Gold": -0.025913449080072558}
