{"FTSE100": 0.012860990346697456, "DJIA": 1.2161956788204773, "GBPUSD": -0.015825288811519067, "Gold": 0.14151374052772592}
