{"FTSE100": -0.8091212229410201, "DJIA": -0.6120663862601452, "GBPUSD": 0.22473682135394227, "Gold": -0.4752206381534249}
