{"FTSE100": -1.680660039109113, "DJIA": -0.6167640873375843, "GBPUSD": 0.3482114593225672, "Gold": 0.024679170779861797}
