{"FTSE100": -0.5479745023139304, "DJIA": -0.7281871763316434, "GBPUSD": 0.19674195325410768, "Gold": -0.9414873848949159}
