{"FTSE100": 0.5922890242227183, "DJIA": 0.940872817102252, "GBPUSD": 0.04005972540881114, "Gold": -1.5537358649029582}
