{"FTSE100": -0.11384925396667808, "DJIA": 0.2809795472631656, "GBPUSD": 0.44682039415942304, "Gold": 0.09541026413578843}
