{"FTSE100": -0.06494631104953702, "DJIA": -0.682834275202848, "GBPUSD": 0.0, "Gold": 0.5032965926820675}
