{"FTSE100": 0.283558180178515, "DJIA": 0.2999300470371613, "GBPUSD": 0.11849277194091609, "Gold": 0.20795167599148612}
