{"FTSE100": 1.316413841843565, "DJIA": -0.5604398233135084, "GBPUSD": -0.7729083665338679, "Gold": 1.9619500594530241}
