{"FTSE100": -0.08465746288095428, "DJIA": 0.19113962112859284, "GBPUSD": -0.10248324793061545, "Gold": -0.21769163143133388}
