{"FTSE100": 0.05024272591284737, "DJIA": -1.0248768602704619, "GBPUSD": -0.4499437570303574, "Gold": -0.42231759656651424}
