{"FTSE100": -0.219781549726179, "DJIA": -0.21596519460329588, "GBPUSD": -0.32802249297094516, "Gold": -0.48580925594475566}
