{"FTSE100": 0.3415721999749951, "DJIA": 0.33350699889492147, "GBPUSD": 0.007944073721003255, "Gold": 0.005158893933136043}
