{"FTSE100": 0.22870614567790004, "DJIA": 0.431484600114922, "GBPUSD": 0.09240436148587658, "Gold": -0.05764005160156751}
