{"FTSE100": -0.2436133036435679, "DJIA": -0.28727332581762466, "GBPUSD": 0.7973768537148768, "Gold": 1.782948091000207}
