{"FTSE100": -1.2236021557649626, "DJIA": -0.6701264959148286, "GBPUSD": -1.0373363378530613, "Gold": -0.5438112745098144}
