{"FTSE100": -1.718282973369273, "DJIA": -0.24645699225590897, "GBPUSD": -0.0748727163821421, "Gold": -0.9721853665597225}
