{"FTSE100": 1.0691786084110022, "DJIA": 0.9981709717002313, "GBPUSD": -0.09747380391520509, "Gold": -0.42198383242665893}
