{"FTSE100": 0.18203218566251453, "DJIA": -0.33198081888600167, "GBPUSD": -0.19286403085824155, "Gold": 0.09096881791074718}
