{"FTSE100": 0.12004895156878805, "DJIA": 0.40468767167978803, "GBPUSD": -0.05174452986398011, "Gold": 0.0}
