{"FTSE100": -0.0910251010516892, "DJIA": -0.4574558202974666, "GBPUSD": -0.5998356614626199, "Gold": -1.0302049622437923}
