{"FTSE100": 0.12935431311820197, "DJIA": 1.7200967416278193e-14, "GBPUSD": -0.054058228434622206, "Gold": 0.5521071545246681}
