{"FTSE100": 0.6397072861862438, "DJIA": 2.6632409764527014, "GBPUSD": -0.31769762661183815, "Gold": -1.015794727262049}
