{"FTSE100": 0.0007250229590542158, "DJIA": -1.328883554801312, "GBPUSD": 0.5792086655633983, "Gold": 2.034031492731276}
