{"FTSE100": -0.006473509474452641, "DJIA": -0.7150329221274481, "GBPUSD": -0.43883708173341035, "Gold": 0.01549987083441911}
