{"FTSE100": 0.12214483438171606, "DJIA": -0.191082110039361, "GBPUSD": -0.3176096929772879, "Gold": -1.7631136147486948}
