{"FTSE100": 0.4124056488921516, "DJIA": -1.2995112806410898, "GBPUSD": -0.16602957643151273, "Gold": 0.6266126059712434}
