{"FTSE100": 0.19326164874552387, "DJIA": 0.940872817102252, "GBPUSD": -0.04370947767173701, "Gold": -0.03299835008249315}
