{"FTSE100": -0.057582886366163245, "DJIA": 0.6900935969219066, "GBPUSD": 0.1574431236715738, "Gold": -0.12434998869546242}
