{"FTSE100": -0.16917430862686303, "DJIA": 0.524541115499568, "GBPUSD": -0.2104922279792694, "Gold": 0.3484320557491313}
