{"FTSE100": -0.006062762774637043, "DJIA": -0.5412225972964565, "GBPUSD": 0.41673219059601213, "Gold": 0.46987574396992793}
