{"FTSE100": -0.6182464841508626, "DJIA": -0.39372623514407384, "GBPUSD": -0.3607532210108886, "Gold": -0.14326647564470843}
