{"FTSE100": -0.6430710133024677, "DJIA": -0.5121820348376528, "GBPUSD": -0.46986390149060486, "Gold": -1.1101973684210595}
