{"FTSE100": -0.5199902299786435, "DJIA": -0.5389256699666518, "GBPUSD": -0.03137254901960439, "Gold": 0.3039513677811516}
