{"FTSE100": 0.8008897585418993, "DJIA": 0.7425323291841629, "GBPUSD": 0.7849666983824943, "Gold": 0.03666457154829486}
