{"FTSE100": -0.43980448823632884, "DJIA": -0.38453006172271775, "GBPUSD": 0.3590189335248125, "Gold": 2.5010097244229033}
