{"FTSE100": -0.5460250390103879, "DJIA": 0.4697663719506376, "GBPUSD": 0.17994563344692174, "Gold": 0.2832540222071153}
