{"FTSE100": 0.2465937579960605, "DJIA": -0.03466570287993334, "GBPUSD": -0.3184459836000321, "Gold": 0.22246941045605537}
