{"FTSE100": 0.5529397713057144, "DJIA": 0.11376013625401434, "GBPUSD": -1.1339359079704219, "Gold": -0.889967637540453}
