{"FTSE100": -0.014598523496216985, "DJIA": -0.12319827019571056, "GBPUSD": -0.17822488019328173, "Gold": 1.7027326952420552}
