{"FTSE100": 0.7000001043997287, "DJIA": 1.011049412844147, "GBPUSD": 0.09767826282967007, "Gold": -0.9663947163947206}
