{"FTSE100": 0.04993787888525364, "DJIA": 0.11332995823084009, "GBPUSD": -0.28192371475952305, "Gold": 1.119215991981731}
