{"FTSE100": 0.32822419745531006, "DJIA": -0.4457888358008879, "GBPUSD": 0.0039680965041153544, "Gold": -0.9468645948945679}
