{"FTSE100": 0.16187414831021282, "DJIA": 1.77044512602412e-14, "GBPUSD": 0.09905516610789994, "Gold": 0.7274149393821027}
