{"FTSE100": 0.5309170613952153, "DJIA": 0.9981709717002313, "GBPUSD": 0.26805296076680046, "Gold": 0.01525242767806978}
