{"FTSE100": -0.5225178756115346, "DJIA": 5.911281709755057e-05, "GBPUSD": 0.19915558033935685, "Gold": 0.06620492972091843}
