{"FTSE100": -0.6182464841508626, "DJIA": 0.15990990283314852, "GBPUSD": -0.20218037661049199, "Gold": -0.2421885659708133}
