{"FTSE100": -1.0421998718001886, "DJIA": -0.35243281686290845, "GBPUSD": 0.2744148506860248, "Gold": 0.6222222222222222}
