{"FTSE100": 0.4623203037090796, "DJIA": 2.1208611690249506, "GBPUSD": -0.42577120822622766, "Gold": -0.732431878713376}
