{"FTSE100": 0.9323690305195739, "DJIA": -0.2033712992470388, "GBPUSD": -0.19218449711724692, "Gold": 0.0}
