{"FTSE100": -0.7816983586486494, "DJIA": -1.5065052926780245, "GBPUSD": 0.1561309977151643, "Gold": -0.4682247478789746}
