{"FTSE100": 0.19862832065474217, "DJIA": -0.6683535979045157, "GBPUSD": -0.07035097318847204, "Gold": 0.1439070771444701}
