{"FTSE100": -0.09808155090366368, "DJIA": 0.1572909870091696, "GBPUSD": -0.17020646784577584, "Gold": -0.1340404452473894}
