{"FTSE100": -0.25526663002164257, "DJIA": 0.29459318295798814, "GBPUSD": -0.01493428912783587, "Gold": -0.6281437269861222}
