{"FTSE100": 1.3992533596822152, "DJIA": 0.08368128259438201, "GBPUSD": 0.0, "Gold": 0.2082403688829414}
