{"FTSE100": 0.3485886628241068, "DJIA": 0.5682584130152339, "GBPUSD": 0.36838311844317584, "Gold": 0.0050253781597019475}
