{"FTSE100": -0.26966541590785087, "DJIA": -0.37050086928009235, "GBPUSD": -0.5408227966133122, "Gold": -0.7023965572675807}
