{"FTSE100": 0.19734903892047434, "DJIA": -0.8024158270873926, "GBPUSD": 0.1512257242916279, "Gold": 0.7197081731243177}
