{"FTSE100": 0.013380595508191437, "DJIA": -0.5064832108151335, "GBPUSD": 0.08651199370820911, "Gold": -0.753390256152687}
