{"FTSE100": -0.6306387453928376, "DJIA": -0.380577600710478, "GBPUSD": -0.45326664582682297, "Gold": -1.4940068493150724}
