{"FTSE100": 0.2868511753981341, "DJIA": 1.227279225447694, "GBPUSD": 0.21370903910083303, "Gold": -0.03955891806359995}
