{"FTSE100": -0.6332739717209737, "DJIA": -0.7654102166605894, "GBPUSD": 0.05573928876667745, "Gold": 0.13930879127392903}
