{"FTSE100": -0.14460489306542104, "DJIA": -0.22764318674622516, "GBPUSD": -0.4117974401780704, "Gold": -0.9463477698771793}
