{"FTSE100": -0.20630451205273714, "DJIA": -1.068517153202919, "GBPUSD": -0.03139717425431365, "Gold": 0.24624089694556742}
