{"FTSE100": -1.4545334109286279, "DJIA": -1.6099292133409195, "GBPUSD": 0.014972301242699352, "Gold": 0.8035062089116107}
