{"FTSE100": -0.43436559896358196, "DJIA": -0.8024158270873926, "GBPUSD": 0.01591849729387138, "Gold": 0.5816819481415731}
