{"FTSE100": 0.35582215751958823, "DJIA": -0.42086777752016297, "GBPUSD": -0.06444856199145346, "Gold": 0.2697033263410294}
