{"FTSE100": 0.38829045499644765, "DJIA": 0.6944118601280126, "GBPUSD": -0.19370835270416448, "Gold": -1.980690341026817}
