{"FTSE100": 0.20965504803554585, "DJIA": 0.8844962512111914, "GBPUSD": 0.03941663381948498, "Gold": 1.0814249363867685}
