{"FTSE100": -0.0009389076279194421, "DJIA": 0.7756100194817952, "GBPUSD": -0.6287777372114659, "Gold": -0.5939583864737886}
