{"FTSE100": -0.30481308194746504, "DJIA": 0.3329129153731056, "GBPUSD": 0.3907912555620214, "Gold": 0.8592773093077746}
