{"FTSE100": 0.13821737645803506, "DJIA": 0.473295321682157, "GBPUSD": 0.10624656530501363, "Gold": -0.16807178291631159}
