{"FTSE100": -0.08685202094944072, "DJIA": 0.34937839824878414, "GBPUSD": -0.18210609659540528, "Gold": -0.10313835273317304}
