{"FTSE100": -0.2423100814574257, "DJIA": -1.0849233638765705, "GBPUSD": 0.12749003984064108, "Gold": 0.9747373127654899}
