{"FTSE100": 0.17788514625363966, "DJIA": -0.06401846054329727, "GBPUSD": -0.3598560575769828, "Gold": 0.1772587456336929}
