{"FTSE100": -1.239597826372306, "DJIA": 0.2690459302680919, "GBPUSD": 0.16568047337278033, "Gold": -0.0731299623903098}
