{"FTSE100": -0.8524210922797216, "DJIA": -0.17204320742265583, "GBPUSD": 0.10468674504751803, "Gold": 1.0203561042803937}
