{"FTSE100": 1.014254569847397, "DJIA": 0.8194790170702327, "GBPUSD": 0.6179686262082102, "Gold": 1.7221922378686096}
