{"FTSE100": 1.6225224246091456, "DJIA": 1.4723154954759177, "GBPUSD": 0.7420599584446596, "Gold": 0.08667952412941253}
