{"FTSE100": -0.16917430862686303, "DJIA": 0.6221770621367348, "GBPUSD": -0.1862046632124327, "Gold": 0.36403349108117944}
