{"FTSE100": -1.2796921168021325, "DJIA": -0.4716257554278858, "GBPUSD": -0.7624825776830256, "Gold": -1.0334938585574447}
