{"FTSE100": 0.20394817773921825, "DJIA": 0.825796465777775, "GBPUSD": -0.055001178596695594, "Gold": -0.2128939695469229}
