{"FTSE100": -0.08877816031780983, "DJIA": 0.0, "GBPUSD": 0.9765625000000008, "Gold": 0.0}
