{"FTSE100": 0.3788067103595848, "DJIA": 0.2480929981925192, "GBPUSD": -0.12514665623776486, "Gold": 0.19965167155177235}
