{"FTSE100": 0.12160293682566255, "DJIA": 0.6104516361361215, "GBPUSD": 0.2261208576998148, "Gold": 0.5165204558497953}
