{"FTSE100": -0.27920261769122395, "DJIA": 1.7349133347044125e-14, "GBPUSD": -0.4752540150770261, "Gold": 0.018460402436773122}
