{"FTSE100": 0.1372185233571794, "DJIA": -0.9752369582345337, "GBPUSD": 0.08650844397637826, "Gold": -1.4453187730849524}
