{"FTSE100": -0.2512521105651632, "DJIA": 0.21193110897621623, "GBPUSD": 0.26355722386391506, "Gold": -0.8321716723693774}
