{"FTSE100": -0.45372315778114625, "DJIA": 0.058458450398123266, "GBPUSD": 0.1125854443104196, "Gold": -0.209881207236704}
