{"FTSE100": 0.1547317363424412, "DJIA": -0.18884705514233294, "GBPUSD": -0.11798945960827946, "Gold": 0.005175983436860063}
