{"FTSE100": -1.70664194246248, "DJIA": -0.3772102594914932, "GBPUSD": 0.2676322418136075, "Gold": -0.8230881433631982}
