{"FTSE100": -0.10058317529562687, "DJIA": 0.2961486821397024, "GBPUSD": 0.06252931061434358, "Gold": -0.39358740520302476}
