{"FTSE100": 0.3201208784934878, "DJIA": 0.8357554944813419, "GBPUSD": -0.228274559193947, "Gold": -0.1561605330279527}
