{"FTSE100": 0.5775987245589498, "DJIA": 1.170335242879061, "GBPUSD": 0.5168170631665276, "Gold": 0.8367279533193903}
