{"FTSE100": 0.16984165000875118, "DJIA": 0.3219571845942602, "GBPUSD": -0.022460133263454887, "Gold": 0.05264950912076165}
