{"FTSE100": 0.3043187477001487, "DJIA": -0.40707833905014884, "GBPUSD": 0.31358044544504415, "Gold": 0.10693008809002032}
