{"FTSE100": 0.1837998557108593, "DJIA": -0.5704691595330009, "GBPUSD": -0.12472975220356367, "Gold": 0.3543779304328863}
