{"FTSE100": -0.2080531572555743, "DJIA": 0.34919893722060835, "GBPUSD": -0.18902102858942724, "Gold": 0.30027073590943326}
