{"FTSE100": -0.4561840008684515, "DJIA": -1.9427558534399854, "GBPUSD": 0.49842166472836064, "Gold": -0.2608128667680914}
