{"FTSE100": 0.1789487919590571, "DJIA": -1.0836312961629802, "GBPUSD": -1.0608203677510488, "Gold": 0.09903570497785202}
