{"FTSE100": -0.39988384545017513, "DJIA": 0.15990990283314852, "GBPUSD": 0.158906721754348, "Gold": 1.1337946153319143}
