{"FTSE100": -1.1362555552225937, "DJIA": -0.6880181424304429, "GBPUSD": -0.19707669568073227, "Gold": 1.7371404795339933}
