{"FTSE100": 0.0398230940258079, "DJIA": -0.5310252474825794, "GBPUSD": -0.08679185734575516, "Gold": -0.7330232558139467}
