{"FTSE100": 0.8954686261796692, "DJIA": 1.8732752562202915, "GBPUSD": -0.4950866401620238, "Gold": -3.804987061867798}
