{"FTSE100": 1.421108884599473, "DJIA": 0.6305625553477568, "GBPUSD": -0.4845500039717033, "Gold": 0.7559597320459495}
