{"FTSE100": -0.21328586073364617, "DJIA": -0.31661186361566174, "GBPUSD": 0.0, "Gold": 0.010212418300655916}
