{"FTSE100": -1.439452239838402, "DJIA": -0.6532618070496287, "GBPUSD": -0.016072002571518643, "Gold": 0.667850198664288}
