{"FTSE100": 0.6545198137769975, "DJIA": -0.6080214447008778, "GBPUSD": 0.5799022450501115, "Gold": 0.058591669329919514}
