{"FTSE100": -1.1955400965120795, "DJIA": -0.14933259721931724, "GBPUSD": -0.1976358280195429, "Gold": 0.0}
