{"FTSE100": -0.6221932964529799, "DJIA": -0.2765342675820086, "GBPUSD": 0.4189723320157992, "Gold": 1.0781542000095836}
