{"FTSE100": -0.31813717334249375, "DJIA": 0.33350699889492147, "GBPUSD": -0.6417874970287613, "Gold": -0.2783792143519997}
