{"FTSE100": -1.0005629869383001, "DJIA": -0.7734356899476594, "GBPUSD": 0.48732201324908125, "Gold": -0.2473599086671236}
