{"FTSE100": -0.17446611690667133, "DJIA": 0.0, "GBPUSD": -0.36956029866505047, "Gold": 1.8023358205638465e-14}
