{"FTSE100": -0.9778434780600204, "DJIA": -1.6922105830537704, "GBPUSD": 0.03864584943576634, "Gold": 1.3607646201198769}
