{"FTSE100": -0.061505198028881866, "DJIA": -0.8377119719489592, "GBPUSD": 0.09179224355542645, "Gold": -0.43387156415629013}
