{"FTSE100": -0.16299899946842872, "DJIA": 0.027418848075752185, "GBPUSD": -1.1311970319717712, "Gold": -0.07492432643030539}
