{"FTSE100": 0.07997374446881007, "DJIA": 0.5758306421718188, "GBPUSD": -0.07070819842953417, "Gold": -0.9661533324986284}
