{"FTSE100": -0.8082595632109282, "DJIA": -0.1839816209033602, "GBPUSD": 0.2969618518236684, "Gold": 0.5779659404433277}
