{"FTSE100": -0.15853882076736542, "DJIA": -0.1361497929996175, "GBPUSD": 0.01531510835438992, "Gold": 0.6716019232236856}
