{"FTSE100": -1.2796921168021325, "DJIA": -0.6516153100052123, "GBPUSD": -0.6804952037386222, "Gold": -0.9523294194037192}
