{"FTSE100": 0.04017982521776105, "DJIA": -0.052443735303988756, "GBPUSD": -0.3410641200545664, "Gold": 0.48734161397545794}
