{"FTSE100": -0.3859348198970734, "DJIA": -1.465382536896387, "GBPUSD": -0.22404231094134477, "Gold": 1.4581916057854472}
