{"FTSE100": 0.06919444894089778, "DJIA": 0.12871979236174882, "GBPUSD": 0.5200980756371123, "Gold": 1.9033719480677402}
