{"FTSE100": -0.007464015978947306, "DJIA": 0.28947213736282934, "GBPUSD": -0.22291573785110072, "Gold": -0.18654619827838495}
