{"FTSE100": -0.14217511094284202, "DJIA": -0.5222118125101671, "GBPUSD": 0.0, "Gold": -0.015204115247191268}
