{"FTSE100": -1.1231689030720169, "DJIA": -0.8888934285469898, "GBPUSD": -0.2583205420987573, "Gold": -2.5714857028594174}
