{"FTSE100": 0.35647891331092263, "DJIA": 0.2961486821397024, "GBPUSD": 0.5736287914505802, "Gold": 0.3206685453308672}
