{"FTSE100": 0.7219631845055724, "DJIA": 0.10203563588618289, "GBPUSD": 0.24886098242660112, "Gold": -0.07357088554822572}
