{"FTSE100": -0.026443331806380903, "DJIA": -0.2535668695780367, "GBPUSD": -0.03152833609207677, "Gold": 0.0}
