{"FTSE100": 0.4245932843276464, "DJIA": -0.053994400931686864, "GBPUSD": -0.5462724935732759, "Gold": -0.28682646998565403}
