{"FTSE100": -0.49185893201608477, "DJIA": 0.10903359115388342, "GBPUSD": 0.23102047319365113, "Gold": -0.147687920146674}
