{"FTSE100": 0.012376790766913254, "DJIA": -0.5784810709515997, "GBPUSD": -0.0037109882361586423, "Gold": 0.0698048499195782}
