{"FTSE100": 3.044086318344477, "DJIA": -4.725962207373095, "GBPUSD": 1.080722562521957, "Gold": 3.0623261900867123}
