{"FTSE100": -0.32385712433098557, "DJIA": 1.3273104008199625, "GBPUSD": -0.2858002406738721, "Gold": -2.286035369965095}
