{"FTSE100": -0.04649961781841114, "DJIA": 0.6099885466374421, "GBPUSD": -0.037775763070409855, "Gold": 0.9814380200554639}
