{"FTSE100": -0.6331119775352113, "DJIA": 1.6638617491559275e-14, "GBPUSD": -0.32726292688561864, "Gold": -0.4113548769641235}
