{"FTSE100": 0.9244392495861947, "DJIA": -0.21274358163255672, "GBPUSD": -0.24956233471151074, "Gold": 0.7782553142060634}
