{"FTSE100": 0.23205311162126618, "DJIA": 0.23760217068305511, "GBPUSD": -0.5839791383553018, "Gold": 1.333964329024813}
