{"FTSE100": 0.8538398860297982, "DJIA": 0.9168064917023002, "GBPUSD": 0.3835491588501119, "Gold": 0.6497584541062934}
