{"FTSE100": -0.138865027068992, "DJIA": -0.6615305745402872, "GBPUSD": -0.007994244144215283, "Gold": -0.7929081507017931}
