{"FTSE100": 0.33655125752763426, "DJIA": -1.670474861235758, "GBPUSD": 0.280876334162592, "Gold": -0.19789201978919807}
