{"FTSE100": 0.05489840830186298, "DJIA": 0.31756058227226364, "GBPUSD": 0.06389266033065522, "Gold": -0.3801799518438727}
