{"FTSE100": 0.44582503545208063, "DJIA": -1.2290685590938644, "GBPUSD": 0.045187528242200174, "Gold": 0.38533918809929474}
