{"FTSE100": 0.47263937772985554, "DJIA": 0.46976637195063764, "GBPUSD": -0.01531510835438992, "Gold": 0.2832540222071153}
