{"FTSE100": 0.217632934789943, "DJIA": 0.4896193646091157, "GBPUSD": -0.2125482169566185, "Gold": 0.23784812316208268}
