{"FTSE100": 0.06158724750867831, "DJIA": -0.07631359503334861, "GBPUSD": 0.06665185514329415, "Gold": 0.07803823873697839}
