{"FTSE100": -0.09199686617126848, "DJIA": 0.16635361271460578, "GBPUSD": 0.06295742504130887, "Gold": -0.1484780994803229}
