{"FTSE100": -0.18417721351022276, "DJIA": 0.9800716895676744, "GBPUSD": 0.548550843294574, "Gold": 0.0}
