{"FTSE100": -0.322650878633434, "DJIA": 0.39691050235524983, "GBPUSD": 0.9570532411130788, "Gold": 1.353785967982702}
