{"FTSE100": 0.14297175019050187, "DJIA": -0.6042097229734195, "GBPUSD": 0.08764940239042858, "Gold": 0.7690587972278236}
