{"FTSE100": 0.3829126806431983, "DJIA": 0.377089524600167, "GBPUSD": -0.03220871245671599, "Gold": -0.1381509032943548}
