{"FTSE100": 0.5823450365603693, "DJIA": 0.3219571845942602, "GBPUSD": 0.033678853422150316, "Gold": 0.14246337762085878}
