{"FTSE100": -0.4075338277034701, "DJIA": -0.2550589971080233, "GBPUSD": -0.1411491198937259, "Gold": -0.32205240174671745}
