{"FTSE100": -0.47243001606629775, "DJIA": 1.0567853185221285, "GBPUSD": -0.024675111037996952, "Gold": -0.3252544329031605}
