{"FTSE100": -0.5615506365585057, "DJIA": -0.6062904203220859, "GBPUSD": -0.22741676919061976, "Gold": 0.0}
