{"FTSE100": -0.02120445525647263, "DJIA": -0.15425644346703474, "GBPUSD": -0.4152762328513199, "Gold": 0.8205647714321918}
