{"FTSE100": 1.6213580551808802, "DJIA": 0.9404155171324367, "GBPUSD": -0.09700105084472474, "Gold": -2.9561374249499703}
