{"FTSE100": -0.035031114994597226, "DJIA": 0.5511257227108757, "GBPUSD": -0.1560410164957639, "Gold": 0.0}
