{"FTSE100": 0.1971564764019558, "DJIA": 0.3636407946585871, "GBPUSD": 0.04701089085639395, "Gold": 0.09030316061061747}
