{"FTSE100": -0.7623602509861613, "DJIA": -0.7302098639888487, "GBPUSD": -0.10182501762356691, "Gold": 1.166130760986078}
