{"FTSE100": -0.16342072088295762, "DJIA": -0.47556003243707184, "GBPUSD": -0.007611508601003881, "Gold": 0.0}
