{"FTSE100": -0.12759120242329075, "DJIA": -0.13539847915705555, "GBPUSD": -0.30404152762328457, "Gold": 0.2887172343928097}
