{"FTSE100": 0.30664811025829963, "DJIA": -0.8574188729116689, "GBPUSD": 0.2386255170219449, "Gold": -0.33691406249999334}
