{"FTSE100": 0.08088110731968116, "DJIA": -1.1420705304931666, "GBPUSD": 0.6998697916666619, "Gold": 0.0}
