{"FTSE100": 0.6419007344073131, "DJIA": 0.32945334552794114, "GBPUSD": -0.08179290037625649, "Gold": 1.5721772272510746}
