{"FTSE100": 0.7440360222801333, "DJIA": 0.877866847349193, "GBPUSD": 0.16232448664881113, "Gold": 0.27276002264422594}
