{"FTSE100": 0.4687215597916218, "DJIA": 0.6528563581075048, "GBPUSD": 0.27611940298507737, "Gold": 1.0248397860282774}
