{"FTSE100": 0.3640686348097449, "DJIA": 0.1055855086532846, "GBPUSD": 0.4826780848579201, "Gold": 1.7789393811651553}
