{"FTSE100": 0.26670798494770853, "DJIA": -0.6066558803775848, "GBPUSD": -0.01606941989394006, "Gold": -0.41201716738197425}
