{"FTSE100": 0.15260091902294118, "DJIA": -0.4718065581230504, "GBPUSD": 0.18037222267770597, "Gold": -0.3841783453276411}
