{"FTSE100": 1.2154109691588473, "DJIA": -0.6243731483607998, "GBPUSD": -0.7486870041345322, "Gold": 0.894412823789058}
