{"FTSE100": -0.860553370217429, "DJIA": -1.0408945745372133, "GBPUSD": -0.03298697014678838, "Gold": 0.0}
