{"FTSE100": -0.03519120114922095, "DJIA": -0.7096213059205019, "GBPUSD": 0.23938716884774108, "Gold": 0.009873130275956236}
