{"FTSE100": -0.06302232828033019, "DJIA": 0.3334902932394879, "GBPUSD": -0.16484810424680044, "Gold": 0.14369814119500807}
