{"FTSE100": -0.8396042620203993, "DJIA": 0.7905218784459184, "GBPUSD": -0.6891772225002898, "Gold": -0.45211977468128584}
