{"FTSE100": -0.35458439121605995, "DJIA": 1.0567853185221285, "GBPUSD": -0.07402533311399086, "Gold": -0.3252544329031605}
