{"FTSE100": 1.0408036635541282, "DJIA": 0.377089524600167, "GBPUSD": 0.024164317358031973, "Gold": 0.10626992561105207}
