{"FTSE100": -0.027679720470764835, "DJIA": 0.02419950087924013, "GBPUSD": -0.271513688815148, "Gold": 1.8023358205638465e-14}
