{"FTSE100": -0.12396904674955661, "DJIA": 0.3746010720720886, "GBPUSD": -0.6344522316488338, "Gold": 0.30777611330519355}
