{"FTSE100": -0.1286112674704748, "DJIA": 0.2973710194088548, "GBPUSD": -0.10148163182461956, "Gold": -0.7190345425639575}
