{"FTSE100": 0.536923407770369, "DJIA": 1.229352249857853, "GBPUSD": 0.6316884661117681, "Gold": 0.0}
