{"FTSE100": 0.28938801427159566, "DJIA": -0.11003251448037732, "GBPUSD": 0.06323610781755686, "Gold": 0.08281032078103603}
