{"FTSE100": 0.2518822401408283, "DJIA": -0.5915571342052401, "GBPUSD": -0.13601088087047242, "Gold": 0.2027494807635316}
