{"FTSE100": -0.216343979692132, "DJIA": 0.5017275560169973, "GBPUSD": 0.07012622720896843, "Gold": 0.6237006237006237}
