{"FTSE100": 0.4445908459034877, "DJIA": 0.5531439013355783, "GBPUSD": -0.49863157500094063, "Gold": 0.0}
