{"FTSE100": 0.16735177414289854, "DJIA": 1.2291647572612365, "GBPUSD": -0.23233155961926708, "Gold": -1.1944777911164384}
