{"FTSE100": -0.06743298981288118, "DJIA": 0.0202468810421533, "GBPUSD": 0.3319563293006748, "Gold": -0.08418880017380666}
