{"FTSE100": 0.24289967888951433, "DJIA": 0.698164248914236, "GBPUSD": -0.15343616248080358, "Gold": -0.16159167802858382}
