{"FTSE100": 0.3333111473916506, "DJIA": 0.723941423755799, "GBPUSD": -0.11081209434858855, "Gold": 0.0}
