{"FTSE100": -0.2931208759169807, "DJIA": -0.1959734135626649, "GBPUSD": 0.23775558725630952, "Gold": 0.11671686746989321}
