{"FTSE100": -0.44303988871080097, "DJIA": 0.6979597834872301, "GBPUSD": 0.3459687123947172, "Gold": 0.25433252498964654}
