{"FTSE100": 0.1984920816808502, "DJIA": 0.036294795122905246, "GBPUSD": -0.5045651129264932, "Gold": 0.0}
