{"FTSE100": -0.522835478751533, "DJIA": 0.02487581986640328, "GBPUSD": -0.05793742757820915, "Gold": 4.344219021042304}
