{"FTSE100": -0.8108332926222325, "DJIA": -1.263667804372349, "GBPUSD": -0.19008395374625214, "Gold": -1.2981865028243011}
