{"FTSE100": 0.3437529346760179, "DJIA": 0.02326781680191176, "GBPUSD": -0.01482579688658102, "Gold": 0.0}
