{"FTSE100": -0.1005927008778359, "DJIA": -0.37247147395092833, "GBPUSD": -1.198372022912272, "Gold": -0.060443504212170436}
