{"FTSE100": -0.03519120114922095, "DJIA": -0.7096213059205019, "GBPUSD": 0.08777529524416523, "Gold": 0.0}
