{"FTSE100": 0.7243325677410822, "DJIA": 0.007037868777445874, "GBPUSD": 0.26847757422615837, "Gold": 0.33052160440696726}
