{"FTSE100": 1.0408036635541282, "DJIA": 0.24864962543769217, "GBPUSD": -0.10038951130385683, "Gold": 1.8773918694490577}
