{"FTSE100": 0.37019507751288927, "DJIA": 0.40257879785867146, "GBPUSD": -0.2571973782460699, "Gold": -0.1673143350604564}
