{"FTSE100": -0.03254489451967786, "DJIA": -0.35258272093663195, "GBPUSD": -0.10979531017175655, "Gold": 0.0}
