{"FTSE100": -0.11744503353015372, "DJIA": 1.6754062502005447e-14, "GBPUSD": 0.0950118764845501, "Gold": 0.42211328976033613}
