{"FTSE100": 0.26107227235756264, "DJIA": 0.9714077959259579, "GBPUSD": 0.33516878142207174, "Gold": -1.8746079191113962}
