{"FTSE100": -0.5400281198074273, "DJIA": -1.1165497923480467, "GBPUSD": -0.19030282972033497, "Gold": 0.049180327868857426}
