{"FTSE100": 0.5461488579868934, "DJIA": 0.2969321665783953, "GBPUSD": -0.03359650596337611, "Gold": 0.730324831044248}
