{"FTSE100": 0.4116975042659058, "DJIA": 0.40257879785867146, "GBPUSD": -0.041483448104201855, "Gold": 0.12953367875646932}
