{"FTSE100": 0.5585039791444638, "DJIA": 0.48572084876326277, "GBPUSD": -0.47245266173132366, "Gold": -0.28964831506818917}
