{"FTSE100": 0.6226773147782083, "DJIA": 0.3126579848380299, "GBPUSD": -0.5410837133802363, "Gold": -0.222503160556251}
