{"FTSE100": 0.036557698441990825, "DJIA": -0.5064832108151335, "GBPUSD": 0.06291781360597026, "Gold": -0.753390256152687}
