{"FTSE100": -0.23653459292644544, "DJIA": -1.062368550768789, "GBPUSD": -0.08353584447143673, "Gold": 0.0}
