{"FTSE100": 0.01642690658374668, "DJIA": 0.9535053128436868, "GBPUSD": -0.14614260441504598, "Gold": 0.23722447365819305}
