{"FTSE100": 0.16279161833105035, "DJIA": -0.35648877550204594, "GBPUSD": 0.30701409115956974, "Gold": -0.9345090059537335}
