{"FTSE100": -0.44480357867679055, "DJIA": -0.04212554626196295, "GBPUSD": 0.05919786887671391, "Gold": -1.041666666666674}
