{"FTSE100": 0.3476185253199015, "DJIA": 0.5691257684465376, "GBPUSD": 0.091733020217972, "Gold": -0.7387690803411325}
