{"FTSE100": 1.2558607851230066, "DJIA": 0.27071777273245623, "GBPUSD": -0.04776689753999951, "Gold": 0.11629910406617303}
