{"FTSE100": -0.4815066932985343, "DJIA": -0.8997158512041429, "GBPUSD": -0.8251473477406643, "Gold": -0.9674109542189844}
