{"FTSE100": 0.12389454472345918, "DJIA": 0.1212983912016473, "GBPUSD": 0.03122073056509178, "Gold": 0.009163802978248469}
