{"FTSE100": 0.13105315172086654, "DJIA": -0.7654102166605894, "GBPUSD": -0.539860967312534, "Gold": -0.04149623569862146}
