{"FTSE100": 0.1561309516610816, "DJIA": -0.6952911068033695, "GBPUSD": 0.40528369858901764, "Gold": 0.018802647412755714}
