{"FTSE100": 0.1616615489998225, "DJIA": 0.11254713519430633, "GBPUSD": 0.24626865671642392, "Gold": -0.0026171844329846124}
