{"FTSE100": -0.5353217729067979, "DJIA": -0.5015802709599746, "GBPUSD": -0.29028714890944723, "Gold": 1.035185862916294}
