{"FTSE100": -0.1950681316681412, "DJIA": 0.08337352620218463, "GBPUSD": -0.18934471876739042, "Gold": -0.7847070623635586}
