{"FTSE100": 1.0717242094863961, "DJIA": 0.4917184966985216, "GBPUSD": 0.1508628619788871, "Gold": 0.3955791762290104}
