{"FTSE100": 1.130835914584843, "DJIA": 0.24411357638170253, "GBPUSD": 0.14804425744117286, "Gold": 1.7713097713097676}
