{"FTSE100": 0.4844131105242977, "DJIA": -1.3549674215902217, "GBPUSD": -0.1344936708860787, "Gold": -1.1767782426778242}
