{"FTSE100": 0.40350970899716915, "DJIA": 0.039785602364751205, "GBPUSD": 0.16607354685648185, "Gold": 0.27197375237438187}
