{"FTSE100": 0.6723931602368762, "DJIA": -0.05426550491092768, "GBPUSD": 0.30608435983577564, "Gold": 0.0}
