{"FTSE100": 0.11451038154351306, "DJIA": -0.5478459774564257, "GBPUSD": -0.15392508978962752, "Gold": -0.3367346938775386}
