{"FTSE100": -0.5406940200891549, "DJIA": -0.07252976493335209, "GBPUSD": 0.3762640119150204, "Gold": 0.7966776845495265}
