{"FTSE100": 0.057161158881325176, "DJIA": -0.31988677401942933, "GBPUSD": 0.2760370038794417, "Gold": 0.5368326871458395}
