{"FTSE100": 0.42893867938660274, "DJIA": 0.5928974953895598, "GBPUSD": -0.06454797433268918, "Gold": -0.09127346323265713}
