{"FTSE100": -0.3003205009970933, "DJIA": 0.1572909870091696, "GBPUSD": -0.3774143417449776, "Gold": -0.11947083163354243}
