{"FTSE100": -0.3552479983843604, "DJIA": -0.36454083119177816, "GBPUSD": -0.31116745418922725, "Gold": 0.4550707887893639}
