{"FTSE100": 0.24518511536629195, "DJIA": 1.5083119312081201, "GBPUSD": -0.09419891671244743, "Gold": 0.06887941796891424}
