{"FTSE100": 0.12657895703558916, "DJIA": 1.7233028488647273, "GBPUSD": 0.168285779851618, "Gold": 0.208501974636348}
