{"FTSE100": 0.8578775482621778, "DJIA": 1.0048600540112893, "GBPUSD": 0.06967022758940244, "Gold": 0.2529780965799952}
