{"FTSE100": -0.5141931469521777, "DJIA": -0.06024406354158427, "GBPUSD": 0.13749024562447543, "Gold": 0.15116485861639423}
