{"FTSE100": -0.39634888119735656, "DJIA": -0.5139200357818361, "GBPUSD": 0.02464470549576661, "Gold": 2.4447654202107643}
