{"FTSE100": 0.6086869025658211, "DJIA": 1.4689919001806955, "GBPUSD": 0.17429884328949294, "Gold": 0.10794367302880356}
