{"FTSE100": 0.23986271059082234, "DJIA": -0.14012881890648238, "GBPUSD": -0.033833314537035405, "Gold": -0.32230403027884}
