{"FTSE100": 0.5477230479716657, "DJIA": -0.4495780008575019, "GBPUSD": -0.4632587859424942, "Gold": -0.8034095919267178}
