{"FTSE100": 0.7623678869824249, "DJIA": 0.5646125732682903, "GBPUSD": -0.595192084718253, "Gold": -0.37926675094816686}
