{"FTSE100": -0.31728259276522613, "DJIA": -1.352230485666809, "GBPUSD": -0.15886885376122023, "Gold": -0.14551658387275282}
