{"FTSE100": 1.1194138151544015, "DJIA": 0.3824543208370186, "GBPUSD": 0.32619171176515543, "Gold": 0.23468714845417518}
