{"FTSE100": -0.13414728047970148, "DJIA": 0.17677685446047278, "GBPUSD": -0.15780337699226776, "Gold": -1.0455813953488338}
