{"FTSE100": -0.4380412813890932, "DJIA": -1.4818807365084472, "GBPUSD": 0.18110236220472195, "Gold": 1.0033907688049268}
