{"FTSE100": -0.1377682873704763, "DJIA": 0.526500436470395, "GBPUSD": 0.14362084097981517, "Gold": 0.09541026413578843}
