{"FTSE100": 0.8951957608572814, "DJIA": 0.16563262438991777, "GBPUSD": 0.43887647622087933, "Gold": 0.4689736881078146}
