{"FTSE100": 0.4793983915884778, "DJIA": 0.40468767167978803, "GBPUSD": 0.003694808793652726, "Gold": -0.20644335892067656}
