{"FTSE100": 0.3948517269138737, "DJIA": 0.479149765745378, "GBPUSD": 0.5035246727089588, "Gold": -0.6418219461697723}
