{"FTSE100": -0.13363777966582485, "DJIA": -0.29623302840803867, "GBPUSD": 0.12073406310367489, "Gold": -0.6525854338945855}
