{"FTSE100": 0.0781530701684116, "DJIA": -0.0032250019349976847, "GBPUSD": 0.5738132498695908, "Gold": 0.947665765574213}
