{"FTSE100": -1.2796921168021325, "DJIA": -0.7436245616652936, "GBPUSD": -0.6640977289497414, "Gold": -0.8819869054704806}
