{"FTSE100": -0.1656875023516059, "DJIA": 0.16705769703677525, "GBPUSD": 0.1603463481119219, "Gold": 0.0}
