{"FTSE100": 1.016623396346971, "DJIA": 0.0421216084383792, "GBPUSD": -0.526315789473696, "Gold": -0.26981946624803765}
