{"FTSE100": 0.19604049004074553, "DJIA": 0.6211655801358724, "GBPUSD": -0.19007864037867037, "Gold": -0.12732174955063252}
