{"FTSE100": 0.5355689278731648, "DJIA": -0.3211059001903515, "GBPUSD": -0.5539143279172867, "Gold": -0.12545162585307104}
