{"FTSE100": 0.31289154391134505, "DJIA": -0.43107519378210224, "GBPUSD": -0.023674242424239815, "Gold": -1.1446980601823322}
