{"FTSE100": 0.18929810447071602, "DJIA": 0.5752573742019239, "GBPUSD": 0.06857665345932056, "Gold": 0.4888541259288228}
