{"FTSE100": 0.4896859218036297, "DJIA": 1.3422323002951637, "GBPUSD": -0.09032743695896633, "Gold": -0.6341868183973474}
