{"FTSE100": 0.3523213810541361, "DJIA": -0.4457888358008879, "GBPUSD": 0.04364906154519841, "Gold": -0.9433962264151037}
