{"FTSE100": 0.06166882550561541, "DJIA": -1.008917915594655, "GBPUSD": -0.31237484981978486, "Gold": 0.0}
