{"FTSE100": 0.013256618236681674, "DJIA": 0.5004432764820844, "GBPUSD": 0.10894941634240043, "Gold": -0.1275249948990002}
