{"FTSE100": -0.8116900403582253, "DJIA": -0.2213974377498522, "GBPUSD": -0.42985864263866014, "Gold": 0.15388843088761647}
