{"FTSE100": -0.9347091856902671, "DJIA": 0.0894406888543536, "GBPUSD": -0.2940410168608254, "Gold": -1.0256530068688294}
