{"FTSE100": 0.6886746230094613, "DJIA": 0.5562740824610231, "GBPUSD": -0.09872480460714668, "Gold": 0.15494763838426284}
