{"FTSE100": 0.8267468958459228, "DJIA": 0.8982732752506652, "GBPUSD": 0.41088456469494394, "Gold": 0.0474747105868671}
