{"FTSE100": 0.5273560024013673, "DJIA": -0.3904973052758115, "GBPUSD": 0.41226912928759013, "Gold": -0.10998075336816057}
