{"FTSE100": 0.15397309858609406, "DJIA": 0.04524236576443386, "GBPUSD": -0.25841701122268596, "Gold": -0.35305286892541654}
