{"FTSE100": 0.043251351768072016, "DJIA": -0.49060919643141554, "GBPUSD": 0.09691487643353981, "Gold": 0.12943308309603935}
