{"FTSE100": -0.38310577915251737, "DJIA": -0.03924242814132564, "GBPUSD": -0.18558614290132674, "Gold": 0.434782608695656}
