{"FTSE100": 0.130045624945531, "DJIA": -0.35448706866643176, "GBPUSD": 0.3947062920826642, "Gold": 0.7994400235779646}
