{"FTSE100": -0.2681900609221918, "DJIA": 0.7213108453068825, "GBPUSD": 0.12031763856580048, "Gold": -0.1056922844632296}
