{"FTSE100": 0.23905510124461649, "DJIA": 1.1388703134055618, "GBPUSD": -0.047923322683700795, "Gold": 0.171459364130701}
