{"FTSE100": 1.8326073941437857, "DJIA": 0.806913432076076, "GBPUSD": 0.4253015774822021, "Gold": 1.2582198519132166}
