{"FTSE100": -0.9230558755953483, "DJIA": -0.6458966231212456, "GBPUSD": 0.016365272890941824, "Gold": -0.23419203747072137}
