{"FTSE100": -0.8116900403582253, "DJIA": -0.5810516303039024, "GBPUSD": 0.09127115831398115, "Gold": 0.06045616927728147}
