{"FTSE100": -0.32186717759456873, "DJIA": -0.20163508038452232, "GBPUSD": -0.31378050131048507, "Gold": 1.3501453781270716}
