{"FTSE100": 0.6418174523306821, "DJIA": 0.0, "GBPUSD": 0.4919242436664758, "Gold": 0.6396473876585729}
