{"FTSE100": -0.7452417086719846, "DJIA": -0.26045257868941085, "GBPUSD": 0.3452756636346958, "Gold": 0.03400565343987278}
