{"FTSE100": -1.0072397232945005, "DJIA": 0.04053127880320813, "GBPUSD": 0.007477753682792864, "Gold": -0.4008622319706504}
