{"FTSE100": 0.03549188138253183, "DJIA": -0.5310252474825794, "GBPUSD": -0.3708379359318231, "Gold": -0.5618604651162756}
