{"FTSE100": -0.8303810730793609, "DJIA": -0.25707243740488234, "GBPUSD": -0.1644608035084964, "Gold": -0.8948430145347427}
