{"FTSE100": -0.46492993440668245, "DJIA": -0.11328302823798175, "GBPUSD": -0.07124762507917376, "Gold": 0.20749962946494963}
