{"FTSE100": 0.3256835834348527, "DJIA": 1.2370817306818849, "GBPUSD": 0.190661636444775, "Gold": 0.061946580184375544}
