{"FTSE100": -0.22584525074366144, "DJIA": 0.0, "GBPUSD": 0.09614673470897706, "Gold": -0.2708640563397237}
