{"FTSE100": -0.10407454541533097, "DJIA": 0.1664131657039827, "GBPUSD": -0.13822261972518374, "Gold": 0.0508440105755542}
