{"FTSE100": -0.47156919081286547, "DJIA": 0.0, "GBPUSD": -0.2848101265822822, "Gold": -1.0818438381937934}
