{"FTSE100": -0.10886643786699039, "DJIA": -0.12215132945470364, "GBPUSD": -0.16081048484361193, "Gold": 0.0}
