{"FTSE100": 0.15429672011946535, "DJIA": 0.13890413343880204, "GBPUSD": -0.1675169420543653, "Gold": -0.1888525928950615}
