{"FTSE100": -0.7059991164420444, "DJIA": -0.25230411749914206, "GBPUSD": 0.05914126877735507, "Gold": -0.5355661160141743}
