{"FTSE100": 0.7866912712020523, "DJIA": 1.711388020962844e-14, "GBPUSD": 0.28635554523643963, "Gold": -0.007368110816379977}
