{"FTSE100": 0.19604049004074553, "DJIA": 0.6211655801358724, "GBPUSD": -0.05963473723444904, "Gold": -0.03370281605752288}
