{"FTSE100": -0.8771126103936367, "DJIA": -0.27362807286722257, "GBPUSD": 0.33090668431501935, "Gold": 0.0}
