{"FTSE100": 0.018001284637133155, "DJIA": 0.47947084903889636, "GBPUSD": 0.09961685823755394, "Gold": 0.0}
