{"FTSE100": -0.5371901767036885, "DJIA": 0.4369997066442691, "GBPUSD": -0.022354694485839564, "Gold": -0.5832049073822313}
