{"FTSE100": -0.2034846920078559, "DJIA": 0.005179498229663735, "GBPUSD": 0.1444506861407611, "Gold": -0.27755349212757363}
