{"FTSE100": 2.077367165252682, "DJIA": -0.2213974377498522, "GBPUSD": -1.070983810709849, "Gold": 0.9616969830191789}
