{"FTSE100": -0.12701434892197216, "DJIA": -0.10246695060567308, "GBPUSD": -0.13407997476141925, "Gold": 0.6550218340611318}
