{"FTSE100": 1.0259769748947516, "DJIA": 0.3023118509650154, "GBPUSD": 0.1292302721912645, "Gold": 0.11563018450555299}
