{"FTSE100": 0.5668676932540258, "DJIA": -0.12749456266418618, "GBPUSD": -0.09464468806687182, "Gold": 0.5209530376158702}
