{"FTSE100": 0.11015079948587381, "DJIA": 0.0952865059784278, "GBPUSD": -0.5171453576259186, "Gold": -0.38732035470389914}
