{"FTSE100": 0.056816978308617, "DJIA": 0.10751297283731569, "GBPUSD": -0.31770935477543727, "Gold": -0.5884615384615279}
