{"FTSE100": 0.13596210671342038, "DJIA": -0.3340484379516394, "GBPUSD": 0.04713275726629488, "Gold": -0.5689763247986972}
