{"FTSE100": 0.20770623594862586, "DJIA": 1.0014658993795054, "GBPUSD": 0.18558863874767761, "Gold": -0.2803156146179449}
