{"FTSE100": 0.6404375810397994, "DJIA": -0.06931504474708237, "GBPUSD": -0.28680688336520455, "Gold": 0.8211503779593888}
