{"FTSE100": -0.5360090850779664, "DJIA": -0.0990226068790578, "GBPUSD": -0.4345330819053751, "Gold": -0.6547264758400593}
