{"FTSE100": -0.2594963803612494, "DJIA": 0.1499542048357076, "GBPUSD": 0.2835315428841496, "Gold": 0.2912205567451898}
