{"FTSE100": -0.20466803354806196, "DJIA": -0.1361497929996175, "GBPUSD": 0.06891798759475463, "Gold": 0.6754178432419986}
