{"FTSE100": -0.30481308194746504, "DJIA": 0.38930734870907513, "GBPUSD": 0.41400657767461313, "Gold": 0.5610952579435057}
