{"FTSE100": 1.5995280431274637, "DJIA": 0.18551004102109828, "GBPUSD": 0.008172605426609103, "Gold": 0.22708840227088647}
