{"FTSE100": 0.09983057474260204, "DJIA": 0.9827448635051533, "GBPUSD": 0.7896221094190662, "Gold": -0.07056807298755435}
