{"FTSE100": -0.5739983217956753, "DJIA": 1.0031848348753765, "GBPUSD": 0.6477208323212701, "Gold": 0.6480481407190201}
