{"FTSE100": -0.22649366864548306, "DJIA": 0.5910813281874785, "GBPUSD": 0.022631261315628162, "Gold": 0.0}
