{"FTSE100": -0.3077349007581551, "DJIA": -0.2206359220029495, "GBPUSD": -0.29290690310323275, "Gold": -0.22232103156958646}
