{"FTSE100": -0.5090019042489775, "DJIA": -0.7956158518677132, "GBPUSD": -0.09241432422024397, "Gold": 0.47739708420550103}
