{"FTSE100": 0.0291940106281102, "DJIA": 1.137228315939286, "GBPUSD": 0.14984640743238195, "Gold": 0.6394825783548564}
