{"FTSE100": 0.32406924970057377, "DJIA": 0.0794429965328358, "GBPUSD": 0.320924261874198, "Gold": 0.044680534180601875}
