{"FTSE100": -0.3065101612415323, "DJIA": -0.9927453141093638, "GBPUSD": -0.3827404214173508, "Gold": -0.03138841418756638}
