{"FTSE100": -0.16086319890366355, "DJIA": 0.23839424343233565, "GBPUSD": 0.1236093943139714, "Gold": 0.22812775154085557}
