{"FTSE100": 1.0800851426842246, "DJIA": 0.8119888224640356, "GBPUSD": -0.33399119477757233, "Gold": 0.688263047813614}
