{"FTSE100": 0.3342954598718027, "DJIA": 0.04830803678753599, "GBPUSD": -0.10111223458039036, "Gold": -0.3891839299469073}
