{"FTSE100": -1.1077816844425186, "DJIA": -0.47556003243707184, "GBPUSD": -0.468054339967265, "Gold": -0.1299902507311906}
