{"FTSE100": -0.02150190111528989, "DJIA": 0.3644906216491603, "GBPUSD": -0.015740594994489057, "Gold": 0.5198534508367164}
