{"FTSE100": -0.36832010908427454, "DJIA": 0.15990990283314852, "GBPUSD": 0.16685205784206364, "Gold": 1.1337946153319143}
