{"FTSE100": 0.07517132300202807, "DJIA": 1.4005709452199757, "GBPUSD": 0.49359127458004803, "Gold": 2.3763777935079378}
