{"FTSE100": 0.1136540229309846, "DJIA": 0.3459584676963842, "GBPUSD": 0.18037222267770597, "Gold": 0.2580090303160586}
