{"FTSE100": 0.701780262591082, "DJIA": -1.2995112806410898, "GBPUSD": -0.10425112938723212, "Gold": 0.5830513018128234}
