{"FTSE100": -0.047726737766935805, "DJIA": -0.19196014745058468, "GBPUSD": 0.306700220195031, "Gold": -0.42596944770858036}
