{"FTSE100": 1.209351932004543, "DJIA": 0.2640772340972575, "GBPUSD": -0.04776689753999951, "Gold": 0.11629910406617303}
