{"FTSE100": -0.7361650463856946, "DJIA": -0.9421358745932237, "GBPUSD": -0.3110880675505504, "Gold": 0.0}
