{"FTSE100": 0.8651396157700642, "DJIA": 2.127325533372524, "GBPUSD": 1.5622375272971567, "Gold": 1.8203618923043308}
