{"FTSE100": 0.8507366749429691, "DJIA": 0.7016308973479316, "GBPUSD": -0.32121477587967134, "Gold": 0.2865620681245316}
