{"FTSE100": 0.260212456410624, "DJIA": 0.11893839247808574, "GBPUSD": -0.015845349389952305, "Gold": 1.5378371065211467}
