{"FTSE100": -0.13061233123181587, "DJIA": 1.1621354477690533, "GBPUSD": 0.2823972387825404, "Gold": -0.22685089709218864}
