{"FTSE100": 0.4676484494950305, "DJIA": -0.4267107831152267, "GBPUSD": 0.24384488319042558, "Gold": 0.4296066252588086}
