{"FTSE100": 0.20492408280704977, "DJIA": -0.030124164077094923, "GBPUSD": 0.08203445447086873, "Gold": 0.11560057249806831}
