{"FTSE100": -0.23653459292644544, "DJIA": -1.1819083437757547, "GBPUSD": 0.007601672367920104, "Gold": 0.0}
