{"FTSE100": -0.3065101612415323, "DJIA": -0.9927453141093638, "GBPUSD": -0.21309959390453292, "Gold": 0.3641456582633085}
