{"FTSE100": -0.6803792730383141, "DJIA": 0.4049701256653451, "GBPUSD": 0.05544554455446693, "Gold": 0.0}
