{"FTSE100": 0.05991650512072735, "DJIA": 0.34472631504720064, "GBPUSD": -0.047099458356223714, "Gold": -0.5145320539563301}
