{"FTSE100": 0.3611183002652636, "DJIA": -0.041057110035900124, "GBPUSD": 0.150138878462578, "Gold": 0.07252185197908664}
