{"FTSE100": 0.13338955537732683, "DJIA": -0.5523806491666671, "GBPUSD": -0.17918354627609603, "Gold": -0.14017236008722073}
