{"FTSE100": 0.23487062221407434, "DJIA": 0.9247514478540337, "GBPUSD": 0.2557337121981091, "Gold": -0.09394421159128355}
