{"FTSE100": 0.6850631951707379, "DJIA": -1.0836312961629802, "GBPUSD": 0.15080561949361163, "Gold": 0.0}
