{"FTSE100": -1.2796921168021325, "DJIA": -0.2212937402074206, "GBPUSD": -0.8690661638107684, "Gold": -1.0334938585574447}
