{"FTSE100": -0.0009211011105929056, "DJIA": 0.11640997004562277, "GBPUSD": 0.24709661477638695, "Gold": -0.8872055618968511}
