{"FTSE100": 0.30495832501042985, "DJIA": 1.0471000058129012, "GBPUSD": -0.3205482480380292, "Gold": -1.2295938162175148}
