{"FTSE100": 2.155738122908211, "DJIA": -0.2213974377498522, "GBPUSD": -1.15400581154006, "Gold": 0.9067428697037974}
