{"FTSE100": 0.0, "DJIA": 0.10203563588618289, "GBPUSD": 0.0344576744898397, "Gold": 0.0}
