{"FTSE100": 1.2142841466358774, "DJIA": 1.6540415087346056, "GBPUSD": -0.24501796798431003, "Gold": -0.18064516129030916}
