{"FTSE100": 0.3683821693952751, "DJIA": 1.2161956788204773, "GBPUSD": -0.3718942870707332, "Gold": 0.6710490276636663}
