{"FTSE100": 0.014355609323842498, "DJIA": 0.12561002805738813, "GBPUSD": 0.2849453854677891, "Gold": 0.53899025861642}
