{"FTSE100": 0.08184329282847595, "DJIA": 0.27659611269777606, "GBPUSD": -0.04749089757795899, "Gold": 0.36325179326835066}
