{"FTSE100": -0.28522192289924014, "DJIA": 0.03237798266514376, "GBPUSD": 0.007887057338905984, "Gold": -0.6769351515746077}
