{"FTSE100": -0.8065056848114551, "DJIA": -0.021192772476323025, "GBPUSD": -0.18039215686272525, "Gold": 0.9418739915193781}
