{"FTSE100": 0.5479165627145963, "DJIA": 0.7458314057590976, "GBPUSD": -0.3087682749897605, "Gold": -0.46804680468046533}
