{"FTSE100": -0.13061233123181587, "DJIA": 1.1778773624992194, "GBPUSD": 0.27455287103858145, "Gold": -0.22685089709218864}
