{"FTSE100": 0.5596128422245505, "DJIA": -0.1707605734446902, "GBPUSD": 0.023677979479081842, "Gold": -0.11343441600181493}
