{"FTSE100": -0.4071248577654358, "DJIA": -0.9940569573174595, "GBPUSD": 0.3725840254599191, "Gold": 0.03771514777480316}
