{"FTSE100": 0.12001996208304712, "DJIA": 0.6830287175498714, "GBPUSD": 0.46659926899447896, "Gold": 0.3480519480519504}
