{"FTSE100": -0.507542556387868, "DJIA": -0.29303959375357097, "GBPUSD": 0.26161407959410815, "Gold": -1.3999224956403842}
