{"FTSE100": 0.5920699380170713, "DJIA": -0.055891192367406056, "GBPUSD": -0.06446933677170875, "Gold": 0.0}
