{"FTSE100": -0.3372593595820767, "DJIA": -0.5175354612828214, "GBPUSD": 0.1787683998326311, "Gold": 0.970404670827476}
