{"FTSE100": -0.6793361535958294, "DJIA": 0.2333292902240386, "GBPUSD": 0.18181818181817933, "Gold": -0.2204226364463994}
