{"FTSE100": -0.958396704032521, "DJIA": -2.5846549704372133, "GBPUSD": 0.23462043186065998, "Gold": -1.4868196472596176}
