{"FTSE100": 0.2240058580438708, "DJIA": -0.03412677700836227, "GBPUSD": -0.3023311321505311, "Gold": -0.6695324685205579}
