{"FTSE100": 0.23128924349790195, "DJIA": -0.6615305745402872, "GBPUSD": 0.2078503477496151, "Gold": 0.0}
