{"FTSE100": 0.2987232545152765, "DJIA": 1.1388703134055618, "GBPUSD": -0.07188498402555119, "Gold": 0.171459364130701}
