{"FTSE100": -0.44303988871080097, "DJIA": 0.6979597834872301, "GBPUSD": 0.4211793020457485, "Gold": 0.25433252498964654}
