{"FTSE100": 0.8330559335807162, "DJIA": -0.0606378799878433, "GBPUSD": 0.14128728414442887, "Gold": -0.00423764725823837}
