{"FTSE100": -1.670435711765767, "DJIA": -0.9486012340465938, "GBPUSD": 0.8637316561844842, "Gold": 1.8422347345979235}
