{"FTSE100": -0.281581978753363, "DJIA": -1.017168800958807, "GBPUSD": 0.5722114764667863, "Gold": 0.085255767301908}
