{"FTSE100": -0.10723354496009274, "DJIA": 0.1943430954406277, "GBPUSD": 0.1299650718869341, "Gold": 0.4485262708244267}
