{"FTSE100": -0.4263753306163607, "DJIA": 0.432630127557726, "GBPUSD": -0.3277722535263186, "Gold": 0.982697293060828}
