{"FTSE100": -0.20314729793430933, "DJIA": -0.490648404370982, "GBPUSD": -0.07064918753433558, "Gold": 0.0}
