{"FTSE100": 0.6419007344073131, "DJIA": 0.06610125718156099, "GBPUSD": 0.049180327868865246, "Gold": 0.8441044579266684}
