{"FTSE100": -0.40765315671581287, "DJIA": -0.7689182849245199, "GBPUSD": 0.023661172016717955, "Gold": -0.5193133047210261}
