{"FTSE100": 0.10572100923314849, "DJIA": 0.6288946278938743, "GBPUSD": 0.0078455986191912, "Gold": 0.0}
