{"FTSE100": -0.3065101612415323, "DJIA": -0.6550737994392047, "GBPUSD": -0.34176349965822567, "Gold": 0.27310924369748535}
