{"FTSE100": 0.2580121384823348, "DJIA": 0.002161216501982335, "GBPUSD": -0.024156534342536996, "Gold": 0.25504782146653465}
