{"FTSE100": 0.3533085433407055, "DJIA": -0.12079694235055477, "GBPUSD": 0.23341918866710598, "Gold": -0.8700016730801481}
