{"FTSE100": 0.5211883351737034, "DJIA": 0.020301566271700242, "GBPUSD": -0.26664511958630255, "Gold": 1.54061624649859}
