{"FTSE100": -0.10259203287259824, "DJIA": 0.6567554437059103, "GBPUSD": 0.3394213673832214, "Gold": 0.0}
