{"FTSE100": -0.2662976163393204, "DJIA": -0.5116987548486623, "GBPUSD": -0.6889921486941148, "Gold": -0.005027399326335349}
