{"FTSE100": 0.710696097828081, "DJIA": 0.08740511543017586, "GBPUSD": 0.17023910856612084, "Gold": -0.23563771530982586}
