{"FTSE100": -0.26982323449221673, "DJIA": -0.7699569309741626, "GBPUSD": -0.10334684792112703, "Gold": -0.16804155209288463}
