{"FTSE100": 0.1068594967415629, "DJIA": 0.3037251455616171, "GBPUSD": 0.2680965147453119, "Gold": 0.12697100336619993}
