{"FTSE100": -0.1625660091406328, "DJIA": 0.16590658514583323, "GBPUSD": -0.1734331888056744, "Gold": -0.21769163143133388}
