{"FTSE100": 0.17123934311806185, "DJIA": 0.3807708274865766, "GBPUSD": 0.41637206379133157, "Gold": -0.009301027763580562}
