{"FTSE100": 0.194909643665512, "DJIA": 0.24411357638170253, "GBPUSD": -0.5989421281891755, "Gold": 0.33793529775397785}
