{"FTSE100": 0.6953072296845049, "DJIA": -1.0756403436845956, "GBPUSD": -0.4392386530014699, "Gold": 0.0}
