{"FTSE100": -0.25962626697497376, "DJIA": 0.3745557446196195, "GBPUSD": 0.20751671662440604, "Gold": -0.003716090672609032}
