{"FTSE100": -0.14672226839450078, "DJIA": -0.7088403258367703, "GBPUSD": -0.3363914373088654, "Gold": -0.3980416351550372}
