{"FTSE100": -0.3014950997172074, "DJIA": -0.24355522457201523, "GBPUSD": 0.11097019657578217, "Gold": -0.48223600039365977}
