{"FTSE100": -0.08685202094944072, "DJIA": 0.34937839824878414, "GBPUSD": 0.015835312747425015, "Gold": -0.890684318115446}
