{"FTSE100": -0.7554321087280778, "DJIA": -0.18990357537550803, "GBPUSD": -0.1340376882440915, "Gold": -0.05898545025560585}
