{"FTSE100": 0.6749680985227121, "DJIA": -0.11108026269691053, "GBPUSD": 0.29692641040045237, "Gold": -0.8388900838890084}
