{"FTSE100": -1.255400288015368, "DJIA": 0.4120198409917458, "GBPUSD": 0.12265925259629215, "Gold": 0.0}
