{"FTSE100": -0.6892448571779628, "DJIA": -0.2226392059964714, "GBPUSD": -0.5022683084899712, "Gold": -1.1101973684210595}
