{"FTSE100": -0.6222548544007557, "DJIA": -0.4921658345508058, "GBPUSD": -0.21028793270787427, "Gold": 0.0}
