{"FTSE100": -1.1854162464340208, "DJIA": 0.0908264781194285, "GBPUSD": -0.07506943923128068, "Gold": 0.07252185197908664}
