{"FTSE100": -0.43055580513576774, "DJIA": 0.23839424343233565, "GBPUSD": 0.09270704573548284, "Gold": 0.048026895061227}
