{"FTSE100": -0.32056748076653796, "DJIA": 0.07190259730497434, "GBPUSD": 0.24594573822151194, "Gold": -0.003716090672609032}
