{"FTSE100": 0.014658148213694435, "DJIA": 0.5461359459594268, "GBPUSD": 0.03168065895770283, "Gold": -0.43987545099590225}
