{"FTSE100": 0.0007250229590542158, "DJIA": -1.328883554801312, "GBPUSD": 0.14322327755163672, "Gold": -0.10521252930920458}
