{"FTSE100": 0.2548380342775015, "DJIA": 0.08524701629661285, "GBPUSD": -0.160944206008583, "Gold": 0.5638058738990944}
