{"FTSE100": 0.1616615489998225, "DJIA": 0.14872222783215802, "GBPUSD": 0.022344704305077234, "Gold": 0.08113271742259438}
