{"FTSE100": -0.48504446240906735, "DJIA": 0.7727769393462457, "GBPUSD": -0.06764015437870667, "Gold": 0.3246864212720872}
