{"FTSE100": 0.3962575817240739, "DJIA": 0.3161633154423496, "GBPUSD": -0.18922254216371606, "Gold": 0.20303483650352394}
