{"FTSE100": 0.05069509400013112, "DJIA": 1.190964024403033, "GBPUSD": 0.47901029683552054, "Gold": 1.5016939840673875}
