{"FTSE100": -0.7345311242989868, "DJIA": 0.12561002805738813, "GBPUSD": 0.10289694475226205, "Gold": 0.0}
