{"FTSE100": -1.1007438013345483, "DJIA": -0.8574188729116689, "GBPUSD": 0.07959248646928621, "Gold": 0.9513950507739305}
