{"FTSE100": 0.4492580357476054, "DJIA": 1.0014658993795054, "GBPUSD": -0.2501412087468815, "Gold": -0.3633720930232558}
