{"FTSE100": 0.13105315172086654, "DJIA": 1.8895401413403847, "GBPUSD": -0.08874426859932627, "Gold": -0.24893314366998848}
