{"FTSE100": -1.5535843726186247, "DJIA": -3.9772108299001627, "GBPUSD": -0.011449944658591081, "Gold": 0.14207297384566003}
