{"FTSE100": -0.19574680092300428, "DJIA": 1.0031848348753987, "GBPUSD": 0.06477208323211982, "Gold": -0.04114591369645537}
