{"FTSE100": -0.5305803727438445, "DJIA": -1.5065052926780242, "GBPUSD": 1.6931874708329368e-14, "Gold": -0.04422821760282695}
