{"FTSE100": 1.0439684098535111, "DJIA": -0.3756687185095184, "GBPUSD": -1.3987730061349606, "Gold": -2.6300683609038296}
