{"FTSE100": -0.39883352951391887, "DJIA": -0.3491774179379401, "GBPUSD": -0.1988862370723727, "Gold": 0.9018648731274804}
