{"FTSE100": 1.2197007605780283, "DJIA": 0.08233753137203556, "GBPUSD": 0.023992322456828936, "Gold": 0.393054595715269}
