{"FTSE100": -0.6078762253275458, "DJIA": 0.15261181938926874, "GBPUSD": 0.04124731892426537, "Gold": -0.3643768084878338}
