{"FTSE100": 0.6681029952706222, "DJIA": 0.14410690955499086, "GBPUSD": -0.2882491670722052, "Gold": 1.6689743843339049}
