{"FTSE100": 0.14367613249482128, "DJIA": -0.05427209969150236, "GBPUSD": 0.25914408411076995, "Gold": 0.7417247868924977}
