{"FTSE100": -0.035595793804609, "DJIA": -1.2227345895349084, "GBPUSD": -0.4776689754000482, "Gold": -2.1531508484693442}
