{"FTSE100": 0.8929191430263659, "DJIA": 1.167011821649671, "GBPUSD": 0.2643099033616808, "Gold": 0.0}
