{"FTSE100": 0.7981020710868866, "DJIA": 0.4658403495534576, "GBPUSD": 0.04790419161676118, "Gold": -0.07077856420626207}
