{"FTSE100": 0.4333417299033431, "DJIA": 0.9686424484211156, "GBPUSD": 0.1020247998744372, "Gold": 0.0}
