{"FTSE100": -0.10955751827008553, "DJIA": 0.11054973193946814, "GBPUSD": 0.20410435298920326, "Gold": 0.6585935840238026}
