{"FTSE100": -0.4304225908218866, "DJIA": -0.003487110206456505, "GBPUSD": -0.7088883695567584, "Gold": -1.4615579802080667}
