{"FTSE100": 0.6097560975609814, "DJIA": 0.19363311674853742, "GBPUSD": -0.06192429754624289, "Gold": 0.2755165936130206}
