{"FTSE100": 1.0266907511205368, "DJIA": 0.01782408639704106, "GBPUSD": 0.19709196385409716, "Gold": 0.5545719641741351}
