{"FTSE100": -0.05489286445240499, "DJIA": 0.4365248842352294, "GBPUSD": 0.05354547540733917, "Gold": -0.43387156415629013}
