{"FTSE100": -0.6182464841508626, "DJIA": -0.3954543842694375, "GBPUSD": -0.3369672943508317, "Gold": -0.2762996316005036}
