{"FTSE100": 0.563185985937745, "DJIA": 0.4672725020022157, "GBPUSD": 0.12253536816309468, "Gold": 0.0}
