{"FTSE100": 0.27293369224216046, "DJIA": 0.9714077959259579, "GBPUSD": 0.17556459979251293, "Gold": -1.8746079191113962}
