{"FTSE100": 0.4850313800259552, "DJIA": -0.023643137848942092, "GBPUSD": 0.1943171402383165, "Gold": 0.137395459976116}
