{"FTSE100": -0.08685202094944072, "DJIA": 0.34937839824878414, "GBPUSD": -0.8161983989954453, "Gold": -0.813443740867015}
