{"FTSE100": 0.04942914486548859, "DJIA": -0.06674616616787857, "GBPUSD": 0.18384422016283822, "Gold": -0.18281969704164058}
