{"FTSE100": 0.5926560607240813, "DJIA": 0.6308140780417703, "GBPUSD": 0.7718903272493409, "Gold": 0.8707164315901985}
