{"FTSE100": 0.12098763390629859, "DJIA": -0.5523806491666671, "GBPUSD": -0.1869741352446212, "Gold": -0.13498079119509443}
