{"FTSE100": -0.014704944635222372, "DJIA": 0.23745101948827807, "GBPUSD": 0.19748795323484847, "Gold": 0.3317324355102265}
