{"FTSE100": -0.5627050275215252, "DJIA": -0.038200877995528945, "GBPUSD": 0.43309778892181733, "Gold": 0.0}
