{"FTSE100": 0.2805292323412319, "DJIA": -0.305081231250134, "GBPUSD": -0.08432718949524116, "Gold": 0.046934796736233006}
