{"FTSE100": 0.9213865632784664, "DJIA": 1.259189039331767, "GBPUSD": -0.18147418819260003, "Gold": 0.2714204336025168}
