{"FTSE100": -0.85870824992097, "DJIA": -0.0462817719860441, "GBPUSD": 0.039215686274522904, "Gold": 1.249577845322533}
