{"FTSE100": -0.021280202558679094, "DJIA": 0.011084016847710078, "GBPUSD": 0.015665387326699927, "Gold": 1.0246516613076138}
