{"FTSE100": -0.16280524468064825, "DJIA": -0.38453006172271775, "GBPUSD": 0.2305279467896147, "Gold": 2.588001367011518}
