{"FTSE100": -1.0927899198879887, "DJIA": -0.8184359180447498, "GBPUSD": -0.0942655145326072, "Gold": -0.33366555444816365}
