{"FTSE100": 0.13462059828705875, "DJIA": -0.163992188793112, "GBPUSD": -0.21249803242561977, "Gold": 0.5198534508367164}
