{"FTSE100": 0.32715879203876164, "DJIA": 0.2639829552813878, "GBPUSD": -0.022911257064301735, "Gold": -0.15453675767165065}
