{"FTSE100": 0.02269153028795254, "DJIA": -1.140945596890982, "GBPUSD": -0.12338570370978323, "Gold": 0.0}
