{"FTSE100": 0.43430579779081296, "DJIA": 0.4673608633293344, "GBPUSD": 0.08754476721051341, "Gold": 0.7787770687836004}
