{"FTSE100": -0.3867573218666852, "DJIA": 0.6567554437059103, "GBPUSD": 1.42997623535196, "Gold": 0.17123287671232187}
