{"FTSE100": 0.6845226633804379, "DJIA": 0.5345180923350223, "GBPUSD": -0.12568735271013712, "Gold": 1.149546509175277}
