{"FTSE100": 0.34647105890780333, "DJIA": 0.020301566271700242, "GBPUSD": -0.19392372333548463, "Gold": 1.54061624649859}
