{"FTSE100": -0.15262139019599122, "DJIA": -0.29801232063427296, "GBPUSD": 0.015620118712900498, "Gold": 0.7609303125403153}
