{"FTSE100": -0.15262139019599122, "DJIA": -0.7826022221808692, "GBPUSD": 0.31399638904152627, "Gold": 1.0030565241723786}
