{"FTSE100": 0.17606596604861044, "DJIA": 0.9686482816645006, "GBPUSD": 0.44951302755348965, "Gold": 0.48098186643077273}
