{"FTSE100": -0.8639171521255142, "DJIA": 0.16097147821303415, "GBPUSD": -0.13027133658390727, "Gold": -2.0840147656651515}
