{"FTSE100": 0.6590192479889255, "DJIA": 0.15944645647302655, "GBPUSD": 0.19001292087861568, "Gold": 1.7652647897184555}
