{"FTSE100": 0.7176968208486856, "DJIA": -0.18267213781370276, "GBPUSD": -0.15264901895082522, "Gold": -0.12942485411320856}
