{"FTSE100": 0.1837998557108593, "DJIA": -0.6175272246729596, "GBPUSD": -0.09978380176285463, "Gold": 0.376185803074915}
