{"FTSE100": 0.1789487919590571, "DJIA": -1.0836312961629802, "GBPUSD": -0.22223986030636667, "Gold": 0.0}
