{"FTSE100": -1.2236021557649626, "DJIA": -0.5959163418796484, "GBPUSD": -1.0917285053809314, "Gold": -0.5438112745098144}
