{"FTSE100": -1.3649401860357164, "DJIA": -0.9771354349678317, "GBPUSD": -0.09442127626092452, "Gold": -0.22194693919685943}
