{"FTSE100": -1.2593192273809934, "DJIA": -0.8818468507004835, "GBPUSD": -0.2539514081037004, "Gold": -2.784876639040826}
