{"FTSE100": 0.23296215942136253, "DJIA": 0.6979597834872301, "GBPUSD": -0.1654632972322321, "Gold": -1.5052936653457174}
