{"FTSE100": -1.0334376707904804, "DJIA": -0.5375756468236677, "GBPUSD": -0.941815880579239, "Gold": 0.10215836720500636}
