{"FTSE100": 0.7940562048318781, "DJIA": 1.2312574020692302, "GBPUSD": -0.4070663557680898, "Gold": 0.6079601238577111}
