{"FTSE100": -0.1362636231455053, "DJIA": 0.020301566271700242, "GBPUSD": 0.07272139625081794, "Gold": 1.333125842929755}
