{"FTSE100": 0.08190398083641284, "DJIA": 0.431484600114922, "GBPUSD": -0.01108852337829403, "Gold": 0.08783245958333977}
