{"FTSE100": 0.2873175896196865, "DJIA": -0.6031313789639489, "GBPUSD": 0.08851941654158368, "Gold": 1.1166666666666667}
