{"FTSE100": -0.5554911020539953, "DJIA": -0.17670802027971874, "GBPUSD": 0.4560040533693505, "Gold": 0.29238153031389386}
