{"FTSE100": 0.0709137447778362, "DJIA": 0.5691257684465376, "GBPUSD": -0.11374894507026312, "Gold": 0.0}
