{"FTSE100": -0.7567899445516559, "DJIA": -1.0897654517748216, "GBPUSD": 0.11577099749784817, "Gold": -0.16458277039474853}
