{"FTSE100": 0.4087900088719092, "DJIA": -0.1045580090866439, "GBPUSD": 0.17449415258957301, "Gold": -1.3806124255118348}
