{"FTSE100": 0.00778911377343519, "DJIA": -0.25280291383128867, "GBPUSD": 0.15782828282828296, "Gold": 0.509337860780987}
