{"FTSE100": -0.06347737602979418, "DJIA": -0.022492323335269633, "GBPUSD": 0.18060463290145023, "Gold": 0.39764593605853343}
