{"FTSE100": 0.0887063191865944, "DJIA": 0.2512947992615201, "GBPUSD": 0.26946218301282, "Gold": 0.3820675627387822}
