{"FTSE100": 0.04896985448956574, "DJIA": 0.31756058227226364, "GBPUSD": 0.0, "Gold": -0.3801799518438727}
