{"FTSE100": 1.2126623479422733, "DJIA": 0.5586178087421069, "GBPUSD": 0.04041710451862783, "Gold": -0.6295863909272811}
