{"FTSE100": 0.19734903892047434, "DJIA": -0.8024158270873926, "GBPUSD": 0.14326647564470105, "Gold": 2.1394064872325673}
