{"FTSE100": -0.3552057006713097, "DJIA": -0.03481957724301692, "GBPUSD": -0.5161088520488083, "Gold": -2.535544023963207}
