{"FTSE100": 0.3000935802021528, "DJIA": -0.02175421267389192, "GBPUSD": 0.015820281601010757, "Gold": -0.1890277956781411}
