{"FTSE100": 0.31225756871977184, "DJIA": -0.05983787843011736, "GBPUSD": -0.03195653910681121, "Gold": -0.022741055184957133}
