{"FTSE100": 0.6136339128835198, "DJIA": -0.49867563635944323, "GBPUSD": -0.5214917825537246, "Gold": -1.1409457478005907}
