{"FTSE100": 0.7863069040155116, "DJIA": -0.6116234251628423, "GBPUSD": -0.21012275592581542, "Gold": -1.9770484005232487}
