{"FTSE100": -0.136651052298203, "DJIA": 0.03998756396987386, "GBPUSD": 0.11093502377179619, "Gold": 0.2911777488048793}
