{"FTSE100": 0.5690550516535362, "DJIA": -0.13424903271818125, "GBPUSD": 0.17210357506062582, "Gold": 0.44913351129190987}
