{"FTSE100": -0.18001369809906945, "DJIA": 0.825796465777775, "GBPUSD": -0.18081761006289063, "Gold": 0.046375736214812405}
