{"FTSE100": -1.5535843726186247, "DJIA": -2.9906937354175214, "GBPUSD": 0.7342482604851379, "Gold": -1.1624574031020096}
