{"FTSE100": 0.06973686763821241, "DJIA": 0.25122059726733825, "GBPUSD": -0.9216959204937136, "Gold": 0.6210712538111189}
