{"FTSE100": -0.8615028991371605, "DJIA": -1.027980951724021, "GBPUSD": -0.4623824451410671, "Gold": 0.1910665760869565}
