{"FTSE100": 0.1484168216229201, "DJIA": 1.1430952161399792, "GBPUSD": -0.37955261245255, "Gold": -0.49487451396254006}
