{"FTSE100": 0.6935623017301721, "DJIA": 1.1541387126260585, "GBPUSD": 0.19636720667649973, "Gold": 0.37772948359722414}
