{"FTSE100": 0.6425482549706778, "DJIA": -0.48245583865285674, "GBPUSD": 0.0, "Gold": 0.0}
