{"FTSE100": -0.29642104906816136, "DJIA": -0.03706468446607502, "GBPUSD": 0.12683727523688987, "Gold": 1.1731188201776435}
