{"FTSE100": -0.5349557307411342, "DJIA": -0.31301195247437186, "GBPUSD": -0.23527566465376154, "Gold": 1.3791050699474132}
