{"FTSE100": 1.7225403279653537, "DJIA": 0.8469044252918984, "GBPUSD": -0.08703908846335487, "Gold": -0.020656889072510377}
