{"FTSE100": 0.31822909932544874, "DJIA": -0.21207662095522664, "GBPUSD": 0.13571590137978012, "Gold": -0.35518953919657154}
