{"FTSE100": 0.1948360245874651, "DJIA": -0.18446905113941242, "GBPUSD": -0.016910459118963217, "Gold": -0.13231159380341204}
