{"FTSE100": 0.6181763796799511, "DJIA": 0.16928970244030098, "GBPUSD": 0.055805647531532304, "Gold": 0.5286871370159055}
