{"FTSE100": 0.3092791628581239, "DJIA": 0.452500695598184, "GBPUSD": 0.7672836576491094, "Gold": 0.809356956028222}
