{"FTSE100": -0.30481308194746504, "DJIA": 0.5605149421433138, "GBPUSD": 0.39595586821973533, "Gold": -0.25478518424153634}
