{"FTSE100": 0.25476840662503103, "DJIA": -1.037809090216601, "GBPUSD": 0.20467606077305817, "Gold": -0.31403796578391463}
