{"FTSE100": 0.3170780606326946, "DJIA": 0.5928974953895598, "GBPUSD": 0.11011125033222852, "Gold": 0.019842057224493035}
