{"FTSE100": 0.16910049850072376, "DJIA": -0.4574558202974878, "GBPUSD": -1.125718981101072, "Gold": -1.0409924487594366}
