{"FTSE100": 0.7770790974802542, "DJIA": 0.20928416329221045, "GBPUSD": -0.2820533483761833, "Gold": 1.4996686778502424}
