{"FTSE100": 0.27419220068640815, "DJIA": 0.6174104605128873, "GBPUSD": 0.06042296072506887, "Gold": 0.9795447997695232}
