{"FTSE100": 0.5439878535544713, "DJIA": -0.002288622501860956, "GBPUSD": 0.13404825737265594, "Gold": 0.0}
