{"FTSE100": -0.44984336346266884, "DJIA": -0.018958135801379512, "GBPUSD": 0.42020076258655736, "Gold": 1.2555541967306747}
