{"FTSE100": -0.1938427936243773, "DJIA": 0.23153066744324088, "GBPUSD": 0.12365716052245504, "Gold": 0.0}
