{"FTSE100": -0.1856530328428965, "DJIA": -0.9417440188201537, "GBPUSD": 0.25368579727197144, "Gold": -0.05401836624452859}
