{"FTSE100": -0.3627791155521097, "DJIA": 0.3087548086224726, "GBPUSD": -0.5774624649397885, "Gold": -0.39652770335440274}
