{"FTSE100": 0.5913272010512585, "DJIA": 0.4279592195578475, "GBPUSD": 0.25372660957816917, "Gold": 0.05656690321916635}
