{"FTSE100": 0.2425432503123957, "DJIA": -0.6615305745402872, "GBPUSD": 0.19985610360539982, "Gold": 0.0}
