{"FTSE100": -0.5578711753498377, "DJIA": 0.41442938284664826, "GBPUSD": -0.02365184484389522, "Gold": 0.17598832467701267}
