{"FTSE100": 1.6213580551808802, "DJIA": 0.6675547037887289, "GBPUSD": -0.10527168191757055, "Gold": -1.1791441557327844}
