{"FTSE100": 0.05692543826118832, "DJIA": 0.012875850464557453, "GBPUSD": 0.016026925234392017, "Gold": -1.141396320167062}
