{"FTSE100": -0.25551119511628323, "DJIA": 1.8251750497848005, "GBPUSD": 0.5398920215956835, "Gold": 1.3424890054779617}
