{"FTSE100": -0.18317826976831939, "DJIA": 0.6663545364751647, "GBPUSD": 0.01577411467781197, "Gold": -0.14592274678111977}
