{"FTSE100": 1.804609528971547, "DJIA": 0.3432428481059591, "GBPUSD": -0.8362743593678174, "Gold": -0.2124216063119586}
