{"FTSE100": -0.39726187182543926, "DJIA": -1.2097967969386347, "GBPUSD": 0.04471605306304471, "Gold": 0.24117023914172084}
