{"FTSE100": -0.45954704187557227, "DJIA": 1.3863842059128055, "GBPUSD": 0.4046377713796491, "Gold": 0.6807712690065743}
