{"FTSE100": 0.17867448463724214, "DJIA": 0.009816050040251186, "GBPUSD": -0.3244746600741642, "Gold": 0.009921619208245762}
