{"FTSE100": -0.6817510864764285, "DJIA": -0.8257226805455927, "GBPUSD": 0.633430210894996, "Gold": 1.782948091000207}
