{"FTSE100": 0.5479165627145963, "DJIA": 0.6474909384330535, "GBPUSD": -0.3310888731817896, "Gold": -0.8520852085208411}
