{"FTSE100": -0.368947358466611, "DJIA": -0.5761716627504442, "GBPUSD": 0.13063357282822058, "Gold": 0.0}
