{"FTSE100": 1.3295428170476562, "DJIA": 1.0599285535638696, "GBPUSD": -0.6137793463249966, "Gold": -0.010115314586285933}
