{"FTSE100": 0.0685677006187768, "DJIA": 0.2988962632777991, "GBPUSD": -0.08152979543432248, "Gold": 0.6202416296775305}
