{"FTSE100": -1.0651665879167873, "DJIA": -0.4797434961029414, "GBPUSD": 0.38878989146281506, "Gold": 0.0}
