{"FTSE100": 0.4857060720475939, "DJIA": 0.18012429708062047, "GBPUSD": -0.04798464491362236, "Gold": 0.393054595715269}
