{"FTSE100": 0.6491500175971395, "DJIA": 0.1375768309590416, "GBPUSD": -0.03362851698238908, "Gold": 0.0}
