{"FTSE100": -0.5682607102291307, "DJIA": -1.9139007114799262, "GBPUSD": -0.037257824143065936, "Gold": 0.5650741848729284}
