{"FTSE100": 0.04967182835732327, "DJIA": -0.15878732642403706, "GBPUSD": 0.0074968138541111765, "Gold": -0.2790654766023285}
