{"FTSE100": 0.44588087537157534, "DJIA": 0.6486379955549604, "GBPUSD": 0.00385430718829104, "Gold": -0.09843596193808808}
