{"FTSE100": 0.010289193140187404, "DJIA": 0.293170164287002, "GBPUSD": 0.4547993297694118, "Gold": 0.09541026413578843}
