{"FTSE100": 0.42362216563758537, "DJIA": 0.5366542945707397, "GBPUSD": -0.17850502045369712, "Gold": 0.0}
