{"FTSE100": -0.01665734029123987, "DJIA": -0.3326402900697022, "GBPUSD": 0.047311149660949056, "Gold": 0.3648015775203397}
