{"FTSE100": 0.2781658631017697, "DJIA": 0.9419938010789095, "GBPUSD": -0.08736803785947346, "Gold": 1.4145216124332172}
