{"FTSE100": 0.12647205456636781, "DJIA": 0.28146191685943783, "GBPUSD": 0.024628519825973978, "Gold": 0.0}
