{"FTSE100": 0.10860755565730593, "DJIA": 0.11836269118156277, "GBPUSD": 0.29704440813901706, "Gold": 1.792183031458537}
