{"FTSE100": -1.1955400965120795, "DJIA": -0.14933259721931724, "GBPUSD": -0.02983961208503961, "Gold": 0.0}
