{"FTSE100": -0.13221056502505135, "DJIA": -0.29983392290999644, "GBPUSD": -0.0679861006194382, "Gold": -0.11833242308392775}
