{"FTSE100": -0.14672226839450078, "DJIA": -1.0478936081631949, "GBPUSD": -0.4434250764526015, "Gold": -0.3980416351550372}
