{"FTSE100": 0.7529428399731373, "DJIA": 0.6752261431264824, "GBPUSD": -0.4163393558523238, "Gold": 0.0}
