{"FTSE100": -1.1659198734844525, "DJIA": -0.0036239331675467995, "GBPUSD": 0.008237232289949669, "Gold": -0.05625735181302799}
