{"FTSE100": 0.3328346191019678, "DJIA": -0.48245583865285674, "GBPUSD": -0.02367237433914361, "Gold": 0.0}
