{"FTSE100": -0.18496971866702017, "DJIA": -0.307126980607505, "GBPUSD": -0.13599274705349226, "Gold": -0.10143184016229523}
