{"FTSE100": 0.6136339128835198, "DJIA": -0.5669236630111, "GBPUSD": -0.4898862199747142, "Gold": -0.12829912023461243}
