{"FTSE100": 0.9979206871076303, "DJIA": 0.7606334038441698, "GBPUSD": 0.11033178343445864, "Gold": 0.15068435812650638}
