{"FTSE100": 0.31820085091318273, "DJIA": 0.5532735695333073, "GBPUSD": 0.7833106865957981, "Gold": -0.6239451746535081}
