{"FTSE100": 0.05894243486921489, "DJIA": -0.20583182580650172, "GBPUSD": -0.10351966873704864, "Gold": 0.492273447198322}
