{"FTSE100": -0.07066598677422692, "DJIA": 0.0, "GBPUSD": 0.17095408661673644, "Gold": 0.0}
