{"FTSE100": -0.026443331806380903, "DJIA": -0.2535668695780367, "GBPUSD": 0.12611334436823707, "Gold": 0.0}
