{"FTSE100": 0.12679272860144156, "DJIA": 0.0, "GBPUSD": 0.33688498903166664, "Gold": 0.03248862897986444}
