{"FTSE100": 1.191775445514082, "DJIA": 0.2638661262440672, "GBPUSD": -0.32001248829222545, "Gold": -0.7376861397479912}
