{"FTSE100": -0.6328767423271959, "DJIA": 0.3350219792319, "GBPUSD": -0.1959202489339503, "Gold": 0.35755561976307754}
