{"FTSE100": -0.33590543128685946, "DJIA": -0.21959483114884773, "GBPUSD": 0.015849116411758297, "Gold": -0.2750220999901733}
