{"FTSE100": 0.7600465788240305, "DJIA": 0.5515321384034098, "GBPUSD": 0.03404834865509488, "Gold": 0.05425515423965629}
