{"FTSE100": -0.6597672820859419, "DJIA": 0.0, "GBPUSD": -0.13854679802955847, "Gold": -0.6006628003314002}
