{"FTSE100": -0.1211109884318451, "DJIA": 0.09967425509507045, "GBPUSD": -0.9711562943294638, "Gold": -0.07492432643030539}
