{"FTSE100": -0.0938564750404962, "DJIA": -0.20890250513467967, "GBPUSD": -0.13736773714497177, "Gold": 0.0}
