{"FTSE100": -0.16377386147849504, "DJIA": 0.005179498229663735, "GBPUSD": 0.18457587673541198, "Gold": -0.27755349212757363}
