{"FTSE100": -0.8781766631827652, "DJIA": 0.88490978479651, "GBPUSD": -0.20095841706600212, "Gold": 1.347804957071128}
