{"FTSE100": -0.8639171521255142, "DJIA": 0.518734233630401, "GBPUSD": 0.018621280399246473, "Gold": 1.0740113129191626}
