{"FTSE100": 0.016251722197428656, "DJIA": -0.4172661061907049, "GBPUSD": -0.21639817263764724, "Gold": -0.04516881845900074}
