{"FTSE100": -0.2941748485656419, "DJIA": -0.15341842409571463, "GBPUSD": 0.15849116411760059, "Gold": -0.058933307140754614}
