{"FTSE100": -0.7313393419776297, "DJIA": 0.4262846506250717, "GBPUSD": -0.14883283722385954, "Gold": 0.6501822480543811}
