{"FTSE100": -0.9328585635004545, "DJIA": -1.0531079290170324, "GBPUSD": -0.8825274399288061, "Gold": 3.0953063760634842}
