{"FTSE100": -0.1584813060222728, "DJIA": -0.09087056634996377, "GBPUSD": -0.1406689590497049, "Gold": -1.1601027397260235}
