{"FTSE100": 0.8268421961164238, "DJIA": 0.11332995823084009, "GBPUSD": 0.24956326428748782, "Gold": 0.0}
