{"FTSE100": -0.9494076334360907, "DJIA": -0.09176245390735507, "GBPUSD": -0.6344978850070497, "Gold": -0.4580829474928556}
