{"FTSE100": 0.1759757726378199, "DJIA": -0.0685694714165974, "GBPUSD": 0.055480700641984855, "Gold": 1.4693845734107578}
