{"FTSE100": 0.26231726881280953, "DJIA": -1.0782721567498783, "GBPUSD": 0.43324775353017264, "Gold": 0.1390061063396691}
