{"FTSE100": 0.18045896768073888, "DJIA": -0.9814742131348325, "GBPUSD": 0.0859267007882995, "Gold": 0.30031833743768394}
