{"FTSE100": -0.6182464841508626, "DJIA": 0.15990990283314852, "GBPUSD": 0.023836008263164548, "Gold": 0.17469343015687844}
