{"FTSE100": 0.055897863795166404, "DJIA": 2.813908960571047, "GBPUSD": 0.258044930176083, "Gold": 0.5962732919254743}
