{"FTSE100": 0.336006893543579, "DJIA": 0.25199130394292024, "GBPUSD": -0.3917179630666021, "Gold": -0.4211511464670169}
