{"FTSE100": -1.560527840769267, "DJIA": -0.6167640873375843, "GBPUSD": 0.4431782209560026, "Gold": 0.024679170779861797}
