{"FTSE100": 1.1721332215249718, "DJIA": 0.5447978795152923, "GBPUSD": -0.07388555947786725, "Gold": -0.3086258304127145}
