{"FTSE100": -0.4877628425840124, "DJIA": -0.5616622075862773, "GBPUSD": 0.4593810444874305, "Gold": -0.37111334002005336}
