{"FTSE100": -0.3765335648495081, "DJIA": 0.23319952305449532, "GBPUSD": 0.1496416476333002, "Gold": 0.2912205567451898}
