{"FTSE100": 0.13619017003096007, "DJIA": 0.25199130394292024, "GBPUSD": -0.04796546486530945, "Gold": -0.2183746685384519}
