{"FTSE100": 1.171617550136535, "DJIA": -0.2386402058404856, "GBPUSD": -0.0300955533820012, "Gold": -0.036239543381747896}
