{"FTSE100": 0.0, "DJIA": 0.2779895816260505, "GBPUSD": -0.08895478131948613, "Gold": -0.5908775737843406}
