{"FTSE100": -0.15801422008182847, "DJIA": 1.3863842059128055, "GBPUSD": 0.17897439887946218, "Gold": -0.04484122131180584}
