{"FTSE100": -0.41777266367666255, "DJIA": 0.20609530883791208, "GBPUSD": 0.1662541101710633, "Gold": 0.056968097865198214}
