{"FTSE100": -0.18166412874097074, "DJIA": 0.047153981326027425, "GBPUSD": 0.23685457129321738, "Gold": 0.9243697478991597}
