{"FTSE100": -1.6568598127331244, "DJIA": 0.18629798117192292, "GBPUSD": -0.07364372800915645, "Gold": -0.23419203747072137}
