{"FTSE100": 0.06136603714567222, "DJIA": 0.23164445035329487, "GBPUSD": -0.2310204731936688, "Gold": 0.36905965621841164}
