{"FTSE100": 0.21230935055330583, "DJIA": -2.4827916038508784, "GBPUSD": -0.0037376191366012687, "Gold": 1.180200810287118}
