{"FTSE100": -0.26638041238066934, "DJIA": -0.4267107831152267, "GBPUSD": 0.10197678067146664, "Gold": -0.2784079191585941}
