{"FTSE100": 1.2142841466358774, "DJIA": 1.3309099051043567, "GBPUSD": 0.15553372626064282, "Gold": 1.1241830065359613}
