{"FTSE100": 0.536923407770369, "DJIA": 1.5606711450178543, "GBPUSD": 0.51278240190249, "Gold": 2.971444465047279}
