{"FTSE100": 0.01784886644905668, "DJIA": 0.17398569450957196, "GBPUSD": 0.05942653394740097, "Gold": -0.5538301153269769}
