{"FTSE100": -0.1874768687520255, "DJIA": -0.06429151286364154, "GBPUSD": -0.19595518911523047, "Gold": -0.022079441831710494}
