{"FTSE100": 0.7518347382514449, "DJIA": -0.19576191043155447, "GBPUSD": -0.06311490625578581, "Gold": -0.2723049815793814}
