{"FTSE100": -0.12701434892197216, "DJIA": -0.3206298283459524, "GBPUSD": -0.03154822935562394, "Gold": 0.6550218340611318}
