{"FTSE100": 0.260212456410624, "DJIA": 0.11893839247808574, "GBPUSD": -0.11884012042464227, "Gold": 1.370975015784256}
