{"FTSE100": -0.13533539908633518, "DJIA": 1.8471231770240168, "GBPUSD": 0.4859236405707653, "Gold": -0.08528265107212106}
