{"FTSE100": -0.730916278296602, "DJIA": -0.9607478699324578, "GBPUSD": -0.349066626195169, "Gold": -0.9531025681926797}
