{"FTSE100": 0.37028589485970803, "DJIA": 0.058458450398123266, "GBPUSD": -0.26537997587455414, "Gold": 0.5372958905259508}
