{"FTSE100": 0.1590186278964143, "DJIA": -0.0500160895861735, "GBPUSD": 0.43286812448690404, "Gold": 2.7993675255550814}
