{"FTSE100": 1.099641022984878, "DJIA": 0.6420607733242925, "GBPUSD": -0.047214353163373926, "Gold": 0.27269572115622986}
