{"FTSE100": -0.07262577051807104, "DJIA": 0.825796465777775, "GBPUSD": -0.2515723270440149, "Gold": 0.046375736214812405}
