{"FTSE100": 0.11753893779625792, "DJIA": 0.09292343123922794, "GBPUSD": -0.00380358297517063, "Gold": 0.47513589691967717}
