{"FTSE100": -0.08388990690182499, "DJIA": -1.6922105830537704, "GBPUSD": -0.030907124092099825, "Gold": 0.11339705167665641}
