{"FTSE100": 1.411054861242592, "DJIA": 0.19459693683792212, "GBPUSD": 0.2577710386656611, "Gold": 0.36507738392410816}
