{"FTSE100": -0.3646916577071995, "DJIA": 0.08123787361248824, "GBPUSD": 0.03958828186856254, "Gold": 0.09531590413942426}
