{"FTSE100": 0.3805765808955612, "DJIA": 0.03445686980052991, "GBPUSD": -0.014834594273844976, "Gold": 0.00386361441129581}
