{"FTSE100": 0.3294792629708741, "DJIA": -0.7338358320316399, "GBPUSD": -0.15673981191222675, "Gold": -0.24649019397706082}
