{"FTSE100": -0.014598523496216985, "DJIA": -0.1460061132202898, "GBPUSD": -0.17822488019328173, "Gold": 1.7062005826050706}
