{"FTSE100": 0.18430357742527956, "DJIA": -0.3968562584854117, "GBPUSD": 0.6045227255765352, "Gold": 2.38959534997662}
