{"FTSE100": 0.17410996504948645, "DJIA": 1.627238833843416e-14, "GBPUSD": -0.020077902260760668, "Gold": 0.7437360098202003}
