{"FTSE100": 1.1810602554632519, "DJIA": 0.9900529185224659, "GBPUSD": 0.03703429375601399, "Gold": 0.0}
