{"FTSE100": 0.036182827105874386, "DJIA": 0.4386597502325108, "GBPUSD": 0.1907668828691468, "Gold": 0.0}
