{"FTSE100": 0.673757097413698, "DJIA": 0.6592043116338538, "GBPUSD": 0.23438371963242577, "Gold": 0.0}
