{"FTSE100": 0.3826516573622946, "DJIA": 0.691345975644746, "GBPUSD": 0.332662850069642, "Gold": -0.12415102607171878}
