{"FTSE100": 0.44189658753388183, "DJIA": 0.672868153812225, "GBPUSD": 0.1124859392575804, "Gold": 0.5354808786945995}
