{"FTSE100": 0.49587892783233384, "DJIA": -0.107157370322774, "GBPUSD": -0.054884742041706354, "Gold": 0.11091744572967352}
