{"FTSE100": -0.9494076334360907, "DJIA": 0.05750590294605138, "GBPUSD": -0.5404981983393315, "Gold": -0.3891242242143564}
