{"FTSE100": -0.1765276091600769, "DJIA": -0.5802499107296786, "GBPUSD": -0.5890312823370095, "Gold": -0.21285432457688241}
