{"FTSE100": 0.5273560024013673, "DJIA": -0.030124164077094923, "GBPUSD": -0.16406890894175566, "Gold": 0.07156225916547146}
