{"FTSE100": 1.0691786084110022, "DJIA": 0.9981709717002313, "GBPUSD": -0.07310535293640832, "Gold": -0.3762265493924496}
