{"FTSE100": -0.38371066462051634, "DJIA": -0.09677257692693851, "GBPUSD": -0.13421759039949743, "Gold": 0.029411764705893816}
