{"FTSE100": 0.1720367932133378, "DJIA": 0.2288821289511548, "GBPUSD": 0.24158354114712285, "Gold": -0.10712646023568516}
