{"FTSE100": 0.8951957608572814, "DJIA": 0.36800301822922377, "GBPUSD": 0.07938398031278177, "Gold": 0.0}
