{"FTSE100": -0.13916681077429674, "DJIA": -0.5311737113798481, "GBPUSD": 0.18430348640761463, "Gold": 0.4635610608708799}
