{"FTSE100": -0.19560403987402403, "DJIA": 0.3770656267519302, "GBPUSD": 0.3678954876492157, "Gold": 1.0462222436997168}
