{"FTSE100": 0.15042317845989292, "DJIA": -0.4091173785115344, "GBPUSD": -0.056452523427782654, "Gold": -0.5136280133468233}
