{"FTSE100": -0.650265130118105, "DJIA": -0.3887108854700164, "GBPUSD": -0.2128833872112217, "Gold": -0.13271726307511036}
