{"FTSE100": -2.3213974588138107, "DJIA": -1.070288322441955, "GBPUSD": 0.49052211506485, "Gold": 1.4446831364124646}
