{"FTSE100": -0.1019652968537923, "DJIA": -0.11342306476718496, "GBPUSD": 0.2918369048611739, "Gold": -0.05428881650380022}
