{"FTSE100": 0.6919171682205543, "DJIA": 0.07492422732759449, "GBPUSD": 0.0, "Gold": 0.0}
