{"FTSE100": 0.4063044868647663, "DJIA": -1.6292390189370023, "GBPUSD": 0.40769732550553595, "Gold": 0.0}
