{"FTSE100": 0.014658148213694435, "DJIA": 0.5329480040825693, "GBPUSD": 0.055441153175979946, "Gold": -0.32125735185093657}
