{"FTSE100": -0.19762824223577408, "DJIA": 0.46541016438256294, "GBPUSD": -0.5884312201621053, "Gold": 0.0}
