{"FTSE100": -0.7146931476583388, "DJIA": -0.16896528352279136, "GBPUSD": 0.3799103411594951, "Gold": 0.41726787037397406}
