{"FTSE100": -0.4799984547333475, "DJIA": -1.2115235026794196, "GBPUSD": 0.06279927780831572, "Gold": 1.6057494866529924}
