{"FTSE100": 0.34871522082835404, "DJIA": 0.2310402602924975, "GBPUSD": -0.04790419161677891, "Gold": 0.8435149354319792}
