{"FTSE100": 0.4465244140240494, "DJIA": -0.42086777752016297, "GBPUSD": -0.10472891323612976, "Gold": 0.03496154230346846}
