{"FTSE100": 0.9404194125741158, "DJIA": -0.2683441114206481, "GBPUSD": 0.38826252519972154, "Gold": 1.082218089808859}
