{"FTSE100": 0.7623678869824249, "DJIA": 0.5266218707226574, "GBPUSD": -0.5797325500502483, "Gold": -0.37926675094816686}
