{"FTSE100": 0.3722565400313323, "DJIA": 0.18825005882815735, "GBPUSD": -0.32802624209936737, "Gold": 0.08406685787756134}
