{"FTSE100": -0.8475798233592735, "DJIA": 0.5270381416418123, "GBPUSD": -0.07712478790682477, "Gold": 0.18572784679516283}
