{"FTSE100": -0.22070253306871218, "DJIA": 1.8471231770240168, "GBPUSD": 0.06941766293869055, "Gold": -0.08528265107212106}
