{"FTSE100": -1.2119457409229017, "DJIA": -1.141041489359408, "GBPUSD": 0.5707186395931351, "Gold": 0.8820477343479765}
