{"FTSE100": 0.49902687942987195, "DJIA": 0.8794598039439218, "GBPUSD": 0.2952677360146865, "Gold": -2.5646702830362744}
