{"FTSE100": -0.14835707372392654, "DJIA": 1.3049429370342724, "GBPUSD": -0.12339966065091962, "Gold": 1.5436047711420235}
