{"FTSE100": -0.46619560127363346, "DJIA": -0.21160824606658013, "GBPUSD": 0.1575175238245256, "Gold": 0.5168594634506523}
