{"FTSE100": -0.05363710079410558, "DJIA": -0.06391096501982672, "GBPUSD": -0.3114546083746597, "Gold": 0.15481405843408125}
