{"FTSE100": 0.2879849387949128, "DJIA": 0.10162240950550226, "GBPUSD": -0.2543966375400917, "Gold": 0.0}
