{"FTSE100": 0.011602101869160428, "DJIA": 0.3853358454754037, "GBPUSD": 0.11543535620053329, "Gold": 0.08248556502612042}
