{"FTSE100": 0.22501132173125868, "DJIA": -0.3743057045706011, "GBPUSD": -0.007940919558483998, "Gold": 0.4722843649018146}
