{"FTSE100": 0.27024675306660445, "DJIA": 0.12120043233245743, "GBPUSD": -0.16637550952499805, "Gold": 0.0}
