{"FTSE100": -1.8442316923569309, "DJIA": 0.2345917638122361, "GBPUSD": -0.6023606023606083, "Gold": -0.11535760858662764}
