{"FTSE100": 0.3566987215176801, "DJIA": -0.6258215204659974, "GBPUSD": 0.1557632398753887, "Gold": 1.8164568220900232}
