{"FTSE100": -0.14672226839450078, "DJIA": -0.00319120523474416, "GBPUSD": -0.24464831804282045, "Gold": 0.07960832703100744}
