{"FTSE100": 0.5479165627145963, "DJIA": 0.7458314057590976, "GBPUSD": -0.07085586425508159, "Gold": -0.400747258045082}
