{"FTSE100": 0.05956088800342185, "DJIA": -0.01737570300199844, "GBPUSD": 0.31456432840515913, "Gold": -0.4700352526439438}
