{"FTSE100": -0.28105046551741486, "DJIA": -0.07964156969438005, "GBPUSD": 0.07128712871288102, "Gold": 0.872680507073305}
