{"FTSE100": -2.3994678615340095, "DJIA": 1.0567853185221285, "GBPUSD": -0.756703405165313, "Gold": 0.0}
