{"FTSE100": 0.0543022365227176, "DJIA": -0.041431396256527295, "GBPUSD": 0.0, "Gold": 0.37755845532223736}
