{"FTSE100": 0.18950002733670246, "DJIA": 0.6679126218229057, "GBPUSD": -0.17371601208458978, "Gold": 0.5329876116393145}
