{"FTSE100": -0.32360414806674664, "DJIA": -0.07390427406664446, "GBPUSD": 0.7221350078493012, "Gold": 1.0163985959029753}
