{"FTSE100": -1.4494178728760132, "DJIA": -0.5318290628869736, "GBPUSD": 0.45340458262489264, "Gold": 0.7869155994445277}
