{"FTSE100": -1.5535843726186247, "DJIA": -3.9772108299001627, "GBPUSD": -0.07251631617112204, "Gold": 0.09686793671294801}
