{"FTSE100": 0.2536356371582004, "DJIA": -0.4189773243668167, "GBPUSD": -0.42614778483556004, "Gold": 0.0}
