{"FTSE100": -0.21792585306890816, "DJIA": 0.3366242464768863, "GBPUSD": -0.1338688085676065, "Gold": 1.3551499895112307}
