{"FTSE100": -0.23245918862634599, "DJIA": 0.3853179154728225, "GBPUSD": 0.4485794982555301, "Gold": -0.315148880678111}
