{"FTSE100": 0.0, "DJIA": -1.732940358136548, "GBPUSD": -0.22278442774608512, "Gold": -0.1503036132988637}
