{"FTSE100": 0.15993532991513146, "DJIA": 0.6034891630965501, "GBPUSD": 0.10582872028653995, "Gold": 0.0}
