{"FTSE100": -0.24379104143540586, "DJIA": 1.384455960368138, "GBPUSD": -0.2568971294538109, "Gold": -0.2270611475670398}
