{"FTSE100": -0.030569570678224686, "DJIA": 0.5957521958965001, "GBPUSD": 0.13450904199671376, "Gold": 0.0}
