{"FTSE100": -4.091506124161695, "DJIA": -1.7284677537644717, "GBPUSD": -1.0705973622963563, "Gold": -0.7702523240371786}
