{"FTSE100": 0.12597120519335403, "DJIA": 0.3636407946585871, "GBPUSD": 0.06268118780851946, "Gold": 0.09030316061061747}
