{"FTSE100": 0.26933250448782386, "DJIA": 0.5026427393806943, "GBPUSD": -0.18245148449162213, "Gold": -0.47240712905304816}
