{"FTSE100": 0.32839394546034845, "DJIA": 0.4752378317991603, "GBPUSD": -0.29456253483003236, "Gold": 0.1466275659823978}
