{"FTSE100": 0.1298207387200438, "DJIA": 0.3754333981746235, "GBPUSD": -0.19707730636223697, "Gold": 0.0}
