{"FTSE100": 0.1952906395575508, "DJIA": -1.0782721567498783, "GBPUSD": 0.4172015404364645, "Gold": 0.1390061063396691}
