{"FTSE100": -0.07786885783164857, "DJIA": -0.04851908605099281, "GBPUSD": 0.12210012210010864, "Gold": 0.43524986566362905}
