{"FTSE100": -0.30481308194746504, "DJIA": 0.25760919991349895, "GBPUSD": 0.42948345908300767, "Gold": 0.5610952579435057}
