{"FTSE100": 0.7220164560512311, "DJIA": 0.15565543374657081, "GBPUSD": 0.13467479996831458, "Gold": -0.13198416190057416}
