{"FTSE100": 1.2234369275566799, "DJIA": 0.6707738238767136, "GBPUSD": 0.16460905349794253, "Gold": 0.0}
