{"FTSE100": 0.5529397713057144, "DJIA": -0.46557171802155456, "GBPUSD": -1.2900575184880894, "Gold": -1.3915857605177968}
