{"FTSE100": -0.634337662994314, "DJIA": 0.07634675873089147, "GBPUSD": -0.37017043263668664, "Gold": -0.5361842105263068}
