{"FTSE100": 0.1720367932133378, "DJIA": 0.21942185588531882, "GBPUSD": 0.3273067331670808, "Gold": 0.07141764015711184}
