{"FTSE100": -0.10346172109345095, "DJIA": -0.14477305869212856, "GBPUSD": -0.21709415453886988, "Gold": 0.0}
