{"FTSE100": 0.0049766254125110645, "DJIA": -0.4497342195254305, "GBPUSD": 0.033779979732016775, "Gold": -0.05970576996560948}
