{"FTSE100": 0.8915426657820766, "DJIA": -2.498962654324392, "GBPUSD": 0.7980261382474328, "Gold": 1.7653397565922861}
