{"FTSE100": -0.4224264061871913, "DJIA": 0.2199170427937952, "GBPUSD": 0.08290499088044186, "Gold": -0.4898183819482589}
