{"FTSE100": -1.7668489373464007, "DJIA": -0.9064329721365995, "GBPUSD": 0.4810725552050469, "Gold": -0.8164974353606268}
