{"FTSE100": -0.10723354496009274, "DJIA": 0.1943430954406277, "GBPUSD": 0.0, "Gold": 0.0}
