{"FTSE100": 0.5528400433519614, "DJIA": 0.7735517288974445, "GBPUSD": 0.11365719523372614, "Gold": -0.7676224611708429}
