{"FTSE100": 0.23051285989538306, "DJIA": 0.7606334038441698, "GBPUSD": 0.11821262510834854, "Gold": 0.2218408605751196}
