{"FTSE100": -0.04096112525718382, "DJIA": -0.5516723226797723, "GBPUSD": -0.039188024139818554, "Gold": 0.38072032285083374}
