{"FTSE100": -0.6106936825919541, "DJIA": 0.6217023551237341, "GBPUSD": -0.17703201970443108, "Gold": -0.6006628003314002}
