{"FTSE100": 0.5439878535544713, "DJIA": 0.17652620354015797, "GBPUSD": 0.11170688114388269, "Gold": 0.0}
