{"FTSE100": -1.0363882568674625, "DJIA": 0.14011735678268303, "GBPUSD": -0.7183962086734078, "Gold": 0.0}
