{"FTSE100": 0.04993787888525364, "DJIA": 0.5109985651346926, "GBPUSD": 0.10794652495224252, "Gold": 0.7946278679350893}
