{"FTSE100": 0.18486952082150568, "DJIA": -0.5311737113798481, "GBPUSD": 0.15358623867301502, "Gold": 0.1925171618917321}
