{"FTSE100": -0.7015414952314138, "DJIA": -0.7338358320316399, "GBPUSD": -0.1732387394819512, "Gold": -0.16611295681062635}
