{"FTSE100": 1.014254569847397, "DJIA": 0.8194790170702327, "GBPUSD": -0.17322834645669133, "Gold": 0.18348623853211887}
