{"FTSE100": 0.42895270899169063, "DJIA": 0.5295620902184419, "GBPUSD": 0.06745764056983766, "Gold": -1.3283851276359662}
