{"FTSE100": -1.1206649660656853, "DJIA": 0.0743451223590785, "GBPUSD": 0.11041009463722933, "Gold": -0.38207892808541577}
