{"FTSE100": -0.1793159098040949, "DJIA": -0.4948898040914321, "GBPUSD": -0.0576321422690717, "Gold": 0.8110980589584382}
