{"FTSE100": -0.2681900609221918, "DJIA": 1.5652874748474987, "GBPUSD": 0.17646586989652518, "Gold": -0.2667471941214935}
