{"FTSE100": 0.5294262352003659, "DJIA": -0.19923501477549774, "GBPUSD": -0.08871061056040132, "Gold": 0.13269368173929555}
