{"FTSE100": 0.8321385330073924, "DJIA": 0.25122059726733825, "GBPUSD": -0.4570273003033312, "Gold": 0.6192531431788328}
