{"FTSE100": -2.036524843083113, "DJIA": -2.602066674954433, "GBPUSD": 0.031316057308381426, "Gold": 0.31227880251488527}
