{"FTSE100": 0.5267054390623862, "DJIA": 1.7620722613699078, "GBPUSD": 0.10982976386599558, "Gold": 0.00825695648583181}
