{"FTSE100": 0.12730032937689975, "DJIA": -0.002566084251074419, "GBPUSD": 0.08120478369999268, "Gold": 1.5174780959262966}
