{"FTSE100": -0.6665766380643359, "DJIA": 0.4673117380819064, "GBPUSD": -0.057623602627638465, "Gold": 0.5670326495232526}
