{"FTSE100": 1.5421442275628643, "DJIA": 0.25537753826546744, "GBPUSD": 0.07102538222870221, "Gold": 1.9773525582766327}
