{"FTSE100": -0.4191876822481829, "DJIA": -0.0004843211618265825, "GBPUSD": -0.016518004625039474, "Gold": 0.15624212489289394}
