{"FTSE100": -0.11186728621339291, "DJIA": 0.7955544708420131, "GBPUSD": -0.055397277619493736, "Gold": 0.4729758782302102}
