{"FTSE100": 0.7243325677410822, "DJIA": -0.43107519378210224, "GBPUSD": 0.0552398989898929, "Gold": -0.09256719692813418}
