{"FTSE100": -0.19693740724186157, "DJIA": -0.3295435478659837, "GBPUSD": -0.31145278927657166, "Gold": 0.4339385634349524}
