{"FTSE100": 0.6258570711522036, "DJIA": 1.7642739747664254e-14, "GBPUSD": 0.056859103142415254, "Gold": -0.011926058437675498}
