{"FTSE100": -0.022088038129806538, "DJIA": 0.1624210949944228, "GBPUSD": 0.26275977386735255, "Gold": 0.019699581383900072}
