{"FTSE100": 0.0, "DJIA": 1.617479991019575, "GBPUSD": -0.1065823808298689, "Gold": 0.0}
