{"FTSE100": 0.021430900166215083, "DJIA": 0.05479054091938691, "GBPUSD": 0.6018277732372387, "Gold": 2.693909817872234}
