{"FTSE100": -0.033434653351230734, "DJIA": -0.5929709141274098, "GBPUSD": 0.05921977940633163, "Gold": 1.1876383449684842}
