{"FTSE100": -0.8108819259213753, "DJIA": -0.25666445944566557, "GBPUSD": 0.2013206635529028, "Gold": 1.0203561042803937}
