{"FTSE100": 0.9091702125597194, "DJIA": 1.2579542251060856, "GBPUSD": 0.011291354586178968, "Gold": 0.13910355486863848}
