{"FTSE100": -0.0724021465404228, "DJIA": 0.06612084902247252, "GBPUSD": 0.21721641190667132, "Gold": 0.22733013387218995}
