{"FTSE100": -0.48241834372517417, "DJIA": -0.22419281713781608, "GBPUSD": -0.09433220658752203, "Gold": -0.3470414714558389}
