{"FTSE100": -0.024386761400182852, "DJIA": 0.19651595316745127, "GBPUSD": 0.43443282381334264, "Gold": 0.46476382924981285}
