{"FTSE100": -0.014598523496216985, "DJIA": -0.21849285054936762, "GBPUSD": -0.14654045704779653, "Gold": 1.727007906783178}
