{"FTSE100": 0.16335241586556581, "DJIA": 1.1912154020703833, "GBPUSD": -0.20961221739782418, "Gold": 0.0}
