{"FTSE100": -0.43275558813228704, "DJIA": 0.4049701256653451, "GBPUSD": -0.007920792079207048, "Gold": 0.0}
