{"FTSE100": -0.27166989057839164, "DJIA": -0.1707605734446902, "GBPUSD": -0.03156316578552481, "Gold": 0.03403032480054792}
