{"FTSE100": 0.8507366749429691, "DJIA": -0.01579984480409276, "GBPUSD": -0.23361074609431084, "Gold": 0.15090645838857486}
