{"FTSE100": 0.10260544186709103, "DJIA": 0.10718399179624931, "GBPUSD": -0.26970111205526515, "Gold": -0.26735680369594045}
