{"FTSE100": -0.10346172109345095, "DJIA": -0.6941836620043264, "GBPUSD": 0.10475423045929547, "Gold": 0.03548975866964335}
