{"FTSE100": 0.3249682110971851, "DJIA": 0.1886604034130149, "GBPUSD": 0.8239642692130105, "Gold": 0.15335855229526632}
