{"FTSE100": 1.4177867545213159, "DJIA": 1.4338272639354082, "GBPUSD": 0.26337448559669707, "Gold": 0.1364463311097543}
