{"FTSE100": 0.15928695783658897, "DJIA": 1.045956616328452, "GBPUSD": -0.059777329447800336, "Gold": 0.48613096940233613}
