{"FTSE100": -0.2810613288343915, "DJIA": 0.2310402602924975, "GBPUSD": 0.05588822355288805, "Gold": 0.8435149354319792}
