{"FTSE100": 0.9091702125597194, "DJIA": 1.5108028075011237, "GBPUSD": 0.49950806024371164, "Gold": 0.20227953475706295}
