{"FTSE100": 0.5164707562241885, "DJIA": 0.03794789956680398, "GBPUSD": -0.4253978257444518, "Gold": -0.4543012065849228}
