{"FTSE100": -0.14346524942141226, "DJIA": -1.1260166059014514, "GBPUSD": -0.029561747099250312, "Gold": 0.0}
