{"FTSE100": 0.6043094487217797, "DJIA": -0.4904370353783618, "GBPUSD": -0.16470764393201914, "Gold": 0.0}
