{"FTSE100": 0.43561704269126894, "DJIA": -0.10753075007499042, "GBPUSD": 0.1298595893190525, "Gold": 0.0}
