{"FTSE100": -1.1955400965120795, "DJIA": -0.14933259721931724, "GBPUSD": -0.022379709063779705, "Gold": 0.0}
