{"FTSE100": 0.10968908109366202, "DJIA": 0.027347408227716547, "GBPUSD": 0.35213905746610835, "Gold": 0.37312012183514875}
