{"FTSE100": 0.3795401065901314, "DJIA": -0.10006707978073526, "GBPUSD": -0.4653274316195572, "Gold": -0.2092698806386642}
