{"FTSE100": 0.07864009260657305, "DJIA": -0.2944875493233752, "GBPUSD": 0.3131437989287207, "Gold": 0.11339705167665148}
