{"FTSE100": 0.536923407770369, "DJIA": 1.6234625862839789, "GBPUSD": 0.5722354340071373, "Gold": 0.0}
