{"FTSE100": 0.25395517150343966, "DJIA": -0.6467404868079656, "GBPUSD": -0.37912398160844774, "Gold": -0.3887218824505027}
