{"FTSE100": -0.48679986475896087, "DJIA": -0.1045580090866439, "GBPUSD": -0.11548634653354248, "Gold": -1.0266092394831607}
