{"FTSE100": 0.16783879889372097, "DJIA": 0.5128147804844863, "GBPUSD": -0.3635554236533704, "Gold": 1.1853226138940425}
