{"FTSE100": 0.9322135514167408, "DJIA": 0.1672847686477699, "GBPUSD": -1.0425404433792518, "Gold": 1.000304275064648}
