{"FTSE100": 0.45753579433974617, "DJIA": 0.24688099228892843, "GBPUSD": 0.10997643362135473, "Gold": 0.37133467070723536}
