{"FTSE100": 0.19543240327366732, "DJIA": -0.30817887794355414, "GBPUSD": -0.12224456800346548, "Gold": -0.359862115989242}
