{"FTSE100": -0.944254085397992, "DJIA": -0.9782146707198871, "GBPUSD": -0.17298187808896134, "Gold": -0.2710581496445651}
