{"FTSE100": -0.733783215803488, "DJIA": -0.1856162236478057, "GBPUSD": 1.0645618295891517, "Gold": 0.6695378379356519}
