{"FTSE100": 1.6213580551808802, "DJIA": 0.6675547037887289, "GBPUSD": 0.03239128674386233, "Gold": -0.13720950175800842}
