{"FTSE100": 0.9773462528950599, "DJIA": -0.061611505642483445, "GBPUSD": -0.4634721131186187, "Gold": -0.15698587127158778}
