{"FTSE100": 0.687533002924363, "DJIA": 0.6288946278938744, "GBPUSD": -0.7061038757257098, "Gold": 0.0}
