{"FTSE100": -0.44303988871080097, "DJIA": 0.7238482451198924, "GBPUSD": -0.20943974867229515, "Gold": -0.7269742627660118}
