{"FTSE100": 0.7518347382514449, "DJIA": -0.19576191043155447, "GBPUSD": -0.370041444641792, "Gold": 0.0}
