{"FTSE100": 0.07818967340402241, "DJIA": -0.30817887794355414, "GBPUSD": 0.027603612129821563, "Gold": 0.04924428955642948}
