{"FTSE100": -1.0143036312711065, "DJIA": -0.30530524666052344, "GBPUSD": -0.008052826542115395, "Gold": 1.05606856793021}
