{"FTSE100": 0.8651396157700642, "DJIA": 2.127325533372524, "GBPUSD": 0.01653986106516523, "Gold": 0.0}
