{"FTSE100": -0.13322346255495573, "DJIA": -0.4855770822706253, "GBPUSD": 0.1057721365971476, "Gold": 0.4361946755802014}
