{"FTSE100": 0.5525152728296568, "DJIA": 0.12941582381601738, "GBPUSD": 0.023512814483891132, "Gold": 0.041116730397598784}
