{"FTSE100": -1.2758075397650364, "DJIA": 0.9699946358927816, "GBPUSD": -0.008182636445461827, "Gold": -1.4662457998167169}
