{"FTSE100": -0.19795838216131095, "DJIA": 0.16928970244030098, "GBPUSD": -0.011161129506296549, "Gold": 0.3646118186316639}
