{"FTSE100": 0.36986890772225467, "DJIA": -0.07350386707210962, "GBPUSD": -0.06432419393743763, "Gold": 0.3575076608784474}
