{"FTSE100": -0.47760382279048247, "DJIA": -0.1681898295137389, "GBPUSD": -0.43106826553805627, "Gold": 1.1085992522389356}
