{"FTSE100": 0.5607549947108447, "DJIA": 0.3680293300623806, "GBPUSD": -0.07896399241944803, "Gold": 0.3821656050955539}
