{"FTSE100": 0.2697797325507191, "DJIA": 0.7104145531969505, "GBPUSD": 0.07814535035165374, "Gold": 1.7669552063198473}
