{"FTSE100": -0.8108332926222325, "DJIA": -1.352230485666809, "GBPUSD": -0.34848724853478386, "Gold": -1.3180061440887874}
