{"FTSE100": -0.1563830065314933, "DJIA": 0.9966847090039459, "GBPUSD": -0.10937727869331024, "Gold": 0.09163942939181964}
