{"FTSE100": -0.1856530328428965, "DJIA": -1.0282291210530328, "GBPUSD": -0.4321711104599908, "Gold": -0.15908272301597376}
