{"FTSE100": 0.1785150835423576, "DJIA": 1.7620722613699271, "GBPUSD": -0.070604848199586, "Gold": 0.00825695648583181}
