{"FTSE100": 0.653988139783203, "DJIA": 0.04056162329261397, "GBPUSD": -0.06269592476488338, "Gold": 1.171622896291511}
