{"FTSE100": 1.5621599755415934, "DJIA": 2.1600910059625225, "GBPUSD": -0.5908183632734588, "Gold": -1.3953488372092977}
