{"FTSE100": 0.6618171553687318, "DJIA": 0.7838949668673242, "GBPUSD": 0.390300614515855, "Gold": 0.36864882192659565}
