{"FTSE100": 0.05511903054259101, "DJIA": -0.18884705514233294, "GBPUSD": -0.08652560371274293, "Gold": 0.005175983436860063}
