{"FTSE100": 0.07630560460084744, "DJIA": -0.7614036788567752, "GBPUSD": 0.15760441292356198, "Gold": 0.5147093544883428}
