{"FTSE100": 0.13821737645803506, "DJIA": 0.5400597492454912, "GBPUSD": 0.0696098186481208, "Gold": -0.16807178291631159}
