{"FTSE100": 0.33854855286450347, "DJIA": 0.2607817766381346, "GBPUSD": -0.5023572146224554, "Gold": 0.0}
