{"FTSE100": 0.028123231312401478, "DJIA": 0.3058802269914348, "GBPUSD": -0.024111879119110027, "Gold": -0.2855284082694843}
