{"FTSE100": 0.25440753535829824, "DJIA": 0.25824064571515376, "GBPUSD": 0.22184621169392804, "Gold": -0.20443578101598534}
