{"FTSE100": -0.08685202094944072, "DJIA": 0.6066743787097637, "GBPUSD": -0.871134829697056, "Gold": -0.7257671699951225}
