{"FTSE100": 0.11190694515982841, "DJIA": 0.3680293300623806, "GBPUSD": 0.3089108910891101, "Gold": -1.0956952406797966}
