{"FTSE100": -0.32360414806674664, "DJIA": 0.30740876344912993, "GBPUSD": 0.8084772370486637, "Gold": 0.9482894116414384}
