{"FTSE100": -0.2097096036463979, "DJIA": -0.1681898295137389, "GBPUSD": -0.30566658829061955, "Gold": 0.6521172071993739}
