{"FTSE100": -0.5964769240671847, "DJIA": -0.02691990962507639, "GBPUSD": 0.21924120248225692, "Gold": 0.0681723872191648}
