{"FTSE100": -0.08734771452535837, "DJIA": -0.4716527227349482, "GBPUSD": 0.10263698089373748, "Gold": 0.3115022194533136}
