{"FTSE100": 0.2776358803617793, "DJIA": -0.9787085844484763, "GBPUSD": -0.23635254650808954, "Gold": 0.04535490210899607}
