{"FTSE100": 0.5118701950693607, "DJIA": -0.060016817025189594, "GBPUSD": -0.18166021641260316, "Gold": 0.4230201672405379}
