{"FTSE100": -0.3902185477890759, "DJIA": -0.16809445488531832, "GBPUSD": 0.07447125409592731, "Gold": 1.6955801586609551}
