{"FTSE100": -0.8459282957080503, "DJIA": -0.31818228450353336, "GBPUSD": -0.2147340601255315, "Gold": 0.20664281034221604}
