{"FTSE100": 0.13596210671342038, "DJIA": 0.14228611672029637, "GBPUSD": -0.01571091908876496, "Gold": -0.5689763247986972}
