{"FTSE100": -0.8781766631827652, "DJIA": 1.0048600540112893, "GBPUSD": 0.10063477318470962, "Gold": 0.8550019213526264}
