{"FTSE100": 0.8124235006120029, "DJIA": 0.2055601563437402, "GBPUSD": 0.16563770516488327, "Gold": 1.0467289719626283}
