{"FTSE100": -0.30550399096951386, "DJIA": -0.33588448142926675, "GBPUSD": -0.13953870146926328, "Gold": 0.0}
