{"FTSE100": -0.6132205942237248, "DJIA": -0.07182535692740982, "GBPUSD": 0.13787963480530124, "Gold": -0.7342677400233386}
