{"FTSE100": -0.6070128179831652, "DJIA": -0.6048663622639359, "GBPUSD": -0.7907425265187943, "Gold": -1.918594226286534}
