{"FTSE100": 0.06253953996011342, "DJIA": 0.19838740499920998, "GBPUSD": -0.24231127679403355, "Gold": 0.4186783343391637}
