{"FTSE100": 0.2715341882574583, "DJIA": 0.8469044252918984, "GBPUSD": 0.13451495489792964, "Gold": 0.0258211113406321}
