{"FTSE100": -0.4229040055206837, "DJIA": -0.22419281713781608, "GBPUSD": -0.10219322380314887, "Gold": -0.6376887038001159}
