{"FTSE100": 1.2197007605780283, "DJIA": 0.18750513161778845, "GBPUSD": -0.36621288114003164, "Gold": 0.11629910406617303}
