{"FTSE100": -0.9512418049897866, "DJIA": -1.3549674215902217, "GBPUSD": -0.12658227848101627, "Gold": -0.49370849353373736}
