{"FTSE100": -2.368435180323448, "DJIA": 1.0567853185221285, "GBPUSD": -0.7649284421779786, "Gold": 0.0}
