{"FTSE100": 0.586571281619679, "DJIA": 2.7221257628599527, "GBPUSD": -1.007215874924824, "Gold": -3.217005456616889}
