{"FTSE100": -1.2393003302175174, "DJIA": -1.0782721567498783, "GBPUSD": 0.04011553273428811, "Gold": 0.0}
