{"FTSE100": 0.2240058580438708, "DJIA": -0.08237578390047323, "GBPUSD": -0.3421115442755963, "Gold": -0.5439951306729631}
