{"FTSE100": -0.7512700095022369, "DJIA": -0.48448388956202604, "GBPUSD": 0.031024586985182342, "Gold": -0.08575446780777278}
