{"FTSE100": 0.20285419799753154, "DJIA": -0.45391563353623593, "GBPUSD": 0.20847293574567313, "Gold": 0.002982314872801558}
