{"FTSE100": -0.3477753703699092, "DJIA": -0.11674055675401374, "GBPUSD": 0.10675613847796767, "Gold": -0.1447468939728965}
