{"FTSE100": 0.16911754490328998, "DJIA": 0.20893511768434422, "GBPUSD": -0.07123634636695605, "Gold": 0.09196247930844215}
