{"FTSE100": 0.29383118211805187, "DJIA": -0.474474719137322, "GBPUSD": -0.2579150001868914, "Gold": 0.0}
