{"FTSE100": -0.2594963803612494, "DJIA": 0.011084016847710078, "GBPUSD": 0.09419152276295839, "Gold": -1.446524966261797}
