{"FTSE100": -0.22043049963407965, "DJIA": -1.0023795171968468, "GBPUSD": -0.007951021706288383, "Gold": 0.9155241043786057}
