{"FTSE100": 0.29824815404661936, "DJIA": 0.646095484870066, "GBPUSD": -0.19547402450943055, "Gold": -1.2047070512621536}
