{"FTSE100": 0.07431531263729321, "DJIA": 0.18555398237692042, "GBPUSD": 0.22115156780666106, "Gold": -0.9614892855316411}
