{"FTSE100": 0.3415721999749951, "DJIA": 0.21268991250768907, "GBPUSD": -0.5997001499250415, "Gold": 0.015478278815393381}
