{"FTSE100": 1.2515459754158367, "DJIA": -0.006318004675324216, "GBPUSD": -0.4621513944223129, "Gold": 1.8048241888907761}
