{"FTSE100": 1.9889314441996102, "DJIA": -0.2213974377498522, "GBPUSD": -1.0377750103777648, "Gold": 0.9616969830191789}
