{"FTSE100": 0.030372739541875846, "DJIA": 0.5282675776517677, "GBPUSD": -0.03960082369714612, "Gold": -0.5535511293431544}
