{"FTSE100": 0.8321385330073924, "DJIA": 0.25122059726733825, "GBPUSD": -0.13813276996829552, "Gold": 0.13786422237125784}
