{"FTSE100": 0.5377184918452169, "DJIA": 0.7838949668673242, "GBPUSD": 0.32386646736420793, "Gold": 0.36864882192659565}
