{"FTSE100": -0.01665734029123987, "DJIA": -0.3516322179884391, "GBPUSD": 0.023655574830465775, "Gold": 0.3648015775203397}
