{"FTSE100": 0.6081569143221026, "DJIA": 0.7978554537875318, "GBPUSD": 0.1317740075769909, "Gold": 0.37874746612610205}
