{"FTSE100": -0.7452417086719846, "DJIA": -0.28797217296501015, "GBPUSD": 0.37497679599036354, "Gold": -0.002117612180512966}
