{"FTSE100": -0.796681479478907, "DJIA": -0.36454083119177816, "GBPUSD": 0.27365581036808184, "Gold": -1.01863892501083}
