{"FTSE100": -0.5549929303748256, "DJIA": -0.21360771625289882, "GBPUSD": 0.16640253565768548, "Gold": 0.9561060408518036}
