{"FTSE100": 0.19896529988783251, "DJIA": 0.3279633999253846, "GBPUSD": -0.18183842357220195, "Gold": 0.0}
