{"FTSE100": 0.2763046699898283, "DJIA": 0.5948067219996409, "GBPUSD": 0.0, "Gold": 0.3576799577287396}
