{"FTSE100": 1.0259769748947516, "DJIA": 0.05495371941109162, "GBPUSD": -0.024082844986751784, "Gold": -0.4651392943737983}
