{"FTSE100": -0.9344479921829093, "DJIA": 0.03631263072368768, "GBPUSD": 0.02799440111978184, "Gold": 0.48993133245890813}
