{"FTSE100": -1.0322192847606013, "DJIA": -0.3267141159964318, "GBPUSD": -0.11799874134676343, "Gold": -0.19774158297340658}
