{"FTSE100": 0.16335241586556581, "DJIA": 1.304606900676351, "GBPUSD": -0.2021260667764579, "Gold": 3.297366633969665}
