{"FTSE100": 0.6436040817616061, "DJIA": 1.7058791735848573, "GBPUSD": 0.6977909711245617, "Gold": 2.2280679513184496}
