{"FTSE100": 0.9713882847295889, "DJIA": 0.7590352114147928, "GBPUSD": 0.014826895989323002, "Gold": 0.23468714845417518}
