{"FTSE100": 0.15538921242080644, "DJIA": 0.7066114818789553, "GBPUSD": -0.27990750882316767, "Gold": 0.061946580184375544}
