{"FTSE100": 0.6744141088606045, "DJIA": -0.06931504474708237, "GBPUSD": -0.8108647892949776, "Gold": 0.14453065571275395}
