{"FTSE100": 0.06749726942864336, "DJIA": 0.6508615102544335, "GBPUSD": -0.14286848162552773, "Gold": 0.08341153164425692}
