{"FTSE100": 0.45923031893552035, "DJIA": 0.22883390353686675, "GBPUSD": -0.10658358612772459, "Gold": -0.04837669318426634}
