{"FTSE100": 0.3595862508421117, "DJIA": 0.6217023551237342, "GBPUSD": -0.17703201970443108, "Gold": -0.6006628003314002}
