{"FTSE100": -1.0651665879167873, "DJIA": -0.5864799669399213, "GBPUSD": 0.23489389275878036, "Gold": 0.0}
