{"FTSE100": 0.1777815815169403, "DJIA": -0.3743057045706011, "GBPUSD": 0.07937767899667501, "Gold": 0.08475421278293177}
