{"FTSE100": -0.028527531105202248, "DJIA": -0.4948898040914321, "GBPUSD": 0.07409846863164012, "Gold": 0.9956927896179423}
