{"FTSE100": 0.42893867938660274, "DJIA": 0.5928974953895598, "GBPUSD": -0.1781450176249914, "Gold": 0.7716913234706191}
