{"FTSE100": 0.9832992324709422, "DJIA": -0.23471850112754444, "GBPUSD": 0.16627078384798025, "Gold": 0.3568950133835652}
