{"FTSE100": -0.43716230694823643, "DJIA": 0.7458907013000351, "GBPUSD": 0.3311525724901052, "Gold": -0.5152506675692887}
