{"FTSE100": 0.22530463090443814, "DJIA": 1.0942522026663541, "GBPUSD": -0.03246753246752889, "Gold": 0.15029800466442556}
