{"FTSE100": 0.011544344714149819, "DJIA": 0.3270669816850654, "GBPUSD": -0.1486104919007283, "Gold": 0.006742633672716649}
