{"FTSE100": -1.3649401860357164, "DJIA": -0.6766359777584837, "GBPUSD": -0.4852469280738814, "Gold": -0.30916679548616477}
