{"FTSE100": 0.1643306403674189, "DJIA": 0.6365572066006128, "GBPUSD": 0.40514775977120127, "Gold": 0.11047845670093945}
