{"FTSE100": 0.05407905355392602, "DJIA": 0.3095057545104177, "GBPUSD": 0.06753207773693426, "Gold": -1.226517997818444}
