{"FTSE100": -0.1438588725566914, "DJIA": 0.1664131657039827, "GBPUSD": -0.41466785917553317, "Gold": 0.03559080740287869}
