{"FTSE100": -0.89821702696418, "DJIA": -0.26698755196848023, "GBPUSD": 0.17318159327065732, "Gold": 0.0}
