{"FTSE100": -1.265991155759403, "DJIA": -1.1141379594565914, "GBPUSD": 0.4566929133858289, "Gold": 0.6850736973219751}
