{"FTSE100": 1.0923464854115446, "DJIA": 1.3154904114247392, "GBPUSD": -0.18288501104929952, "Gold": 0.7126464548858669}
