{"FTSE100": 0.5360184989714625, "DJIA": 0.5957521958965001, "GBPUSD": 0.007472724555372065, "Gold": 0.0}
