{"FTSE100": 0.8008897585418993, "DJIA": 0.8357554944813419, "GBPUSD": -0.015743073047857208, "Gold": -0.1561605330279527}
