{"FTSE100": -0.05506655843954414, "DJIA": -0.03246442094251226, "GBPUSD": 0.12050128534703042, "Gold": -0.1374747604932024}
