{"FTSE100": -0.06347737602979418, "DJIA": -0.11767890817162865, "GBPUSD": 0.15704750687082855, "Gold": 0.39764593605853343}
