{"FTSE100": 0.32085065649616556, "DJIA": -1.0836312961629802, "GBPUSD": -0.08730851654892284, "Gold": 0.0}
