{"FTSE100": 0.2384176209746285, "DJIA": 1.1388703134055618, "GBPUSD": 0.04792332268371853, "Gold": 0.171459364130701}
