{"FTSE100": -0.035920397534958536, "DJIA": -0.22153112189292065, "GBPUSD": -0.2619888369973765, "Gold": -0.6587562998531652}
