{"FTSE100": -0.05414364223241479, "DJIA": 0.629594313616355, "GBPUSD": 0.38501406782171577, "Gold": 0.0}
