{"FTSE100": 0.24635984907389905, "DJIA": -0.474474719137322, "GBPUSD": -0.18315702911821785, "Gold": 0.0}
