{"FTSE100": 0.7440360222801333, "DJIA": 1.0031848348753987, "GBPUSD": 0.17002671848433248, "Gold": -0.03600267448439261}
