{"FTSE100": -1.2393003302175174, "DJIA": -1.0782721567498783, "GBPUSD": 0.23267008985880333, "Gold": 0.1390061063396691}
