{"FTSE100": 0.1162761102158247, "DJIA": 0.08386731920396114, "GBPUSD": 0.5776230416205163, "Gold": 0.3460028919644725}
