{"FTSE100": 0.07630560460084744, "DJIA": -1.037809090216601, "GBPUSD": 0.007872156183577816, "Gold": -0.3749707054136396}
