{"FTSE100": -0.4294047711935159, "DJIA": 0.13179330728077246, "GBPUSD": 0.05507907781886245, "Gold": -0.28904717662846646}
