{"FTSE100": -2.267908251703157, "DJIA": -1.4494596461101987, "GBPUSD": -0.16530226700251816, "Gold": -0.817878724734322}
