{"FTSE100": -0.19169303501967352, "DJIA": -0.17851534406947844, "GBPUSD": 0.2399232245681473, "Gold": 1.0668958891641875}
