{"FTSE100": -0.28231657497359697, "DJIA": 0.6900935969219066, "GBPUSD": -0.055109431585571, "Gold": -0.10550908131736308}
