{"FTSE100": -0.1856543145298976, "DJIA": -0.3631236432873432, "GBPUSD": -0.30735049064987047, "Gold": 0.0}
