{"FTSE100": -0.37591041653527063, "DJIA": -0.20163508038452232, "GBPUSD": -1.1259182694082295, "Gold": 0.6592394276995737}
