{"FTSE100": 0.43834682837482575, "DJIA": -0.7580271592361629, "GBPUSD": -0.3712971184115069, "Gold": 0.0}
