{"FTSE100": 0.6698985317767984, "DJIA": 0.10203563588618289, "GBPUSD": 0.12634480646273988, "Gold": -0.801922652475667}
