{"FTSE100": 0.4468469430862097, "DJIA": 0.039785602364751205, "GBPUSD": 0.09489916963227282, "Gold": 0.2978760145052707}
