{"FTSE100": 0.36102962452678766, "DJIA": 0.14570875935731448, "GBPUSD": 0.21727729077696298, "Gold": 0.37312012183514875}
