{"FTSE100": -0.18053681369656013, "DJIA": -0.8201668147754372, "GBPUSD": -0.555121188428468, "Gold": -1.3837826797385573}
