{"FTSE100": 0.7139714678046238, "DJIA": 0.25122059726733825, "GBPUSD": -0.7077856420626925, "Gold": 0.7318446237568024}
