{"FTSE100": 0.38450600675965424, "DJIA": -0.8241023352035658, "GBPUSD": -0.27591643673628985, "Gold": -0.5662956453817569}
