{"FTSE100": 0.8800489354564959, "DJIA": 0.3459584676963842, "GBPUSD": 0.36074444535541195, "Gold": 0.5428940012900403}
