{"FTSE100": -0.6408821055306966, "DJIA": -0.6009495515295052, "GBPUSD": 0.13799629381381684, "Gold": -0.6109979633401154}
