{"FTSE100": -0.43279376522627383, "DJIA": -0.28361335320611575, "GBPUSD": -0.2380756916509238, "Gold": 0.026154731390908615}
