{"FTSE100": -0.9334587293259944, "DJIA": 0.7722443186353741, "GBPUSD": -0.015804030027655312, "Gold": 0.008496898631991592}
