{"FTSE100": -0.13490209167779352, "DJIA": -0.31227346561444896, "GBPUSD": 0.12073406310367489, "Gold": -0.6525854338945855}
