{"FTSE100": 1.171617550136535, "DJIA": 1.2678097492795573, "GBPUSD": -0.09787682577925605, "Gold": 0.4672897196261682}
