{"FTSE100": 0.010847175852118836, "DJIA": 1.2169993833043173, "GBPUSD": 0.7504898517505345, "Gold": -1.6549723184415457}
