{"FTSE100": -0.4699391769521416, "DJIA": -0.21754440166502026, "GBPUSD": -0.555301993001663, "Gold": 0.5983305838032201}
