{"FTSE100": 0.5632358482137655, "DJIA": 1.237817360522537, "GBPUSD": -0.4324843825084151, "Gold": 0.0}
