{"FTSE100": -0.46118648294707143, "DJIA": -0.08791171683163443, "GBPUSD": 0.5943889681407563, "Gold": -0.15060240963855423}
