{"FTSE100": -0.026443331806380903, "DJIA": -0.31169567975840384, "GBPUSD": -0.275460412403576, "Gold": 0.13367660164371808}
