{"FTSE100": 0.12096466304711266, "DJIA": 0.8469044252918984, "GBPUSD": -0.015825288811519067, "Gold": -0.030985333608753822}
