{"FTSE100": -0.9052739852912424, "DJIA": -0.06687618958712802, "GBPUSD": 0.0713266761768999, "Gold": 0.03452527743526735}
