{"FTSE100": 0.6285346817244833, "DJIA": -0.14333462800699967, "GBPUSD": -0.007486711087818296, "Gold": 0.0}
