{"FTSE100": 0.49795323422769083, "DJIA": 0.42625615973051006, "GBPUSD": -0.12572685840011188, "Gold": 0.44213390341074277}
