{"FTSE100": -0.5578595014407595, "DJIA": -0.45324810010510425, "GBPUSD": -0.2390200179264916, "Gold": 0.013953163879897078}
