{"FTSE100": -0.07318348144276056, "DJIA": 0.1947445297617179, "GBPUSD": 0.4594059405940616, "Gold": 1.5359379660005896}
