{"FTSE100": 0.5863325133476636, "DJIA": -0.8586024389241369, "GBPUSD": 0.18100259699378046, "Gold": -0.029899196993006697}
