{"FTSE100": -0.0314799189713754, "DJIA": 0.2973710194088548, "GBPUSD": 0.028414856910905013, "Gold": -0.40106951871659063}
