{"FTSE100": -0.1979399759092522, "DJIA": 0.20315749627711183, "GBPUSD": 0.07037847982482802, "Gold": 0.6243935366831087}
