{"FTSE100": -0.08622465354455179, "DJIA": -0.08870159773099369, "GBPUSD": -0.3999999999999895, "Gold": 0.0}
