{"FTSE100": 0.7090839660665227, "DJIA": -0.13071854331415794, "GBPUSD": -0.1853941641141537, "Gold": 0.0}
