{"FTSE100": -0.04155618685045135, "DJIA": -1.1391991017879401, "GBPUSD": -0.22496743892331525, "Gold": -0.17006802721088435}
