{"FTSE100": -0.26715065260233595, "DJIA": 1.3863842059128055, "GBPUSD": 0.23344486810364107, "Gold": -0.04484122131180584}
