{"FTSE100": 0.49785611587956313, "DJIA": 0.679533236997639, "GBPUSD": 0.6887162649155073, "Gold": 0.0050253781597019475}
