{"FTSE100": -0.04608888462374481, "DJIA": -1.719878054908802, "GBPUSD": 0.07609706603533448, "Gold": -0.05512983075141959}
