{"FTSE100": 0.11077921531957247, "DJIA": -0.254550442705645, "GBPUSD": 0.0036844626211181217, "Gold": 0.04476676515355}
