{"FTSE100": -0.5792236175741334, "DJIA": -1.6099292133409195, "GBPUSD": -0.17218146429105918, "Gold": 0.8035062089116107}
