{"FTSE100": 0.0, "DJIA": -0.7654102166605894, "GBPUSD": -0.018579762922214815, "Gold": 0.18376904380816342}
