{"FTSE100": 0.06973686763821241, "DJIA": 0.25122059726733825, "GBPUSD": -0.9297106676284407, "Gold": 0.5871946399668727}
