{"FTSE100": 0.13596210671342038, "DJIA": -0.05452120254254874, "GBPUSD": -0.007854225573375041, "Gold": -0.3616374945754376}
