{"FTSE100": 0.40055484081440246, "DJIA": 1.2495649732384835, "GBPUSD": -0.19370835270416448, "Gold": -1.980690341026817}
