{"FTSE100": -0.3758326475377669, "DJIA": -0.7394577187201391, "GBPUSD": -0.07228915662651589, "Gold": 1.0355657414480788}
