{"FTSE100": -0.2945993751583535, "DJIA": 0.8552295089589758, "GBPUSD": 0.04097688903459818, "Gold": 0.2431269870955676}
