{"FTSE100": -0.26827870618889776, "DJIA": 1.7620722613699078, "GBPUSD": 0.07060484819956858, "Gold": 0.004128478242915905}
