{"FTSE100": -1.5653077399545794, "DJIA": -0.7827203355195275, "GBPUSD": 0.3154574132492116, "Gold": -0.8164974353606268}
