{"FTSE100": 0.4817846315742838, "DJIA": 0.7760730376042843, "GBPUSD": 0.04548900682336285, "Gold": 0.3494757863205135}
