{"FTSE100": 0.9122892105305159, "DJIA": 0.4556033311642513, "GBPUSD": -0.022529288074477693, "Gold": 0.5288390253546097}
