{"FTSE100": -1.2744137631468853, "DJIA": -0.6185119116446763, "GBPUSD": -0.5556859982781643, "Gold": -0.15458339774308238}
