{"FTSE100": 1.6225224246091456, "DJIA": 1.7254989121360846, "GBPUSD": 0.845948352626898, "Gold": 0.08667952412941253}
