{"FTSE100": 0.7000001043997287, "DJIA": 1.2023209351698911, "GBPUSD": -0.18758910482478777, "Gold": -0.34479409479411244}
