{"FTSE100": 1.3992533596822152, "DJIA": 0.15847931345605779, "GBPUSD": 0.015750511891634743, "Gold": 0.0}
