{"FTSE100": 1.6251011244095097, "DJIA": 1.0599285535638696, "GBPUSD": -0.8209298757096941, "Gold": -0.010115314586285933}
