{"FTSE100": 0.09441701872239974, "DJIA": -0.45391563353623593, "GBPUSD": 0.17124562579109454, "Gold": -0.5397989919775837}
