{"FTSE100": -0.009819734228895326, "DJIA": -0.14992069262634208, "GBPUSD": -0.11827787415232888, "Gold": -0.19301707128763831}
