{"FTSE100": 0.8549235671182756, "DJIA": 0.25122059726733825, "GBPUSD": -0.521739130434788, "Gold": 0.7205854756990157}
