{"FTSE100": -1.3973463734316973, "DJIA": 0.6867326360439593, "GBPUSD": 0.14779781259237376, "Gold": 0.0}
