{"FTSE100": 0.015995577693232836, "DJIA": 0.47113907381667197, "GBPUSD": 0.06410770093758586, "Gold": -1.3430310013322355}
