{"FTSE100": -0.12396904674955661, "DJIA": 0.2748663810870816, "GBPUSD": -0.5385466617484221, "Gold": 0.762960726733807}
