{"FTSE100": -0.6803792730383141, "DJIA": 0.47069989221564273, "GBPUSD": 0.18258315471937514, "Gold": 0.009830425165890659}
