{"FTSE100": -0.8096683468904201, "DJIA": -0.16617483850439813, "GBPUSD": -0.055476303693130675, "Gold": 0.0}
