{"FTSE100": -0.09199686617126848, "DJIA": 0.07785107910035896, "GBPUSD": 0.0472292191435891, "Gold": -0.5300135584863837}
