{"FTSE100": 1.086909112056672, "DJIA": -0.2477516561241665, "GBPUSD": 0.5297812760160537, "Gold": -0.18282957949197776}
