{"FTSE100": -0.20248395793283308, "DJIA": 1.0537205422430127, "GBPUSD": 0.0, "Gold": 6.089778258518118}
