{"FTSE100": -0.3733834952143292, "DJIA": -0.35258272093663195, "GBPUSD": -0.40637699281026046, "Gold": 0.0}
