{"FTSE100": -0.44303988871080097, "DJIA": 0.9326948982340926, "GBPUSD": -0.2169197396963051, "Gold": -0.7269742627660118}
