{"FTSE100": 0.3281289817492974, "DJIA": -0.7096213059205019, "GBPUSD": 0.12767315671880353, "Gold": 0.009873130275956236}
