{"FTSE100": 0.8483863931668716, "DJIA": 0.11332995823084009, "GBPUSD": 0.0, "Gold": 0.0}
