{"FTSE100": -1.4425429867206063, "DJIA": -1.6528918769150907, "GBPUSD": -0.3752416328696517, "Gold": 0.04776803840550287}
