{"FTSE100": 0.5423412104789638, "DJIA": 0.09471894140717407, "GBPUSD": -0.48451151707704476, "Gold": -1.7143701660180282}
