{"FTSE100": 0.26995739168471206, "DJIA": 1.5083119312081201, "GBPUSD": -0.3218462987675636, "Gold": 0.06887941796891424}
