{"FTSE100": -0.85870824992097, "DJIA": -0.3470569860364145, "GBPUSD": 0.054824561403502725, "Gold": 0.544928825622769}
