{"FTSE100": -0.1116537386556413, "DJIA": 0.23839424343233565, "GBPUSD": 0.1236093943139714, "Gold": 0.10806051388776985}
