{"FTSE100": 0.2128865800465088, "DJIA": -0.8377119719489592, "GBPUSD": 0.10709095081466136, "Gold": 0.0}
