{"FTSE100": 0.3370855121199683, "DJIA": -0.5157781855056739, "GBPUSD": -0.21937420621175532, "Gold": 0.9333333333333333}
