{"FTSE100": -0.46619560127363346, "DJIA": -0.8241023352035658, "GBPUSD": -0.01576665352778699, "Gold": 0.0}
