{"FTSE100": 1.016623396346971, "DJIA": -0.6307857304131758, "GBPUSD": -0.5891594658287558, "Gold": -0.26981946624803765}
