{"FTSE100": -1.239597826372306, "DJIA": 0.1930853717646708, "GBPUSD": 0.17357001972386427, "Gold": 0.0731299623903098}
