{"FTSE100": -0.8615685532210265, "DJIA": -1.8957074033152979, "GBPUSD": -0.12726456056296112, "Gold": 1.800850121984957}
