{"FTSE100": -0.11424501492593782, "DJIA": 0.24411357638170253, "GBPUSD": -0.7856253889234597, "Gold": 0.21017927055429256}
