{"FTSE100": 0.010847175852118836, "DJIA": 1.2820741641143238, "GBPUSD": 0.772671817812124, "Gold": -2.1908399206560674}
