{"FTSE100": -1.265991155759403, "DJIA": -1.2918823353994837, "GBPUSD": 0.17322834645669133, "Gold": 0.8649920420732129}
