{"FTSE100": -0.1789062142759219, "DJIA": 0.17918851970215002, "GBPUSD": 0.13195098963243282, "Gold": 0.0}
