{"FTSE100": -0.4529647165603309, "DJIA": 0.17266205352600647, "GBPUSD": 0.38404263657027404, "Gold": 0.7966776845495265}
