{"FTSE100": 0.1503388480544121, "DJIA": -0.5523806491666671, "GBPUSD": -0.21034590215019666, "Gold": -0.15574706676357594}
