{"FTSE100": -0.24478743708974998, "DJIA": -0.025418192952213654, "GBPUSD": -0.7388194608189776, "Gold": 0.36365399534522885}
