{"FTSE100": -0.6078936374840418, "DJIA": -0.31282267726665675, "GBPUSD": -0.14708285667592938, "Gold": 0.0}
