{"FTSE100": 0.35729279251114304, "DJIA": 0.8689322422281711, "GBPUSD": 0.15812250332889588, "Gold": 0.41796163326545677}
