{"FTSE100": -0.27484113019326084, "DJIA": 0.0, "GBPUSD": 0.18826482585503274, "Gold": -0.2784079191585941}
