{"FTSE100": -1.7234748037457344, "DJIA": -1.192592695962823, "GBPUSD": 0.1560574948665308, "Gold": 0.9442583003350546}
