{"FTSE100": -0.8661054288988841, "DJIA": -0.5468671780450398, "GBPUSD": -0.05227391531625143, "Gold": 0.152138389586975}
