{"FTSE100": 0.13105315172086654, "DJIA": -0.7654102166605894, "GBPUSD": -0.003715952584436362, "Gold": 0.19858912798624156}
