{"FTSE100": 0.0, "DJIA": -0.6509155777175725, "GBPUSD": 0.11538318383146166, "Gold": 1.5279659828980083}
