{"FTSE100": 0.07449389036605353, "DJIA": 0.8603362734405032, "GBPUSD": -0.09361542782250315, "Gold": -0.17621984616482833}
