{"FTSE100": 0.49785611587956313, "DJIA": 0.53266465954161, "GBPUSD": 0.5685913349883785, "Gold": 0.0050253781597019475}
