{"FTSE100": -0.40765315671581287, "DJIA": -0.7587942618356444, "GBPUSD": 0.0, "Gold": -0.5792499785462971}
