{"FTSE100": -2.036524843083113, "DJIA": -2.602066674954433, "GBPUSD": 0.03914507163547678, "Gold": -1.3318580444225698}
