{"FTSE100": -0.19862243645244937, "DJIA": 0.825796465777775, "GBPUSD": -0.1729559748427657, "Gold": 0.046375736214812405}
