{"FTSE100": 0.30493122436411046, "DJIA": 0.3210630280199732, "GBPUSD": 0.13504925325705533, "Gold": 0.4504121696269189}
