{"FTSE100": 0.3249682110971851, "DJIA": 0.13890413343880204, "GBPUSD": -0.007614406457015836, "Gold": 0.0}
