{"FTSE100": -1.111771309620736, "DJIA": -0.6458966231212456, "GBPUSD": -0.08182636445461827, "Gold": -0.23419203747072137}
