{"FTSE100": 1.4217533888066052, "DJIA": 0.6611083239419954, "GBPUSD": -0.3653717097904634, "Gold": 3.361898483849695}
