{"FTSE100": 0.25314575455310623, "DJIA": 1.0462668361610967, "GBPUSD": 0.41872539988274793, "Gold": 0.20725388601037262}
