{"FTSE100": -0.01665734029123987, "DJIA": -0.33563497412159043, "GBPUSD": 0.007885191610155258, "Gold": 0.3648015775203397}
