{"FTSE100": -0.6170024384281455, "DJIA": -0.6697603826715048, "GBPUSD": 0.14462967191900836, "Gold": 0.2763888539913063}
