{"FTSE100": -0.00579199498026575, "DJIA": 0.421693455086827, "GBPUSD": -0.282641124283587, "Gold": -0.8505833646970233}
