{"FTSE100": -0.057813685272608537, "DJIA": 0.6084610289521607, "GBPUSD": 0.1734742154234332, "Gold": -0.7849360899030703}
