{"FTSE100": -1.0603146320111885, "DJIA": -1.1819083437757547, "GBPUSD": -0.04940899243662646, "Gold": -0.784111299560015}
