{"FTSE100": -0.2674216607776954, "DJIA": -1.0856999866524848, "GBPUSD": 0.007980209081477055, "Gold": 0.19745879120880683}
