{"FTSE100": 0.1837998557108593, "DJIA": -0.4001693621522463, "GBPUSD": -0.13304506901713334, "Gold": 0.3543779304328863}
