{"FTSE100": 0.37028589485970803, "DJIA": 0.058458450398123266, "GBPUSD": -0.18496180136710644, "Gold": 0.5372958905259508}
