{"FTSE100": 0.08145054994857731, "DJIA": -0.028891600975112, "GBPUSD": 0.18969332911792267, "Gold": 1.415276407771154}
