{"FTSE100": 0.048817341779505044, "DJIA": 0.0, "GBPUSD": -0.039212610775638534, "Gold": 0.0}
