{"FTSE100": -0.11071983975484764, "DJIA": 0.6534788940114644, "GBPUSD": -0.3345253201061141, "Gold": 0.07576007114859455}
