{"FTSE100": -0.3941778188568549, "DJIA": 0.39200242260420826, "GBPUSD": -0.17237133710910388, "Gold": -0.01601965077161075}
