{"FTSE100": -0.33793305080058067, "DJIA": -0.11525987719325514, "GBPUSD": 0.3955826602933835, "Gold": 0.01602307322544221}
