{"FTSE100": -0.26470136567045066, "DJIA": 0.03794789956680398, "GBPUSD": 0.07089963762406655, "Gold": -0.24424796052952957}
