{"FTSE100": -0.13001605338854486, "DJIA": -1.719878054908802, "GBPUSD": -0.033820918237926434, "Gold": 0.0}
