{"FTSE100": -0.519340721168104, "DJIA": -0.7681128539340597, "GBPUSD": -0.42098445595855677, "Gold": -0.6864631546102264}
