{"FTSE100": 1.705148569594049e-14, "DJIA": 1.7882521400316829, "GBPUSD": -0.21459227467812078, "Gold": -1.8033596837944739}
