{"FTSE100": 0.7993791230112539, "DJIA": -0.873352531767609, "GBPUSD": -0.0331537505180421, "Gold": -0.5138586110246076}
