{"FTSE100": -1.4824683726850099, "DJIA": -0.4823195878496264, "GBPUSD": 0.23741690408357974, "Gold": -1.0217176702862694}
