{"FTSE100": 1.2880183750220904, "DJIA": -0.006318004675324216, "GBPUSD": -0.6533864541832657, "Gold": 1.7623577373874637}
