{"FTSE100": 0.4847538367611107, "DJIA": 0.5878335099737888, "GBPUSD": -0.14952388447312603, "Gold": 0.5332280043448185}
