{"FTSE100": 1.2730327392081124, "DJIA": -0.9115523324370807, "GBPUSD": 0.058964581941133735, "Gold": 1.6535086233185436}
