{"FTSE100": 0.8305299215371881, "DJIA": -0.09087056634996377, "GBPUSD": -0.17974366989684032, "Gold": -1.1601027397260235}
