{"FTSE100": 1.0254648550252616, "DJIA": 0.9078897269876526, "GBPUSD": -0.07142857142856356, "Gold": 0.16982168722840335}
