{"FTSE100": 0.47263937772985554, "DJIA": 0.46976637195063764, "GBPUSD": -0.08418796877390776, "Gold": -0.08654425045154206}
