{"FTSE100": -0.24380071282323454, "DJIA": 0.19651595316745127, "GBPUSD": -0.14420765902900368, "Gold": 0.3368357548640111}
