{"FTSE100": -0.4810387307877758, "DJIA": -1.010952306389748, "GBPUSD": -0.1500150015001335, "Gold": 0.0}
