{"FTSE100": 0.036987615149878805, "DJIA": 1.042902600868546, "GBPUSD": 0.01841552797319314, "Gold": -0.08634293030041655}
