{"FTSE100": -1.442539871813982, "DJIA": -1.3093465370372057, "GBPUSD": -0.78546699921826, "Gold": -0.53035407655356}
