{"FTSE100": -0.04996566340665592, "DJIA": 0.3246216297484287, "GBPUSD": -0.20496649586124838, "Gold": -0.21769163143133388}
