{"FTSE100": -0.01755577980496199, "DJIA": 1.0547228733598666, "GBPUSD": 0.1968503937007832, "Gold": -0.28127313101405466}
