{"FTSE100": -1.0186179197967218, "DJIA": 0.20008700902402662, "GBPUSD": 0.023479690068088515, "Gold": 0.5616530117998707}
