{"FTSE100": -1.5730774915682484, "DJIA": -0.3772102594914932, "GBPUSD": 0.5510075566750722, "Gold": -0.6824338403834203}
