{"FTSE100": 0.5294262352003659, "DJIA": 0.07658058169382809, "GBPUSD": 0.13512991776378658, "Gold": 0.7998901438429119}
