{"FTSE100": -0.31749918776458885, "DJIA": -0.613484191855639, "GBPUSD": 0.13889960645111687, "Gold": -0.4049764675836371}
