{"FTSE100": 0.45692082380851623, "DJIA": -0.11808764193646888, "GBPUSD": -0.17912392118547305, "Gold": -0.3177043300025528}
