{"FTSE100": -0.6297667567894708, "DJIA": -1.6572149860968854, "GBPUSD": 0.7008951190677227, "Gold": 0.8440447950570946}
