{"FTSE100": 0.3640686348097449, "DJIA": 0.1700596354203454, "GBPUSD": 0.4281821720513866, "Gold": 1.7789393811651553}
