{"FTSE100": -0.33705998819078914, "DJIA": -0.36385103763127613, "GBPUSD": -0.38634392493888703, "Gold": -0.802900802900799}
