{"FTSE100": -0.03519120114922095, "DJIA": -0.8362562418476335, "GBPUSD": -0.8076009501187638, "Gold": -0.7809046706939782}
