{"FTSE100": 0.13770873745466572, "DJIA": 0.0, "GBPUSD": -0.35965598123535253, "Gold": -0.3829656862745098}
