{"FTSE100": -0.8337292595570499, "DJIA": -0.9218587197915463, "GBPUSD": -0.08143006708286443, "Gold": -0.0377319658354169}
