{"FTSE100": -0.3672444646243423, "DJIA": -0.11658611223745036, "GBPUSD": 0.17450622669945107, "Gold": 0.4794725801618288}
