{"FTSE100": 0.7288846376247659, "DJIA": -0.6458966231212456, "GBPUSD": -0.5048037778863363, "Gold": -0.3074558032282859}
