{"FTSE100": 0.10986236049941016, "DJIA": 1.09953157571708, "GBPUSD": 0.4629801103744649, "Gold": 0.2956194571351814}
