{"FTSE100": 1.2197007605780283, "DJIA": 0.030680318035466787, "GBPUSD": -0.4378632274500309, "Gold": 0.11629910406617303}
