{"FTSE100": 0.31385909753186747, "DJIA": 1.3422323002951637, "GBPUSD": -0.05269100489273037, "Gold": -0.25189663347558083}
