{"FTSE100": 0.3174445591915596, "DJIA": 0.2684176604434689, "GBPUSD": 0.3146774556080004, "Gold": 0.37312012183514875}
