{"FTSE100": -0.46215580832442377, "DJIA": -0.39592734243157807, "GBPUSD": -0.3538292184305668, "Gold": -0.18001337242195134}
