{"FTSE100": -0.04082950612308483, "DJIA": 0.0, "GBPUSD": -0.45759110965844496, "Gold": 1.0927767457108513}
