{"FTSE100": 0.3133246475428988, "DJIA": 0.43329442530001805, "GBPUSD": 0.14339201784434188, "Gold": 0.5156723963599619}
