{"FTSE100": -0.004503791846303332, "DJIA": 0.0764253125056181, "GBPUSD": 0.06337135614703215, "Gold": 0.04409918925337297}
