{"FTSE100": -0.20003355251201219, "DJIA": -0.27556613968992016, "GBPUSD": -0.3654471707963401, "Gold": -0.2964113059741025}
