{"FTSE100": 1.0600029225735523, "DJIA": -0.08562044902757175, "GBPUSD": -0.007477753682792864, "Gold": 0.0}
