{"FTSE100": 0.6886333959188018, "DJIA": 0.1042566928628082, "GBPUSD": 0.46177526936890506, "Gold": 1.778648227347216}
