{"FTSE100": 0.2779155843601697, "DJIA": 0.17266205352600647, "GBPUSD": 0.08588382261085874, "Gold": -0.19677621938454337}
