{"FTSE100": 0.1932571230181139, "DJIA": 0.9651360103565871, "GBPUSD": -0.011478859766603748, "Gold": -0.0978326309452274}
