{"FTSE100": 0.5560890559766779, "DJIA": 1.3908810231385735, "GBPUSD": 0.5327184543213745, "Gold": 0.937676254935135}
