{"FTSE100": -0.08374075720232002, "DJIA": 1.1808025691264488, "GBPUSD": -0.3155773544732214, "Gold": -0.09496444920618574}
