{"FTSE100": -0.1005927008778359, "DJIA": -0.5361105607760874, "GBPUSD": -1.0853180584865818, "Gold": 0.11333157039779379}
