{"FTSE100": 0.07880400781542383, "DJIA": -0.5310252474825794, "GBPUSD": -0.16569354584188029, "Gold": -0.7330232558139467}
