{"FTSE100": 0.2334299614967497, "DJIA": 0.5026427393806943, "GBPUSD": 0.008293249295072897, "Gold": 0.0}
