{"FTSE100": -0.2154361976481575, "DJIA": 1.02572767302188, "GBPUSD": 0.04973030871045785, "Gold": 0.06523407521106189}
