{"FTSE100": -0.20484223267119894, "DJIA": 0.17796855021226818, "GBPUSD": -0.01571091908876496, "Gold": 0.7636919048658084}
