{"FTSE100": 0.02826000108953973, "DJIA": -0.254550442705645, "GBPUSD": -0.261596846099992, "Gold": 0.20294266869608518}
