{"FTSE100": 0.5320646975133888, "DJIA": 0.7034934316006998, "GBPUSD": 0.2372479240806733, "Gold": 0.5741668105681308}
