{"FTSE100": 0.6242493660719431, "DJIA": 0.17665574821006988, "GBPUSD": 0.47971440258823156, "Gold": 0.7602582795250942}
