{"FTSE100": 0.35698555831150863, "DJIA": -1.0836312961629802, "GBPUSD": -0.1825541709659472, "Gold": 0.0}
