{"FTSE100": -0.27540706136409343, "DJIA": 0.4885202585897039, "GBPUSD": 0.032781511227682185, "Gold": 0.29923321488685245}
