{"FTSE100": 0.3021009307125473, "DJIA": -0.22253344334637284, "GBPUSD": -0.031399638904149145, "Gold": 0.27551767187567655}
