{"FTSE100": 0.5885044158100419, "DJIA": 0.5497752390853626, "GBPUSD": -0.22554695135703268, "Gold": -1.2047070512621536}
