{"FTSE100": 0.1571834302364875, "DJIA": -0.7819590174907349, "GBPUSD": 0.3312976489841614, "Gold": -0.8488706988024893}
