{"FTSE100": -0.05666895632147341, "DJIA": 1.1808025691264488, "GBPUSD": -0.22432607125204426, "Gold": -0.09496444920618574}
