{"FTSE100": 0.022955084551215248, "DJIA": 0.2055601563437402, "GBPUSD": 0.022592062655317942, "Gold": 0.6542056074766355}
