{"FTSE100": 0.10572100923314849, "DJIA": 0.6826990355248443, "GBPUSD": 0.24386406544995912, "Gold": -0.4782450486042546}
