{"FTSE100": 0.1324662473936311, "DJIA": -0.24645699225590897, "GBPUSD": -0.03743635819107105, "Gold": 0.0}
