{"FTSE100": 0.42840426787648417, "DJIA": 0.6386246022945836, "GBPUSD": 0.2295081967213226, "Gold": 0.14771828013717658}
