{"FTSE100": 0.19604049004074553, "DJIA": 0.6211655801358724, "GBPUSD": 0.6754728309816961, "Gold": -0.3071276077755653}
