{"FTSE100": 0.032336614356480886, "DJIA": 0.12950275135830516, "GBPUSD": -0.07907013520994005, "Gold": 0.13318439594433595}
