{"FTSE100": 0.18112156889422126, "DJIA": 0.22771134725812922, "GBPUSD": 0.18020841494946085, "Gold": 1.238443345517101}
