{"FTSE100": 0.08228614150936199, "DJIA": 0.08377085725195982, "GBPUSD": -0.26580035440047606, "Gold": -0.48359342550288315}
