{"FTSE100": -0.13490209167779352, "DJIA": -0.16949885848006854, "GBPUSD": 0.19317450096588698, "Gold": -0.6525854338945855}
