{"FTSE100": -0.06986940172948226, "DJIA": 3.571726318202797, "GBPUSD": 0.06988662835843305, "Gold": -0.19118308591994163}
