{"FTSE100": 0.23565853129494618, "DJIA": 0.16485852314223115, "GBPUSD": 0.3379758588672278, "Gold": 0.0}
