{"FTSE100": -0.16808257970219265, "DJIA": -0.3557943102279252, "GBPUSD": 0.1410216233155769, "Gold": -0.11777128005198549}
