{"FTSE100": -0.6971413598343207, "DJIA": -1.390564603895362, "GBPUSD": -0.4143983099049226, "Gold": 1.1923392205082346}
