{"FTSE100": 0.7665034901417984, "DJIA": 0.7760730376042843, "GBPUSD": 0.27293404094010976, "Gold": 0.2870693959061351}
