{"FTSE100": 0.638230076069146, "DJIA": 1.0599285535638696, "GBPUSD": -0.6751572809575065, "Gold": -0.010115314586285933}
