{"FTSE100": 0.09603948037585881, "DJIA": 0.6679126218229057, "GBPUSD": -0.27190332326284344, "Gold": 0.5329876116393145}
