{"FTSE100": 0.018616152497902997, "DJIA": -1.1096243784601616, "GBPUSD": -0.11956647510315258, "Gold": 1.5106665305705702}
