{"FTSE100": -0.11116147553367517, "DJIA": 0.3577430745075764, "GBPUSD": 0.10014465338824112, "Gold": 0.0}
