{"FTSE100": -0.31985001334516205, "DJIA": -0.23680398975390463, "GBPUSD": -0.08880337452822229, "Gold": -0.1237873161182653}
