{"FTSE100": -0.8615028991371605, "DJIA": -0.9477037211674999, "GBPUSD": -0.4702194357366775, "Gold": 0.1910665760869565}
