{"FTSE100": 0.34235689652620077, "DJIA": -0.5047579644187093, "GBPUSD": -0.05624296962879021, "Gold": -0.11673819742488022}
