{"FTSE100": 0.9657182858653497, "DJIA": -0.0606378799878433, "GBPUSD": 0.07064364207222315, "Gold": -0.2076447156538728}
