{"FTSE100": -0.024243593692201935, "DJIA": 1.176177736463645, "GBPUSD": 0.01591216485002609, "Gold": -0.038041617529577354}
