{"FTSE100": 0.15935790167272137, "DJIA": 0.03228722011135037, "GBPUSD": -0.3184459836000321, "Gold": 0.22246941045605537}
