{"FTSE100": -0.20009945771862508, "DJIA": 0.8844962512111914, "GBPUSD": -0.11824990145840243, "Gold": -0.21769163143133388}
