{"FTSE100": 0.4785843455160138, "DJIA": -0.9753276832691349, "GBPUSD": -0.07192519779430376, "Gold": 0.12084070605499038}
