{"FTSE100": -0.07206369500785645, "DJIA": -0.2620955408544699, "GBPUSD": -0.07058269939613543, "Gold": 0.0}
