{"FTSE100": 0.7287974536669612, "DJIA": 0.5948067219996409, "GBPUSD": -0.07687576875767911, "Gold": 0.4562489815870872}
