{"FTSE100": 0.38141282647598196, "DJIA": 0.7756100194817952, "GBPUSD": 1.1921400970155354, "Gold": -0.6959880479539375}
