{"FTSE100": 0.19392490148834868, "DJIA": 0.08527611679143705, "GBPUSD": 0.0225208317693842, "Gold": 0.07252185197908664}
