{"FTSE100": -0.1711004182454692, "DJIA": -0.7732145109847156, "GBPUSD": 0.040439987059199684, "Gold": 0.0}
