{"FTSE100": 0.06462495724773326, "DJIA": -0.127806403767076, "GBPUSD": -0.3731481139394834, "Gold": -0.26735680369594045}
