{"FTSE100": 0.08845393577015513, "DJIA": 0.382927044853433, "GBPUSD": -0.10349494466999895, "Gold": 0.36006686956149386}
