{"FTSE100": 0.8112498931181235, "DJIA": 0.3459584676963842, "GBPUSD": 0.28695580880544874, "Gold": 0.5213932487637092}
