{"FTSE100": 0.9452484647387047, "DJIA": 0.5898960655036961, "GBPUSD": -0.1389342922523729, "Gold": 0.32981886996486276}
