{"FTSE100": 0.9927786791173815, "DJIA": 0.006769427198330068, "GBPUSD": -1.1543838625923588, "Gold": 1.0497489730716532}
