{"FTSE100": 0.419075015210615, "DJIA": -0.6251422152067638, "GBPUSD": -0.1851989036224866, "Gold": 0.4767580452920143}
