{"FTSE100": -0.733783215803488, "DJIA": -0.31598738653389236, "GBPUSD": -0.28848465421909186, "Gold": -0.5833003276563503}
