{"FTSE100": -0.5766540581277096, "DJIA": -0.9550170076149177, "GBPUSD": -0.48908229676126286, "Gold": -0.007368110816379977}
