{"FTSE100": 0.8267468958459228, "DJIA": 0.691345975644746, "GBPUSD": 0.14729824017365786, "Gold": -0.113208925245587}
