{"FTSE100": -0.10154057170349522, "DJIA": 1.4242348819290567, "GBPUSD": 0.0, "Gold": -0.40421443244318706}
