{"FTSE100": 0.2590889994927359, "DJIA": 0.12422655143722676, "GBPUSD": 0.32966209635123694, "Gold": 0.37312012183514875}
