{"FTSE100": 0.05517038231746642, "DJIA": -0.46458235154431726, "GBPUSD": 0.007638252367857392, "Gold": -1.1122627970020766}
