{"FTSE100": -0.011888916170219204, "DJIA": 1.0262393264666687, "GBPUSD": 0.12515644555694977, "Gold": 2.1826776032253536}
