{"FTSE100": 0.693790114854446, "DJIA": -1.0836312961629802, "GBPUSD": 0.11905706802127604, "Gold": 0.0}
