{"FTSE100": 0.6250302761314199, "DJIA": 0.6752261431264824, "GBPUSD": -0.6912804399057455, "Gold": 0.0}
