{"FTSE100": -0.16620504281441903, "DJIA": 0.47947084903889636, "GBPUSD": 0.2452107279693557, "Gold": 0.6205562394794316}
