{"FTSE100": 2.1365664763980705, "DJIA": 0.7760730376042843, "GBPUSD": -0.07582075972400408, "Gold": -0.30579131303046}
