{"FTSE100": 0.7331451682201894, "DJIA": 1.7882521400316829, "GBPUSD": -0.1368697517848487, "Gold": -0.5743577075098926}
