{"FTSE100": 0.2128865800465088, "DJIA": -0.8377119719489592, "GBPUSD": 0.06508671848080075, "Gold": 0.0}
