{"FTSE100": 0.01942684976763478, "DJIA": -0.3273989096730896, "GBPUSD": 0.6657388949486609, "Gold": 2.316310814483732}
