{"FTSE100": 0.3611183002652636, "DJIA": 0.10039616426268182, "GBPUSD": 0.14263193453944994, "Gold": 0.07252185197908664}
