{"FTSE100": -0.06530657881195806, "DJIA": -0.13625368641594268, "GBPUSD": -0.24007682458385815, "Gold": 0.0}
