{"FTSE100": 0.015995577693232836, "DJIA": 0.1963567195844684, "GBPUSD": -0.04808077570317605, "Gold": -1.141396320167062}
