{"FTSE100": 0.5479165627145963, "DJIA": 0.7458314057590976, "GBPUSD": -0.3013280755924175, "Gold": -0.555055505550555}
