{"FTSE100": -0.49825695993188596, "DJIA": -0.4267107831152267, "GBPUSD": -0.21964229683088604, "Gold": -0.28356362136522995}
