{"FTSE100": 0.13270665577924592, "DJIA": 0.5210389894994409, "GBPUSD": 0.1792394014962569, "Gold": 0.0}
