{"FTSE100": -0.368947358466611, "DJIA": -0.516915364014184, "GBPUSD": 0.715460526315802, "Gold": -0.469104665825975}
