{"FTSE100": -0.4877628425840124, "DJIA": -0.11437235523247871, "GBPUSD": 0.41908446163764274, "Gold": -0.37111334002005336}
