{"FTSE100": -0.23613016113511168, "DJIA": -1.2634768174566209, "GBPUSD": -0.44192445593263424, "Gold": -1.2812160694896801}
