{"FTSE100": 0.09889587141033603, "DJIA": 0.5062228344885726, "GBPUSD": 0.1035732780942567, "Gold": 0.10447137484329293}
