{"FTSE100": 0.15021484367372873, "DJIA": -0.7552689855293765, "GBPUSD": 0.33170115305638775, "Gold": 0.3637793727263834}
