{"FTSE100": -0.4699391769521416, "DJIA": 0.03840167457337121, "GBPUSD": -0.608550129316903, "Gold": 0.5983305838032201}
