{"FTSE100": -0.3866223523744136, "DJIA": 0.34761816599655415, "GBPUSD": 0.36999134062820976, "Gold": 0.10512483574244415}
