{"FTSE100": 0.24348442634896503, "DJIA": -0.27362807286722257, "GBPUSD": -0.010991023997059715, "Gold": -0.6749979668735963}
