{"FTSE100": -0.07583026781090264, "DJIA": -0.7699569309741626, "GBPUSD": 0.15899515064790537, "Gold": 0.02291475710357123}
