{"FTSE100": 1.3503497420131283, "DJIA": 1.1379707566983137, "GBPUSD": -0.5718487051711376, "Gold": 0.1893387707544521}
