{"FTSE100": -0.0637028437718782, "DJIA": 0.16490941791324296, "GBPUSD": 0.27364839878707464, "Gold": 0.29494086134769093}
