{"FTSE100": 0.9058784926424158, "DJIA": -1.2372630858564577, "GBPUSD": 0.03212851405622136, "Gold": 0.09761480349714485}
