{"FTSE100": -0.5864817404653985, "DJIA": 0.0, "GBPUSD": -0.385340657538733, "Gold": -0.6547264758400593}
