{"FTSE100": -0.1362636231455053, "DJIA": 0.020301566271700242, "GBPUSD": -0.016160310277955555, "Gold": 1.4368710447141724}
