{"FTSE100": 0.4952491194961733, "DJIA": 1.5774460717160004, "GBPUSD": 0.42072265302754347, "Gold": 0.4022121669180493}
