{"FTSE100": 0.1309305076066241, "DJIA": -0.06510112674336327, "GBPUSD": -0.07525050497049439, "Gold": 1.58829241226244}
