{"FTSE100": 0.07984826665425158, "DJIA": -0.10030333829635829, "GBPUSD": 0.21068194418778352, "Gold": 0.2991793154557706}
