{"FTSE100": 0.0979608896590308, "DJIA": -0.20163508038452232, "GBPUSD": -0.029535553422428997, "Gold": 0.8607536632409272}
