{"FTSE100": -0.138865027068992, "DJIA": -0.7546375285442029, "GBPUSD": -0.9426489226869297, "Gold": 0.07387343018960847}
