{"FTSE100": 0.667320207400763, "DJIA": 0.1943430954406277, "GBPUSD": -0.06498253594347607, "Gold": 0.43784707390003297}
