{"FTSE100": 0.4644436127902731, "DJIA": 0.6814109996095002, "GBPUSD": -0.4424778761061986, "Gold": 0.0}
