{"FTSE100": -0.4329581166321904, "DJIA": 0.5012176687940837, "GBPUSD": -0.2955889040472785, "Gold": -0.4841703878380458}
