{"FTSE100": 0.006650865821796367, "DJIA": -0.011690063470457387, "GBPUSD": 0.21680422958426981, "Gold": 0.970404670827476}
