{"FTSE100": -0.6806916363290606, "DJIA": -0.8307139649753151, "GBPUSD": -0.19318445251525745, "Gold": -2.1575984990619173}
