{"FTSE100": 0.022955084551215248, "DJIA": 0.2055601563437402, "GBPUSD": 0.21081162475530144, "Gold": 1.0467289719626283}
