{"FTSE100": -0.16749577893494946, "DJIA": -1.2493653688764783, "GBPUSD": 0.01549786904300488, "Gold": 0.29110870830907426}
