{"FTSE100": -0.5424380105369933, "DJIA": -1.732940358136548, "GBPUSD": -0.041536079749260164, "Gold": -0.5591294414717839}
