{"FTSE100": -0.022819142000253763, "DJIA": 0.4691324465463073, "GBPUSD": -0.1638157644100632, "Gold": 0.3725866546234479}
