{"FTSE100": 0.9832992324709422, "DJIA": 1.6500974711827594, "GBPUSD": 0.13460015835313022, "Gold": 0.0}
