{"FTSE100": -0.7345311242989868, "DJIA": -0.03236195603131227, "GBPUSD": 0.055476303693130675, "Gold": 0.03452527743526735}
