{"FTSE100": 1.0439684098535111, "DJIA": -0.47580397451806994, "GBPUSD": -1.3417327988219088, "Gold": -2.744872932213126}
