{"FTSE100": -0.546125425681388, "DJIA": 0.0, "GBPUSD": 0.06862894616441383, "Gold": -0.10453942342486869}
