{"FTSE100": 0.06749726942864336, "DJIA": 0.649636502857601, "GBPUSD": 0.18287349924465043, "Gold": 0.5441892104023789}
