{"FTSE100": 0.4445908459034877, "DJIA": 0.5508933824016687, "GBPUSD": -0.4311476024444136, "Gold": -1.3243709238111896}
