{"FTSE100": 0.7718585860464888, "DJIA": -0.20337129924703878, "GBPUSD": -0.1441383728379263, "Gold": 0.0}
