{"FTSE100": -0.16917430862686303, "DJIA": 1.0942522026663541, "GBPUSD": 0.0, "Gold": -0.13474993521637257}
