{"FTSE100": 0.3329640734033298, "DJIA": -1.0856999866524848, "GBPUSD": 0.1276833453036506, "Gold": 0.0}
