{"FTSE100": 0.760844776069393, "DJIA": -0.11445178124749743, "GBPUSD": -0.11453816575309397, "Gold": -0.010436779209938185}
