{"FTSE100": -0.22181878109981182, "DJIA": 0.29920841251814084, "GBPUSD": 0.10241058767922473, "Gold": -0.015682994406396283}
