{"FTSE100": 1.8152187405318323, "DJIA": 0.3954809825425989, "GBPUSD": 0.3269042170644004, "Gold": 0.535279805352803}
