{"FTSE100": 0.4116975042659058, "DJIA": 0.751802324756741, "GBPUSD": 0.8440581648002672, "Gold": 0.8370930042941833}
