{"FTSE100": 0.45367217098295387, "DJIA": 0.39399442703231063, "GBPUSD": 0.0, "Gold": -0.09076763485476785}
