{"FTSE100": -0.1699000408132302, "DJIA": -0.15277998533845463, "GBPUSD": -0.43502779344236453, "Gold": -0.12768130745658834}
