{"FTSE100": -0.8639171521255142, "DJIA": 0.518734233630401, "GBPUSD": 0.08194278903457247, "Gold": 1.2148261295018885}
