{"FTSE100": -0.008514114679026255, "DJIA": 0.47323261775398445, "GBPUSD": 0.3528319405756756, "Gold": 1.129460468883585}
