{"FTSE100": 0.49007487516327214, "DJIA": 0.3005443652931258, "GBPUSD": 0.024051952216785612, "Gold": 0.2607561929595828}
