{"FTSE100": -0.17764010409414963, "DJIA": -1.2890422287925116, "GBPUSD": 0.3561076604554841, "Gold": 0.19730351857940967}
