{"FTSE100": -0.12725608336493008, "DJIA": -0.1074769903496728, "GBPUSD": 0.10149906308556032, "Gold": -1.4904751936361695}
