{"FTSE100": 0.43271441693392404, "DJIA": 0.4383153950280167, "GBPUSD": -0.26461928366441373, "Gold": -0.8875074895146726}
