{"FTSE100": -0.5353217729067979, "DJIA": -0.6471908470658779, "GBPUSD": -0.3059783461477948, "Gold": 0.423485125738492}
