{"FTSE100": 0.9216822943428881, "DJIA": -0.24074554000308188, "GBPUSD": -0.09355237061706945, "Gold": 1.5361268543466786}
