{"FTSE100": -1.1007438013345483, "DJIA": -0.8574188729116689, "GBPUSD": 0.07163323782235935, "Gold": 0.9513950507739305}
