{"FTSE100": -0.8639171521255142, "DJIA": 0.2948713707971581, "GBPUSD": -0.14515948933635286, "Gold": -0.0047733836129914215}
