{"FTSE100": -0.10955751827008553, "DJIA": 0.12539579606971446, "GBPUSD": 0.20410435298920326, "Gold": 0.676803544872384}
