{"FTSE100": 0.018616152497902997, "DJIA": -1.2616161232649479, "GBPUSD": -0.14270837351023316, "Gold": 1.5276785410499687}
