{"FTSE100": -0.9550974177490769, "DJIA": -0.7312434586359414, "GBPUSD": 0.10997643362135473, "Gold": -0.33366555444816365}
