{"FTSE100": -0.13404433342522534, "DJIA": 0.31749278250615887, "GBPUSD": -0.07732755954222949, "Gold": 0.434782608695656}
