{"FTSE100": 0.2763046699898283, "DJIA": 0.46627377517673063, "GBPUSD": 0.2853837254145805, "Gold": 0.27209226770631384}
