{"FTSE100": -0.1268123375961507, "DJIA": 0.17236874883957573, "GBPUSD": -0.007970667941972659, "Gold": -1.0158634839613763}
