{"FTSE100": -0.04155618685045135, "DJIA": -1.6189321734445739, "GBPUSD": -0.2881161937087999, "Gold": -0.23129251700679343}
