{"FTSE100": 0.8651396157700642, "DJIA": 2.127325533372524, "GBPUSD": 0.15712868011908804, "Gold": 0.31112541572792374}
