{"FTSE100": 0.24311924925947576, "DJIA": 1.092818710795105, "GBPUSD": 0.22576878162710196, "Gold": 0.27400725065340187}
