{"FTSE100": -0.443323355400266, "DJIA": -0.23928079552707832, "GBPUSD": 0.1653152798551516, "Gold": 0.10512483574244415}
