{"FTSE100": -1.3783564086427538, "DJIA": -0.15277998533845463, "GBPUSD": -0.21751389672117333, "Gold": 0.040858018386117564}
