{"FTSE100": 2.202243666600712e-14, "DJIA": 0.14570875935731448, "GBPUSD": 0.037461601858107964, "Gold": 0.37312012183514875}
