{"FTSE100": -0.18907471645588692, "DJIA": -0.5169346533361571, "GBPUSD": -0.14143160210576125, "Gold": -0.12657560255261277}
