{"FTSE100": 0.8951957608572814, "DJIA": 0.36800301822922377, "GBPUSD": 0.103199174406611, "Gold": 0.0}
