{"FTSE100": -0.20454539877149033, "DJIA": -0.7699569309741626, "GBPUSD": 0.07154781779156713, "Gold": -0.15658417354109033}
