{"FTSE100": -0.20314729793430933, "DJIA": -0.5011610135903187, "GBPUSD": -0.17253548741275035, "Gold": -0.24503005085528096}
