{"FTSE100": -0.00454162708087288, "DJIA": -0.14992069262634208, "GBPUSD": -0.14981864059296743, "Gold": -0.19301707128763831}
