{"FTSE100": 0.12644753479939555, "DJIA": -0.1767727780052169, "GBPUSD": -0.28945887271850507, "Gold": 0.22471910112360016}
