{"FTSE100": -0.1316802262617429, "DJIA": 0.5258353021775473, "GBPUSD": 0.22042066723952855, "Gold": 0.011931394481732764}
