{"FTSE100": 0.5522440855503069, "DJIA": 0.20131263342657835, "GBPUSD": -0.20512820512820004, "Gold": 0.14348622037503653}
