{"FTSE100": -0.47008447255873786, "DJIA": -0.8275391460364453, "GBPUSD": -0.04843005892325094, "Gold": 0.2339242085564277}
