{"FTSE100": 0.14008330782147413, "DJIA": -0.3922117055948922, "GBPUSD": -0.7268160888922675, "Gold": -0.1299902507311906}
