{"FTSE100": 0.689151258836653, "DJIA": 1.5399825060987093, "GBPUSD": -0.4607955173811971, "Gold": -1.9502913545011404}
