{"FTSE100": 0.17832742165121032, "DJIA": 0.23153066744324088, "GBPUSD": 0.18548574078367397, "Gold": 0.0}
