{"FTSE100": 0.044483647919505695, "DJIA": 0.7732504727616141, "GBPUSD": 0.2158701801399527, "Gold": 0.0}
