{"FTSE100": -0.26688947302856053, "DJIA": 0.3826483627160181, "GBPUSD": -0.11627906976742906, "Gold": 0.33014017427072234}
