{"FTSE100": 0.43157597687511734, "DJIA": 0.18327312953502956, "GBPUSD": -0.11900334696913692, "Gold": -0.9796281865746486}
