{"FTSE100": -0.2672614057826219, "DJIA": -0.6526720275650322, "GBPUSD": 0.07594167679223207, "Gold": -0.5626773656913592}
