{"FTSE100": 1.8507436286720824, "DJIA": 0.4838642504311921, "GBPUSD": 0.5633057351329008, "Gold": 2.38402616404166}
