{"FTSE100": 0.6694315590417008, "DJIA": -0.2242370762328783, "GBPUSD": 0.26875699888018273, "Gold": 1.0198906857497119}
