{"FTSE100": 0.056816978308617, "DJIA": 0.34187349041172693, "GBPUSD": -0.33339870562856144, "Gold": -0.5884615384615279}
