{"FTSE100": -0.022173892304490666, "DJIA": -0.32585965313005105, "GBPUSD": 0.03214400514305513, "Gold": 0.09096881791074718}
