{"FTSE100": 0.13105315172086654, "DJIA": -0.4936257087720083, "GBPUSD": -0.12572104718237204, "Gold": 0.03259838786154306}
