{"FTSE100": 0.23051285989538306, "DJIA": 0.7606334038441698, "GBPUSD": 0.007880841673889903, "Gold": -0.8431282967146957}
