{"FTSE100": 0.8954686261796692, "DJIA": 1.6541718703508184, "GBPUSD": -0.5100892656214776, "Gold": -3.804987061867798}
