{"FTSE100": -0.5371901767036885, "DJIA": 0.21617068525796182, "GBPUSD": -0.02980625931445275, "Gold": -0.43815912730788986}
