{"FTSE100": -0.13001605338854486, "DJIA": -1.659276417647583, "GBPUSD": -1.5888861159637397, "Gold": -1.2067752584014262}
