{"FTSE100": 0.43689891391413055, "DJIA": 0.5258353021775473, "GBPUSD": -0.17507915812999458, "Gold": 0.0}
