{"FTSE100": 0.5320646975133888, "DJIA": 0.6663545364751647, "GBPUSD": 0.0552094013723419, "Gold": 0.37037037037036646}
