{"FTSE100": 0.7132209754457663, "DJIA": -0.4359326991503768, "GBPUSD": -0.41877370417194076, "Gold": -0.12829912023461243}
