{"FTSE100": 0.40849412033337884, "DJIA": -1.5518193040996278, "GBPUSD": 0.14069094888229042, "Gold": 0.18215562276600655}
