{"FTSE100": -0.08523332623055176, "DJIA": -0.1158404301780471, "GBPUSD": 0.0, "Gold": 0.2709603459955211}
