{"FTSE100": -0.04833451495511718, "DJIA": -1.7264318993144296, "GBPUSD": -0.1584188292094139, "Gold": -0.5475792988313735}
