{"FTSE100": 0.7164923984535534, "DJIA": 0.3817847622506953, "GBPUSD": 0.9795713328867901, "Gold": 0.3482202078266612}
