{"FTSE100": 1.4835295111588331, "DJIA": 0.0, "GBPUSD": -0.23803856224707542, "Gold": -0.052140361854111264}
