{"FTSE100": 0.12647205456636781, "DJIA": 0.4425851269661983, "GBPUSD": 0.06586530545034676, "Gold": 1.7061028136711975}
