{"FTSE100": 0.2056703136290855, "DJIA": 1.5083119312081201, "GBPUSD": -0.2825967501373772, "Gold": 0.10762409057643463}
