{"FTSE100": 0.21289219735067438, "DJIA": 0.45454836168586543, "GBPUSD": 0.1726980139728377, "Gold": 0.0}
