{"FTSE100": -0.035595793804609, "DJIA": -0.9909579225182856, "GBPUSD": -0.4378632274500309, "Gold": -2.255478809584723}
