{"FTSE100": -0.1938427936243773, "DJIA": 0.23153066744324088, "GBPUSD": 0.3178294573643405, "Gold": 0.50456143927424}
