{"FTSE100": -0.041465653223470435, "DJIA": -0.7587942618356444, "GBPUSD": -0.18134510762437664, "Gold": -0.43598376931709876}
