{"FTSE100": -0.46118648294707143, "DJIA": -0.05432592727124512, "GBPUSD": 0.5468378506895013, "Gold": -0.18825301204819278}
