{"FTSE100": 0.3722565400313323, "DJIA": 0.24052178317833575, "GBPUSD": 0.07224853496027317, "Gold": 0.11875896877629229}
