{"FTSE100": -0.4359567987200852, "DJIA": -0.5176185604506348, "GBPUSD": -0.6150333296504885, "Gold": 1.311267860372581}
