{"FTSE100": -0.5952812973062684, "DJIA": -1.2671628247783644, "GBPUSD": 0.17409195220384424, "Gold": -0.07372818874416319}
