{"FTSE100": 0.2828570335931999, "DJIA": 0.6707738238767136, "GBPUSD": 0.0, "Gold": -0.27201289542614665}
