{"FTSE100": -0.4272185410426223, "DJIA": -0.29801232063427296, "GBPUSD": -0.09372071227740299, "Gold": -0.11506008693428016}
