{"FTSE100": 0.9327432704107037, "DJIA": 0.09377789327396482, "GBPUSD": -0.23405972558515936, "Gold": 0.0}
