{"FTSE100": 0.8951957608572814, "DJIA": 0.07751408802265339, "GBPUSD": 0.5346313437599687, "Gold": 0.44922742755591333}
