{"FTSE100": 0.1407218344643532, "DJIA": 0.13890413343880204, "GBPUSD": -0.23604660016752474, "Gold": -0.1888525928950615}
