{"FTSE100": 0.2480321791219385, "DJIA": 0.6287188262150586, "GBPUSD": 0.014561339643261742, "Gold": 1.065444390480813}
