{"FTSE100": -0.10447413132558411, "DJIA": 0.3016257631495312, "GBPUSD": 0.24075114356794108, "Gold": -0.4895034315704504}
