{"FTSE100": 0.7397196985274229, "DJIA": -1.0164411980366876, "GBPUSD": 0.15907568653717452, "Gold": 0.13265531726730548}
