{"FTSE100": -1.1955400965120795, "DJIA": -0.14933259721931724, "GBPUSD": -0.6007119549095221, "Gold": 1.9730427301405358}
