{"FTSE100": -0.028608599408410883, "DJIA": 0.14228611672027702, "GBPUSD": 0.02356637863314744, "Gold": 0.0}
