{"FTSE100": -1.0094295852072552, "DJIA": -0.3664945867145517, "GBPUSD": 0.03222428099572673, "Gold": 0.29622063329929427}
