{"FTSE100": -0.16975017989172075, "DJIA": -0.6952911068033695, "GBPUSD": -0.7418452935694243, "Gold": 0.3206095353047676}
