{"FTSE100": 0.260212456410624, "DJIA": -0.4070854216191698, "GBPUSD": -0.1663761685945168, "Gold": 0.8343104536844953}
