{"FTSE100": 0.48631241121820795, "DJIA": 1.7620722613699078, "GBPUSD": 0.03137993253314159, "Gold": -0.05367021715796308}
