{"FTSE100": 0.7336390711894794, "DJIA": 0.3126579848380299, "GBPUSD": -0.20097395068407942, "Gold": 0.0}
