{"FTSE100": 1.7225403279653537, "DJIA": 0.8469044252918984, "GBPUSD": 0.34912322462907097, "Gold": -0.052140361854111264}
