{"FTSE100": 0.3563540229933974, "DJIA": 1.117045217631898, "GBPUSD": -0.11935844834017499, "Gold": -0.29978784244995843}
