{"FTSE100": 0.8453095482914479, "DJIA": -0.09364428029400881, "GBPUSD": -0.1098383806684329, "Gold": -0.01039447014188688}
