{"FTSE100": 0.6362398305118172, "DJIA": -1.1221297892952122, "GBPUSD": -1.2528001327470248, "Gold": -0.1673143350604564}
