{"FTSE100": 0.440669847644654, "DJIA": 0.4896193646091157, "GBPUSD": -0.23616468550735195, "Gold": 0.23784812316208268}
