{"FTSE100": -0.09254705168142041, "DJIA": 0.28441796402708264, "GBPUSD": -0.20460548342694157, "Gold": -0.5010501050104956}
