{"FTSE100": -0.17971851587450702, "DJIA": -1.2634768174566209, "GBPUSD": -0.5253064287501019, "Gold": -1.0586319218241043}
