{"FTSE100": 0.4398158459478591, "DJIA": 0.14765172453822586, "GBPUSD": -0.19674195325412516, "Gold": 0.40979559593166553}
