{"FTSE100": 0.2455676263767403, "DJIA": 1.137228315939286, "GBPUSD": -0.011233851338707695, "Gold": 1.505093977192612}
