{"FTSE100": 0.14577462382680564, "DJIA": -0.01917918986866162, "GBPUSD": -0.048219882664946874, "Gold": -1.3697947798366208}
