{"FTSE100": -0.25261976047904283, "DJIA": -0.5407427362567936, "GBPUSD": -0.31274433150899167, "Gold": -1.3837826797385573}
