{"FTSE100": 0.19979258526987118, "DJIA": -0.12684874627281978, "GBPUSD": 0.32477820025348486, "Gold": -0.23067268224837095}
