{"FTSE100": -0.29594397861865923, "DJIA": -0.09081750954431816, "GBPUSD": -0.37230671736374576, "Gold": 0.384141836985973}
