{"FTSE100": 2.513240678378826, "DJIA": 2.845283598865371, "GBPUSD": 0.014932059130969092, "Gold": -0.810611643330877}
