{"FTSE100": 0.5646947038410346, "DJIA": 0.6512884291800126, "GBPUSD": -0.44010562535008885, "Gold": 0.3470319634703196}
