{"FTSE100": -0.2931444638070942, "DJIA": -0.6515143253596759, "GBPUSD": 0.031698232823516595, "Gold": -0.2750220999901733}
