{"FTSE100": 0.23693775208183124, "DJIA": 0.8827069680353082, "GBPUSD": 0.4006089255668709, "Gold": 1.5963001641056198}
