{"FTSE100": -0.07997804830154644, "DJIA": 0.0688295031508904, "GBPUSD": -0.06291286568102483, "Gold": -1.1408147277712473}
