{"FTSE100": 0.3087857323857004, "DJIA": -0.1759716236571923, "GBPUSD": -0.722305095391387, "Gold": -0.6925103500188046}
