{"FTSE100": 0.1635042708103484, "DJIA": 0.0023053111151395194, "GBPUSD": 0.44296788482835386, "Gold": 0.0}
