{"FTSE100": 0.056816978308617, "DJIA": 0.10751297283731569, "GBPUSD": -0.13378452821278136, "Gold": 0.15111593304402088}
