{"FTSE100": 0.14542536920492688, "DJIA": 0.5062228344885726, "GBPUSD": -0.23626698168931567, "Gold": -0.5933661662611998}
