{"FTSE100": 1.347370464408622, "DJIA": -0.6243731483607998, "GBPUSD": -0.7337877602711599, "Gold": 0.4762457892902776}
