{"FTSE100": 1.0508559495046033, "DJIA": 1.6529306306701488, "GBPUSD": -0.15830727055097765, "Gold": 0.19099956438695231}
