{"FTSE100": 0.30495832501042985, "DJIA": 1.0679886029545578, "GBPUSD": -0.34265502376478707, "Gold": -0.8266929298355649}
