{"FTSE100": 0.4953313370379714, "DJIA": 0.4483605953444294, "GBPUSD": 0.5515146670929506, "Gold": 0.3631156344294946}
