{"FTSE100": 0.4843863288101257, "DJIA": -0.1654016122020961, "GBPUSD": 0.20156774916014533, "Gold": 0.7804135910294774}
