{"FTSE100": 0.7033993025249073, "DJIA": 1.3475497908490308, "GBPUSD": 0.43601895734596563, "Gold": 1.8448961555457357}
