{"FTSE100": -0.153402221765995, "DJIA": -0.23361601568323614, "GBPUSD": 0.23848983386555708, "Gold": -0.35686099577943553}
