{"FTSE100": 0.5914899753296812, "DJIA": 0.42625615973051006, "GBPUSD": -0.04714757190004196, "Gold": 0.3206685453308672}
