{"FTSE100": 0.012860990346697456, "DJIA": 1.2161956788204773, "GBPUSD": -0.055388510840316735, "Gold": 0.15977357801515568}
