{"FTSE100": 0.4648173060921701, "DJIA": -0.42086777752016297, "GBPUSD": -0.30613066945943973, "Gold": 0.03496154230346846}
