{"FTSE100": 0.09384192372153806, "DJIA": 0.16386170296110525, "GBPUSD": 0.0, "Gold": 0.36325179326835066}
