{"FTSE100": -0.15088705393027846, "DJIA": -1.7640839128083747, "GBPUSD": -0.1897815651397352, "Gold": 2.1640473989410873}
