{"FTSE100": -0.0781335761285805, "DJIA": -0.33835693829638, "GBPUSD": -0.11763783232688077, "Gold": -0.060101710587134864}
