{"FTSE100": 0.0819537349460929, "DJIA": -0.5368566942530885, "GBPUSD": 0.03279494957776141, "Gold": -0.741775962158673}
