{"FTSE100": 0.13103871915925971, "DJIA": -0.024509001882573527, "GBPUSD": -0.36462745386910317, "Gold": 0.0}
