{"FTSE100": 1.154093760206007, "DJIA": 1.42650082838567, "GBPUSD": -0.320076818436425, "Gold": 0.0}
