{"FTSE100": 0.40900660331193456, "DJIA": 0.12801870200728838, "GBPUSD": 0.06308680001484525, "Gold": 0.5779545034214906}
