{"FTSE100": -0.46118648294707143, "DJIA": -0.0557861789912606, "GBPUSD": 0.5309874782057321, "Gold": -0.15060240963855423}
