{"FTSE100": 0.8547138726636274, "DJIA": -1.0164411980366876, "GBPUSD": 0.19256530475552314, "Gold": 0.11607340260889544}
