{"FTSE100": 0.4924858838859179, "DJIA": 0.08144555823995644, "GBPUSD": -0.32328396361175626, "Gold": -1.2047070512621536}
