{"FTSE100": -0.2388481587211275, "DJIA": 0.17266205352600647, "GBPUSD": 0.03905029678226859, "Gold": 0.3609035326086956}
