{"FTSE100": 1.0312452338300784, "DJIA": 0.06517049275640284, "GBPUSD": -0.047901543903610254, "Gold": -0.17202891724181418}
