{"FTSE100": -0.09890948659505455, "DJIA": -0.14109263645690004, "GBPUSD": -0.09504197687312607, "Gold": -0.08402115356101643}
