{"FTSE100": -0.11228009565400064, "DJIA": -0.2378149833394856, "GBPUSD": -0.024392227010323356, "Gold": -0.533862111043319}
