{"FTSE100": 0.260212456410624, "DJIA": -0.5672818877509358, "GBPUSD": -0.37236571066391433, "Gold": 0.7486245151979755}
