{"FTSE100": -0.6821647552995302, "DJIA": -0.8999813287024068, "GBPUSD": 0.35137559808613555, "Gold": 0.0}
