{"FTSE100": -0.21792585306890816, "DJIA": 0.3366242464768863, "GBPUSD": 0.0, "Gold": 1.3551499895112307}
