{"FTSE100": 1.2455119565495434, "DJIA": 0.1492576881608152, "GBPUSD": -0.06368919671999936, "Gold": 0.11629910406617303}
