{"FTSE100": 0.2761676465639335, "DJIA": 0.0, "GBPUSD": -0.17190569744597173, "Gold": 0.5079365079365216}
