{"FTSE100": 0.6898354911194534, "DJIA": -0.13114792119699958, "GBPUSD": -0.21547650550032277, "Gold": -2.324803478842612}
