{"FTSE100": -0.2540891264498013, "DJIA": -0.1750245914606096, "GBPUSD": -0.7435545138608338, "Gold": 0.0}
