{"FTSE100": 0.2071442767223419, "DJIA": 1.21049857174187, "GBPUSD": 0.391242820278026, "Gold": 0.47545333923042393}
