{"FTSE100": -0.026443331806380903, "DJIA": -0.35927236097438214, "GBPUSD": -0.31481189988979863, "Gold": 0.13367660164371808}
