{"FTSE100": 0.5602659994415988, "DJIA": 0.3421671553826615, "GBPUSD": 0.44927878931187953, "Gold": -0.20259919948608535}
