{"FTSE100": 0.3735818895240006, "DJIA": -0.4168137123629926, "GBPUSD": -0.20819391776339607, "Gold": -0.026840833855241147}
