{"FTSE100": 0.27118840916350123, "DJIA": 1.7260023118321903, "GBPUSD": 0.01862266751090048, "Gold": -0.8065597211671738}
