{"FTSE100": -1.000605484782717, "DJIA": -0.15052621823904785, "GBPUSD": 0.023025558369787927, "Gold": 0.40762498501378003}
