{"FTSE100": -0.3756525154520489, "DJIA": 0.9800716895676744, "GBPUSD": 0.376616996888811, "Gold": 0.0}
