{"FTSE100": 0.01800091641029364, "DJIA": 1.1738124087788122, "GBPUSD": -0.041528239202653236, "Gold": 0.33014017427072234}
