{"FTSE100": 0.46363201428381184, "DJIA": -0.35194754267919914, "GBPUSD": 0.0335282941549053, "Gold": 0.18805524933531803}
