{"FTSE100": -0.2745009549376483, "DJIA": -0.94575707267771, "GBPUSD": -0.1421198294562056, "Gold": -0.7973266107756293}
