{"FTSE100": 0.29767538493502704, "DJIA": -0.46253008511886334, "GBPUSD": -0.49443757725586845, "Gold": -0.13890266891557604}
