{"FTSE100": 0.2101475788119444, "DJIA": -0.10753075007499042, "GBPUSD": 0.4463923382842351, "Gold": 0.0}
