{"FTSE100": -0.25261976047904283, "DJIA": -0.7150329221274481, "GBPUSD": 0.03918188229762126, "Gold": 0.0}
