{"FTSE100": 0.7734809543333795, "DJIA": -1.020686346794708, "GBPUSD": -1.2528001327470248, "Gold": -0.1673143350604564}
