{"FTSE100": -0.4882997300398188, "DJIA": -0.26254470218387876, "GBPUSD": -0.26647856415080096, "Gold": 0.4302139648214317}
