{"FTSE100": -0.09199686617126848, "DJIA": -0.006506430941279042, "GBPUSD": 0.02361460957180329, "Gold": -0.5300135584863837}
