{"FTSE100": 0.12870760349760946, "DJIA": -0.37501581505559534, "GBPUSD": 0.08648242150780104, "Gold": 0.24484750517032786}
