{"FTSE100": 0.5310860347306127, "DJIA": 0.7848705077473344, "GBPUSD": -0.09317580410718745, "Gold": -0.4643499101258272}
