{"FTSE100": -0.9518809230042322, "DJIA": 0.150298832457945, "GBPUSD": 0.18934911242603217, "Gold": -0.0731299623903098}
