{"FTSE100": -0.13382989995125194, "DJIA": 0.0700948232902614, "GBPUSD": -0.17240028210955097, "Gold": -0.18599845001291185}
