{"FTSE100": 0.5001332951670986, "DJIA": 0.4039825866858529, "GBPUSD": 0.3122748018256077, "Gold": 0.21413276231263384}
