{"FTSE100": 0.06680295856526243, "DJIA": 0.28269037535719965, "GBPUSD": -0.07010983874736315, "Gold": -0.6952550114184125}
