{"FTSE100": 0.20944136430541818, "DJIA": 0.3396617301067792, "GBPUSD": 0.16763181956720358, "Gold": 0.7274149393821027}
