{"FTSE100": -0.33078486712584326, "DJIA": -1.3311469633706157, "GBPUSD": -0.48828933211950803, "Gold": -0.9967509224076165}
