{"FTSE100": -0.08196409347440417, "DJIA": -0.5169346533361571, "GBPUSD": -0.11000235719337374, "Gold": -0.12657560255261277}
