{"FTSE100": -0.322650878633434, "DJIA": 0.46760702949232835, "GBPUSD": 0.9650957053241122, "Gold": 1.353785967982702}
