{"FTSE100": -0.25261976047904283, "DJIA": -0.7150329221274481, "GBPUSD": -0.054854635216669764, "Gold": 0.0}
