{"FTSE100": -1.6524333215501188, "DJIA": 0.20008700902402662, "GBPUSD": 0.10957188698443045, "Gold": 0.4173751739063295}
