{"FTSE100": 0.21230147770474592, "DJIA": 0.02902485225695788, "GBPUSD": 0.4814070732724368, "Gold": -0.13118664281453896}
