{"FTSE100": -1.4545334109286279, "DJIA": -1.6099292133409195, "GBPUSD": -0.1009232609426952, "Gold": -1.0956603257685316}
