{"FTSE100": -0.0070915627797286385, "DJIA": 0.10779661931209204, "GBPUSD": -0.24374901714105052, "Gold": 0.0}
