{"FTSE100": 0.612780415295247, "DJIA": 0.71200223359167, "GBPUSD": -0.21188981729500989, "Gold": -0.43877977434184295}
