{"FTSE100": -0.1903724546912295, "DJIA": 0.13025319780157604, "GBPUSD": -0.29678225554514415, "Gold": -1.2145231398619278}
