{"FTSE100": -0.1717874610672719, "DJIA": 0.5516625720786568, "GBPUSD": 0.10666666666667184, "Gold": -0.9801976268899487}
