{"FTSE100": 0.4215019545145129, "DJIA": 1.1388703134055618, "GBPUSD": -0.047923322683700795, "Gold": -0.06858374565228485}
