{"FTSE100": -1.1007438013345483, "DJIA": -1.1914381413433333, "GBPUSD": 0.19102196752627984, "Gold": 1.0499852114758923}
