{"FTSE100": -0.5766540581277096, "DJIA": -1.4581283726062, "GBPUSD": -0.535294797242638, "Gold": -1.093214780263829}
