{"FTSE100": 0.5704276657417866, "DJIA": 0.33668269293750724, "GBPUSD": 0.35538324852598185, "Gold": 0.7239455029912957}
