{"FTSE100": 0.36702486317056693, "DJIA": -0.8586024389241369, "GBPUSD": -0.0942655145326072, "Gold": -0.029877502240804904}
