{"FTSE100": 0.005790767971657763, "DJIA": -0.4189773243668167, "GBPUSD": -0.23317520302322928, "Gold": 0.0}
