{"FTSE100": 0.6177982451117845, "DJIA": 1.627238833843416e-14, "GBPUSD": 0.1084206722081825, "Gold": 1.2130839771824646}
