{"FTSE100": -0.1574826726952362, "DJIA": 0.4672725020022157, "GBPUSD": 0.24477080551847505, "Gold": 1.2057003933350463}
