{"FTSE100": 0.7546856858517086, "DJIA": 0.43543787973469505, "GBPUSD": -0.3436426116838464, "Gold": 0.13305863164219714}
