{"FTSE100": 0.04183330657720013, "DJIA": 0.3058802269914348, "GBPUSD": 0.056261051277941246, "Gold": -0.2855284082694843}
