{"FTSE100": 0.8175980474339529, "DJIA": 0.5562740824610231, "GBPUSD": -0.35376388317564544, "Gold": 0.33126736482154545}
