{"FTSE100": 0.8837317418729227, "DJIA": 1.4799267514066956, "GBPUSD": 0.3713771583904454, "Gold": 0.31145008215415104}
