{"FTSE100": 0.15614991818173565, "DJIA": 0.3351887868357013, "GBPUSD": 0.23889154323937836, "Gold": 0.9374598690124606}
