{"FTSE100": -0.02823278318258958, "DJIA": 0.0676580292569238, "GBPUSD": 0.2140478833042591, "Gold": 0.0}
