{"FTSE100": 0.21230147770474592, "DJIA": -0.2504575597009776, "GBPUSD": 0.307039156969039, "Gold": -0.1749155237527186}
