{"FTSE100": 0.18112156889422126, "DJIA": 0.16850381374530066, "GBPUSD": 0.023505445428188276, "Gold": 1.1180391313695979}
