{"FTSE100": -0.12701434892197216, "DJIA": -0.27808507107693137, "GBPUSD": -0.01577411467781197, "Gold": 0.6550218340611318}
