{"FTSE100": 0.3368312446524677, "DJIA": 1.1120995521899237, "GBPUSD": 0.6098063452822474, "Gold": 0.3239915762190183}
