{"FTSE100": 0.0002911165776398678, "DJIA": -1.559389648539442, "GBPUSD": -0.6370381473431725, "Gold": -0.48477266507682437}
