{"FTSE100": -0.4224165088144852, "DJIA": -0.6067299359556881, "GBPUSD": 0.6666666666666784, "Gold": 0.0}
