{"FTSE100": 0.6199999468609441, "DJIA": -0.44721173462843405, "GBPUSD": -0.1098383806684329, "Gold": -0.12993087677355647}
