{"FTSE100": -0.28231657497359697, "DJIA": 0.5349450056849823, "GBPUSD": 0.2288329519450724, "Gold": 0.4688622528075052}
