{"FTSE100": 0.6035260956872499, "DJIA": 0.14637127657105953, "GBPUSD": 0.015739356260327218, "Gold": 0.4184822468613753}
