{"FTSE100": -1.5728972487545168, "DJIA": -0.6509155777175725, "GBPUSD": -0.07816280195034767, "Gold": 1.0840614924536365}
