{"FTSE100": 0.6241541192962219, "DJIA": 0.47025786945450354, "GBPUSD": -0.64015363687285, "Gold": -0.08665511265164876}
