{"FTSE100": -0.8615028991371605, "DJIA": -1.0586608038636016, "GBPUSD": -0.110175493822308, "Gold": -0.34597642234752957}
