{"FTSE100": -0.9541931117269127, "DJIA": -0.5844077056884368, "GBPUSD": 0.04049894702737283, "Gold": 0.0}
