{"FTSE100": -0.48924545611437764, "DJIA": -0.5047579644187093, "GBPUSD": 0.15670832161368556, "Gold": 0.4984530766586456}
