{"FTSE100": 0.28705475646645295, "DJIA": -0.030124164077094923, "GBPUSD": -0.19688269073010317, "Gold": 0.07156225916547146}
