{"FTSE100": -0.28887995026876623, "DJIA": 0.3709476960117054, "GBPUSD": -0.24078379275989076, "Gold": -0.4530567685589495}
