{"FTSE100": 0.06263938160679455, "DJIA": -0.5516723226797723, "GBPUSD": -0.06270083862370969, "Gold": 0.38072032285083374}
