{"FTSE100": 0.41718504482573315, "DJIA": 0.3006370750608393, "GBPUSD": -0.20985157770230137, "Gold": -0.03059273422561098}
