{"FTSE100": 0.0800406783716748, "DJIA": 0.08524701629661285, "GBPUSD": -0.1762722256284464, "Gold": 0.5638058738990944}
