{"FTSE100": 0.34000448650712145, "DJIA": 0.11245298246490912, "GBPUSD": -0.10950332420804426, "Gold": 0.271866105942827}
