{"FTSE100": 0.3415721999749951, "DJIA": 0.17150554217782268, "GBPUSD": -0.7575159788526831, "Gold": 0.015478278815393381}
