{"FTSE100": -0.12832894721110186, "DJIA": -0.05114857839840387, "GBPUSD": -0.10413329061197188, "Gold": -0.0523204101920159}
