{"FTSE100": -0.2945124758087488, "DJIA": 0.07262391195432388, "GBPUSD": 0.09150526155254614, "Gold": -0.10453942342486869}
