{"FTSE100": -0.6794969301581294, "DJIA": 0.14198898669104737, "GBPUSD": 0.14339201784434188, "Gold": 0.025463434508046445}
