{"FTSE100": 1.0990228057024372, "DJIA": 1.200804218695769, "GBPUSD": -0.32583903551645516, "Gold": -0.27283751010508606}
