{"FTSE100": -0.1908281335191102, "DJIA": 0.15266643159650842, "GBPUSD": 0.4697544090984043, "Gold": 0.06409229290176884}
