{"FTSE100": 0.6898354911194534, "DJIA": -0.13114792119699958, "GBPUSD": -0.026462026991273008, "Gold": 0.0}
