{"FTSE100": -0.5909915000824011, "DJIA": 0.11640997004562277, "GBPUSD": -0.04941932295527007, "Gold": 3.2940546331012315}
