{"FTSE100": 0.08501267933008877, "DJIA": 0.462472610063905, "GBPUSD": 0.18032910060862423, "Gold": 0.0}
