{"FTSE100": 0.19170802433290557, "DJIA": 0.1359618973639427, "GBPUSD": 0.0, "Gold": -0.17142401530855234}
