{"FTSE100": 0.8713907898682983, "DJIA": 0.6565819198932418, "GBPUSD": 0.6735112936344957, "Gold": 0.5025890953396214}
