{"FTSE100": 0.02269153028795254, "DJIA": -1.140945596890982, "GBPUSD": -0.44222422406027934, "Gold": -0.6000208702911405}
