{"FTSE100": -0.29815727959129684, "DJIA": -0.19136923871006015, "GBPUSD": -0.31790625462072825, "Gold": -0.27508861027350395}
