{"FTSE100": -0.717966145503019, "DJIA": 0.5823202104488487, "GBPUSD": 0.13085982603341043, "Gold": 0.31570954721656436}
