{"FTSE100": 0.9404194125741158, "DJIA": -0.30905258848193135, "GBPUSD": 0.026194663772785426, "Gold": 1.5423209142432464}
