{"FTSE100": -0.1362636231455053, "DJIA": -0.9306742584354275, "GBPUSD": -0.15422077922078026, "Gold": -0.025913449080072558}
