{"FTSE100": -0.5870217911527765, "DJIA": 0.058458450398123266, "GBPUSD": -0.03216726980297193, "Gold": -0.09654535532889148}
