{"FTSE100": 0.15892379276259855, "DJIA": -0.046272952152480555, "GBPUSD": 0.4482327871261661, "Gold": 2.1792696719987}
