{"FTSE100": -0.03193334639697429, "DJIA": -0.23521491298996483, "GBPUSD": -0.18391322298538762, "Gold": 0.15451541588418477}
