{"FTSE100": -0.46619560127363346, "DJIA": -0.008240763391041, "GBPUSD": 0.1575175238245256, "Gold": 0.8220526704405746}
