{"FTSE100": 0.13810862950566602, "DJIA": -0.27362807286722257, "GBPUSD": -0.08426451731084539, "Gold": 0.0}
