{"FTSE100": -0.18689019507451912, "DJIA": -0.4891204207775796, "GBPUSD": -0.3577073454787615, "Gold": -1.2067752584014262}
