{"FTSE100": 0.3533085433407055, "DJIA": -0.278843576954614, "GBPUSD": 0.20122343850613078, "Gold": -0.2551447214321528}
