{"FTSE100": 0.5563900461796417, "DJIA": 0.6261938698836534, "GBPUSD": -0.10111223458039036, "Gold": -0.7378278671909949}
