{"FTSE100": 0.1068594967415629, "DJIA": -0.1045580090866439, "GBPUSD": -0.17128388442061132, "Gold": 0.12697100336619993}
