{"FTSE100": 0.8345336990337825, "DJIA": 0.3459584676963842, "GBPUSD": 0.4181356071165126, "Gold": 0.5912706944743066}
