{"FTSE100": -0.10520219348405806, "DJIA": 0.7607202844386651, "GBPUSD": 0.42832336484662675, "Gold": 0.2521837652132464}
