{"FTSE100": -0.1406547538902329, "DJIA": -0.015629512992758544, "GBPUSD": -0.03850596842510165, "Gold": 0.8409533252542922}
