{"FTSE100": 0.22666175324557905, "DJIA": 0.0, "GBPUSD": -0.08656053592260453, "Gold": -0.52112623251978}
