{"FTSE100": -0.05967676166188354, "DJIA": 0.2961486821397024, "GBPUSD": -0.2266687509770302, "Gold": -0.2591917058654167}
