{"FTSE100": 1.2059202462169285, "DJIA": -0.28001073244478997, "GBPUSD": 0.028145229383625306, "Gold": 0.5182072829131716}
