{"FTSE100": -1.2796921168021325, "DJIA": -0.6649854510184279, "GBPUSD": -0.59030909239976, "Gold": -0.8819869054704806}
