{"FTSE100": -0.19297764998800038, "DJIA": -0.059837878430117356, "GBPUSD": 0.3154826085220157, "Gold": -0.022741055184957133}
