{"FTSE100": 0.32814033742802395, "DJIA": -0.13424903271818125, "GBPUSD": 0.05476022842839278, "Gold": 0.49997881445702225}
