{"FTSE100": -3.334416278049632, "DJIA": -0.8428946203931843, "GBPUSD": 0.5248315838947322, "Gold": 2.3985985716210845}
