{"FTSE100": 1.0259769748947516, "DJIA": 0.0, "GBPUSD": -0.5075324256827497, "Gold": -1.0139668969630742}
