{"FTSE100": -0.25551119511628323, "DJIA": 1.176177736463645, "GBPUSD": 0.12729731880020873, "Gold": -0.3690036900369107}
