{"FTSE100": -0.4332474003213635, "DJIA": 0.06882950315087095, "GBPUSD": -0.07864108210129851, "Gold": 0.0}
