{"FTSE100": 0.5499775857727964, "DJIA": 0.017071491383029647, "GBPUSD": 0.05510509328506219, "Gold": -0.025947067981314176}
