{"FTSE100": 0.8951957608572814, "DJIA": 0.36800301822922377, "GBPUSD": 0.5266517714650446, "Gold": 0.4591005578318583}
