{"FTSE100": 0.5868246930577373, "DJIA": -0.0025957097828106066, "GBPUSD": -0.33210332103320656, "Gold": 0.15005552054260074}
