{"FTSE100": 0.18818697286335725, "DJIA": -0.2438878205481851, "GBPUSD": 0.44326241134750466, "Gold": 0.17889087656529518}
