{"FTSE100": -0.06583303476363811, "DJIA": -0.2343375431877598, "GBPUSD": 0.03215951117542659, "Gold": 0.0}
