{"FTSE100": -1.2655934675609282, "DJIA": 0.0743451223590785, "GBPUSD": 0.12618296529968814, "Gold": -0.38207892808541577}
