{"FTSE100": 1.0259769748947516, "DJIA": -0.045516015425264025, "GBPUSD": -0.04816568997350357, "Gold": -0.37112177742589936}
