{"FTSE100": 0.7085411734159153, "DJIA": 0.7968650026319785, "GBPUSD": 0.16650808753567956, "Gold": -0.4504504504504457}
