{"FTSE100": 0.018616152497902997, "DJIA": -1.4368963406627089, "GBPUSD": -0.11956647510315258, "Gold": 1.5106665305705702}
