{"FTSE100": 0.4799710424710504, "DJIA": 0.7179809386634982, "GBPUSD": 0.6875477463712849, "Gold": 0.6971027924406731}
