{"FTSE100": 0.3637462420538052, "DJIA": -0.6077633971981516, "GBPUSD": -0.670926517571882, "Gold": -2.1505903100965114}
