{"FTSE100": 0.052054409742935785, "DJIA": 0.08444918483118927, "GBPUSD": 0.03226587077518399, "Gold": 0.13993987768218333}
