{"FTSE100": 0.23123050463965433, "DJIA": 0.068814410600593, "GBPUSD": -0.06218422075397683, "Gold": -0.2489457907839298}
