{"FTSE100": 0.4076170238849257, "DJIA": 1.3908810231385735, "GBPUSD": 0.4293551721396256, "Gold": 0.937676254935135}
