{"FTSE100": -0.028911407529680435, "DJIA": 0.6900935969219066, "GBPUSD": 0.08659371801937345, "Gold": -0.10550908131736308}
