{"FTSE100": -0.5489098600715923, "DJIA": -0.2408705827814353, "GBPUSD": 0.33992094861659844, "Gold": 1.5765010302362399}
