{"FTSE100": -0.9755682392429461, "DJIA": -0.15921683909831816, "GBPUSD": -0.03933291378224865, "Gold": 0.17692667950252852}
