{"FTSE100": -0.006406134417607875, "DJIA": -0.15052621823904785, "GBPUSD": -0.015350372246542328, "Gold": 0.04778401624655828}
