{"FTSE100": 0.283558180178515, "DJIA": 0.15976816467024268, "GBPUSD": -0.18928937613376115, "Gold": 0.0}
