{"FTSE100": -0.05340507931070316, "DJIA": -0.5619877585837063, "GBPUSD": -0.24732069249794503, "Gold": -1.6206482593037215}
