{"FTSE100": 1.213727729696392, "DJIA": 1.6099884136925373, "GBPUSD": 0.14784841646564567, "Gold": 1.479654747225655}
