{"FTSE100": 1.672460217690833, "DJIA": 1.0599285535638694, "GBPUSD": -0.9513579868037414, "Gold": -0.13655674691483136}
