{"FTSE100": -0.3843031764559532, "DJIA": -0.09677257692693851, "GBPUSD": -0.16579819990527495, "Gold": 0.029411764705893816}
