{"FTSE100": 0.08247911475708643, "DJIA": -0.27808507107693137, "GBPUSD": -0.1931795781588853, "Gold": 0.4339385634349524}
