{"FTSE100": -0.08860693062418223, "DJIA": 0.17266205352600647, "GBPUSD": 0.09372071227742033, "Gold": 0.3354279891304193}
