{"FTSE100": 2.172853953577144, "DJIA": 1.1349148067862243, "GBPUSD": 0.59633027522936, "Gold": -0.7262119049096918}
