{"FTSE100": -0.9462257913976783, "DJIA": 0.0, "GBPUSD": 0.09426551453258976, "Gold": -0.33366555444816365}
