{"FTSE100": 0.05069509400013112, "DJIA": 1.1043369824753808, "GBPUSD": 0.46392335835251386, "Gold": 1.5016939840673875}
