{"FTSE100": 0.47263937772985554, "DJIA": 0.4830642877239653, "GBPUSD": -0.09949487218734554, "Gold": -0.08654425045154206}
