{"FTSE100": -0.8615685532210265, "DJIA": -1.8405286461445365, "GBPUSD": 0.33821871476888, "Gold": 0.2590608415704666}
