{"FTSE100": 0.6423513730834128, "DJIA": -0.6116234251628423, "GBPUSD": -0.03317727725143506, "Gold": -1.9770484005232487}
