{"FTSE100": 0.2879414189987955, "DJIA": 0.869606700811641, "GBPUSD": -0.46576237947377336, "Gold": 1.0927767457108513}
