{"FTSE100": 0.4907138903137083, "DJIA": -0.06914354481622989, "GBPUSD": -0.024958402662226868, "Gold": 0.6069221936683202}
