{"FTSE100": 0.42893867938660274, "DJIA": 1.1149286152681008, "GBPUSD": -0.08717734905052377, "Gold": 0.9356257497001236}
