{"FTSE100": 0.619857566267542, "DJIA": -0.10577722841412518, "GBPUSD": 0.33217073575817996, "Gold": 0.45413260672116257}
