{"FTSE100": -0.1262221839602907, "DJIA": -0.2343375431877598, "GBPUSD": -0.016079755587713296, "Gold": 0.14033680834001375}
