{"FTSE100": -0.9823883655525013, "DJIA": 0.04056162329261397, "GBPUSD": 0.08620689655173204, "Gold": 0.8340366380380257}
