{"FTSE100": -0.3422605654627961, "DJIA": -0.5598136053687263, "GBPUSD": -0.32729304701843953, "Gold": 0.0}
