{"FTSE100": 0.19896529988783251, "DJIA": 0.5766563212797199, "GBPUSD": -0.18926040004453573, "Gold": 0.0}
