{"FTSE100": 0.048615164133151686, "DJIA": -0.17007399767708553, "GBPUSD": 0.04823926676313989, "Gold": 0.14033680834001375}
