{"FTSE100": 0.40831096373493003, "DJIA": 0.9333153946699003, "GBPUSD": -0.09004584151930901, "Gold": 0.0}
