{"FTSE100": 0.5330886976459168, "DJIA": -0.03282323571336199, "GBPUSD": 0.7521310379408237, "Gold": 0.9784203946295591}
