{"FTSE100": -0.6832753595938732, "DJIA": 0.1224585031085495, "GBPUSD": -0.3054065208419345, "Gold": 0.17457719585379408}
