{"FTSE100": -0.10174823138013414, "DJIA": 0.2961486821397024, "GBPUSD": 0.007816163826792948, "Gold": -0.2591917058654167}
