{"FTSE100": 0.09449934528194215, "DJIA": -0.11445178124749743, "GBPUSD": -0.2454389266137702, "Gold": -0.010436779209938185}
