{"FTSE100": 0.25772283287724035, "DJIA": -1.0164411980366876, "GBPUSD": 0.058606831882110084, "Gold": 0.13265531726730548}
