{"FTSE100": 0.2386680292749212, "DJIA": 0.5978761828471503, "GBPUSD": -0.4422999597909176, "Gold": -0.1888930865130336}
