{"FTSE100": 0.09182322172123522, "DJIA": -0.06520150120084765, "GBPUSD": 0.45849025708204105, "Gold": 0.0}
