{"FTSE100": 1.1721332215249718, "DJIA": 1.0567853185221285, "GBPUSD": -0.0658002961013252, "Gold": 0.0}
