{"FTSE100": -0.43055580513576774, "DJIA": 0.23839424343233565, "GBPUSD": 0.6692086218971239, "Gold": 2.1523786229668658}
