{"FTSE100": 0.2400942083941578, "DJIA": -0.42086777752016297, "GBPUSD": -0.008056070248931683, "Gold": 0.2697033263410294}
