{"FTSE100": 0.1696468416050214, "DJIA": -0.9417440188201537, "GBPUSD": -0.16544725909039767, "Gold": -0.24608366844728025}
