{"FTSE100": -0.5968562760300542, "DJIA": 0.06794044941946474, "GBPUSD": 0.22000471438673005, "Gold": -0.05273983439691999}
