{"FTSE100": -0.5362212302498943, "DJIA": 1.7820305357421973e-14, "GBPUSD": 0.22564730179370546, "Gold": 1.8159386266530795e-14}
