{"FTSE100": -0.067094324801989, "DJIA": 0.42746890715156494, "GBPUSD": 0.251235239929645, "Gold": 0.20725388601037262}
