{"FTSE100": -0.13613396894679566, "DJIA": -1.0493981197335127, "GBPUSD": -0.7214790320156194, "Gold": -3.1401572169259038}
