{"FTSE100": -1.8224776003605432, "DJIA": 0.3091020537637214, "GBPUSD": -0.0723240115718339, "Gold": 0.9806407980387106}
