{"FTSE100": 0.6061849091862127, "DJIA": 0.4371685611338868, "GBPUSD": -0.5511191092115598, "Gold": -1.9565706289512412}
