{"FTSE100": 0.48197451726669344, "DJIA": -0.5953203567669852, "GBPUSD": -0.7215222998990569, "Gold": 0.9521641819354313}
