{"FTSE100": 0.7950557393783042, "DJIA": 0.5937661076064754, "GBPUSD": -0.3095735624177698, "Gold": -0.5879069767441759}
