{"FTSE100": 0.5775987245589498, "DJIA": 0.7943943716660529, "GBPUSD": 0.5004101722723538, "Gold": 0.8367279533193903}
