{"FTSE100": 0.6394262045340465, "DJIA": 0.6483985214899678, "GBPUSD": 0.18430348640761463, "Gold": 0.6307470172505533}
