{"FTSE100": 1.1489555182050009, "DJIA": 1.1361527660816881, "GBPUSD": -0.030362835888851823, "Gold": 0.11687932209993625}
