{"FTSE100": -0.3897202582766638, "DJIA": -0.20163508038452232, "GBPUSD": -0.9191922920742627, "Gold": 0.6592394276995737}
