{"FTSE100": 0.06749726942864336, "DJIA": 0.7270211634098278, "GBPUSD": -0.01587427573616779, "Gold": 0.08341153164425692}
