{"FTSE100": -0.06507656224003408, "DJIA": -0.12822312373573996, "GBPUSD": -0.546707867839308, "Gold": -0.7474997422414681}
