{"FTSE100": -0.12020443811865127, "DJIA": -0.3728384521172259, "GBPUSD": 0.35734138013181516, "Gold": 0.7805120556798432}
