{"FTSE100": -0.39370853240620485, "DJIA": -0.31301195247437186, "GBPUSD": -0.282907662082501, "Gold": 0.39575902672595575}
