{"FTSE100": 0.07498660953399978, "DJIA": 0.3497367967820414, "GBPUSD": -0.4238400660140229, "Gold": -2.26928895612708}
