{"FTSE100": 0.43271441693392404, "DJIA": 0.6822981611666266, "GBPUSD": -0.15280831873578213, "Gold": -0.8425704014379868}
