{"FTSE100": 0.9685201155706357, "DJIA": 1.1499996542961308, "GBPUSD": -0.16419013217305656, "Gold": -0.20400690484908005}
