{"FTSE100": -0.30481308194746504, "DJIA": 0.08878312815729959, "GBPUSD": 0.3211452892242289, "Gold": 0.676520568149024}
