{"FTSE100": -0.4269709805291529, "DJIA": -0.2557529963355154, "GBPUSD": -0.030243459851803715, "Gold": -0.6234537357743691}
