{"FTSE100": -1.265991155759403, "DJIA": -0.7150524041449066, "GBPUSD": 0.6377952755905508, "Gold": 0.6850736973219751}
