{"FTSE100": -0.7874797981144099, "DJIA": -0.9420670704807749, "GBPUSD": -0.3213166144200621, "Gold": 0.1910665760869565}
