{"FTSE100": -0.4753867825972823, "DJIA": -0.5350095436311513, "GBPUSD": -0.060707239338284404, "Gold": 1.8134764351829005e-14}
