{"FTSE100": -0.6760643380273589, "DJIA": 0.4552448698727052, "GBPUSD": 0.3419193070435338, "Gold": 0.41726787037397406}
