{"FTSE100": -0.1224040887623735, "DJIA": -0.005773015888209367, "GBPUSD": 0.4288096561581888, "Gold": 0.7805120556798432}
