{"FTSE100": -0.04398547264333227, "DJIA": 0.0908264781194285, "GBPUSD": -0.21019442984760256, "Gold": 0.07252185197908664}
