{"FTSE100": -0.1863454022137403, "DJIA": 0.08444918483118927, "GBPUSD": -0.008066467693795997, "Gold": -0.12439100238416559}
