{"FTSE100": -1.3982748166160845, "DJIA": -0.6532618070496287, "GBPUSD": 0.048216007714573766, "Gold": 0.667850198664288}
