{"FTSE100": 0.1616615489998225, "DJIA": 0.160593193676855, "GBPUSD": 0.268656716417914, "Gold": -0.018320291030904188}
