{"FTSE100": 0.4886955911049489, "DJIA": -1.7264318993144296, "GBPUSD": -0.1885938442969181, "Gold": 0.8436282693377973}
