{"FTSE100": 0.3329640734033298, "DJIA": -1.0856999866524848, "GBPUSD": 0.039901045407385274, "Gold": 0.0}
