{"FTSE100": 0.5863325133476636, "DJIA": -0.8586024389241369, "GBPUSD": 0.0, "Gold": -0.07255964829910871}
