{"FTSE100": -0.2260717475439027, "DJIA": 0.0743451223590785, "GBPUSD": 0.039432176656147074, "Gold": -0.3245053909766589}
