{"FTSE100": -0.05090075483933871, "DJIA": 0.5758306421718188, "GBPUSD": -0.09303710319675289, "Gold": 0.0}
