{"FTSE100": 0.0007250229590542158, "DJIA": -2.4827916038508784, "GBPUSD": -0.014951035359196977, "Gold": 3.0948710974098614}
