{"FTSE100": 0.13499407438802188, "DJIA": -0.5139200357818361, "GBPUSD": 0.3121662696130802, "Gold": 0.43866688065050113}
