{"FTSE100": -2.577581033381304, "DJIA": 0.5126037147394947, "GBPUSD": 1.2886597938144386, "Gold": 2.497314715359828}
