{"FTSE100": 1.1721332215249718, "DJIA": 1.0567853185221285, "GBPUSD": -0.04104753304325958, "Gold": -0.1830831197363603}
