{"FTSE100": 0.16526003939607392, "DJIA": 0.057496026673221415, "GBPUSD": 0.19480032966210817, "Gold": 0.3160098991052801}
