{"FTSE100": -0.03409022854272481, "DJIA": 0.39371447198952964, "GBPUSD": 0.21734068151829045, "Gold": -0.3668655283549431}
