{"FTSE100": 1.5621599755415934, "DJIA": 2.1208611690249506, "GBPUSD": 0.03213367609254145, "Gold": -0.250973161237456}
