{"FTSE100": 1.2240869088183686, "DJIA": -0.08729153939555774, "GBPUSD": -0.0879571941655127, "Gold": 0.8073863863463876}
