{"FTSE100": -0.020458237961189975, "DJIA": 0.03160538925285254, "GBPUSD": 0.15219480935597668, "Gold": 0.1726573536336501}
