{"FTSE100": -0.5741729732466007, "DJIA": -0.3756687185095184, "GBPUSD": -0.008298066550492821, "Gold": 0.6817327822212703}
