{"FTSE100": -1.0143036312711065, "DJIA": -0.3574040451873418, "GBPUSD": 0.05636978579482565, "Gold": 1.05606856793021}
