{"FTSE100": -0.022353989103560862, "DJIA": -0.17078943871155833, "GBPUSD": -0.18614598597964863, "Gold": 1.352476071577195}
