{"FTSE100": 0.07864009260657305, "DJIA": -1.1846663238521982, "GBPUSD": 0.3131437989287207, "Gold": 0.11339705167665148}
