{"FTSE100": -0.3587572552188597, "DJIA": -0.6459536137669861, "GBPUSD": 0.21241444418219843, "Gold": 0.19279870772758298}
