{"FTSE100": 0.41422417713250337, "DJIA": 0.4095760826776486, "GBPUSD": -0.2882517918354656, "Gold": -0.2388121690374784}
