{"FTSE100": -0.28338307727007644, "DJIA": -1.140945596890982, "GBPUSD": -0.07403142222586995, "Gold": 0.0}
