{"FTSE100": 0.3848898049785846, "DJIA": 0.6810799528527076, "GBPUSD": 0.20692399522484345, "Gold": 0.7787770687836004}
