{"FTSE100": 0.9832992324709422, "DJIA": 1.6500974711827594, "GBPUSD": 0.08709422011083759, "Gold": -1.7578125}
