{"FTSE100": 0.6369067822709312, "DJIA": 0.09413103723045232, "GBPUSD": -0.2537655533726163, "Gold": 0.21341939513819733}
