{"FTSE100": 0.15624858995960858, "DJIA": -0.32585965313005105, "GBPUSD": 0.0, "Gold": 0.09096881791074718}
