{"FTSE100": -0.37290062242520433, "DJIA": -1.0023795171968468, "GBPUSD": -0.03975510853144191, "Gold": 0.46439628482972134}
