{"FTSE100": 0.025777271917849186, "DJIA": 0.10751297283731569, "GBPUSD": -0.1888722751239441, "Gold": -0.83307501549907}
