{"FTSE100": -0.8116900403582253, "DJIA": -0.6578709724028406, "GBPUSD": 0.08297378028543909, "Gold": 0.15388843088761647}
