{"FTSE100": -0.034967943884906184, "DJIA": 0.4275180598321119, "GBPUSD": 0.4221058391307628, "Gold": 0.4933956930667696}
