{"FTSE100": 0.21230147770474592, "DJIA": 0.02419950087924013, "GBPUSD": -0.16592503205369782, "Gold": 1.8023358205638465e-14}
