{"FTSE100": -0.3740003094439075, "DJIA": -1.0456165539326052, "GBPUSD": 0.008303578842480194, "Gold": 0.0}
