{"FTSE100": -0.08507474919108553, "DJIA": -0.864936567168399, "GBPUSD": -0.2091802502269441, "Gold": -0.6462585034013606}
