{"FTSE100": 0.6268747137136788, "DJIA": 0.7138694292764606, "GBPUSD": -0.031936127744525186, "Gold": 0.04782816644201526}
