{"FTSE100": 0.026218470650388494, "DJIA": 0.4006885951795405, "GBPUSD": -0.04884004884006153, "Gold": 0.4782375067168238}
