{"FTSE100": 0.14640240490350453, "DJIA": -0.15920665509372017, "GBPUSD": 0.06308153288125957, "Gold": 0.0}
