{"FTSE100": -0.4676695538424854, "DJIA": -1.0023795171968468, "GBPUSD": -0.06360817365030706, "Gold": 0.6191950464396285}
