{"FTSE100": 0.29392886726255385, "DJIA": -0.3704681377960019, "GBPUSD": 0.044619617758619466, "Gold": 0.06162750194259872}
