{"FTSE100": 0.1503737133793739, "DJIA": 0.6256291370527437, "GBPUSD": -0.20650490449149167, "Gold": -0.6643625192012184}
