{"FTSE100": -0.7994359235155518, "DJIA": 0.5649067651146945, "GBPUSD": -0.3580641435336729, "Gold": -0.14082419211383512}
