{"FTSE100": 0.07630560460084744, "DJIA": -1.037809090216601, "GBPUSD": 0.11820330969265837, "Gold": 0.5383198753364327}
