{"FTSE100": 0.7770021946858353, "DJIA": 0.9590019299776511, "GBPUSD": -0.0725280038681701, "Gold": 0.0}
