{"FTSE100": 0.2096871864860313, "DJIA": 0.4078966709183051, "GBPUSD": 0.02419354838709411, "Gold": -0.6284772305790256}
