{"FTSE100": -0.035595793804609, "DJIA": -1.2090577602459656, "GBPUSD": -0.4697078258100483, "Gold": -2.1531508484693442}
