{"FTSE100": 0.050307041945932156, "DJIA": -0.6683535979045157, "GBPUSD": 0.4064722895333285, "Gold": 0.37518630826951505}
