{"FTSE100": -0.08388990690182499, "DJIA": -1.6371983725652874, "GBPUSD": -0.09267124874506663, "Gold": 0.8003920287487749}
