{"FTSE100": 0.6397072861862438, "DJIA": 2.6632409764527014, "GBPUSD": -0.1800315055134617, "Gold": -0.8968478005175252}
