{"FTSE100": 1.6587850900678867, "DJIA": 0.3493511162374109, "GBPUSD": -0.54452274183217, "Gold": -0.15714210884710073}
