{"FTSE100": -0.4868532338970024, "DJIA": 0.03159185761286059, "GBPUSD": -0.04719949653871585, "Gold": 0.1457043242961937}
