{"FTSE100": 0.2776358803617793, "DJIA": -0.9409306361452374, "GBPUSD": 0.0687863038826141, "Gold": -0.21929824561404196}
