{"FTSE100": 0.3962575817240739, "DJIA": 0.7978554537875318, "GBPUSD": 0.032943501894247725, "Gold": 0.20303483650352394}
