{"FTSE100": 0.27389419877176746, "DJIA": 0.46541016438256294, "GBPUSD": -0.17865118356410448, "Gold": -0.14697060587881333}
