{"FTSE100": 0.4232020704974443, "DJIA": 1.1541387126260585, "GBPUSD": 0.10636557028310252, "Gold": 0.37772948359722414}
