{"FTSE100": -1.6579972772991853, "DJIA": -1.0897654517748216, "GBPUSD": 0.3444144953579035, "Gold": 0.346360755606866}
