{"FTSE100": -0.542556000930843, "DJIA": 0.4262846506250717, "GBPUSD": -0.007833307222308397, "Gold": 0.5713722785932488}
