{"FTSE100": 0.5555858036011244, "DJIA": 1.1212347417421686, "GBPUSD": 0.46396535725332544, "Gold": 0.23376189681081982}
