{"FTSE100": 0.36986890772225467, "DJIA": -0.08211457545631591, "GBPUSD": -0.07236471817961734, "Gold": 0.3575076608784474}
