{"FTSE100": 0.03434413839775393, "DJIA": -0.041431396256527295, "GBPUSD": -0.05928121526492285, "Gold": 0.37755845532223736}
