{"FTSE100": -0.41828414712946543, "DJIA": -0.8164398842118848, "GBPUSD": -0.25238583484500904, "Gold": 0.6167164636481999}
