{"FTSE100": 0.7398466236644298, "DJIA": -1.0164411980366876, "GBPUSD": 0.25954454119222037, "Gold": 0.08290957329206279}
