{"FTSE100": -0.3042948738757199, "DJIA": 0.011084016847710078, "GBPUSD": 0.07832693663349963, "Gold": 1.0246516613076138}
