{"FTSE100": 0.01426311088118576, "DJIA": 0.7227088649545987, "GBPUSD": 0.5105928974241677, "Gold": 1.762791607111153e-14}
