{"FTSE100": 0.23399985055472206, "DJIA": 0.4006885951795405, "GBPUSD": -0.016280016280014485, "Gold": 0.0}
