{"FTSE100": 0.05130207827993183, "DJIA": -0.41726610619070487, "GBPUSD": -0.08816221848199718, "Gold": -0.04516881845900074}
