{"FTSE100": -0.18092304891370817, "DJIA": 0.0, "GBPUSD": 0.11268512556343109, "Gold": -1.454617913719241}
