{"FTSE100": -0.4386243527191379, "DJIA": 0.08574954147668495, "GBPUSD": -0.07603984487872495, "Gold": -0.43694440259153455}
