{"FTSE100": 0.1720498973814198, "DJIA": -1.559389648539442, "GBPUSD": -0.6445327137825032, "Gold": -0.48477266507682437}
