{"FTSE100": -0.15155355323253056, "DJIA": 0.0676580292569238, "GBPUSD": 0.20612018392262055, "Gold": 0.0}
