{"FTSE100": 1.4883458952698898, "DJIA": 0.5898960655036961, "GBPUSD": 0.02451781627982731, "Gold": 0.2324952689916292}
