{"FTSE100": 0.4931304192978416, "DJIA": 0.011124206888407866, "GBPUSD": -0.023609034390490828, "Gold": -0.8834469931804162}
