{"FTSE100": 0.21045766747948125, "DJIA": 0.42625615973051006, "GBPUSD": -0.007857928650006993, "Gold": 0.44213390341074277}
