{"FTSE100": 0.33854940311266674, "DJIA": 0.2480929981925192, "GBPUSD": 0.007821666014860304, "Gold": 0.2931056454696101}
