{"FTSE100": 0.17789900690838054, "DJIA": -1.197099874144723, "GBPUSD": 0.4028532357615371, "Gold": 0.5533385444522079}
