{"FTSE100": -0.28181544217679194, "DJIA": 0.040306754354485066, "GBPUSD": -0.17527203680712464, "Gold": 0.0}
