{"FTSE100": 0.4091739685072781, "DJIA": 0.23104026029249752, "GBPUSD": -0.007984031936144591, "Gold": 0.04782816644201526}
