{"FTSE100": -0.6531387092914281, "DJIA": -0.5618624186262472, "GBPUSD": -0.06367905754994124, "Gold": -0.0467241200290657}
