{"FTSE100": -0.19762824223577408, "DJIA": 0.4963316031199652, "GBPUSD": -0.5958328707301811, "Gold": 0.0}
