{"FTSE100": 0.26892453527899635, "DJIA": 0.21540463487383343, "GBPUSD": 0.32028184802626336, "Gold": -0.13704496788007786}
