{"FTSE100": 0.2763046699898283, "DJIA": 0.5262916291453361, "GBPUSD": 0.33166216737369614, "Gold": 0.27209226770631384}
