{"FTSE100": 0.3578261036727857, "DJIA": -0.0314943925218426, "GBPUSD": -0.15922299180001606, "Gold": 0.21741328749114947}
