{"FTSE100": 0.047710855134711225, "DJIA": 0.13293471331349907, "GBPUSD": 0.011801266669296605, "Gold": -0.3479050068068302}
