{"FTSE100": 0.10005959700722021, "DJIA": 0.14637127657105953, "GBPUSD": -0.11008885743493495, "Gold": 0.3733264675592095}
