{"FTSE100": -0.21085013042327086, "DJIA": -0.19576191043155447, "GBPUSD": -0.20419528494522432, "Gold": -1.0892199263174838}
