{"FTSE100": -0.6526441641039636, "DJIA": -0.8427215658092136, "GBPUSD": -0.24358681586359834, "Gold": 0.37940651775170003}
