{"FTSE100": 0.44069841895286366, "DJIA": 0.41442938284666686, "GBPUSD": 0.2207505518763904, "Gold": 0.9685751183814033}
