{"FTSE100": 0.7546856858517086, "DJIA": 0.5057265437512158, "GBPUSD": -0.1918005274514471, "Gold": 0.13305863164219714}
