{"FTSE100": 0.5151123507540877, "DJIA": -0.1265332948410064, "GBPUSD": 0.22105780252169024, "Gold": 0.0}
