{"FTSE100": -0.12474892471421825, "DJIA": -0.28303373302421053, "GBPUSD": -0.2811696658097733, "Gold": 0.3380454824830931}
