{"FTSE100": 0.5303078623282231, "DJIA": 0.02711714794929295, "GBPUSD": 0.07098351605017138, "Gold": 0.0}
