{"FTSE100": 0.4335509589127163, "DJIA": 0.19660393016077043, "GBPUSD": 0.2755254664252585, "Gold": 0.5390203890321069}
