{"FTSE100": 0.5294262352003659, "DJIA": -0.19923501477549774, "GBPUSD": 0.08879966024477698, "Gold": -0.15991289850635473}
