{"FTSE100": -0.6003711253860021, "DJIA": -0.09851901808817334, "GBPUSD": 0.6382493731479343, "Gold": 0.41726787037397406}
