{"FTSE100": 0.4787415546304528, "DJIA": -0.1045580090866439, "GBPUSD": 0.033413773900150996, "Gold": -1.2272110448994014}
