{"FTSE100": 0.5860777659755051, "DJIA": -0.2864576665000428, "GBPUSD": 0.2844500632111289, "Gold": 0.32259288777562717}
