{"FTSE100": -0.20135130212618113, "DJIA": -1.0856999866524848, "GBPUSD": 0.2633468996887605, "Gold": 0.485061813186821}
