{"FTSE100": 0.13103871915925971, "DJIA": -0.22703661235284409, "GBPUSD": -0.3719936650583771, "Gold": 0.0}
