{"FTSE100": 0.260212456410624, "DJIA": -0.6042097229734193, "GBPUSD": -0.6100459515132165, "Gold": 1.0101921168936634}
