{"FTSE100": 0.6629069737082668, "DJIA": -0.30778961596335436, "GBPUSD": -0.24213075060533604, "Gold": 0.0}
