{"FTSE100": -0.0945657352788203, "DJIA": 0.3570555401898764, "GBPUSD": 0.13489035341273675, "Gold": -0.285202383999405}
