{"FTSE100": 0.27419220068640815, "DJIA": 0.6099885466374421, "GBPUSD": 0.015105740181267218, "Gold": 0.1327549012635508}
