{"FTSE100": 1.2084787821297278, "DJIA": -0.019401656352021693, "GBPUSD": 0.10478800580363185, "Gold": 0.0}
