{"FTSE100": -1.2576788145390405, "DJIA": -0.5222036040398369, "GBPUSD": -0.07411677509677368, "Gold": 0.7772810404389329}
