{"FTSE100": 1.7878536166994183, "DJIA": 0.9800716895676744, "GBPUSD": 0.13918454232847838, "Gold": 0.0}
