{"FTSE100": 0.612780415295247, "DJIA": 0.35930033279437873, "GBPUSD": 0.21234825113187736, "Gold": 0.6098202081800053}
