{"FTSE100": -0.09647866209147858, "DJIA": 0.2863169894767345, "GBPUSD": 0.2327261054490109, "Gold": -0.4895034315704504}
