{"FTSE100": 0.2253664678939399, "DJIA": 1.176177736463645, "GBPUSD": -0.3978041212507053, "Gold": -0.4945410278845056}
