{"FTSE100": -0.03696645761900748, "DJIA": 0.2769511793195862, "GBPUSD": -0.28732143579781816, "Gold": 0.16333938294010888}
