{"FTSE100": -0.361114728337767, "DJIA": -0.7029059355094077, "GBPUSD": -0.36638170311979645, "Gold": 0.0}
