{"FTSE100": 0.2001722662130154, "DJIA": -0.03771410985065024, "GBPUSD": 0.14159848961611263, "Gold": 0.0}
