{"FTSE100": -0.11437201316838005, "DJIA": -0.5560861512920621, "GBPUSD": -0.4628540048638908, "Gold": 0.13322806671272305}
