{"FTSE100": -0.33964510444844165, "DJIA": -0.20408175406198337, "GBPUSD": 0.42854788198451405, "Gold": 0.07477434171873436}
