{"FTSE100": -0.3859348198970734, "DJIA": -0.9085911670229848, "GBPUSD": -0.172622764167927, "Gold": 1.3428377059362917}
