{"FTSE100": 0.40831096373493003, "DJIA": 0.9483731800349795, "GBPUSD": 0.43653735277160716, "Gold": -0.53958700840511}
