{"FTSE100": 0.19514922186188827, "DJIA": 0.40462593475305203, "GBPUSD": -0.047099458356223714, "Gold": -0.5145320539563301}
