{"FTSE100": -0.4116099919859275, "DJIA": 0.19212177751043893, "GBPUSD": -0.5730659025787824, "Gold": -0.6781528810901308}
