{"FTSE100": 0.12622608331893367, "DJIA": 0.08154302873818876, "GBPUSD": 0.38732667131457843, "Gold": -0.9813664596273216}
