{"FTSE100": -0.2700932955409789, "DJIA": -0.3653062469511603, "GBPUSD": 0.4383752958063338, "Gold": 1.4432784931642857}
