{"FTSE100": 0.565415844148889, "DJIA": -0.10313620729345407, "GBPUSD": -0.22470039946737055, "Gold": 0.09645268459971892}
