{"FTSE100": 0.8325182631923324, "DJIA": -0.13504560128346216, "GBPUSD": 0.04122691292875535, "Gold": 0.00549903766841553}
