{"FTSE100": 0.4154992037735033, "DJIA": -0.11003251448037732, "GBPUSD": 0.07904513477194608, "Gold": 0.08281032078103603}
