{"FTSE100": 0.041112165806490276, "DJIA": -0.4574558202974666, "GBPUSD": -1.0435497124075541, "Gold": -1.0409924487594366}
