{"FTSE100": 0.22753656285384372, "DJIA": 0.0, "GBPUSD": -0.16488046166529113, "Gold": -1.7046818727490916}
