{"FTSE100": 0.30883064149868605, "DJIA": -0.14992069262634208, "GBPUSD": -0.0946222993218631, "Gold": -0.19301707128763831}
