{"FTSE100": 0.11077921531957247, "DJIA": -0.254550442705645, "GBPUSD": 0.011053387863370727, "Gold": 0.04476676515355}
