{"FTSE100": -0.22019629548276815, "DJIA": -0.20163508038452232, "GBPUSD": -0.10705452397651825, "Gold": 1.3501453781270716}
