{"FTSE100": 0.18010616784630587, "DJIA": 0.17796855021226818, "GBPUSD": -0.12568735271013712, "Gold": -0.33366555444816365}
