{"FTSE100": -0.07242949210666791, "DJIA": 0.16705769703677525, "GBPUSD": 0.048103904433571223, "Gold": 0.0}
