{"FTSE100": -0.47868872072503477, "DJIA": -0.6734231585193708, "GBPUSD": -0.48283261802574895, "Gold": 0.33165051405829676}
