{"FTSE100": -0.3848184980268755, "DJIA": -0.7552411342816165, "GBPUSD": -0.5708393179390803, "Gold": 1.3775848556098231}
