{"FTSE100": 0.669915715106144, "DJIA": 0.17665574821006988, "GBPUSD": 0.23427912684542845, "Gold": 1.2393251405957069}
