{"FTSE100": 0.06173515884108797, "DJIA": 0.3326053928454678, "GBPUSD": 0.5266097502593106, "Gold": 0.5122024706236841}
