{"FTSE100": 0.6170473306527926, "DJIA": 1.0048600540112893, "GBPUSD": -0.06192909119057995, "Gold": 0.24657358780580946}
