{"FTSE100": 0.5231922066386476, "DJIA": -0.2905749944223442, "GBPUSD": 0.15696123057604786, "Gold": 0.9777912529371532}
