{"FTSE100": -0.3941778188568549, "DJIA": 0.5562740824610231, "GBPUSD": -0.008227067050595557, "Gold": 0.15494763838426284}
