{"FTSE100": -0.3947875872456324, "DJIA": -0.018895154387389024, "GBPUSD": -0.3726326303253829, "Gold": 0.6464894539150567}
