{"FTSE100": -0.1874768687520255, "DJIA": 0.6709203774130864, "GBPUSD": -0.11836070424617724, "Gold": 0.0}
