{"FTSE100": -0.16342072088295762, "DJIA": -0.3783203158261945, "GBPUSD": -0.11405976731807899, "Gold": 0.0}
