{"FTSE100": -0.1989866841277584, "DJIA": -0.5618624186262472, "GBPUSD": 0.007959882193742655, "Gold": 0.0}
