{"FTSE100": -0.0259071473175813, "DJIA": -1.0586608038636016, "GBPUSD": -0.110175493822308, "Gold": -0.39296087476508934}
