{"FTSE100": 0.260212456410624, "DJIA": 0.11893839247808574, "GBPUSD": 0.0316906987799222, "Gold": 0.8794083160458194}
