{"FTSE100": 0.6898354911194534, "DJIA": 0.35525464431851494, "GBPUSD": 0.3336113427856685, "Gold": -0.008589589417618025}
