{"FTSE100": 0.19543240327366732, "DJIA": -0.3113219681272738, "GBPUSD": 0.8154660089900229, "Gold": 0.6561629725708548}
