{"FTSE100": 0.30130511625523515, "DJIA": 0.6567554437059103, "GBPUSD": 0.12122191692258419, "Gold": 0.0}
