{"FTSE100": -0.2403902166230497, "DJIA": -0.33588448142926675, "GBPUSD": -0.22982844947879302, "Gold": 0.0}
