{"FTSE100": 0.06848238761032659, "DJIA": -1.197099874144723, "GBPUSD": 0.29936800088700793, "Gold": -0.08845188628790433}
