{"FTSE100": 0.6253169238845753, "DJIA": 0.23946525519602968, "GBPUSD": -0.015971889474523077, "Gold": 0.31731057844861243}
