{"FTSE100": -0.13061233123181587, "DJIA": 1.1530097000994068, "GBPUSD": 0.2667085032946225, "Gold": -0.3866776654980408}
