{"FTSE100": -0.3319214897455646, "DJIA": 0.6222425974866457, "GBPUSD": 0.07121943499249211, "Gold": 0.2162693536495498}
