{"FTSE100": -0.05363710079410558, "DJIA": -0.02695126824661071, "GBPUSD": -0.29607413388702347, "Gold": 0.15481405843408125}
