{"FTSE100": 0.5668676932540258, "DJIA": -0.13145359223238534, "GBPUSD": 0.45969723389078443, "Gold": 1.7539073157422924}
