{"FTSE100": -0.6343721795108805, "DJIA": -0.1712605570886766, "GBPUSD": 0.07071580105287191, "Gold": -0.05273983439691999}
