{"FTSE100": 0.6113375535762694, "DJIA": 1.3908810231385735, "GBPUSD": 0.1590204341257853, "Gold": 0.937676254935135}
