{"FTSE100": 0.3005670346513321, "DJIA": 0.3058802269914348, "GBPUSD": -0.2009323259926014, "Gold": -0.2855284082694843}
