{"FTSE100": 0.6106519799239835, "DJIA": 0.382927044853433, "GBPUSD": -0.16718414139001597, "Gold": -1.313208834313984}
