{"FTSE100": 0.019628845823868393, "DJIA": 0.47629547835315106, "GBPUSD": 0.45337293832564896, "Gold": 0.6167446163334532}
