{"FTSE100": -0.1770311024740896, "DJIA": -0.28001073244478997, "GBPUSD": 0.132684652808504, "Gold": 0.6442577030812356}
