{"FTSE100": -0.2809879556736419, "DJIA": 0.015739496029909383, "GBPUSD": -0.21610838666776955, "Gold": -0.41900201338630055}
