{"FTSE100": 0.34235689652620077, "DJIA": -0.5978878158661661, "GBPUSD": -0.02410412984091009, "Gold": -0.28841201716736947}
