{"FTSE100": 0.15238183939627628, "DJIA": -0.6615305745402872, "GBPUSD": 0.06395395315372226, "Gold": 0.0}
