{"FTSE100": 0.4698767155152263, "DJIA": 0.12941582381601738, "GBPUSD": -0.015675209655927422, "Gold": 0.29192878582296633}
