{"FTSE100": -0.023939625658624317, "DJIA": -0.6358626836531823, "GBPUSD": 0.0, "Gold": 0.34256087399314594}
