{"FTSE100": -0.4529647165603309, "DJIA": 0.17266205352600647, "GBPUSD": -0.10149906308557766, "Gold": 0.7198509485094852}
