{"FTSE100": 1.1721332215249718, "DJIA": 0.11942497503075193, "GBPUSD": -0.08209506608651916, "Gold": -0.1830831197363603}
