{"FTSE100": 0.7502115234769318, "DJIA": 0.5937661076064754, "GBPUSD": -0.3018342233573264, "Gold": -0.5879069767441759}
