{"FTSE100": -0.7968770889894595, "DJIA": 1.1621354477690533, "GBPUSD": -0.5240926157697066, "Gold": -0.1706749418153584}
