{"FTSE100": -0.1856530328428965, "DJIA": -0.9417440188201537, "GBPUSD": -0.40287137415762075, "Gold": 0.05102653379756927}
