{"FTSE100": -1.0168095076508308, "DJIA": -1.251527809352069, "GBPUSD": -0.30888642483763773, "Gold": -1.2288177583985707}
