{"FTSE100": -0.057222993326366815, "DJIA": 0.6900935969219066, "GBPUSD": 0.18893174840590252, "Gold": -0.033913633280582216}
