{"FTSE100": 0.06081228818191922, "DJIA": -1.011218157500339, "GBPUSD": 0.36211595176765005, "Gold": 0.9602780233515227}
