{"FTSE100": -0.01886623305551161, "DJIA": 0.10779661931209204, "GBPUSD": -0.30665198930649584, "Gold": 0.0}
