{"FTSE100": -0.12725608336493008, "DJIA": -0.07893158932107848, "GBPUSD": 0.03905029678226859, "Gold": -0.09765625000000772}
