{"FTSE100": 0.1796333070820591, "DJIA": -0.45391563353623593, "GBPUSD": 0.17869108778201026, "Gold": 0.002982314872801558}
