{"FTSE100": -0.1268123375961507, "DJIA": 0.3216188978828321, "GBPUSD": 0.05579467559380861, "Gold": -0.8457188610318815}
