{"FTSE100": -0.3504113702659712, "DJIA": -0.6725285874320989, "GBPUSD": 0.2681992337164796, "Gold": 0.6833655754591317}
