{"FTSE100": 0.02252968208458722, "DJIA": 0.6099885466374421, "GBPUSD": -0.05288606829859058, "Gold": 0.8012706540549553}
