{"FTSE100": -1.0421998718001886, "DJIA": -0.27556613968992016, "GBPUSD": -0.0401606425702767, "Gold": -0.3105261300680944}
