{"FTSE100": 0.18294832496130745, "DJIA": 0.15242344096901322, "GBPUSD": -0.14978320851397642, "Gold": -0.01952743604765138}
