{"FTSE100": 0.6063365986397287, "DJIA": 0.3817162424390318, "GBPUSD": 0.17196261682242756, "Gold": 1.1831063420002625}
