{"FTSE100": 0.5668676932540258, "DJIA": -0.058395686130887234, "GBPUSD": 0.34081001822937074, "Gold": 1.6954437385508827}
