{"FTSE100": -0.36282897643971607, "DJIA": 0.43382909195474434, "GBPUSD": 0.17769162426298196, "Gold": -0.3422467937869009}
