{"FTSE100": 0.7226565861101685, "DJIA": 0.2779895816260505, "GBPUSD": -0.1556708673091172, "Gold": -0.6059509812788388}
