{"FTSE100": 0.029615291067906776, "DJIA": 0.15200315341443116, "GBPUSD": 0.5009143674962211, "Gold": 1.379920389208327}
