{"FTSE100": -0.1950681316681412, "DJIA": -0.076639145814985, "GBPUSD": -0.03341377390011802, "Gold": -0.6490058410525694}
