{"FTSE100": 0.18594629410953045, "DJIA": 0.3434829774270718, "GBPUSD": 0.31247496194215324, "Gold": 1.2183599383360684}
