{"FTSE100": 0.5677337591918912, "DJIA": 0.3018473256084396, "GBPUSD": 0.1507954459775316, "Gold": 1.037279185264349}
