{"FTSE100": -0.8746264207776794, "DJIA": -0.15044961723136965, "GBPUSD": -0.4151652827823798, "Gold": 0.6501822480543811}
