{"FTSE100": -1.265991155759403, "DJIA": -0.8413048571886229, "GBPUSD": 0.7007874015748133, "Gold": 1.0379904504878554}
