{"FTSE100": -0.08011445612796078, "DJIA": -2.4827916038508784, "GBPUSD": 0.08596524014202836, "Gold": 1.6352533615172278}
