{"FTSE100": 0.7470435074305112, "DJIA": 0.39589525184368535, "GBPUSD": -0.03183446080381663, "Gold": 0.0}
