{"FTSE100": 1.0030588274128192, "DJIA": -0.507374573065161, "GBPUSD": -0.667714061272598, "Gold": 0.0}
