{"FTSE100": -0.17921340819189, "DJIA": 1.706561154675814e-14, "GBPUSD": -0.09750548468350272, "Gold": 0.13786422237125784}
