{"FTSE100": 0.2240058580438708, "DJIA": 0.15567132412362186, "GBPUSD": -0.3182432970005572, "Gold": -0.6695324685205579}
