{"FTSE100": 0.19896529988783251, "DJIA": 0.663916265407546, "GBPUSD": -0.11890606420927807, "Gold": 1.6363804932319546}
