{"FTSE100": -0.09391428029818426, "DJIA": -0.6991176859152085, "GBPUSD": 0.1030355869065609, "Gold": 1.0211638149432831}
