{"FTSE100": 0.1243072525473594, "DJIA": 0.3853179154728225, "GBPUSD": 0.04985459077689521, "Gold": 0.1412736361660459}
