{"FTSE100": 0.2490543485080674, "DJIA": 0.4670862221125936, "GBPUSD": -0.2834763148079094, "Gold": 0.0}
