{"FTSE100": -0.41994763347301284, "DJIA": 0.039785602364751205, "GBPUSD": -0.0790201501382941, "Gold": -1.3510068824878996}
