{"FTSE100": 0.6730643397162146, "DJIA": 0.2756646710479141, "GBPUSD": 0.15780762865171527, "Gold": 0.34405385190726523}
