{"FTSE100": -0.9803427177285302, "DJIA": 1.2579542251060856, "GBPUSD": 0.22206330686139714, "Gold": 0.13910355486863848}
