{"FTSE100": 0.7528869699135047, "DJIA": -0.02347478196479723, "GBPUSD": 0.15777847901546244, "Gold": 0.12801365478984425}
