{"FTSE100": -0.005013558891478829, "DJIA": 0.432630127557726, "GBPUSD": -0.276212573196326, "Gold": 0.569723277265331}
