{"FTSE100": -1.2587840938354833, "DJIA": -0.6509155777175725, "GBPUSD": 0.026054267316788064, "Gold": 1.3153590953693797}
