{"FTSE100": -0.6971180359062793, "DJIA": -0.47556003243707184, "GBPUSD": -0.11035427527683332, "Gold": -0.8074394420418514}
