{"FTSE100": 0.08946015011653353, "DJIA": 0.21987940545026316, "GBPUSD": 0.4011553273427564, "Gold": 0.3492493744787346}
