{"FTSE100": 0.4398158459478591, "DJIA": 0.34919893722060835, "GBPUSD": -0.1259148500826352, "Gold": 0.4739804483065028}
