{"FTSE100": -0.8466763770837663, "DJIA": -0.20408175406198337, "GBPUSD": 0.26372177352893456, "Gold": 0.03204614645088442}
