{"FTSE100": 0.14541444366784628, "DJIA": 0.11376013625401434, "GBPUSD": 0.24945950440710887, "Gold": 0.0}
