{"FTSE100": -0.08388990690182499, "DJIA": -1.6922105830537704, "GBPUSD": -0.10817493432234938, "Gold": 0.27863275554836753}
