{"FTSE100": 0.5739607563638351, "DJIA": 0.5752573742019239, "GBPUSD": 0.12953367875647934, "Gold": 1.8481637855492747}
