{"FTSE100": -0.17855867438038311, "DJIA": -0.19576191043155447, "GBPUSD": -0.0928160386114536, "Gold": -1.0892199263174838}
