{"FTSE100": 0.16279161833105035, "DJIA": -0.5516723226797722, "GBPUSD": 0.4408407462804101, "Gold": 0.20558897433943635}
