{"FTSE100": 0.0392710430712905, "DJIA": 0.1664131657039827, "GBPUSD": -0.26831449711357497, "Gold": 0.03559080740287869}
