{"FTSE100": 0.14021972597000457, "DJIA": 0.3316211907034233, "GBPUSD": 0.34216958074826503, "Gold": 0.0}
