{"FTSE100": 0.7731712895651234, "DJIA": 0.3769688105201904, "GBPUSD": -0.17381462468166653, "Gold": 0.14068558487458083}
