{"FTSE100": -0.8108332926222325, "DJIA": -1.9000509828240935, "GBPUSD": -0.36432757801363524, "Gold": -1.3972847091467666}
