{"FTSE100": 0.3056431260552269, "DJIA": 0.3210630280199732, "GBPUSD": 0.13504925325705533, "Gold": 0.6841165972635297}
