{"FTSE100": 0.032336614356480886, "DJIA": 0.12950275135830516, "GBPUSD": 0.015820281601010757, "Gold": 0.08592172530824418}
