{"FTSE100": -0.7959727210362764, "DJIA": -0.17670802027971874, "GBPUSD": 0.1857794291504796, "Gold": 0.0}
