{"FTSE100": -0.3740003094439075, "DJIA": -2.014053009784139, "GBPUSD": -0.662087229992552, "Gold": -1.6080180626686515}
