{"FTSE100": 0.30495832501042985, "DJIA": 1.0471000058129012, "GBPUSD": -0.36476179949154486, "Gold": -1.2683916793505834}
