{"FTSE100": 0.18112156889422126, "DJIA": 0.13952002116179035, "GBPUSD": 0.03134059390426843, "Gold": 1.1180391313695979}
