{"FTSE100": 0.11671414434433165, "DJIA": -0.10758550090400096, "GBPUSD": -0.40444893832154416, "Gold": 0.24786560176260403}
