{"FTSE100": -0.11228009565400064, "DJIA": -0.21298524856086495, "GBPUSD": -0.13822261972518374, "Gold": -0.971120601993092}
