{"FTSE100": 0.3329720268289001, "DJIA": -0.6042097229734193, "GBPUSD": 0.09561752988046755, "Gold": 1.0641627543036074}
