{"FTSE100": 0.5439878535544713, "DJIA": 0.17665574821006988, "GBPUSD": -0.05578074448698869, "Gold": 0.45823786711101616}
