{"FTSE100": -0.2059122918981229, "DJIA": -0.2685583135603988, "GBPUSD": -0.6113331765812391, "Gold": 1.1607686288148775}
