{"FTSE100": 0.10480882922217677, "DJIA": -0.6804313792889797, "GBPUSD": -0.18955848669141123, "Gold": -1.155832864522075}
