{"FTSE100": 0.19543240327366732, "DJIA": -0.32487515133087125, "GBPUSD": 0.8075102430486577, "Gold": 0.6599778735741877}
