{"FTSE100": 0.8872286062259169, "DJIA": 1.6540415087346056, "GBPUSD": -0.3920287487749033, "Gold": 0.8036866359447071}
