{"FTSE100": 0.028759939096600032, "DJIA": -0.15920665509372017, "GBPUSD": 0.0, "Gold": 0.3648015775203397}
