{"FTSE100": 0.03612862309658357, "DJIA": 0.8692896823256527, "GBPUSD": 0.2758511979823326, "Gold": 0.8140846451866086}
