{"FTSE100": -0.8116900403582253, "DJIA": 0.0, "GBPUSD": -0.01659475605708413, "Gold": 0.06045616927728147}
