{"FTSE100": -0.42965648107089055, "DJIA": 0.3104411713980244, "GBPUSD": -0.13789746917586265, "Gold": 0.0}
