{"FTSE100": -0.13126767253022223, "DJIA": 0.007125584596024881, "GBPUSD": -0.19447685725398262, "Gold": 0.06109046479661039}
