{"FTSE100": -1.0094295852072552, "DJIA": -0.40707833905014884, "GBPUSD": 0.1772335454765149, "Gold": 0.2553626149131767}
