{"FTSE100": -0.19169303501967352, "DJIA": -0.17851534406947844, "GBPUSD": -0.031905559543746985, "Gold": 0.0}
