{"FTSE100": 0.2098935438320995, "DJIA": 0.24750780631188046, "GBPUSD": 0.21427765873463547, "Gold": -0.1448889677400305}
