{"FTSE100": -0.4829929705733842, "DJIA": -0.02695126824661071, "GBPUSD": -0.2159327523713977, "Gold": -0.08223684210526316}
