{"FTSE100": 1.0547416836365213, "DJIA": 1.3908810231385735, "GBPUSD": 0.8189552357477916, "Gold": 1.3289622109419}
