{"FTSE100": -0.39403573671711184, "DJIA": -0.15532960056615822, "GBPUSD": -0.7585335018963327, "Gold": 0.008038369818593476}
