{"FTSE100": 0.42362216563758537, "DJIA": 0.7732504727616141, "GBPUSD": 0.14887598630342594, "Gold": 0.0}
