{"FTSE100": -1.385469642321348, "DJIA": -0.6532618070496287, "GBPUSD": 0.016072002571536487, "Gold": 0.667850198664288}
