{"FTSE100": 0.2978186190955986, "DJIA": 0.6136174023538526, "GBPUSD": -0.4697408596257735, "Gold": -0.7244868218345376}
