{"FTSE100": -2.0776272185802327, "DJIA": -2.213640296286154, "GBPUSD": -0.31254883575558706, "Gold": -0.8904646081543621}
