{"FTSE100": 0.32281507594585873, "DJIA": 0.6034891630965501, "GBPUSD": 0.032562683165089215, "Gold": 0.0}
