{"FTSE100": 0.16143535212351945, "DJIA": 0.12561002805738813, "GBPUSD": 0.22953933829348602, "Gold": 0.53899025861642}
