{"FTSE100": -1.2986147131886854, "DJIA": -0.2961019232259699, "GBPUSD": 0.07411677509675539, "Gold": 0.9195285511074938}
