{"FTSE100": -0.14346524942141226, "DJIA": -0.04021981731301242, "GBPUSD": -0.0036752545113663475, "Gold": 0.11485036947147555}
