{"FTSE100": -1.050246190724395, "DJIA": -0.30055321172013205, "GBPUSD": 0.10964053567231934, "Gold": 0.0}
