{"FTSE100": -0.5417938467885333, "DJIA": -0.17699822254187136, "GBPUSD": -0.10889009877888059, "Gold": 0.03213072615442362}
