{"FTSE100": -0.26331613001283916, "DJIA": -0.21835283908797154, "GBPUSD": 0.04746835443039209, "Gold": -0.5487613671997491}
