{"FTSE100": 0.29767538493502704, "DJIA": -0.31161725858526357, "GBPUSD": 0.25216278077355586, "Gold": 0.15227250157237607}
