{"FTSE100": 0.30359825489942216, "DJIA": 0.15847931345605779, "GBPUSD": 0.0787525594581912, "Gold": 0.0}
