{"FTSE100": -0.02809848785071606, "DJIA": 0.29405358010577937, "GBPUSD": 0.0, "Gold": 0.10111223458038422}
