{"FTSE100": 0.955071030654304, "DJIA": -0.0606378799878433, "GBPUSD": 0.1020408163265368, "Gold": -0.2076447156538728}
