{"FTSE100": -0.035031114994597226, "DJIA": 0.6739926949257898, "GBPUSD": -0.20062416406599395, "Gold": 0.006742633672716649}
