{"FTSE100": -0.27152499844472316, "DJIA": 0.41707567013646374, "GBPUSD": 0.25322465775105574, "Gold": 0.1966085033177685}
