{"FTSE100": 0.3437529346760179, "DJIA": 0.02326781680191176, "GBPUSD": -0.14824697946779347, "Gold": -0.09959558157782722}
