{"FTSE100": -3.832077840963411, "DJIA": -1.1463082406065612, "GBPUSD": -0.8389537752919878, "Gold": 0.6924771797293068}
