{"FTSE100": -0.07580431197506962, "DJIA": 0.4718689907934752, "GBPUSD": -0.21320338079647722, "Gold": -0.08166598611677772}
