{"FTSE100": 0.26377994514790637, "DJIA": -0.11948943982401646, "GBPUSD": -0.1268284433922429, "Gold": -0.13231159380341204}
