{"FTSE100": 0.3351409721669494, "DJIA": 0.0, "GBPUSD": -0.24311183144245313, "Gold": 0.3052049822651134}
