{"FTSE100": 0.014658148213694435, "DJIA": 0.3250181204907131, "GBPUSD": 0.08712181213368278, "Gold": 0.0}
