{"FTSE100": 0.3131765446033916, "DJIA": -0.027650202875835476, "GBPUSD": 0.16909574039777686, "Gold": -0.1346085724406563}
