{"FTSE100": 1.0439684098535111, "DJIA": 0.10562654424128651, "GBPUSD": -1.2844637159453527, "Gold": -2.7814016594479036}
