{"FTSE100": -1.3783564086427538, "DJIA": -0.15277998533845463, "GBPUSD": -0.12889712398292483, "Gold": -0.18896833503574148}
