{"FTSE100": -0.5766540581277096, "DJIA": -0.9550170076149177, "GBPUSD": -0.054179566563461526, "Gold": -0.007368110816379977}
