{"FTSE100": 0.6541213642832329, "DJIA": 0.10203563588618289, "GBPUSD": 0.05742945748306049, "Gold": -0.801922652475667}
