{"FTSE100": 0.2629860387948491, "DJIA": 1.2161956788204773, "GBPUSD": -0.16616553252096777, "Gold": 0.6893088651511168}
