{"FTSE100": -0.1005927008778359, "DJIA": -0.4382588895956184, "GBPUSD": -1.0928549894482935, "Gold": 0.11333157039779379}
