{"FTSE100": -0.5549929303748256, "DJIA": -0.0458497538834341, "GBPUSD": 0.17432646592709825, "Gold": 0.9561060408518036}
