{"FTSE100": -0.3761228205554958, "DJIA": -0.7678719963641301, "GBPUSD": 0.1507816839933349, "Gold": 0.5467772577730495}
