{"FTSE100": 0.5024583468195606, "DJIA": 0.520205113346419, "GBPUSD": 0.4587894397939503, "Gold": 0.15462889066240568}
