{"FTSE100": 0.6475460736665485, "DJIA": -0.5291902859230362, "GBPUSD": -0.2131147540983554, "Gold": 0.3270904774465864}
