{"FTSE100": -0.38329757558916105, "DJIA": -0.17796413195943103, "GBPUSD": 0.20751671662440604, "Gold": -0.003716090672609032}
