{"FTSE100": 0.8868902459734632, "DJIA": 0.18297645195447088, "GBPUSD": 0.41728031418753925, "Gold": 0.7554589671944483}
