{"FTSE100": -0.7522231778515439, "DJIA": 0.33350699889492147, "GBPUSD": -0.2693922827034187, "Gold": -0.2783792143519997}
