{"FTSE100": 0.4063044868647663, "DJIA": -1.6292390189370023, "GBPUSD": 0.489236790606654, "Gold": 0.0}
