{"FTSE100": -1.1105999552002759, "DJIA": -0.9409306361452374, "GBPUSD": 0.076429226536236, "Gold": -0.36675741076829316}
