{"FTSE100": -0.7220979959930477, "DJIA": -1.6292390189369912, "GBPUSD": 0.2609262883235379, "Gold": 0.0}
