{"FTSE100": 0.16702869601178252, "DJIA": -0.09650938206861623, "GBPUSD": 0.48029957668510204, "Gold": 0.0}
