{"FTSE100": 0.15028118969856016, "DJIA": 0.050905272812423366, "GBPUSD": -0.20945782647224165, "Gold": -0.39456597742482585}
