{"FTSE100": 0.37022550211292005, "DJIA": -0.9753276832691349, "GBPUSD": 0.12786701830097064, "Gold": -0.42492917847025885}
