{"FTSE100": 0.6874141110449067, "DJIA": 2.038704649468262, "GBPUSD": 0.5772546667666272, "Gold": -3.6123752844390062}
