{"FTSE100": -1.3783564086427538, "DJIA": -0.15277998533845463, "GBPUSD": -0.20140175622330997, "Gold": 0.03575076608784706}
