{"FTSE100": -0.4877628425840124, "DJIA": -0.682834275202848, "GBPUSD": 0.0320847036175468, "Gold": 0.20131863707282702}
