{"FTSE100": 0.5620361690755137, "DJIA": -0.40707833905014884, "GBPUSD": -0.09648629090615646, "Gold": -0.4531798971434437}
