{"FTSE100": 0.1925765582911892, "DJIA": 0.1664131657039827, "GBPUSD": -0.2845759817871239, "Gold": 0.03559080740287869}
