{"FTSE100": -0.09633540133328194, "DJIA": -0.33144875205468, "GBPUSD": -0.10443444730077753, "Gold": 0.03436869012328595}
