{"FTSE100": 0.8924888393129459, "DJIA": 0.30623296387359294, "GBPUSD": 0.0038324454834540657, "Gold": 1.8113094514716168e-14}
