{"FTSE100": 0.1162761102158247, "DJIA": 0.02269553523446982, "GBPUSD": 0.648836841272352, "Gold": 0.37182400330510457}
