{"FTSE100": -0.6196573123080605, "DJIA": 0.03857636442923924, "GBPUSD": 0.12317293480046451, "Gold": 0.7437457741717353}
