{"FTSE100": -0.11109815636026846, "DJIA": -0.03771410985065024, "GBPUSD": -0.04719949653871585, "Gold": 0.0}
