{"FTSE100": -0.12701434892197216, "DJIA": -0.32187436620756177, "GBPUSD": -0.03943528669452993, "Gold": 0.6550218340611318}
