{"FTSE100": 0.004897281912515515, "DJIA": -1.6099292133409195, "GBPUSD": -0.10480610869891209, "Gold": 0.8035062089116107}
