{"FTSE100": 0.15614991818173565, "DJIA": -0.017980543986278442, "GBPUSD": 0.25481764612200125, "Gold": 0.11985788279612097}
