{"FTSE100": -0.42785814474427714, "DJIA": -0.31661186361566174, "GBPUSD": -0.04681282671451462, "Gold": -0.22977941176470587}
