{"FTSE100": -1.2119457409229017, "DJIA": -1.363055814234253, "GBPUSD": 0.48530496564041536, "Gold": 0.8232445520581176}
