{"FTSE100": -0.8396042620203993, "DJIA": 0.5616595173858281, "GBPUSD": -0.650675701690222, "Gold": -0.45211977468128584}
