{"FTSE100": 0.24602573807720562, "DJIA": -0.25725412367673134, "GBPUSD": 0.11170688114388269, "Gold": -0.1256248527833685}
