{"FTSE100": 0.5355689278731648, "DJIA": -0.20066982360349273, "GBPUSD": -0.014841199168891211, "Gold": -0.27348454435969716}
