{"FTSE100": 0.4684201831831249, "DJIA": 0.8505066446738597, "GBPUSD": 0.1995052270369441, "Gold": 0.03479471120388514}
