{"FTSE100": -0.3468129476833843, "DJIA": 0.7735517288974445, "GBPUSD": 0.047599868184983296, "Gold": 0.3121623244086816}
