{"FTSE100": -0.0031575344455432664, "DJIA": 0.13992599006350478, "GBPUSD": 0.06332119677061199, "Gold": 0.36325179326835066}
