{"FTSE100": 0.21959074948541055, "DJIA": -0.44787155849560967, "GBPUSD": -0.308929169613271, "Gold": -0.371224601867098}
