{"FTSE100": 0.41402020680839013, "DJIA": 1.2161956788204773, "GBPUSD": -0.2690299097958593, "Gold": 0.2054231717337716}
