{"FTSE100": 0.30075032688850145, "DJIA": 1.0014658993795054, "GBPUSD": 0.024207213749694742, "Gold": -0.17082513717775932}
