{"FTSE100": -0.00979552503352031, "DJIA": 0.28906526093808776, "GBPUSD": 0.12753068707156254, "Gold": -0.7806635640294318}
