{"FTSE100": 0.29089940310436846, "DJIA": 0.5026427393806943, "GBPUSD": -0.21562448167191373, "Gold": -0.47240712905304816}
