{"FTSE100": 1.0266907511205368, "DJIA": 0.09312923497167463, "GBPUSD": -0.01854943424224533, "Gold": -0.4214608920491203}
