{"FTSE100": 0.07630560460084744, "DJIA": -0.7043118679922445, "GBPUSD": 0.1339637509850303, "Gold": 0.5383198753364327}
