{"FTSE100": -0.13804527885146092, "DJIA": -1.008917915594655, "GBPUSD": -0.44853824589507796, "Gold": 0.0}
