{"FTSE100": -0.35992084484413667, "DJIA": -0.8277072151929433, "GBPUSD": -0.47297541249953673, "Gold": 0.0}
