{"FTSE100": -0.1268123375961507, "DJIA": 0.301341844362154, "GBPUSD": -0.007970667941972659, "Gold": -1.0558975128859598}
