{"FTSE100": 0.5530311679415516, "DJIA": -1.5518193040996278, "GBPUSD": 0.11724245740191158, "Gold": 0.35056365136100553}
