{"FTSE100": 0.057839564930048284, "DJIA": 0.2480929981925192, "GBPUSD": 0.0625733281188998, "Gold": 0.2591223822267688}
