{"FTSE100": 0.5596128422245505, "DJIA": -0.1707605734446902, "GBPUSD": 0.07901390644754361, "Gold": -0.11343441600181493}
