{"FTSE100": 1.014254569847397, "DJIA": 0.6997879607431186, "GBPUSD": 0.681350023768037, "Gold": 1.545557136548735}
