{"FTSE100": 0.06586753844292134, "DJIA": -0.648551345929201, "GBPUSD": -0.2865969404846026, "Gold": 0.0}
