{"FTSE100": -0.5016213682590248, "DJIA": -0.1063857562103148, "GBPUSD": -0.24305811298518515, "Gold": -0.09421740666587616}
