{"FTSE100": 0.4676484494950305, "DJIA": 0.2227403595365681, "GBPUSD": 0.5899472980413798, "Gold": 0.4865424430641869}
