{"FTSE100": 0.16702869601178252, "DJIA": -0.11664376752894585, "GBPUSD": 0.0, "Gold": 0.0}
