{"FTSE100": -0.05830706037194236, "DJIA": 0.34919893722060835, "GBPUSD": -0.23627628573677967, "Gold": 0.27073590942653214}
