{"FTSE100": 0.015995577693232836, "DJIA": -0.13551157307100758, "GBPUSD": -0.024040387851588026, "Gold": -1.141396320167062}
