{"FTSE100": 0.3735818895240006, "DJIA": -0.45391563353623593, "GBPUSD": -0.007447125409591077, "Gold": 0.0}
