{"FTSE100": 0.6585374998070389, "DJIA": 1.3422323002951637, "GBPUSD": 0.07528419784688037, "Gold": 0.1807728781412965}
