{"FTSE100": -0.07318348144276056, "DJIA": 0.23634814242700203, "GBPUSD": 0.015756716300321275, "Gold": 0.0}
