{"FTSE100": -1.0838915782439302, "DJIA": -1.3549674215902217, "GBPUSD": -0.1740506329113908, "Gold": -0.49370849353373736}
