{"FTSE100": -0.014969279563323272, "DJIA": -0.17851534406947844, "GBPUSD": -0.11166945840313215, "Gold": -0.010003501225431173}
