{"FTSE100": -0.28231657497359697, "DJIA": 0.5310305011482952, "GBPUSD": 0.3077408664089019, "Gold": 0.234431126403744}
