{"FTSE100": 0.5294262352003659, "DJIA": -0.19923501477549774, "GBPUSD": 0.10424307941778019, "Gold": -0.11908407335578917}
