{"FTSE100": 0.1616615489998225, "DJIA": 0.14872222783215802, "GBPUSD": 0.04468940861017101, "Gold": 0.0}
