{"FTSE100": 0.1136540229309846, "DJIA": 0.38408036656632955, "GBPUSD": 0.4697544090984043, "Gold": -0.44864605031245475}
