{"FTSE100": 0.7176968208486856, "DJIA": -0.18267213781370276, "GBPUSD": -0.23861009618968532, "Gold": 0.0}
