{"FTSE100": 0.1320656423662367, "DJIA": 0.3095057545104177, "GBPUSD": -0.022510692578972535, "Gold": -0.16967640286025937}
