{"FTSE100": -0.35832994682632063, "DJIA": -0.8379300050488863, "GBPUSD": -0.39111389236544847, "Gold": -0.3258339798293227}
