{"FTSE100": -0.2211867089456514, "DJIA": 0.23634814242700203, "GBPUSD": -0.03151343260064255, "Gold": -0.049019607843137254}
