{"FTSE100": 0.32120510083816367, "DJIA": 0.3293076217979727, "GBPUSD": 0.05827020727544518, "Gold": 0.0}
