{"FTSE100": 0.3280102615232162, "DJIA": 0.5258353021775473, "GBPUSD": -0.24958092754702657, "Gold": 0.0}
