{"FTSE100": 0.23487062221407434, "DJIA": 0.9247514478540337, "GBPUSD": 0.2557337121981091, "Gold": -0.11943107379393368}
