{"FTSE100": 0.0, "DJIA": -0.6062904203220859, "GBPUSD": -0.21996048167617402, "Gold": 0.0}
