{"FTSE100": -1.265991155759403, "DJIA": -0.7253091136072889, "GBPUSD": 0.5748031496063059, "Gold": 0.6850736973219751}
