{"FTSE100": 0.3981113238735933, "DJIA": -0.4948898040914321, "GBPUSD": -0.08233163181295174, "Coffee": 0.0, "Gold": 0.1174693740560573}
