{"FTSE100": 0.9122892105305159, "DJIA": 0.49917185005699366, "GBPUSD": 0.1501952538299958, "Gold": 0.0}
