{"FTSE100": -0.03564822139791459, "DJIA": -0.16999565555422205, "GBPUSD": 0.0, "Gold": 0.0}
