{"FTSE100": -0.22546330194809433, "DJIA": 0.3104411713980244, "GBPUSD": -0.01622323166774643, "Gold": 0.0}
