{"FTSE100": -0.1874768687520255, "DJIA": 0.596068610129017, "GBPUSD": -0.03327540947238802, "Gold": 1.2520644556532485}
