{"FTSE100": -0.41994763347301284, "DJIA": 0.039785602364751205, "GBPUSD": -0.03951007506913828, "Gold": -1.3510068824878996}
