{"FTSE100": 0.8549721442102128, "DJIA": 0.025844619940161406, "GBPUSD": -0.28286189683858964, "Gold": 0.6506643337525337}
