{"FTSE100": 0.03612862309658357, "DJIA": 0.2979994901830719, "GBPUSD": 0.13397430845612834, "Gold": 0.009722424772751585}
