{"FTSE100": 0.05217455204594433, "DJIA": 1.8471231770240168, "GBPUSD": 0.47821056691091274, "Gold": 0.2639701104613385}
