{"FTSE100": -0.6725615108848613, "DJIA": -1.7640839128083747, "GBPUSD": 0.09681263032470054, "Gold": 0.0}
