{"FTSE100": 0.4335509589127163, "DJIA": 0.04258110430452795, "GBPUSD": 0.25978115405810287, "Gold": 0.5390203890321069}
