{"FTSE100": -0.4699547940835464, "DJIA": 0.0, "GBPUSD": -0.08071676487207295, "Gold": 0.2339242085564277}
