{"FTSE100": 0.7940562048318781, "DJIA": 1.06403197348351, "GBPUSD": -0.1509254110731425, "Gold": 0.57632573631225}
