{"FTSE100": -0.07939089942361545, "DJIA": 0.039785602364751205, "GBPUSD": 0.023724792408081376, "Gold": 0.2978760145052707}
