{"FTSE100": 0.40897067709590607, "DJIA": -0.051148578398403866, "GBPUSD": -0.119913662163247, "Gold": -0.4211511464670169}
