{"FTSE100": 0.6241541192962219, "DJIA": 0.4159907200303341, "GBPUSD": -0.5761382731855543, "Gold": -0.04587623610969981}
