{"FTSE100": 0.5058644298012057, "DJIA": 0.456591842729084, "GBPUSD": -0.023883448769999756, "Gold": 1.064754454584963}
