{"FTSE100": 0.7894662568359228, "DJIA": 0.4512212979898227, "GBPUSD": -0.7121709210210376, "Gold": 0.05097359567743908}
