{"FTSE100": -0.05031599493065589, "DJIA": 0.3698096740844049, "GBPUSD": 0.09928211394530752, "Gold": 0.0}
