{"FTSE100": 0.11077921531957247, "DJIA": -0.07417317066615825, "GBPUSD": 0.09219988936013081, "Gold": -0.530606195346069}
