{"FTSE100": -0.20875159558340609, "DJIA": 0.3853179154728225, "GBPUSD": 0.5067286924738325, "Gold": -0.315148880678111}
