{"FTSE100": -0.2700932955409789, "DJIA": -0.3653062469511603, "GBPUSD": 0.06178083249672824, "Gold": 0.99640640313623}
