{"FTSE100": 0.7307311896979827, "DJIA": 1.5729691516084865, "GBPUSD": 0.6635309927767526, "Gold": 0.730324831044248}
