{"FTSE100": 0.0, "DJIA": 0.431484600114922, "GBPUSD": 0.040657919053799486, "Gold": 0.1015562813932374}
