{"FTSE100": 0.6314715475260937, "DJIA": 1.237817360522537, "GBPUSD": -0.42447541246196396, "Gold": 0.0}
