{"FTSE100": -1.2446788158632704, "DJIA": -0.22494511810207987, "GBPUSD": -0.2369668246445418, "Gold": 0.0}
