{"FTSE100": -2.650138486296107, "DJIA": 0.104952532288648, "GBPUSD": 0.1801660661131279, "Gold": 3.3957687643174834}
