{"FTSE100": 1.6059001554406964, "DJIA": 0.0, "GBPUSD": 0.08506031549643356, "Gold": 0.9164811267022118}
