{"FTSE100": 0.34045569207497617, "DJIA": -0.0025957097828106066, "GBPUSD": -0.4723247232472296, "Gold": -0.10203775396897123}
