{"FTSE100": -0.06103988076120203, "DJIA": -0.5311737113798481, "GBPUSD": 0.038396559668249494, "Gold": 0.38756744433466894}
