{"FTSE100": -0.28836762220738943, "DJIA": 0.3745557446196195, "GBPUSD": 0.19214510798556367, "Gold": -0.003716090672609032}
