{"FTSE100": 0.42294439398127454, "DJIA": 0.06011959711785967, "GBPUSD": -0.3544263470192221, "Gold": 0.30152671755725535}
