{"FTSE100": 1.3842957712776665, "DJIA": 0.7098416128433065, "GBPUSD": -0.4845500039717033, "Gold": 1.437071965869527}
