{"FTSE100": 0.6585374998070389, "DJIA": 1.2002685106970685, "GBPUSD": 0.015062509414066724, "Gold": 0.7706783761985759}
