{"FTSE100": -0.35832994682632063, "DJIA": -0.44721173462843405, "GBPUSD": 0.1255295779067979, "Gold": 0.22348110805051474}
