{"FTSE100": -0.729718319968958, "DJIA": -0.2166786438583101, "GBPUSD": -0.43409780646152146, "Gold": 0.0}
