{"FTSE100": 1.0635874499889388, "DJIA": 0.13778643813328642, "GBPUSD": 0.4499646721951665, "Gold": 0.604040824828156}
