{"FTSE100": -0.3733834952143292, "DJIA": -0.35258272093663195, "GBPUSD": -0.3516723976242535, "Gold": -0.5929943918359883}
