{"FTSE100": 0.5659255260144384, "DJIA": -0.19700194689063502, "GBPUSD": -0.1489757914338921, "Gold": 1.2925614846854003}
