{"FTSE100": -0.4386243527191379, "DJIA": -0.06506443736095581, "GBPUSD": -0.20906982932299617, "Gold": -0.4298602954039891}
