{"FTSE100": -1.719583480475053, "DJIA": -3.289400767122663, "GBPUSD": 1.1263598969745936, "Gold": -1.0223255517691616}
