{"FTSE100": 0.2997572509833877, "DJIA": 0.47523783179916024, "GBPUSD": -0.3184459836000321, "Gold": 0.2831428860349837}
