{"FTSE100": 0.6859757066694108, "DJIA": 0.7838949668673242, "GBPUSD": 0.48164756684934434, "Gold": 0.45413260672116257}
