{"FTSE100": -0.7001680355581742, "DJIA": -0.29984470056581136, "GBPUSD": 0.3689186073322679, "Gold": -0.003716090672609032}
