{"FTSE100": -0.09391428029818426, "DJIA": -0.748922421182112, "GBPUSD": -0.30791094268117736, "Gold": 0.3115022194533136}
