{"FTSE100": 0.3324467188749099, "DJIA": 0.269073541483423, "GBPUSD": 0.09697753353807094, "Gold": 0.0}
