{"FTSE100": 0.3020193656157344, "DJIA": 0.09898491425418575, "GBPUSD": -0.10990621336459971, "Gold": -0.6371963361210673}
