{"FTSE100": 0.09654581924844624, "DJIA": -0.02762164368256883, "GBPUSD": -0.45919600418915957, "Gold": -0.6542802916791484}
