{"FTSE100": 0.4905827049878619, "DJIA": 2.1208611690249506, "GBPUSD": -0.3856041131105509, "Gold": -0.6863347674656879}
