{"FTSE100": -0.08465746288095428, "DJIA": -0.09677257692693851, "GBPUSD": 0.01579030475287999, "Gold": 0.0}
