{"FTSE100": -0.4692091274454787, "DJIA": 0.36800301822922377, "GBPUSD": 0.23815194093832767, "Gold": 0.0}
