{"FTSE100": -0.8591584815327881, "DJIA": -1.0632934491968242, "GBPUSD": -0.2851259306193606, "Gold": -1.2981865028243011}
