{"FTSE100": -0.16342072088295762, "DJIA": -0.4453894392832135, "GBPUSD": -0.10645578283020818, "Gold": 0.0}
