{"FTSE100": 0.5439878535544713, "DJIA": -0.2679199681665489, "GBPUSD": 0.23830801310694755, "Gold": 0.0}
