{"FTSE100": -0.15562327799459783, "DJIA": -1.0231216312168163, "GBPUSD": 0.41722427772967663, "Gold": 0.0}
