{"FTSE100": 0.5624576259193681, "DJIA": -1.0782721567498783, "GBPUSD": 0.2968549422336358, "Gold": 0.1390061063396691}
