{"FTSE100": -0.46990344432567227, "DJIA": -0.006318004675324216, "GBPUSD": 0.03187250996015585, "Gold": 2.0046359890110006}
