{"FTSE100": -0.13751600142449122, "DJIA": -0.1959734135626649, "GBPUSD": -0.46551996212719077, "Gold": -1.3804651162790664}
