{"FTSE100": -0.7100826600663114, "DJIA": -0.239627133986328, "GBPUSD": 0.6921675774134838, "Gold": 0.9482103434548086}
