{"FTSE100": 0.30318429431707206, "DJIA": -0.14992069262634208, "GBPUSD": -0.07096672449139732, "Gold": -0.19301707128763831}
