{"FTSE100": 0.2313126284087476, "DJIA": -1.0782721567498783, "GBPUSD": 0.30487804878048985, "Gold": 0.1390061063396691}
