{"FTSE100": -0.1567284005363731, "DJIA": 0.08152203150142513, "GBPUSD": 0.1912960306073615, "Gold": -0.5654806585597849}
