{"FTSE100": 1.1780248094908587, "DJIA": 0.5588465566502917, "GBPUSD": 0.45963377566906244, "Gold": 0.0}
