{"FTSE100": -0.9506878659432408, "DJIA": -0.3128226772666781, "GBPUSD": -0.13891158686060098, "Gold": 0.0}
