{"FTSE100": 0.6774761567523041, "DJIA": -0.107157370322774, "GBPUSD": 0.20385761329778387, "Gold": 0.06338139755980658}
