{"FTSE100": -0.5091928317364248, "DJIA": -0.10371594938946736, "GBPUSD": -0.3157383419689131, "Gold": -0.07280669821624063}
