{"FTSE100": 0.38807944550049633, "DJIA": -0.5468671780450398, "GBPUSD": 0.08958566629339977, "Gold": 0.27328562573956927}
