{"FTSE100": -0.16163238917160727, "DJIA": 0.05088048391570716, "GBPUSD": 0.8541035794704651, "Gold": 1.1283550757234933}
