{"FTSE100": -0.4262773565975039, "DJIA": 0.22122157225149783, "GBPUSD": 0.07878358150160639, "Gold": 0.31372549019608287}
