{"FTSE100": -0.5253829179732795, "DJIA": 1.1621354477690533, "GBPUSD": -0.28942428035042356, "Gold": -0.17584690974915249}
