{"FTSE100": 1.3061316415715427, "DJIA": 1.214134419328749, "GBPUSD": -0.7060175683441376, "Gold": -0.04956220056170994}
