{"FTSE100": -0.30040434554674417, "DJIA": 0.15976816467024268, "GBPUSD": 0.09464468806688933, "Gold": -0.353183557343277}
