{"FTSE100": 1.491024149086064, "DJIA": 0.6203762202702477, "GBPUSD": -0.02380385622470578, "Gold": 0.0}
