{"FTSE100": 0.048615164133151686, "DJIA": -0.3256629419526956, "GBPUSD": -0.12054970666236718, "Gold": -0.5678421996413673}
