{"FTSE100": 0.8208299462164476, "DJIA": 0.7722443186353741, "GBPUSD": -0.5111268380907408, "Gold": 1.0127016821146544}
