{"FTSE100": 0.1720367932133378, "DJIA": 0.15294578783460702, "GBPUSD": 0.31951371571072257, "Gold": -0.10712646023568516}
