{"FTSE100": -0.0582347455968217, "DJIA": 0.03998756396987386, "GBPUSD": 0.22187004754359238, "Gold": 0.8518035636679665}
