{"FTSE100": -0.11228009565400064, "DJIA": -0.3378366507967106, "GBPUSD": -0.016261484673548904, "Gold": -0.533862111043319}
