{"FTSE100": -1.1007438013345483, "DJIA": -1.0705615330469702, "GBPUSD": 0.10347023241006677, "Gold": 0.9513950507739305}
