{"FTSE100": 0.8954686261796692, "DJIA": 1.0707382911364858, "GBPUSD": -0.5400945165403851, "Gold": -3.6432604093154577}
