{"FTSE100": 0.3294792629708741, "DJIA": -0.7338358320316399, "GBPUSD": 0.008249463784853075, "Gold": -0.937466709278785}
