{"FTSE100": 0.2230586181012896, "DJIA": 0.17459712995045848, "GBPUSD": -0.2223987291501299, "Gold": 0.1576432336568326}
