{"FTSE100": -1.1362555552225937, "DJIA": -0.3379057081886465, "GBPUSD": -0.2463458696009108, "Gold": 1.8151557705310288}
