{"FTSE100": 0.7000001043997287, "DJIA": 1.030392679001714, "GBPUSD": -0.2626247467546962, "Gold": -1.226517997818444}
