{"FTSE100": -0.04833451495511718, "DJIA": -1.3993221513177347, "GBPUSD": -0.5100510051005038, "Gold": 0.0}
