{"FTSE100": -0.7044735336643582, "DJIA": -0.0990148762951053, "GBPUSD": 0.19656966660243225, "Gold": -0.09843596193808808}
