{"FTSE100": -0.0729038033708028, "DJIA": -0.31765148663906867, "GBPUSD": -0.1491909261313566, "Gold": 0.6446661550268681}
