{"FTSE100": -0.21055221397077672, "DJIA": 0.19542928964835954, "GBPUSD": -0.36143631649250874, "Gold": -0.2128939695469229}
