{"FTSE100": 0.08256343035854749, "DJIA": 0.8017027632632096, "GBPUSD": 0.9339774557165905, "Gold": 0.07561436672967864}
