{"FTSE100": -0.7493343279561612, "DJIA": 0.0676580292569238, "GBPUSD": 0.1585539876327891, "Gold": 0.0}
