{"FTSE100": 0.047710855134711225, "DJIA": -2.5846549704372133, "GBPUSD": 0.0835089672724377, "Gold": -1.0089133320690276}
