{"FTSE100": 0.23487062221407434, "DJIA": 0.9247514478540337, "GBPUSD": 0.2954867435741877, "Gold": 0.03981035793130574}
