{"FTSE100": 1.834392490511528, "DJIA": 0.5259268296527182, "GBPUSD": 0.4407670893906618, "Gold": 1.3824884792626633}
