{"FTSE100": 0.1789487919590571, "DJIA": -0.6934706544081913, "GBPUSD": -0.8172245796008145, "Gold": 0.09903570497785202}
