{"FTSE100": -0.5351882490617762, "DJIA": 0.40849553636761526, "GBPUSD": 0.506671170410404, "Gold": 0.15998234677553322}
