{"FTSE100": -0.056441595866252206, "DJIA": -0.44071246929431523, "GBPUSD": -0.21963295238804362, "Gold": 1.8736279261851616}
