{"FTSE100": -0.2662976163393204, "DJIA": -0.9533761962958345, "GBPUSD": -0.6409229290177862, "Gold": 0.502739932632849}
