{"FTSE100": 0.4799710424710504, "DJIA": 0.7808358947730945, "GBPUSD": 0.8326967150496664, "Gold": 0.6971027924406731}
