{"FTSE100": -0.0032867893734798382, "DJIA": 0.7735517288974445, "GBPUSD": -0.1831233518898291, "Gold": -0.7834073718333642}
