{"FTSE100": -0.08465746288095428, "DJIA": -0.09677257692693851, "GBPUSD": -0.08684667614085748, "Gold": 0.14705882352941177}
