{"FTSE100": -0.9177546233358049, "DJIA": -2.079379052991333, "GBPUSD": -0.40247678018574856, "Gold": -0.7573931903466794}
