{"FTSE100": -0.771829545768569, "DJIA": 0.7844244525698305, "GBPUSD": 0.9267631103074123, "Gold": 1.6499057196731615}
