{"FTSE100": -0.19401745311948806, "DJIA": -0.4700506204715609, "GBPUSD": -0.3466915191053154, "Gold": 0.16219070609534275}
