{"FTSE100": 0.13216084863019867, "DJIA": 0.11376013625401434, "GBPUSD": 0.2827207716613876, "Gold": 0.0}
