{"FTSE100": 0.24979306489938582, "DJIA": 0.25199130394292024, "GBPUSD": -0.015988488288430566, "Gold": -0.12998492174907708}
