{"FTSE100": 0.6087695590762143, "DJIA": 0.691345975644746, "GBPUSD": 0.30171746866780247, "Gold": -0.12415102607171878}
