{"FTSE100": 1.0653344785648353, "DJIA": 0.21474127390277828, "GBPUSD": -1.1224285999600476, "Gold": 1.19047619047618}
