{"FTSE100": 0.2868511753981341, "DJIA": 0.6465307374034748, "GBPUSD": 0.023745448788979495, "Gold": 0.0}
