{"FTSE100": 0.9495050202663639, "DJIA": -0.29755647091991744, "GBPUSD": -0.29702175483664095, "Gold": -0.5740016824187198}
