{"FTSE100": -0.040847555678126535, "DJIA": 1.011049412844147, "GBPUSD": 0.27049365091291966, "Gold": -1.0635198135198178}
