{"FTSE100": -0.7341400777054835, "DJIA": -0.8323371027288123, "GBPUSD": 0.21475179648136908, "Gold": 1.4226159458051164}
