{"FTSE100": -0.1585118440211183, "DJIA": -0.5756601024710727, "GBPUSD": -0.4616731672371094, "Gold": -0.5139653203197936}
