{"FTSE100": 0.4932924448476593, "DJIA": 1.344757089127148, "GBPUSD": 0.03736083090487521, "Gold": 0.0}
