{"FTSE100": 0.26677559327670297, "DJIA": 0.15724935011873392, "GBPUSD": 0.11513463324049489, "Gold": 0.130495432659861}
