{"FTSE100": -0.443323355400266, "DJIA": -0.5169346533361571, "GBPUSD": 0.015714622456193757, "Gold": 0.0}
