{"FTSE100": -0.1798326345069407, "DJIA": -0.3159873865338924, "GBPUSD": 0.15225578972674195, "Gold": -0.5833003276563503}
