{"FTSE100": -0.35832994682632063, "DJIA": -0.44721173462843405, "GBPUSD": -0.05491919033421645, "Gold": 0.0}
