{"FTSE100": 0.27378499873215567, "DJIA": -0.305081231250134, "GBPUSD": -0.092358350399549, "Gold": 0.8809300310491764}
