{"FTSE100": 0.43271441693392404, "DJIA": 0.3269463908926365, "GBPUSD": 0.09721079787630724, "Gold": 0.2760654993760232}
