{"FTSE100": -0.7372106192831647, "DJIA": -0.24645699225590897, "GBPUSD": 0.037436358191087676, "Gold": -0.7237111909873832}
