{"FTSE100": 0.48197451726669344, "DJIA": -0.4346783557346241, "GBPUSD": -0.7215222998990569, "Gold": 0.9521641819354313}
