{"FTSE100": -0.1738851744136407, "DJIA": 0.9966847090039459, "GBPUSD": -0.12396091585241611, "Gold": 0.12524055350215074}
