{"FTSE100": 0.5759135871030762, "DJIA": -0.9733856435851889, "GBPUSD": -0.13543658381134757, "Gold": 0.30697210391005714}
