{"FTSE100": -0.9522787076967967, "DJIA": -1.151288674596143, "GBPUSD": -0.031024586985182342, "Gold": -0.05488285939697146}
