{"FTSE100": 0.47301928627314194, "DJIA": -0.33733635634637527, "GBPUSD": 0.1752080595707534, "Gold": 3.44841650182516}
