{"FTSE100": 0.10860755565730593, "DJIA": 0.14308455936887354, "GBPUSD": -0.029601124842740766, "Gold": -0.018713075092904343}
