{"FTSE100": -0.024386761400182852, "DJIA": 0.19651595316745127, "GBPUSD": 0.4424778761061995, "Gold": 0.46476382924981285}
