{"FTSE100": -0.431303422810313, "DJIA": 0.6287188262150586, "GBPUSD": -0.058245358572982305, "Gold": 0.5858426420592576}
