{"FTSE100": 0.17169959593685002, "DJIA": 0.19065851305977627, "GBPUSD": 0.7359083495763539, "Gold": 1.2016938160454735}
