{"FTSE100": 0.4608076239546352, "DJIA": 0.7450918837989947, "GBPUSD": -0.4551559468736005, "Gold": -2.2124366730082725}
