{"FTSE100": 0.40897067709590607, "DJIA": 0.3349034667946675, "GBPUSD": -0.20785034774963287, "Gold": -0.4211511464670169}
