{"FTSE100": -1.000605484782717, "DJIA": -0.15052621823904785, "GBPUSD": 0.0, "Gold": 0.4276920617155575}
