{"FTSE100": 0.7731712895651234, "DJIA": 0.369113882907404, "GBPUSD": -0.30622934966556736, "Gold": 1.5973215219893342}
