{"FTSE100": 0.20212044138312418, "DJIA": 0.5210389894994409, "GBPUSD": 0.14027431421446568, "Gold": 0.0}
