{"FTSE100": 0.6489005275927178, "DJIA": -0.507374573065161, "GBPUSD": -0.7934014139827177, "Gold": 0.0}
