{"FTSE100": -0.8615028991371605, "DJIA": -1.0586608038636016, "GBPUSD": -0.17313291886363433, "Gold": -0.6791389031266055}
