{"FTSE100": 1.171617550136535, "DJIA": 1.3851018429090824, "GBPUSD": 0.06781704468388974, "Gold": 1.0334478170735508}
