{"FTSE100": 0.2790654877713757, "DJIA": 0.19838740499920998, "GBPUSD": 0.011183597390500987, "Gold": 0.4186783343391637}
