{"FTSE100": -0.15374445260298442, "DJIA": 0.03570612081713786, "GBPUSD": 0.10031580902842001, "Gold": -0.5054734701202396}
