{"FTSE100": 0.331555742953275, "DJIA": 0.8519050843143435, "GBPUSD": 0.05003271369742058, "Gold": 0.9900000000000091}
