{"FTSE100": 0.2360345323552148, "DJIA": 0.2599534727036511, "GBPUSD": 0.33457388819969663, "Gold": -0.06209527188858065}
