{"FTSE100": -0.03162285278160872, "DJIA": 0.5898960655036961, "GBPUSD": -0.07355344883948192, "Gold": 0.40551500405515006}
