{"FTSE100": -0.05506655843954414, "DJIA": -0.11108026269691053, "GBPUSD": -0.03210015247572073, "Gold": -0.40869004086900407}
