{"FTSE100": -0.11094081092930928, "DJIA": 0.06612084902247252, "GBPUSD": 0.0482703137570341, "Gold": 0.22733013387218995}
