{"FTSE100": 0.7449502423752127, "DJIA": 0.3459584676963842, "GBPUSD": 0.36894318274985227, "Gold": 0.45151580305311173}
