{"FTSE100": 0.2957647396992937, "DJIA": 1.2161956788204773, "GBPUSD": -0.11077702168065104, "Gold": 0.981466264950242}
