{"FTSE100": 0.10876156193151695, "DJIA": -0.5310252474825794, "GBPUSD": -0.26826574088686045, "Gold": -0.759069767441847}
