{"FTSE100": 0.6430843042109143, "DJIA": -1.0756403436845956, "GBPUSD": -0.3985684073531726, "Gold": 0.0}
