{"FTSE100": -0.2273588023437902, "DJIA": -0.775348298864452, "GBPUSD": -1.1305396442568512, "Gold": -0.060443504212170436}
