{"FTSE100": 0.6397072861862438, "DJIA": 2.8058645427177615, "GBPUSD": -0.04111381050269695, "Gold": 0.11156127062414793}
