{"FTSE100": 0.5452522644499774, "DJIA": 0.9686424484211156, "GBPUSD": 0.03924030764402504, "Gold": 0.01948368241598105}
