{"FTSE100": 1.834392490511528, "DJIA": 0.2510403830314156, "GBPUSD": 0.07700600646851316, "Gold": 0.06645537266127975}
