{"FTSE100": -0.03193334639697429, "DJIA": -0.37501581505559534, "GBPUSD": 0.011280315848850874, "Gold": 0.0}
