{"FTSE100": -0.09391428029818426, "DJIA": -0.6991176859152085, "GBPUSD": -0.06339144215530206, "Gold": 0.4092450403398682}
