{"FTSE100": 0.18836576964218146, "DJIA": 0.526500436470395, "GBPUSD": -0.06383148487990999, "Gold": 0.005021592849247215}
