{"FTSE100": 0.5559097816779507, "DJIA": -0.13424903271818125, "GBPUSD": 0.2190409137135364, "Gold": 0.44913351129190987}
