{"FTSE100": 0.0, "DJIA": 0.0, "GBPUSD": 0.031024586985182342, "Gold": -0.1955201866017157}
