{"FTSE100": 0.12670897940055595, "DJIA": -0.682834275202848, "GBPUSD": 0.040105879521933493, "Gold": 0.7750767527303886}
