{"FTSE100": 0.19604049004074553, "DJIA": 0.6211655801358724, "GBPUSD": -0.26461928366441373, "Gold": -0.2396644697423641}
