{"FTSE100": -0.22653878224175583, "DJIA": 0.12809107195364688, "GBPUSD": 0.24062718310953216, "Gold": -0.4285812247137077}
