{"FTSE100": -0.023939625658624317, "DJIA": -0.2762313694143475, "GBPUSD": 0.8652094717668377, "Gold": 0.9751552795031084}
