{"FTSE100": 0.32356440042232365, "DJIA": -1.1005801171786118, "GBPUSD": 0.20810788312660838, "Gold": -0.16585581601061475}
