{"FTSE100": 0.5566718892641725, "DJIA": -0.6042097229734193, "GBPUSD": 0.03984063745019481, "Gold": 1.1044042029957646}
