{"FTSE100": 0.8671398304801184, "DJIA": 0.5780656823285102, "GBPUSD": 0.8801141769743012, "Gold": 0.03666457154829486}
