{"FTSE100": 0.8049724440469816, "DJIA": 0.8219630655280836, "GBPUSD": 0.2810146502304427, "Gold": 0.0}
