{"FTSE100": 0.232116951233122, "DJIA": -1.559389648539442, "GBPUSD": -0.4946413849958734, "Gold": 0.02345674185855229}
