{"FTSE100": -0.08396778641598807, "DJIA": 0.23634814242700203, "GBPUSD": 0.007878358150160638, "Gold": -0.18627450980391935}
