{"FTSE100": 0.16738050022222825, "DJIA": 0.7752468496468553, "GBPUSD": -0.4904756473137954, "Gold": 0.5868315963767499}
