{"FTSE100": -0.540046703866629, "DJIA": 0.03159185761286059, "GBPUSD": 0.015733165512899463, "Gold": 0.1457043242961937}
