{"FTSE100": 0.01744569220630324, "DJIA": -0.09917986763745033, "GBPUSD": -0.25943396226413984, "Gold": -0.2504289755599912}
