{"FTSE100": 1.5503875968992218, "DJIA": 0.6420607733242925, "GBPUSD": 0.14951211835064626, "Gold": 0.27269572115622986}
