{"FTSE100": 0.06973686763821241, "DJIA": -0.365779446938461, "GBPUSD": -0.9858138975715298, "Gold": 0.7603417773929995}
