{"FTSE100": 0.3087857323857004, "DJIA": -0.34993926830273775, "GBPUSD": -0.7851142341210653, "Gold": -0.6473466315393233}
