{"FTSE100": -0.2272505719244872, "DJIA": -0.2343375431877598, "GBPUSD": -0.08039877793856648, "Gold": 0.14033680834001375}
