{"FTSE100": -0.9823883655525013, "DJIA": 0.04090648993930679, "GBPUSD": 0.07064918753435301, "Gold": -0.2918336053816028}
