{"FTSE100": 0.0047939951786321565, "DJIA": 0.5047764167950116, "GBPUSD": -0.021842009464868365, "Gold": 1.657357940747933}
