{"FTSE100": -1.265991155759403, "DJIA": -1.5518193040996278, "GBPUSD": 0.015632327653585895, "Gold": 0.35056365136100553}
