{"FTSE100": 0.11720103175533525, "DJIA": 0.6211655801358724, "GBPUSD": -0.19753270470724468, "Gold": -0.3632414619532586}
