{"FTSE100": 0.2560899979616971, "DJIA": 0.12576475208445284, "GBPUSD": -0.6579920153777841, "Gold": -0.35708617679733373}
