{"FTSE100": -0.5549929303748256, "DJIA": 0.19142400032713686, "GBPUSD": 0.24564183835183065, "Gold": 1.064754454584963}
