{"FTSE100": 0.5752504022746886, "DJIA": -0.8250931708515912, "GBPUSD": 0.1310223486691978, "Gold": 1.4253827779300656}
