{"FTSE100": -0.03077894301180947, "DJIA": 0.025216855775593027, "GBPUSD": -0.1338793510789128, "Gold": 0.0}
