{"FTSE100": -0.3595507245327394, "DJIA": -0.22576149823960776, "GBPUSD": -0.4300907100406678, "Gold": -2.033497869468011}
