{"FTSE100": -1.000605484782717, "DJIA": -0.15052621823904785, "GBPUSD": -0.007675186123279686, "Gold": 0.04778401624655828}
