{"FTSE100": 0.33599949402429136, "DJIA": -0.3729195547664761, "GBPUSD": -0.06254829095993358, "Gold": -0.5563955246446821}
