{"FTSE100": -0.4332474003213635, "DJIA": 0.08741907792502931, "GBPUSD": 0.4337881536398817, "Gold": 0.28399353669880656}
