{"FTSE100": -0.10723354496009274, "DJIA": -0.2135491844822, "GBPUSD": 0.12210012210010864, "Gold": 0.6072004298764203}
