{"FTSE100": -0.19384478509900718, "DJIA": 0.7598875102798921, "GBPUSD": -0.08142719668368338, "Gold": 0.9322322492763337}
