{"FTSE100": 0.05886393770487582, "DJIA": 0.2973710194088548, "GBPUSD": -0.16642987619239988, "Gold": -0.2998988293106005}
