{"FTSE100": 0.2805292323412319, "DJIA": -0.305081231250134, "GBPUSD": -0.10038951130385683, "Gold": 0.03610368979709726}
