{"FTSE100": 0.8955566508449941, "DJIA": 0.6034891630965501, "GBPUSD": -0.016281341582562683, "Gold": -1.2764239947530374}
