{"FTSE100": 0.3582632944730669, "DJIA": 0.993441695519574, "GBPUSD": -0.27844073190133944, "Gold": 0.9018648731274804}
