{"FTSE100": 0.1526903673311526, "DJIA": -0.9733856435851889, "GBPUSD": -0.0318674314850188, "Gold": 0.38755228118644364}
