{"FTSE100": -0.42619165357316785, "DJIA": -0.14333462800699967, "GBPUSD": 0.007487832272556269, "Gold": 0.0030219697198606583}
