{"FTSE100": 0.49785611587956313, "DJIA": -0.13625368641594268, "GBPUSD": 0.016005121638922693, "Gold": 0.0}
