{"FTSE100": 0.7783963290575311, "DJIA": 0.9981709717002313, "GBPUSD": 0.28429859475266495, "Gold": 0.13218770654328685}
