{"FTSE100": 0.5602986867183634, "DJIA": -0.30778961596335436, "GBPUSD": -0.29862792574657276, "Gold": 0.0}
