{"FTSE100": 1.2487992315081617, "DJIA": 0.2667540403688109, "GBPUSD": -0.01592229917999984, "Gold": 0.11629910406617303}
