{"FTSE100": -0.9024526057354071, "DJIA": -0.30796430231554844, "GBPUSD": -0.24064392996431022, "Gold": 0.19324708787374034}
