{"FTSE100": 0.20835916073451882, "DJIA": -0.27362807286722257, "GBPUSD": 0.018318373328454554, "Gold": -0.7400580118734508}
