{"FTSE100": 0.2318396237574106, "DJIA": 0.49099745223167707, "GBPUSD": -0.20558442043883154, "Gold": 0.8925432600289014}
