{"FTSE100": 0.6416603089560576, "DJIA": -0.47657591139606564, "GBPUSD": -0.19273535952556975, "Gold": -0.9948448946368815}
