{"FTSE100": 0.15351627546249855, "DJIA": 0.07159817055879743, "GBPUSD": 0.28699624075347946, "Gold": -0.0446076244724353}
