{"FTSE100": -0.29522859089713155, "DJIA": 0.23634814242700203, "GBPUSD": 0.055148507051124465, "Gold": 0.19117647058823975}
