{"FTSE100": 0.4642993987970511, "DJIA": -1.0836312961629802, "GBPUSD": 0.10318279228510825, "Gold": 0.0}
