{"FTSE100": -0.4269749293321561, "DJIA": -0.021311785780461404, "GBPUSD": 0.5534238488783989, "Gold": 0.3766117707136435}
