{"FTSE100": -0.3948446413399744, "DJIA": -0.031041116091428917, "GBPUSD": -0.05634256278170661, "Gold": -1.564212414067953}
