{"FTSE100": 0.8951957608572814, "DJIA": 0.17368366748200947, "GBPUSD": 0.49473348228534814, "Gold": 0.4689736881078146}
