{"FTSE100": 0.032336614356480886, "DJIA": 0.055114080522790466, "GBPUSD": -0.03955070400252689, "Gold": -0.00859217253083614}
