{"FTSE100": 0.412779278173345, "DJIA": -0.11445178124749743, "GBPUSD": 0.2290763315061698, "Gold": -0.7097009862756424}
