{"FTSE100": -0.1526867009763957, "DJIA": 0.5516625720786568, "GBPUSD": -0.087449146420287, "Gold": -0.8651136949878855}
