{"FTSE100": 0.4952491194961733, "DJIA": 1.5774460717160004, "GBPUSD": -0.2054569362261626, "Gold": 0.015028554253078575}
