{"FTSE100": 0.5808539883829273, "DJIA": -0.8988229675142219, "GBPUSD": 0.7309941520467842, "Gold": 0.0}
