{"FTSE100": -0.6450411104931981, "DJIA": -0.17856107954112446, "GBPUSD": 0.13194788058717183, "Gold": 0.0}
