{"FTSE100": 0.019628845823868393, "DJIA": 0.6419006244416621, "GBPUSD": 0.6175252090987272, "Gold": 0.7966284627640438}
