{"FTSE100": 0.7874970521373037, "DJIA": 0.06517049275640284, "GBPUSD": -0.0921183536607814, "Gold": -0.17202891724181418}
