{"FTSE100": -0.8704533473906192, "DJIA": -0.9782146707198871, "GBPUSD": -0.0823723228994967, "Gold": -0.4909732521863722}
