{"FTSE100": 0.36463461174592293, "DJIA": 0.518734233630401, "GBPUSD": -0.11174016686532008, "Gold": 1.556123057829538}
