{"FTSE100": -0.22043049963407965, "DJIA": -1.2386126264789703, "GBPUSD": 0.1673306772908359, "Gold": 0.9121395036888035}
