{"FTSE100": -0.02652216995553674, "DJIA": -1.4853557629860334, "GBPUSD": -0.04803843074460816, "Gold": -0.14401675831370261}
