{"FTSE100": 1.171617550136535, "DJIA": 0.2540816309242932, "GBPUSD": 0.04521136312259316, "Gold": 2.4196293202141237}
