{"FTSE100": -1.1007438013345483, "DJIA": -0.8574188729116689, "GBPUSD": 0.31816735602927165, "Gold": 0.0}
