{"FTSE100": -0.19022749056198285, "DJIA": -0.0024001597382780344, "GBPUSD": 0.007912644405759534, "Gold": -0.008604000860392261}
