{"FTSE100": -0.9177546233358049, "DJIA": -2.079379052991333, "GBPUSD": 0.07376635477735982, "Gold": -0.23175371843652087}
