{"FTSE100": 0.41395967606525425, "DJIA": 0.3445162992953167, "GBPUSD": 0.1934235976789134, "Gold": 0.0}
