{"FTSE100": -1.4948936800039425, "DJIA": -0.8585878386325305, "GBPUSD": 0.01644736842105082, "Gold": -0.31778058007565974}
