{"FTSE100": -0.3758326475377669, "DJIA": -0.387434036696175, "GBPUSD": 0.056224899598387376, "Gold": -0.23342670401493928}
