{"FTSE100": -0.8817447083234169, "DJIA": 0.0, "GBPUSD": 0.4383752958063338, "Gold": 1.3075573504584725}
