{"FTSE100": 0.49785611587956313, "DJIA": 0.1841741607171637, "GBPUSD": -0.5408845052497724, "Gold": -0.17587055926837847}
