{"FTSE100": -0.035690771036622805, "DJIA": 0.6092074879444871, "GBPUSD": -0.30630340157988273, "Gold": 0.0}
