{"FTSE100": -0.46990344432567227, "DJIA": -0.39361429127457404, "GBPUSD": -0.08778229989626532, "Gold": 0.3047733516483673}
