{"FTSE100": 0.9528979738846908, "DJIA": 0.24052178317833578, "GBPUSD": 0.0, "Gold": -0.1979316146271463}
