{"FTSE100": -0.16156729388452631, "DJIA": 0.36800301822922377, "GBPUSD": 0.23021354290705126, "Gold": 0.0}
