{"FTSE100": 0.08013797248515114, "DJIA": 0.05949838060927864, "GBPUSD": -0.08545680546924338, "Gold": 0.2815126050420283}
