{"FTSE100": -1.3973463734316973, "DJIA": 0.7281082262846325, "GBPUSD": 0.051729234407341486, "Gold": 0.0}
