{"FTSE100": 0.7955447106879341, "DJIA": 0.47081046179614566, "GBPUSD": -0.23067192499442685, "Gold": 0.0}
