{"FTSE100": 0.38923704786995045, "DJIA": 0.1525168228928394, "GBPUSD": 0.11045364891519273, "Gold": 0.14348622037503653}
