{"FTSE100": 0.9278002902926062, "DJIA": 0.5017275560169973, "GBPUSD": 0.007791803023218714, "Gold": 0.6029106029106029}
