{"FTSE100": 0.42893867938660274, "DJIA": 0.5928974953895598, "GBPUSD": -0.20846757381647502, "Gold": 0.755697720911639}
