{"FTSE100": 2.1693037598055804e-14, "DJIA": 0.3745557446196195, "GBPUSD": 0.4073476289293738, "Gold": -0.003716090672609032}
