{"FTSE100": 0.538960144727111, "DJIA": -1.141041489359408, "GBPUSD": -0.08107795065827539, "Gold": -0.044629063819551895}
