{"FTSE100": -0.18749754708645017, "DJIA": -0.2343375431877598, "GBPUSD": 0.024119633381569944, "Gold": 0.14033680834001375}
