{"FTSE100": 0.3677859437796629, "DJIA": 1.0462668361610967, "GBPUSD": 0.21773720793902818, "Gold": 0.0}
