{"FTSE100": 0.30964015643319287, "DJIA": 0.07982229077906583, "GBPUSD": -0.10267751362450492, "Gold": 0.7525823905558378}
