{"FTSE100": -0.22330566332742413, "DJIA": -0.14109263645690004, "GBPUSD": -0.03168065895772041, "Gold": -0.15815746552661716}
