{"FTSE100": 0.22674076833468607, "DJIA": -0.4349963316377406, "GBPUSD": -0.330670629760345, "Gold": 0.044864509182269544}
