{"FTSE100": 1.1721332215249718, "DJIA": 1.0567853185221285, "GBPUSD": -0.024675111037996952, "Gold": -0.2727940404994253}
