{"FTSE100": -0.6297667567894708, "DJIA": -1.6572149860968854, "GBPUSD": 0.159329140461217, "Gold": 0.0}
