{"FTSE100": -0.29024726353594016, "DJIA": 1.0707382911364858, "GBPUSD": 0.37340172745445704, "Gold": 1.3063516771968433}
