{"FTSE100": 0.4932924448476593, "DJIA": 1.344757089127148, "GBPUSD": 0.05975500448163534, "Gold": -0.21234395053084715}
