{"FTSE100": 0.11842383105446407, "DJIA": -0.20163508038452232, "GBPUSD": 0.2740131822557977, "Gold": 0.915450384316427}
