{"FTSE100": 0.15331187753934566, "DJIA": -0.06001681702517092, "GBPUSD": -0.055287891951656495, "Gold": 0.18199704869650987}
