{"FTSE100": -1.2087318083020675, "DJIA": -1.1819083437757547, "GBPUSD": -0.09501729314735079, "Gold": -0.784111299560015}
