{"FTSE100": 0.8495683111907588, "DJIA": 1.2139763189649497, "GBPUSD": 0.08191227939534595, "Gold": -0.8257792127157505}
