{"FTSE100": -0.34526685465127677, "DJIA": -0.5738126324801933, "GBPUSD": -0.2079168332667059, "Gold": -0.026067462593191176}
