{"FTSE100": -0.6652909490064568, "DJIA": -1.3355971700710638, "GBPUSD": -0.014684287812039497, "Gold": 0.0}
