{"FTSE100": 1.0508559495046033, "DJIA": 1.6529306306701488, "GBPUSD": -0.007732755954221232, "Gold": -0.11688094840540991}
