{"FTSE100": 0.7345002834958767, "DJIA": 0.7978554537875318, "GBPUSD": 0.14000988305055284, "Gold": 0.37874746612610205}
