{"FTSE100": -0.1211109884318451, "DJIA": -0.023643137848942092, "GBPUSD": -0.09165902841429685, "Gold": 0.09259259259260345}
