{"FTSE100": 0.4501374478426976, "DJIA": -1.7916514808127648, "GBPUSD": 0.14744913005013283, "Gold": -0.463394730706461}
