{"FTSE100": -0.28522192289924014, "DJIA": -0.15920665509372017, "GBPUSD": 0.023661172016717955, "Gold": -0.6769351515746077}
