{"FTSE100": -0.012558536061100347, "DJIA": 0.486046483547499, "GBPUSD": 0.003940576112235923, "Gold": 0.7613924769877612}
