{"FTSE100": -0.00512965463814769, "DJIA": -1.0699665852762297, "GBPUSD": -0.20538566864444885, "Gold": 1.2779159382463654}
