{"FTSE100": 0.47926310375461734, "DJIA": -0.2878280428684172, "GBPUSD": -1.052315093205052, "Gold": -3.543802842237807}
