{"FTSE100": 0.018743847785457814, "DJIA": 0.0, "GBPUSD": 0.14259837360774882, "Gold": -0.285202383999405}
