{"FTSE100": -0.3674889854471377, "DJIA": -1.0164411980366876, "GBPUSD": -0.10046885465506444, "Gold": -0.011054609772277553}
