{"FTSE100": 0.06609853402894124, "DJIA": -0.07915475151878466, "GBPUSD": -0.3475238922675902, "Gold": 0.7525823905558378}
