{"FTSE100": -1.00385314049015, "DJIA": -1.452335751438106, "GBPUSD": 0.6473594548552002, "Gold": 1.5790112960038867}
