{"FTSE100": 0.3533085433407055, "DJIA": -0.12079694235055477, "GBPUSD": 0.008034709946970028, "Gold": 0.0}
