{"FTSE100": -0.46215580832442377, "DJIA": -0.0674114021571557, "GBPUSD": -0.41673219059601213, "Gold": -0.25201872139073656}
