{"FTSE100": -0.2430039740292928, "DJIA": 2.845283598865371, "GBPUSD": 0.12692250261311294, "Gold": -0.810611643330877}
