{"FTSE100": 0.09654581924844624, "DJIA": 0.18960369728685225, "GBPUSD": -0.3222428099573031, "Gold": -0.6542802916791484}
