{"FTSE100": 0.31591109243833315, "DJIA": -0.5738126324801933, "GBPUSD": -0.21591363454619322, "Gold": -0.026067462593191176}
