{"FTSE100": -0.4133473384809005, "DJIA": -0.6188604812949237, "GBPUSD": -0.8392077878482535, "Gold": 0.09375871069102243}
