{"FTSE100": 0.08461344505216895, "DJIA": -0.7542049013101592, "GBPUSD": -0.6425457048879172, "Gold": -0.22920267528368185}
