{"FTSE100": 0.018616152497902997, "DJIA": -1.2995112806410898, "GBPUSD": -0.11956647510315258, "Gold": 1.5106665305705702}
