{"FTSE100": 0.4932924448476593, "DJIA": 1.344757089127148, "GBPUSD": 0.06724949562879197, "Gold": 1.9731198169859705}
