{"FTSE100": 0.6898354911194534, "DJIA": -0.13114792119699958, "GBPUSD": -0.04168719445181722, "Gold": 0.44071804794152425}
