{"FTSE100": -0.13762365765263776, "DJIA": 0.0, "GBPUSD": 0.26148969889065615, "Gold": 0.8518035636679665}
