{"FTSE100": 0.12657895703558916, "DJIA": 1.3844343426969425, "GBPUSD": 0.0994415971850439, "Gold": 0.3549858252187869}
