{"FTSE100": 0.07818967340402241, "DJIA": -0.30817887794355414, "GBPUSD": -0.02760361212980405, "Gold": 0.04166824500927721}
