{"FTSE100": -0.09816065627409394, "DJIA": 0.6210782430528998, "GBPUSD": 0.381056069678834, "Gold": 0.5558441558441582}
