{"FTSE100": 0.06081228818191922, "DJIA": -1.878073652373009, "GBPUSD": 0.40691380147085937, "Gold": 0.9602780233515227}
