{"FTSE100": -0.15388234499018277, "DJIA": -0.7051188320678181, "GBPUSD": -0.2039695614654552, "Gold": 0.45396230139149535}
