{"FTSE100": 0.5529397713057144, "DJIA": -0.14347623167056228, "GBPUSD": -1.2325390304026396, "Gold": -1.057173678532897}
