{"FTSE100": 1.52380901271719, "DJIA": 1.0599285535638696, "GBPUSD": -0.8592910848550022, "Gold": -0.010115314586285933}
