{"FTSE100": 0.1765562681213151, "DJIA": -0.862774881793168, "GBPUSD": -0.058835065699158924, "Gold": 0.35384615384616436}
