{"FTSE100": -0.10328936914031532, "DJIA": -0.20066982360349273, "GBPUSD": -0.30050083472453254, "Gold": 0.1831593737454769}
