{"FTSE100": 0.26812458837502223, "DJIA": -0.107157370322774, "GBPUSD": 0.33714912968480243, "Gold": 0.06338139755980658}
