{"FTSE100": -0.1668005437056126, "DJIA": 0.526500436470395, "GBPUSD": 0.15209734229907243, "Gold": -0.3902341404842883}
