{"FTSE100": -1.0072397232945005, "DJIA": -0.2855623567225244, "GBPUSD": 0.2093771031182168, "Gold": -0.49540521120901215}
