{"FTSE100": -0.5909915000824011, "DJIA": 0.11640997004562277, "GBPUSD": 0.0741289844329234, "Gold": 0.0}
