{"FTSE100": 0.3971787604043627, "DJIA": -0.3856438103780602, "GBPUSD": -0.04927415381116927, "Gold": 0.563774490203933}
