{"FTSE100": -0.08537826737239813, "DJIA": -0.1681898295137389, "GBPUSD": -0.31350419311858324, "Gold": 0.6521172071993739}
