{"FTSE100": 0.23872042804692678, "DJIA": 0.2971982623153109, "GBPUSD": 0.3636657507677346, "Gold": 0.22063985558118998}
