{"FTSE100": 0.586571281619679, "DJIA": 2.3022406639808977, "GBPUSD": -0.8493686109440669, "Gold": -3.013131858247886}
