{"FTSE100": -0.5784789859196885, "DJIA": 0.03159185761286059, "GBPUSD": -0.11799874134676343, "Gold": 0.3122235520632773}
