{"FTSE100": -0.02809848785071606, "DJIA": 0.3304222807185754, "GBPUSD": 0.007966223213573567, "Gold": 0.10111223458038422}
