{"FTSE100": -0.7798113200180646, "DJIA": 0.12672300894125516, "GBPUSD": -0.23749078699534226, "Gold": 0.0}
