{"FTSE100": -1.0651665879167873, "DJIA": -0.7497381142302463, "GBPUSD": 0.1376964198930676, "Gold": 0.0}
