{"FTSE100": 1.6332860035592796, "DJIA": 0.3542247420282021, "GBPUSD": -0.2935808934380556, "Gold": -0.052140361854111264}
