{"FTSE100": -0.46958740632639895, "DJIA": -1.559389648539442, "GBPUSD": -0.20235329386194442, "Gold": 0.0}
