{"FTSE100": -0.12889793232666152, "DJIA": 0.4838642504311921, "GBPUSD": -0.8266947241845708, "Gold": -3.535290182304722}
