{"FTSE100": -0.04520112860543046, "DJIA": -0.7428935919073757, "GBPUSD": -0.10978610637894766, "Gold": -0.37046034252399707}
