{"FTSE100": 0.34557986473777635, "DJIA": 0.0, "GBPUSD": 0.42831743979312126, "Gold": 0.36104703640557845}
