{"FTSE100": -0.11116147553367517, "DJIA": 0.324012006674884, "GBPUSD": 0.09260974254491375, "Gold": -0.12037227327443009}
