{"FTSE100": 0.6685561196789193, "DJIA": 0.7838949668673242, "GBPUSD": 0.44843049327353, "Gold": 0.36864882192659565}
