{"FTSE100": -0.13061233123181587, "DJIA": 1.0211711642343746, "GBPUSD": 0.16473172262315583, "Gold": -0.3866776654980408}
