{"FTSE100": 0.588395739903204, "DJIA": 0.5740011520767828, "GBPUSD": 0.4644219605241375, "Gold": -0.5260897573545298}
