{"FTSE100": -0.23799008462015098, "DJIA": -0.09271224603739057, "GBPUSD": -0.07094994087504146, "Gold": 0.27826596367896006}
