{"FTSE100": 0.2240058580438708, "DJIA": 0.15567132412362186, "GBPUSD": -0.07181042048991645, "Gold": -0.0459365310262917}
