{"FTSE100": -1.14025672654206, "DJIA": -0.0032250019349976847, "GBPUSD": 0.7526641329458229, "Gold": 1.782948091000207}
