{"FTSE100": -1.4135412199272164, "DJIA": -0.9050467553237614, "GBPUSD": -0.3066989507667494, "Gold": 0.6613333333333463}
