{"FTSE100": 0.7288846376247659, "DJIA": -0.6458966231212456, "GBPUSD": -0.02454790933638548, "Gold": 0.0}
