{"FTSE100": 0.10686495912001773, "DJIA": -1.1420705304931666, "GBPUSD": 0.17089843749999922, "Gold": 0.0}
