{"FTSE100": 0.9058784926424158, "DJIA": -1.2372630858564577, "GBPUSD": -0.8366533864541795, "Gold": -0.47562425683711024}
