{"FTSE100": 0.08835381837313029, "DJIA": 0.3058802269914348, "GBPUSD": -0.04822375823822005, "Gold": -0.2855284082694843}
