{"FTSE100": -0.7311173942212431, "DJIA": -0.5618624186262472, "GBPUSD": 0.03979941096873096, "Gold": -0.17651334233204566}
