{"FTSE100": 1.0764787435712724, "DJIA": -0.1923767432055376, "GBPUSD": -0.16307167741457118, "Gold": 0.0}
