{"FTSE100": -0.6001409048995553, "DJIA": -0.6541687348071251, "GBPUSD": 0.03963849690819287, "Gold": -1.2546018213524555}
