{"FTSE100": 0.7243325677410822, "DJIA": -0.43107519378210224, "GBPUSD": 0.1104797979797858, "Gold": 0.33052160440696726}
