{"FTSE100": 0.11543385236241152, "DJIA": -1.0104511581288504, "GBPUSD": -0.13813790109325635, "Gold": -0.40816326530612246}
