{"FTSE100": -0.18778434764337884, "DJIA": 0.5516625720786568, "GBPUSD": 0.07619047619048472, "Gold": -0.9801976268899487}
