{"FTSE100": -0.058044757657275285, "DJIA": 0.2973710194088548, "GBPUSD": -0.0202963263649167, "Gold": -0.5817314640844183}
