{"FTSE100": 0.6988855516734854, "DJIA": -1.4818807365084472, "GBPUSD": 0.0, "Gold": 1.8048505358149962}
