{"FTSE100": 0.6597205585879746, "DJIA": 0.786725633761816, "GBPUSD": 0.461550496753502, "Gold": 0.7160713529087789}
