{"FTSE100": 0.11657407682480604, "DJIA": 0.0501329395860629, "GBPUSD": 0.21781583295778145, "Gold": 0.06397757738240034}
