{"FTSE100": 0.04199361380137669, "DJIA": -0.14109263645690004, "GBPUSD": 0.07920164739425707, "Gold": -0.0642514703701963}
