{"FTSE100": -0.6323531111131084, "DJIA": -0.24435689693973045, "GBPUSD": 0.023877745940798233, "Gold": 0.5816819481415731}
