{"FTSE100": 0.19042809153229104, "DJIA": 1.042902600868546, "GBPUSD": -0.03314795035174111, "Gold": 0.0}
