{"FTSE100": 0.041256881058371754, "DJIA": 0.15847931345605776, "GBPUSD": -0.06300204756653897, "Gold": 0.0}
