{"FTSE100": -0.10481542999860143, "DJIA": 0.8017027632632096, "GBPUSD": 0.39452495974236124, "Gold": -0.45368620037807184}
