{"FTSE100": -0.171533767598899, "DJIA": 1.0471000058129012, "GBPUSD": 0.28844020412691473, "Gold": -0.37319047762362206}
