{"FTSE100": 0.5159938160432288, "DJIA": 0.5399551168520843, "GBPUSD": 0.3382364508770526, "Gold": 0.4347826086956569}
