{"FTSE100": 0.3582632944730669, "DJIA": 0.8791211768150543, "GBPUSD": 0.3271885723405947, "Gold": -2.5646702830362744}
