{"FTSE100": -0.8105759697437301, "DJIA": -0.7312499733042587, "GBPUSD": -0.659594985535185, "Gold": -1.918594226286534}
