{"FTSE100": 0.3314749647437117, "DJIA": 0.9446134993918543, "GBPUSD": 0.37741783299260223, "Gold": -0.06787094079565388}
