{"FTSE100": 0.2149549047918157, "DJIA": 0.5561681064118081, "GBPUSD": -0.14928891333385813, "Gold": -0.2128939695469229}
