{"FTSE100": -2.581384435467244, "DJIA": -2.4269695883007256, "GBPUSD": -0.7447633824670328, "Gold": -0.5710491367861825}
