{"FTSE100": 0.5367895804231219, "DJIA": 0.6528563581075048, "GBPUSD": 0.2014925373134272, "Gold": 1.1757851808696596}
