{"FTSE100": 1.3735047116512433, "DJIA": -0.03282323571336199, "GBPUSD": 0.17549724218619342, "Gold": 0.0}
