{"FTSE100": -1.5653077399545794, "DJIA": -0.8895244455660143, "GBPUSD": 0.3864353312302939, "Gold": -0.8164974353606268}
