{"FTSE100": -1.078357242601744, "DJIA": -0.23801784486089847, "GBPUSD": -0.2533093642751986, "Gold": 0.0}
