{"FTSE100": -0.2851543532443681, "DJIA": 0.3311223620546374, "GBPUSD": 0.06113403637476188, "Gold": -0.3673281975409441}
