{"FTSE100": -0.17821682568046013, "DJIA": 0.16497001834662858, "GBPUSD": 0.047025628967782264, "Gold": 0.06091525165612993}
