{"FTSE100": 0.16747764813026658, "DJIA": 0.5990641519707853, "GBPUSD": -0.36915338120157837, "Gold": 0.08381007907299427}
