{"FTSE100": 0.33054137351955426, "DJIA": 0.476619365512552, "GBPUSD": 0.7194839563347609, "Gold": 0.6222508314558597}
