{"FTSE100": -0.7578410090022746, "DJIA": 0.01750522268031231, "GBPUSD": 0.01615247940560491, "Gold": 0.0}
