{"FTSE100": 0.01915404841779275, "DJIA": 0.7735517288974445, "GBPUSD": -0.09153820804803729, "Gold": 0.02701404730458747}
