{"FTSE100": -0.5405290034096606, "DJIA": 0.5830496679569971, "GBPUSD": 0.2559181062060214, "Gold": 0.546088891136166}
