{"FTSE100": 0.37283427151108345, "DJIA": 0.03445686980052991, "GBPUSD": 0.06675567423230239, "Gold": 0.0}
