{"FTSE100": 0.2873175896196865, "DJIA": -0.7282460076244619, "GBPUSD": 0.042335373128587955, "Gold": 1.1166666666666667}
