{"FTSE100": 0.3183678152128119, "DJIA": 0.3762949087976161, "GBPUSD": -0.10697827518104665, "Gold": 0.0}
