{"FTSE100": 0.8929191430263659, "DJIA": 1.0901480396441412, "GBPUSD": 0.4475756319933567, "Gold": -0.49828713796325835}
