{"FTSE100": 0.7952314937353803, "DJIA": 1.2633361362158366, "GBPUSD": 0.16217969510217334, "Gold": 0.07618080243778567}
