{"FTSE100": 0.19825383281616135, "DJIA": 1.0123685932194848, "GBPUSD": 0.6254188072370028, "Gold": -0.03280546360085782}
