{"FTSE100": 0.032336614356480886, "DJIA": 0.168614320560464, "GBPUSD": 0.015820281601010757, "Gold": -0.030072603857897184}
