{"FTSE100": -0.044239205235370206, "DJIA": 0.03159185761286059, "GBPUSD": 0.3309431880860437, "Gold": 0.34864963313732866}
