{"FTSE100": 0.2636072488058913, "DJIA": -0.07263340643744276, "GBPUSD": -0.1737619461337951, "Gold": 0.7525823905558378}
