{"FTSE100": -0.5882012322230863, "DJIA": -0.02809406082031541, "GBPUSD": -0.09673050880245707, "Gold": 0.30459456859790307}
