{"FTSE100": -0.14250459329027568, "DJIA": 0.19158137994779492, "GBPUSD": -0.09501187648456767, "Gold": -0.07489106753813564}
