{"FTSE100": -0.12396904674955661, "DJIA": 0.3746010720720886, "GBPUSD": -0.05198277142432221, "Gold": 0.6890916519133918}
