{"FTSE100": 0.3501963994021771, "DJIA": 0.19646190104483044, "GBPUSD": 0.1934535324615158, "Gold": -0.23563771530982586}
