{"FTSE100": -1.3973463734316973, "DJIA": 0.7281082262846325, "GBPUSD": -0.022158209616660533, "Gold": 0.0}
