{"FTSE100": -0.796681479478907, "DJIA": -0.36454083119177816, "GBPUSD": 0.3121988822509238, "Gold": 0.20947702976019147}
