{"FTSE100": -0.8116900403582253, "DJIA": -0.7259608438087147, "GBPUSD": 0.04148689014271033, "Gold": 0.15388843088761647}
