{"FTSE100": 0.19042809153229104, "DJIA": 0.6002211944997797, "GBPUSD": 0.522241564502389, "Gold": 0.0}
