{"FTSE100": 0.07285496833420829, "DJIA": -0.5777173623608186, "GBPUSD": 0.2052635437284593, "Gold": -0.807845343836677}
