{"FTSE100": -0.8771126103936367, "DJIA": -0.17540093432380505, "GBPUSD": 0.44120891242003124, "Gold": 0.0}
