{"FTSE100": -1.011235686509755, "DJIA": -1.2115235026794196, "GBPUSD": -0.8867454884878715, "Gold": 0.6305378116628965}
