{"FTSE100": 0.260971326803656, "DJIA": 0.6896185615159817, "GBPUSD": 0.024100257069406085, "Gold": -0.3220127946417071}
