{"FTSE100": 0.2974961248973496, "DJIA": 0.049442940289510934, "GBPUSD": 0.007835148476062759, "Gold": 1.036336271769508}
