{"FTSE100": -0.022088038129806538, "DJIA": 0.224022401685463, "GBPUSD": 0.29460944342702733, "Gold": 0.019699581383900072}
