{"FTSE100": -0.14826000993342064, "DJIA": -0.6739446699826671, "GBPUSD": -0.3337708606787973, "Gold": 0.2263544759772229}
