{"FTSE100": -0.3477753703699092, "DJIA": 0.0012702466941318623, "GBPUSD": 0.1982614000305138, "Gold": -0.1447468939728965}
