{"FTSE100": 0.19483720026407683, "DJIA": 1.0014658993795054, "GBPUSD": -0.03227628499959299, "Gold": -0.2803156146179449}
