{"FTSE100": -0.39883352951391887, "DJIA": 0.2765969764780759, "GBPUSD": 0.0, "Gold": 0.2861175752489223}
