{"FTSE100": -0.2607923756183723, "DJIA": -0.3783826232612602, "GBPUSD": 0.1609952433223549, "Gold": 0.0}
