{"FTSE100": 0.6179995300383821, "DJIA": -0.30778961596335436, "GBPUSD": -0.13720742534302136, "Gold": 0.0}
