{"FTSE100": -0.40765315671581287, "DJIA": -0.6864544377094762, "GBPUSD": 0.06309645871126539, "Gold": -0.5193133047210261}
