{"FTSE100": 0.6368329694713715, "DJIA": 0.11789096201593696, "GBPUSD": -0.4741091932735729, "Gold": 0.0}
