{"FTSE100": -1.3116657974541797, "DJIA": -2.2554790240996034, "GBPUSD": 0.4395949446581403, "Gold": -0.27926078028746315}
