{"FTSE100": -0.7345311242989868, "DJIA": 0.12561002805738813, "GBPUSD": 0.09498179515593555, "Gold": 0.0}
