{"FTSE100": -0.08569035417392896, "DJIA": 0.09698634730649904, "GBPUSD": 0.09377930603314237, "Gold": 0.0}
