{"FTSE100": 0.07282156555561323, "DJIA": 0.324012006674884, "GBPUSD": 0.04074828671976666, "Gold": 0.11450045506590047}
