{"FTSE100": 0.15614845954790896, "DJIA": 0.5210389894994409, "GBPUSD": 0.14806733167082392, "Gold": 0.0}
