{"FTSE100": 0.06908407155174824, "DJIA": 0.13890413343880204, "GBPUSD": -0.23604660016752474, "Gold": -0.04083299305838886}
