{"FTSE100": 0.6845226633804379, "DJIA": 0.5718188692935854, "GBPUSD": -0.031421838177547366, "Gold": 1.149546509175277}
