{"FTSE100": 0.138615489310387, "DJIA": 0.7231026979144684, "GBPUSD": 0.669155976191373, "Gold": -2.2707759718151483}
