{"FTSE100": 0.7424378029869353, "DJIA": 0.1079846932537781, "GBPUSD": 0.4386321176183958, "Gold": 0.66602267527581}
