{"FTSE100": -0.3014950997172074, "DJIA": -0.2151765994867103, "GBPUSD": 0.09511731135067295, "Gold": -0.48223600039365977}
