{"FTSE100": -0.85870824992097, "DJIA": -0.3495793989135183, "GBPUSD": 0.14901960784315568, "Gold": 1.249577845322533}
