{"FTSE100": -0.12506512552342589, "DJIA": 0.0, "GBPUSD": 0.07955449482896675, "Gold": 0.9018648731274804}
