{"FTSE100": 0.8305299215371881, "DJIA": 0.065294669941903, "GBPUSD": 0.7692307692307716, "Gold": 0.7973997833152802}
