{"FTSE100": -0.405781321425207, "DJIA": 0.9218564783072003, "GBPUSD": -0.41142769254429534, "Gold": -0.0032939161368921587}
