{"FTSE100": 0.16214289597844628, "DJIA": -0.2503975024770463, "GBPUSD": -0.04139851718037172, "Gold": -0.52112623251978}
