{"FTSE100": -0.16405008313969327, "DJIA": 0.04319001703805741, "GBPUSD": -0.016451427161304433, "Gold": 0.0}
