{"FTSE100": 0.08670502558960207, "DJIA": -0.5424687751101729, "GBPUSD": 0.20888132446233534, "Gold": -0.07668151610313166}
