{"FTSE100": -1.0094295852072552, "DJIA": -0.40707833905014884, "GBPUSD": 0.032162096968718815, "Gold": 0.10693008809002032}
