{"FTSE100": 0.006786102062983788, "DJIA": -0.6268681529066137, "GBPUSD": -0.8201325693742287, "Gold": -0.8738394320043746}
