{"FTSE100": 0.09129277084429281, "DJIA": 0.6104516361361215, "GBPUSD": 0.21052631578948514, "Gold": 0.5165204558497953}
