{"FTSE100": -1.2447992788153326, "DJIA": -1.2289996914398522, "GBPUSD": 0.2808292723217847, "Gold": 1.4226159458051164}
