{"FTSE100": 0.541075769911641, "DJIA": -0.2545130922687579, "GBPUSD": -0.07720872090885661, "Gold": -0.8762979413000501}
