{"FTSE100": -0.10861371936181348, "DJIA": -0.15277998533845463, "GBPUSD": -0.41891565294450117, "Gold": 0.05617977528090584}
