{"FTSE100": -0.2241007395446036, "DJIA": 0.8017027632632096, "GBPUSD": 0.43478260869565794, "Gold": -0.45368620037807184}
