{"FTSE100": 0.018616152497902997, "DJIA": -1.3207683599861029, "GBPUSD": -0.09642457669608913, "Gold": 1.5106665305705702}
