{"FTSE100": -0.4465156370763295, "DJIA": -0.015629512992758544, "GBPUSD": -0.09627604266952297, "Gold": -0.06194883754829359}
