{"FTSE100": -0.1527406009890438, "DJIA": -1.0856999866524848, "GBPUSD": 0.06384167265181644, "Gold": 0.19745879120880683}
