{"FTSE100": -0.43611338685891565, "DJIA": 0.07777159557943393, "GBPUSD": -0.0792079207920705, "Gold": -0.1228380503144654}
