{"FTSE100": -0.1102145711264015, "DJIA": 0.7000207075697902, "GBPUSD": 0.41781631848640777, "Gold": 0.40031243897675345}
