{"FTSE100": 0.5303078623282231, "DJIA": 0.3374548726575998, "GBPUSD": 0.13425999052282694, "Gold": 0.1868056238324626}
