{"FTSE100": 0.7287198999690752, "DJIA": -1.0068272575035337, "GBPUSD": -0.3124285605425583, "Gold": 0.3059950879736025}
