{"FTSE100": 0.12389454472345918, "DJIA": -0.04524479058661491, "GBPUSD": -0.3733374815275659, "Gold": 0.24786560176260403}
