{"FTSE100": 0.4200216571944025, "DJIA": -1.2290685590938644, "GBPUSD": -0.022593764121100087, "Gold": 0.23000866266391307}
