{"FTSE100": -0.4785556143341224, "DJIA": -0.8277072151929433, "GBPUSD": -0.5668483951330406, "Gold": 0.0}
