{"FTSE100": -0.05309309717005549, "DJIA": 0.003161106865094779, "GBPUSD": -0.26756119963259967, "Gold": 0.6291691934505727}
