{"FTSE100": 0.05618794277474088, "DJIA": 0.01744974931401875, "GBPUSD": -0.23625767837453862, "Gold": 0.0}
