{"FTSE100": 0.28397894651545813, "DJIA": 0.05589850960124186, "GBPUSD": 0.06275986506628319, "Gold": 0.15688217323093578}
