{"FTSE100": 0.684428527956828, "DJIA": -0.6042097229734193, "GBPUSD": 0.023904382470116888, "Gold": 1.0686340263805094}
