{"FTSE100": 0.3677859437796629, "DJIA": 1.0462668361610967, "GBPUSD": 0.1758646679507571, "Gold": 0.0}
