{"FTSE100": -0.22200038555376606, "DJIA": 0.1354191567995678, "GBPUSD": -0.06405124099280496, "Gold": 0.45823514008902855}
