{"FTSE100": 0.5230879747395247, "DJIA": -0.21835283908797154, "GBPUSD": -0.8316334536325077, "Gold": 0.0}
