{"FTSE100": 0.4095467771426604, "DJIA": -0.8586024389241369, "GBPUSD": -0.07855459544384225, "Gold": -0.029877502240804904}
