{"FTSE100": 0.37696287470630724, "DJIA": 0.21987940545026316, "GBPUSD": 0.46534017971758884, "Gold": 0.4639282735613058}
