{"FTSE100": 0.206151725043497, "DJIA": -0.08663706678129798, "GBPUSD": -0.31731975499962883, "Gold": 0.0}
