{"FTSE100": 0.4676484494950305, "DJIA": -0.4267107831152267, "GBPUSD": -0.07059930969564816, "Gold": 0.07217983089296058}
