{"FTSE100": 0.5231922066386476, "DJIA": -0.5389256699666518, "GBPUSD": 0.015696123057603043, "Gold": 0.8754642613507128}
