{"FTSE100": 0.7331451682201894, "DJIA": 1.9905217757898956, "GBPUSD": 0.11828195460930331, "Gold": 0.0}
