{"FTSE100": 0.10572100923314849, "DJIA": 0.6288946278938743, "GBPUSD": -0.18044876824101436, "Gold": 0.0}
