{"FTSE100": 0.32128859263018955, "DJIA": 1.0778702516553311, "GBPUSD": -0.04582251412862043, "Gold": -0.5494640272769664}
