{"FTSE100": 0.6097926167302493, "DJIA": -1.0068272575035337, "GBPUSD": -0.26670730778023766, "Gold": 1.8309270478981525e-14}
