{"FTSE100": 0.1274460167412199, "DJIA": -0.25280291383128867, "GBPUSD": 0.1183712121212166, "Gold": 0.35953260761010913}
