{"FTSE100": 0.7966326247385376, "DJIA": 0.6606837305497409, "GBPUSD": 0.07112641784898786, "Gold": 0.6970278419547999}
