{"FTSE100": -0.2681900609221918, "DJIA": 0.9173659016745905, "GBPUSD": 0.040105879521933493, "Gold": -0.2667471941214935}
