{"FTSE100": 0.12116370861638348, "DJIA": -0.9814742131348325, "GBPUSD": 0.05603915268801348, "Gold": 0.3393597213045883}
