{"FTSE100": 0.1401428145575462, "DJIA": -0.48265346662229425, "GBPUSD": -0.4694088630758227, "Gold": -0.4945410278845056}
