{"FTSE100": -0.026443331806380903, "DJIA": -0.2535668695780367, "GBPUSD": 0.06305667218411853, "Gold": 0.0}
