{"FTSE100": -0.6615962318130059, "DJIA": -0.31161725858526357, "GBPUSD": 0.26768049035961927, "Gold": 0.15227250157237607}
