{"FTSE100": 0.18971758963965948, "DJIA": -0.20163508038452232, "GBPUSD": 0.19254980374731065, "Gold": 0.6448455537323341}
