{"FTSE100": -1.8224776003605432, "DJIA": 0.07433395583053265, "GBPUSD": -0.12054001928638981, "Gold": 0.9806407980387106}
