{"FTSE100": -0.13382989995125194, "DJIA": -0.30055321172013205, "GBPUSD": -0.039157334168702866, "Gold": 0.0}
