{"FTSE100": 0.3611183002652636, "DJIA": 0.14570875935731448, "GBPUSD": -0.03746440881162483, "Gold": 0.07252185197908664}
