{"FTSE100": 0.689151258836653, "DJIA": 1.717205004342236, "GBPUSD": -0.42393187599070464, "Gold": -1.9502913545011404}
