{"FTSE100": 0.10454967877490366, "DJIA": 0.778898162992969, "GBPUSD": -0.29276453366791444, "Gold": 1.7093600857114983}
