{"FTSE100": 1.2586746404316809, "DJIA": -0.06504419600023466, "GBPUSD": 0.16121231662098998, "Gold": -0.20666364232067688}
