{"FTSE100": 0.5759005184793514, "DJIA": 0.42625615973051006, "GBPUSD": 0.12572685840012934, "Gold": 0.3206685453308672}
