{"FTSE100": 0.3677859437796629, "DJIA": 0.8563204032595797, "GBPUSD": -0.6649488820546926, "Gold": -0.07618218425204677}
