{"FTSE100": -0.13362652443003625, "DJIA": -0.3614199054688096, "GBPUSD": -0.14460154241645434, "Gold": 0.03436869012328595}
