{"FTSE100": 0.3191190222402369, "DJIA": 0.46766783006063156, "GBPUSD": -0.3031480761756716, "Gold": 0.0}
