{"FTSE100": -0.6919024484984527, "DJIA": -0.31818228450353336, "GBPUSD": -0.1486620416253736, "Gold": 0.20664281034221604}
