{"FTSE100": 0.2742832198570257, "DJIA": 0.2480929981925192, "GBPUSD": -0.06257332811888243, "Gold": 0.19965167155177235}
