{"FTSE100": 0.5596128422245505, "DJIA": -0.1707605734446902, "GBPUSD": 0.17359741182040397, "Gold": 0.1436835936022886}
