{"FTSE100": -0.33424207825563196, "DJIA": -0.33588448142926675, "GBPUSD": -0.3857834687679675, "Gold": 0.0}
