{"FTSE100": -0.5871510946448013, "DJIA": -0.15311149278249125, "GBPUSD": -0.11165698972756116, "Gold": -0.2549490101979604}
