{"FTSE100": -0.7684034994441508, "DJIA": -1.732940358136548, "GBPUSD": -0.05664010874899418, "Gold": -0.11122467384116733}
