{"FTSE100": 0.7243325677410822, "DJIA": -0.40136484220044066, "GBPUSD": 0.08686039166141037, "Gold": 0.33052160440696726}
