{"FTSE100": -0.9416076845298229, "DJIA": 0.17796855021226818, "GBPUSD": 0.06284367635505984, "Gold": -0.33366555444816365}
