{"FTSE100": -0.1892952995276024, "DJIA": 0.7388616342098233, "GBPUSD": 0.5502267826604264, "Gold": 0.27908910067989773}
