{"FTSE100": -0.028386642447036765, "DJIA": -0.11892267475193938, "GBPUSD": -0.3616042077580506, "Gold": 0.24045686804929137}
