{"FTSE100": -0.3477753703699092, "DJIA": 0.061826815054274155, "GBPUSD": 0.20588683849322456, "Gold": -0.1447468939728965}
