{"FTSE100": 0.7435183632399809, "DJIA": 1.4689919001806955, "GBPUSD": 0.28521628901917667, "Gold": 0.4710269368529468}
