{"FTSE100": 1.5619328585725247, "DJIA": 0.71200223359167, "GBPUSD": -1.0754407707991813, "Gold": -0.34823791614430977}
