{"FTSE100": -1.6288868739666096, "DJIA": -0.7334003005738909, "GBPUSD": -0.5046805046805033, "Gold": 0.08024877119068657}
