{"FTSE100": -0.056318552166825166, "DJIA": 0.3670659878910603, "GBPUSD": 0.2949852507374555, "Gold": -1.0268153948437682}
