{"FTSE100": 1.5621599755415934, "DJIA": 2.1208611690249506, "GBPUSD": -0.1124678663239129, "Gold": -0.32780167998361454}
