{"FTSE100": 0.5271524120523958, "DJIA": -0.7065868955328439, "GBPUSD": 0.5324459234609138, "Gold": 0.2952594455683794}
