{"FTSE100": -0.04520112860543046, "DJIA": -0.408287840565991, "GBPUSD": -0.1359722012388596, "Gold": -0.024292481476988394}
