{"FTSE100": 0.2128865800465088, "DJIA": -0.8469016404208277, "GBPUSD": 0.11103028446725935, "Gold": -0.8338033695465581}
