{"FTSE100": -0.037191748424025416, "DJIA": 0.17001589169314305, "GBPUSD": 0.30017510214292065, "Gold": -0.8251900108577535}
