{"FTSE100": -0.5524921149183599, "DJIA": -0.7654102166605894, "GBPUSD": -0.1523540559622374, "Gold": 0.15412887545200718}
