{"FTSE100": -0.1268123375961507, "DJIA": 0.43329442530001805, "GBPUSD": 0.0238986696407207, "Gold": -0.8857528899564652}
