{"FTSE100": 0.281345935807358, "DJIA": 0.7450117468472788, "GBPUSD": 0.6318616223047159, "Gold": -0.12274331304659596}
