{"FTSE100": -0.27592141568606465, "DJIA": -0.59207244905334, "GBPUSD": -0.28945887271850507, "Gold": 0.18386108273749419}
