{"FTSE100": 0.3684130077112629, "DJIA": -0.2751883081939169, "GBPUSD": 0.14126510751844482, "Gold": 0.49268551504585756}
