{"FTSE100": 0.2761017547770626, "DJIA": 1.6964902336858947, "GBPUSD": -0.03278419801655241, "Gold": 0.0}
