{"FTSE100": -0.1005927008778359, "DJIA": -0.6630878565341304, "GBPUSD": -1.0400964727162958, "Gold": 0.11333157039779379}
