{"FTSE100": 0.2071442767223419, "DJIA": 1.0496807521419425, "GBPUSD": -0.0497842681712524, "Gold": -0.1483924154987534}
