{"FTSE100": -2.9207903895187717, "DJIA": 0.42129768719259236, "GBPUSD": 0.07049976500079297, "Gold": 3.3957687643174834}
