{"FTSE100": 0.9327432704107037, "DJIA": 0.42919971852145017, "GBPUSD": 0.12913640032284468, "Gold": 0.0}
