{"FTSE100": -0.019374481040689766, "DJIA": -0.5412225972964565, "GBPUSD": 0.40886931907533364, "Gold": 0.2401587135846251}
