{"FTSE100": -0.20737405950546867, "DJIA": -0.2343375431877598, "GBPUSD": -0.09647853352627977, "Gold": 0.14033680834001375}
