{"FTSE100": 0.165297615561933, "DJIA": 0.17459712995045848, "GBPUSD": -0.127084988085786, "Gold": -0.6847627961968614}
