{"FTSE100": 0.6898354911194534, "DJIA": -0.13114792119699958, "GBPUSD": -0.26840055948285196, "Gold": -2.324803478842612}
