{"FTSE100": 0.260212456410624, "DJIA": -0.6513869165433509, "GBPUSD": -0.5942006021232642, "Gold": 0.9470551095878055}
