{"FTSE100": -0.16873028622925457, "DJIA": 1.4736046456133132, "GBPUSD": 0.2285083917736902, "Gold": 0.8073624764693654}
