{"FTSE100": 0.0007250229590542158, "DJIA": -1.328883554801312, "GBPUSD": 0.7898299984955583, "Gold": 2.245594946655778}
