{"FTSE100": -0.4261405456536322, "DJIA": 0.018343332322522367, "GBPUSD": 0.10828572495425498, "Gold": -1.0268153948437682}
