{"FTSE100": -0.03564822139791459, "DJIA": -0.13747298879262665, "GBPUSD": -0.007472724555372065, "Gold": 0.0}
