{"FTSE100": 0.37984595488806144, "DJIA": 0.016123726652235347, "GBPUSD": 0.42831743979312126, "Gold": 0.36104703640557845}
