{"FTSE100": 0.6898354911194534, "DJIA": -0.13114792119699958, "GBPUSD": 0.40185002653727214, "Gold": 0.8190906159303528}
