{"FTSE100": 0.63276374111732, "DJIA": 0.12162051830827923, "GBPUSD": 0.14259684702527323, "Gold": -0.13198416190057416}
