{"FTSE100": 0.08415281221402598, "DJIA": 0.6082849320834757, "GBPUSD": 0.007818608287723922, "Gold": 0.0}
