{"FTSE100": 0.42294439398127454, "DJIA": 0.14289663748299275, "GBPUSD": -0.37035562104255676, "Gold": 0.30152671755725535}
