{"FTSE100": -0.408498409114235, "DJIA": -0.36484543357080607, "GBPUSD": 0.01577411467781197, "Gold": -0.3819742489270425}
