{"FTSE100": 0.8954686261796692, "DJIA": 1.0707382911364858, "GBPUSD": 0.09429336551880009, "Gold": 1.3063516771968433}
