{"FTSE100": -0.03162285278160872, "DJIA": 0.5670868707041847, "GBPUSD": 0.0, "Gold": 0.8523658616544715}
