{"FTSE100": 0.0864688665424599, "DJIA": -0.4497342195254305, "GBPUSD": 0.011259993244011147, "Gold": 0.27942300343906973}
