{"FTSE100": -0.5289847729763937, "DJIA": 0.7844244525698305, "GBPUSD": 0.5952380952380798, "Gold": 0.30798240100566254}
