{"FTSE100": -0.1102145711264015, "DJIA": 0.6019087661171665, "GBPUSD": 0.3468663776113663, "Gold": 0.5662956453817569}
