{"FTSE100": 1.017226114758443, "DJIA": 0.22985858303726292, "GBPUSD": 0.34312160868177227, "Gold": 0.5479587303154533}
