{"FTSE100": -0.07875359776806547, "DJIA": 0.7627855466621584, "GBPUSD": -0.1687858669967432, "Gold": -2.5597579425113435}
