{"FTSE100": 1.014254569847397, "DJIA": 0.6466599296985505, "GBPUSD": 0.7051180478529655, "Gold": 1.614248564839795}
