{"FTSE100": -0.2991037512816772, "DJIA": 0.0, "GBPUSD": 0.41689609061589394, "Gold": 0.4813664596273386}
