{"FTSE100": 0.4730994521037834, "DJIA": 2.1208611690249506, "GBPUSD": -0.40167095115682155, "Gold": -0.6043843474697784}
