{"FTSE100": -0.1002906677111419, "DJIA": 0.8603362734405032, "GBPUSD": -0.14604006740310027, "Gold": -0.1285928607148724}
