{"FTSE100": 0.7159549812341252, "DJIA": 2.2033297520251858, "GBPUSD": 0.011212857409837003, "Gold": 0.47560331160823843}
