{"FTSE100": 0.3256835834348527, "DJIA": 0.99407121486631, "GBPUSD": 0.012169891687971644, "Gold": 0.061946580184375544}
