{"FTSE100": 0.29679811831303676, "DJIA": 0.4403963143778205, "GBPUSD": 0.04443457009552943, "Gold": 0.0870426508989432}
