{"FTSE100": -0.41554701261297955, "DJIA": -0.5581043881901949, "GBPUSD": -0.11175860142093619, "Gold": 0.0}
