{"FTSE100": -0.7725403471947059, "DJIA": 0.28649448918533427, "GBPUSD": 0.6128364389234014, "Gold": -0.10413241258358494}
