{"FTSE100": 0.6086218598100792, "DJIA": 1.229352249857853, "GBPUSD": -0.025848380783564155, "Gold": 0.5634564673533322}
