{"FTSE100": 0.42294439398127454, "DJIA": -0.11123164799062711, "GBPUSD": -0.33053243598422016, "Gold": 0.30152671755725535}
