{"FTSE100": 0.3294792629708741, "DJIA": -0.5048453548424516, "GBPUSD": 0.5136277027586764, "Gold": -0.6072227548737664}
