{"FTSE100": 0.20672433758982986, "DJIA": -0.3127523217827073, "GBPUSD": -0.8501429785918462, "Gold": 0.0}
