{"FTSE100": 0.5273560024013673, "DJIA": -0.43305749700796164, "GBPUSD": 0.3298153034300794, "Gold": -0.10998075336816057}
