{"FTSE100": -0.12283253089110788, "DJIA": -1.8957074033152979, "GBPUSD": -0.20961221739782418, "Gold": 2.5880932619029675}
