{"FTSE100": 0.28345774933403833, "DJIA": 0.5500640985496694, "GBPUSD": -0.4458121276679633, "Gold": -1.3503324422510141}
