{"FTSE100": 0.22378058760946068, "DJIA": -0.11445178124749743, "GBPUSD": 0.2290763315061698, "Gold": -0.28701142827323484}
