{"FTSE100": -0.2871489280881331, "DJIA": -0.49200584247563706, "GBPUSD": 0.11020151133501793, "Gold": -0.3821027979785604}
