{"FTSE100": 0.19483324173362415, "DJIA": 0.056917122249476565, "GBPUSD": 0.5535943517330013, "Gold": 0.1824437030859049}
