{"FTSE100": -0.1045976057968802, "DJIA": 0.011084016847710078, "GBPUSD": -0.007832693663367354, "Gold": 1.0246516613076138}
