{"FTSE100": 0.6988855516734854, "DJIA": -0.3531176702308527, "GBPUSD": 1.0097797566987305, "Gold": 1.8330513254371121}
