{"FTSE100": 0.7379686532703128, "DJIA": -0.39963765581776034, "GBPUSD": -0.12552957790678046, "Gold": -0.45735668624291637}
