{"FTSE100": -0.07834025999253798, "DJIA": -0.11367148199528888, "GBPUSD": 0.2563897123627988, "Gold": 0.7359888607091329}
