{"FTSE100": -0.317632134478154, "DJIA": -0.0013491903600040237, "GBPUSD": 0.7686932215234117, "Gold": 0.025941298547297393}
