{"FTSE100": 0.19134238518133684, "DJIA": 0.127595015725482, "GBPUSD": 0.1432094836502525, "Gold": -0.07134848639281742}
