{"FTSE100": -1.4330055944835647, "DJIA": 0.5605149421433138, "GBPUSD": 1.2339983854226653, "Gold": -0.8503455524061218}
