{"FTSE100": 0.28345774933403833, "DJIA": -0.17350814309448775, "GBPUSD": -0.43792164753224794, "Gold": -1.4017410377681845}
