{"FTSE100": -0.39356529396270945, "DJIA": 0.5286449358552803, "GBPUSD": -0.23801677102786445, "Gold": -0.4349239899195298}
