{"FTSE100": 0.4225326260531163, "DJIA": 0.8505066446738597, "GBPUSD": 0.19152501795546703, "Gold": 0.03479471120388514}
