{"FTSE100": 0.5238081493858082, "DJIA": 0.809601778370104, "GBPUSD": -0.022348033373060707, "Gold": 3.6253848540537867}
