{"FTSE100": 0.012447143264289017, "DJIA": -0.94575707267771, "GBPUSD": -0.2318970676241682, "Gold": -0.8706103066189781}
