{"FTSE100": 0.25161947272616236, "DJIA": 0.1620432866845076, "GBPUSD": -0.1891998423334614, "Gold": -0.17086506541691074}
