{"FTSE100": 0.43271441693392404, "DJIA": 0.3269463908926365, "GBPUSD": -0.31679773396443406, "Gold": -0.7676752546434991}
