{"FTSE100": 0.08039780094111924, "DJIA": 0.3746010720720886, "GBPUSD": 0.23020941630774563, "Gold": 1.3700122565708888}
