{"FTSE100": -0.03193334639697429, "DJIA": -0.37501581505559534, "GBPUSD": -0.17640656082271908, "Gold": 0.6089988536492167}
