{"FTSE100": 0.1625553023193415, "DJIA": 0.3104411713980244, "GBPUSD": -0.02433484750161964, "Gold": 0.0}
