{"FTSE100": 0.4517294029555087, "DJIA": 0.1589731183814684, "GBPUSD": -0.28130525638963483, "Gold": -0.2855284082694843}
