{"FTSE100": -0.38361156934183027, "DJIA": 0.2199170427937952, "GBPUSD": 0.3399104626098485, "Gold": -0.4898183819482589}
