{"FTSE100": -0.5615506365585057, "DJIA": -0.6257636536397209, "GBPUSD": -0.03353828954722112, "Gold": 0.0}
