{"FTSE100": -0.1362636231455053, "DJIA": -0.27357240676828404, "GBPUSD": -0.21103896103895584, "Gold": 0.6219227779217413}
