{"FTSE100": 0.9209836753679819, "DJIA": -0.31033208775128, "GBPUSD": 0.14128728414442887, "Gold": 0.7237269772481159}
