{"FTSE100": 0.0, "DJIA": 0.023032329668518616, "GBPUSD": 0.03567888999009407, "Gold": 0.1159776231409345}
