{"FTSE100": 0.03163924821928241, "DJIA": 0.18610244682149457, "GBPUSD": -0.25186934277842343, "Gold": 0.4656692757356516}
