{"FTSE100": 0.46651318882637743, "DJIA": -0.11808764193646888, "GBPUSD": -0.21169190685555575, "Gold": -0.3177043300025528}
