{"FTSE100": 0.158445836572769, "DJIA": 0.7458314057590976, "GBPUSD": -0.3841133693828072, "Gold": -1.4101482463541093}
