{"FTSE100": 0.7057599987133866, "DJIA": 0.6288946278938743, "GBPUSD": -0.3530519378628549, "Gold": 0.0}
