{"FTSE100": 0.11336011990982277, "DJIA": -0.05259540849812567, "GBPUSD": 0.03329017939708241, "Gold": 0.13066202090592335}
