{"FTSE100": 0.3922634722434388, "DJIA": 0.05408918745920541, "GBPUSD": 0.31651909130975764, "Gold": 0.399537377773108}
