{"FTSE100": 0.20237873204568577, "DJIA": 1.6529306306701488, "GBPUSD": 0.13918960717599935, "Gold": 0.1335782267490399}
