{"FTSE100": -4.381140611149868, "DJIA": -0.9115523324370807, "GBPUSD": 0.37344235229374223, "Gold": 1.5145867922610312}
