{"FTSE100": 1.0800851426842246, "DJIA": 0.8119888224640356, "GBPUSD": -0.06831638074995453, "Gold": 0.688263047813614}
