{"FTSE100": 0.6397072861862438, "DJIA": 2.6632409764527014, "GBPUSD": -0.5777310924369612, "Gold": -1.9995295224653022}
