{"FTSE100": -0.23095136200685548, "DJIA": 1.7349133347044125e-14, "GBPUSD": -0.3113733202228798, "Gold": 0.018460402436773122}
