{"FTSE100": -1.0643501162306344, "DJIA": -0.3772102594914932, "GBPUSD": 0.13381612090680375, "Gold": 0.0}
