{"FTSE100": -0.29739107414487703, "DJIA": 0.1572909870091696, "GBPUSD": -0.2960112484274241, "Gold": -0.11947083163354243}
