{"FTSE100": -0.8116900403582253, "DJIA": -0.2213974377498522, "GBPUSD": -0.23972885839463526, "Gold": 0.15388843088761647}
