{"FTSE100": 0.40897067709590607, "DJIA": 0.24019349337001925, "GBPUSD": -0.1678791270285387, "Gold": -0.4211511464670169}
