{"FTSE100": 0.5439878535544713, "DJIA": -0.32563211861455366, "GBPUSD": 0.21596663687817433, "Gold": 0.0}
