{"FTSE100": 0.3426027590177893, "DJIA": 0.6675547037887289, "GBPUSD": 0.09717386023158699, "Gold": -1.1791441557327844}
