{"FTSE100": 1.9505511464436542, "DJIA": -0.2213974377498522, "GBPUSD": -0.7887090078870953, "Gold": 0.0}
