{"FTSE100": 0.19521695334337016, "DJIA": 0.07634675873089147, "GBPUSD": 0.4258614014711622, "Gold": 0.24186601285533518}
