{"FTSE100": 0.008849748537649508, "DJIA": 0.2994536296275326, "GBPUSD": -0.35977893995028365, "Gold": 0.15935784689841337}
