{"FTSE100": 0.2128865362395588, "DJIA": -1.293895249487349, "GBPUSD": 0.08500115910672289, "Gold": 0.4562489815870872}
