{"FTSE100": -0.30481308194746504, "DJIA": 0.5605149421433138, "GBPUSD": 0.27294045285049334, "Gold": 0.38854740596835163}
