{"FTSE100": 0.5694933736415244, "DJIA": 0.40468767167978803, "GBPUSD": 0.04803251431738699, "Gold": -0.20644335892067656}
