{"FTSE100": 0.130045624945531, "DJIA": -0.3500650947490106, "GBPUSD": 0.3482702577199867, "Gold": 0.5378720895962241}
