{"FTSE100": 0.23051285989538306, "DJIA": 1.108510986281001, "GBPUSD": -0.6498081891489841, "Gold": -0.3747345630178623}
