{"FTSE100": 0.2288388589807902, "DJIA": 0.3498738254538045, "GBPUSD": 0.07036747458951531, "Gold": 0.4165895204591742}
