{"FTSE100": 0.20486240654489532, "DJIA": 0.21987940545026316, "GBPUSD": 0.48940949935816885, "Gold": 0.3492493744787346}
