{"FTSE100": 0.32100393738967986, "DJIA": -1.515941951439921, "GBPUSD": -0.09447866671705327, "Gold": 3.523161524839223}
