{"FTSE100": -0.03513325729867583, "DJIA": 0.03104622192506316, "GBPUSD": 0.10463618802318729, "Gold": -0.3307046553039939}
