{"FTSE100": -0.49400946074722796, "DJIA": -1.2493653688764783, "GBPUSD": -0.24019835735315984, "Gold": -0.07044296191937482}
