{"FTSE100": -0.4133473384809005, "DJIA": -0.5222118125101671, "GBPUSD": 0.03006388575723081, "Gold": 0.7145934166180933}
