{"FTSE100": -0.3593047678516988, "DJIA": 0.6199234584610432, "GBPUSD": -0.08810572687225476, "Gold": -0.24140012070005806}
