{"FTSE100": 0.17973337822351565, "DJIA": 0.5621747425847038, "GBPUSD": -0.18857546947436, "Gold": -0.2128939695469229}
