{"FTSE100": 0.4588721973502827, "DJIA": -0.8586024389241369, "GBPUSD": -0.10997643362137217, "Gold": -0.029877502240804904}
