{"FTSE100": 0.07864009260657305, "DJIA": -0.28365414517871007, "GBPUSD": 0.37082818294189934, "Gold": 0.11339705167665148}
