{"FTSE100": -0.305724681688175, "DJIA": 0.15976816467024268, "GBPUSD": 0.1104188027447013, "Gold": -0.353183557343277}
