{"FTSE100": 0.30425382905513915, "DJIA": 0.5739511207787366, "GBPUSD": 0.48574114697586834, "Gold": 0.23554256010397098}
