{"FTSE100": -0.7725403471947059, "DJIA": 0.3853358454754037, "GBPUSD": 0.2226253298152972, "Gold": 0.4289249381358362}
