{"FTSE100": -0.4133473384809005, "DJIA": -0.5222118125101671, "GBPUSD": -0.8392077878482535, "Gold": 0.37756886197197603}
