{"FTSE100": -0.46592673964922593, "DJIA": -0.6235744885179704, "GBPUSD": -0.46771995727911136, "Gold": 1.311267860372581}
