{"FTSE100": -0.9473533719791617, "DJIA": -0.31818228450353336, "GBPUSD": -0.20647505781301176, "Gold": 0.15624212489289394}
