{"FTSE100": 0.14708817936352603, "DJIA": 0.3250681793447727, "GBPUSD": 0.7435532352475933, "Gold": 0.5527315797265863}
