{"FTSE100": -0.27402920803383846, "DJIA": -0.5169346533361571, "GBPUSD": 0.2750058929834082, "Gold": 0.15821950319075997}
