{"FTSE100": 0.02424785225938767, "DJIA": 0.6679126218229057, "GBPUSD": 0.04531037607611644, "Gold": -0.3313166234514375}
