{"FTSE100": -0.2715687189290757, "DJIA": 0.1572909870091696, "GBPUSD": -0.45881743506253114, "Gold": -0.11947083163354243}
