{"FTSE100": 0.23660988205056968, "DJIA": -0.20644730580859838, "GBPUSD": 0.6422454804947665, "Gold": 0.617093489663684}
