{"FTSE100": 0.4779225903503066, "DJIA": -0.8971670233218855, "GBPUSD": -0.007752538956507403, "Gold": 0.26293685863491284}
