{"FTSE100": -0.35056893841428033, "DJIA": 0.3269463908926365, "GBPUSD": 0.254243625214974, "Gold": 0.2004311159853338}
