{"FTSE100": 0.19604049004074553, "DJIA": 0.6211655801358724, "GBPUSD": -0.15280831873578213, "Gold": 0.02621330137808092}
