{"FTSE100": 0.2071442767223419, "DJIA": 1.0772086747328025, "GBPUSD": 0.391242820278026, "Gold": 0.47545333923042393}
