{"FTSE100": -0.14672226839450078, "DJIA": 0.30623296387359294, "GBPUSD": -0.011497336450396236, "Gold": 1.8113094514716168e-14}
