{"FTSE100": -1.3213111427767568, "DJIA": -0.7519028174464846, "GBPUSD": -0.6376109765940289, "Gold": 0.05333333333333334}
