{"FTSE100": 0.09025926591681152, "DJIA": 0.32945334552794114, "GBPUSD": -0.2208408310158798, "Gold": -0.3127606338615513}
