{"FTSE100": 1.3735047116512433, "DJIA": -0.06513360836870784, "GBPUSD": -0.5562474055624864, "Gold": 0.9616969830191789}
