{"FTSE100": -1.0466714153975896, "DJIA": -1.6528918769150907, "GBPUSD": -0.38282227191752255, "Gold": 0.0}
