{"FTSE100": -0.21175171479722774, "DJIA": 0.015739496029909383, "GBPUSD": -0.6233895769262789, "Gold": -0.41900201338630055}
