{"FTSE100": -0.2428910031625187, "DJIA": -1.1005801171786118, "GBPUSD": 0.27470240572713567, "Gold": -0.01658558160107153}
