{"FTSE100": 0.004917474244729495, "DJIA": -0.19923501477549774, "GBPUSD": -0.0809966444247135, "Gold": 0.13269368173929555}
