{"FTSE100": 0.3409952682567313, "DJIA": 0.03750910737737127, "GBPUSD": -0.07940919558485761, "Gold": 0.44092147634382417}
