{"FTSE100": 0.15995839505782905, "DJIA": 0.0023053111151395194, "GBPUSD": 0.43505774402784847, "Gold": 0.0}
