{"FTSE100": -0.43716230694823643, "DJIA": 0.7484855139864012, "GBPUSD": 0.3796139245618406, "Gold": -0.5791868817932262}
