{"FTSE100": -0.11501169836909804, "DJIA": -1.1420705304931666, "GBPUSD": -0.12207031250000462, "Gold": 0.0}
