{"FTSE100": 0.18969063515556409, "DJIA": 0.4006885951795405, "GBPUSD": 0.048840048840043455, "Gold": 0.4782375067168238}
