{"FTSE100": 1.6113610939718237, "DJIA": 0.1095941606459989, "GBPUSD": -0.5808690404345231, "Gold": -0.39991162174103967}
