{"FTSE100": 0.40803075654748544, "DJIA": 1.4689919001806955, "GBPUSD": 0.1505308192045645, "Gold": 0.15700897895098598}
