{"FTSE100": -0.6306387453928376, "DJIA": -0.1681898295137389, "GBPUSD": -0.023512814483891132, "Gold": -1.0577460549511937}
