{"FTSE100": 0.027365705457338064, "DJIA": 0.1050087035551513, "GBPUSD": -0.18863475595378115, "Gold": 0.2284125328963657}
