{"FTSE100": 0.22120523398965722, "DJIA": -0.5311737113798481, "GBPUSD": 0.07679311933651604, "Gold": 0.6307470172505533}
