{"FTSE100": 0.49007487516327214, "DJIA": 0.2016189222662757, "GBPUSD": 0.008017317405595204, "Gold": 0.2607561929595828}
