{"FTSE100": 0.2053497509159414, "DJIA": 0.5789231921862223, "GBPUSD": 0.0, "Gold": 0.0}
