{"FTSE100": -0.47174486360865864, "DJIA": -0.272248613428457, "GBPUSD": -0.27393203524098886, "Gold": -0.033342426722450476}
