{"FTSE100": -0.19784707235439825, "DJIA": 0.825796465777775, "GBPUSD": -0.22798742138364014, "Gold": 0.046375736214812405}
