{"FTSE100": -0.3733834952143292, "DJIA": -0.822906453651997, "GBPUSD": -0.3751172241325348, "Gold": 0.0}
