{"FTSE100": -0.5957895357097103, "DJIA": -0.44807879597549133, "GBPUSD": 0.4042823987422212, "Gold": 0.31656804733728616}
