{"FTSE100": 1.2360169783425352, "DJIA": 0.19466037426558677, "GBPUSD": 1.1095260738627368, "Gold": 2.5576350703727897}
