{"FTSE100": -0.4699391769521416, "DJIA": 0.10203563588618289, "GBPUSD": -0.011485891496601897, "Gold": 0.0}
