{"FTSE100": -0.10279871195255291, "DJIA": 0.0, "GBPUSD": -0.0663075010360658, "Gold": 0.13495276653170918}
