{"FTSE100": 0.7440360222801333, "DJIA": 1.0031848348753987, "GBPUSD": -0.02428953121204493, "Gold": -0.28802139587512915}
