{"FTSE100": 0.10937749492461217, "DJIA": 0.2771280948387882, "GBPUSD": 0.6022878855248762, "Gold": -0.1854077253218759}
