{"FTSE100": -0.007109093738092206, "DJIA": 0.23634814242700203, "GBPUSD": 0.007878358150160638, "Gold": -0.05882352941175579}
