{"FTSE100": 0.48954714299624624, "DJIA": 0.3875730130389264, "GBPUSD": -0.5886102050762878, "Gold": -1.9565706289512412}
