{"FTSE100": 0.19929542937042038, "DJIA": 1.1904846296314793, "GBPUSD": -0.37949964997605007, "Gold": -0.5401856328528339}
