{"FTSE100": 0.9188108200745524, "DJIA": 1.6383344263575952, "GBPUSD": -0.47389683032939667, "Gold": 0.2815126050420283}
