{"FTSE100": -0.2995492521624806, "DJIA": 0.0, "GBPUSD": -0.39399162767792306, "Gold": 0.0}
