{"FTSE100": 0.3256835834348527, "DJIA": 1.2370817306818849, "GBPUSD": -0.10522907560304993, "Gold": 0.1488203266787791}
