{"FTSE100": -0.31985001334516205, "DJIA": -0.20163508038452232, "GBPUSD": 0.10368066355625179, "Gold": 0.7916630681981748}
