{"FTSE100": -0.1984391946114353, "DJIA": -0.2680072469681815, "GBPUSD": 0.17510214291670062, "Gold": -0.8251900108577535}
