{"FTSE100": -0.3065101612415323, "DJIA": -0.9927453141093638, "GBPUSD": -0.17729067612216776, "Gold": 0.4603634080842541}
