{"FTSE100": 0.17466943129345183, "DJIA": -0.3743057045706011, "GBPUSD": 0.08731544689634076, "Gold": 0.08475421278293177}
