{"FTSE100": 1.1042175802009404, "DJIA": 0.4446844462455094, "GBPUSD": -0.4742599250363162, "Gold": -0.22920267528368185}
