{"FTSE100": 1.238060780792577, "DJIA": -0.011603718091685594, "GBPUSD": -0.003738178012028221, "Gold": 0.0}
