{"FTSE100": -0.5400281198074273, "DJIA": -1.2890422287925116, "GBPUSD": -0.11594202898551287, "Gold": -0.4494135700975581}
