{"FTSE100": -0.09199686617126848, "DJIA": 0.16635361271460578, "GBPUSD": 0.3147871252065793, "Gold": -0.22711318495271915}
