{"FTSE100": 0.6751607342884377, "DJIA": 0.16923231441487935, "GBPUSD": 0.23341918866710598, "Gold": -0.3262506274050603}
