{"FTSE100": 0.6579595786430457, "DJIA": 0.0829779335125046, "GBPUSD": -0.12649750725500666, "Gold": 0.5236308065712336}
