{"FTSE100": 0.1350186837006908, "DJIA": 0.0, "GBPUSD": -0.24913606043557668, "Gold": -0.9065550906555113}
