{"FTSE100": 0.6931875072206982, "DJIA": 0.3897770790079494, "GBPUSD": -0.3692065985860289, "Gold": 1.0018983336848766}
