{"FTSE100": -0.2176814731683389, "DJIA": -0.228442151439477, "GBPUSD": -0.7244094488188878, "Gold": -2.2839208112023157}
