{"FTSE100": 0.9404194125741158, "DJIA": -0.2683441114206481, "GBPUSD": 0.17587845676009986, "Gold": 0.39325671432491205}
