{"FTSE100": -0.23680380044754712, "DJIA": 0.1926391825165695, "GBPUSD": -0.5004691898655131, "Gold": -2.2233472556216625}
