{"FTSE100": -1.3783564086427538, "DJIA": -0.4567686428749817, "GBPUSD": 0.32386041616063505, "Gold": 0.7406264465360213}
