{"FTSE100": 0.006786102062983788, "DJIA": -0.032128701214049316, "GBPUSD": -0.4456428116690933, "Gold": -0.29431397536257714}
