{"FTSE100": 0.14799255822232413, "DJIA": -0.19923501477549774, "GBPUSD": -0.10413854283177694, "Gold": 0.13269368173929555}
