{"FTSE100": 0.7954916824091137, "DJIA": -0.5412225972964565, "GBPUSD": -0.007862871520678485, "Gold": 0.0}
