{"FTSE100": -0.8115708717146358, "DJIA": 0.7955544708420131, "GBPUSD": -0.10288065843622023, "Gold": 0.2278883776927259}
