{"FTSE100": 0.6681411425028451, "DJIA": 0.9981709717002313, "GBPUSD": 0.3005442287385295, "Gold": 0.05592556815292638}
