{"FTSE100": 0.0, "DJIA": -0.09677257692693851, "GBPUSD": 0.007895152376439995, "Gold": 0.0}
