{"FTSE100": 0.8006231093883155, "DJIA": 1.1315876494905275, "GBPUSD": 0.24171539961014446, "Gold": 0.6354021480691974}
