{"FTSE100": -0.7798113200180646, "DJIA": 0.06065274126835641, "GBPUSD": -0.2451380944598702, "Gold": 0.0}
