{"FTSE100": -1.0072397232945005, "DJIA": -0.27185498546545706, "GBPUSD": 0.17198833470425248, "Gold": -0.49540521120901215}
