{"FTSE100": -0.5659438616858011, "DJIA": -0.9940569573174595, "GBPUSD": 0.21734068151829045, "Gold": 0.03771514777480316}
