{"FTSE100": -0.6551542749182507, "DJIA": 0.17266205352600647, "GBPUSD": -0.17963136519837306, "Gold": 0.2165421195652135}
