{"FTSE100": -0.15502981241654634, "DJIA": 0.2732530154932672, "GBPUSD": 0.34582596107447083, "Gold": 0.8441859268029078}
