{"FTSE100": 0.6895550779416653, "DJIA": 0.11757399983519376, "GBPUSD": 0.09983105513746574, "Gold": 0.6307470172505533}
