{"FTSE100": -0.4889106609418896, "DJIA": 1.2579542251060856, "GBPUSD": 0.29733900410253455, "Gold": 0.13910355486863848}
