{"FTSE100": 0.04139525861741688, "DJIA": 0.2696752076129649, "GBPUSD": -0.3688675765400143, "Gold": 0.0}
