{"FTSE100": -0.1892952995276024, "DJIA": 0.8883872322055988, "GBPUSD": 0.5799687709123377, "Gold": 0.27908910067989773}
