{"FTSE100": -0.09406448265746974, "DJIA": -0.06230892865169498, "GBPUSD": -0.19567908629847555, "Gold": 0.6291691934505727}
