{"FTSE100": 0.2240058580438708, "DJIA": -0.031022220686804592, "GBPUSD": -0.31028721457554415, "Gold": -0.6695324685205579}
