{"FTSE100": 0.38975994330765434, "DJIA": 0.7227088649545987, "GBPUSD": 0.060966316110359235, "Gold": 0.8877590926867529}
