{"FTSE100": 0.4552762596149125, "DJIA": 0.7978554537875318, "GBPUSD": -0.041179377367827945, "Gold": 0.37874746612610205}
