{"FTSE100": 0.6060799815195668, "DJIA": 0.5533852187873443, "GBPUSD": -0.2448856572354274, "Gold": 0.0}
