{"FTSE100": 0.23693775208183124, "DJIA": 1.1388703134055618, "GBPUSD": 0.34452367598749867, "Gold": 1.4570590282957856}
