{"FTSE100": 0.010847175852118836, "DJIA": 1.2074178204856618, "GBPUSD": 0.6765499648785696, "Gold": -2.1908399206560674}
