{"FTSE100": 0.5602659994415988, "DJIA": -0.2613344519060054, "GBPUSD": 0.20493418459840274, "Gold": -0.20259919948608535}
