{"FTSE100": 0.08420771895858645, "DJIA": -0.27808507107693137, "GBPUSD": -0.1852946974177074, "Gold": 0.4339385634349524}
