{"FTSE100": 0.015995577693232836, "DJIA": 0.27629053951388705, "GBPUSD": -0.0961615514063521, "Gold": -1.141396320167062}
