{"FTSE100": 0.22776443034047877, "DJIA": -0.25280291383128867, "GBPUSD": 0.015782828282826542, "Gold": 0.35953260761010913}
