{"FTSE100": -0.2662976163393204, "DJIA": -0.8775394534086802, "GBPUSD": -0.6489344656305076, "Gold": -0.005027399326335349}
