{"FTSE100": 0.08832345285195739, "DJIA": 0.30194559396477405, "GBPUSD": 0.4447293561440896, "Gold": 0.6378579189009154}
