{"FTSE100": 0.0819537349460929, "DJIA": -0.4718065581230504, "GBPUSD": 0.07378863654998138, "Gold": 0.0}
