{"FTSE100": -0.8771126103936367, "DJIA": -0.25039529503557256, "GBPUSD": 0.4191484667990321, "Gold": 0.21454565205583864}
