{"FTSE100": 0.23487062221407434, "DJIA": 0.6195884523151884, "GBPUSD": 0.2313781205601982, "Gold": -0.2890591125885243}
