{"FTSE100": 1.5028568495287322, "DJIA": -0.027467482627143377, "GBPUSD": 0.16666666666666594, "Gold": 0.2697167973627623}
