{"FTSE100": 0.17414774147216255, "DJIA": -0.6804313792889797, "GBPUSD": 0.0, "Gold": -1.1507185598117935}
