{"FTSE100": 0.3533085433407055, "DJIA": -0.06703886375740868, "GBPUSD": 0.02414681262074928, "Gold": -0.8992805755395683}
