{"FTSE100": 0.18016798653656838, "DJIA": 1.5743560346611192, "GBPUSD": -0.09609994394170655, "Gold": -0.15076134479119552}
