{"FTSE100": -1.5653077399545794, "DJIA": -0.8830952403205643, "GBPUSD": 0.3075709779179822, "Gold": -0.8164974353606268}
