{"FTSE100": 0.11015079948587381, "DJIA": 0.5595277945542726, "GBPUSD": 0.0, "Gold": -0.2701049842014043}
