{"FTSE100": -0.34805702740625083, "DJIA": -0.8275391460364453, "GBPUSD": 0.08878844135926053, "Gold": 0.2339242085564277}
