{"FTSE100": -0.9482252339282359, "DJIA": -0.8800627164212016, "GBPUSD": 0.20472440944881384, "Gold": 1.0276105459829705}
