{"FTSE100": -0.30624373887270456, "DJIA": 0.15976816467024268, "GBPUSD": 0.023661172016717955, "Gold": -0.22073972333954672}
