{"FTSE100": 0.1136540229309846, "DJIA": 0.3459584676963842, "GBPUSD": 0.05739116176110068, "Gold": 0.20963233713180449}
