{"FTSE100": -0.32459992671988747, "DJIA": 0.35105267334986284, "GBPUSD": -0.24028834601522733, "Gold": -0.24140012070005806}
