{"FTSE100": -0.733783215803488, "DJIA": -0.31598738653389236, "GBPUSD": 1.0645618295891517, "Gold": 0.6695378379356519}
