{"FTSE100": -0.28231657497359697, "DJIA": 0.6900935969219066, "GBPUSD": 0.09446587420295126, "Gold": -0.14319089607356175}
