{"FTSE100": -0.09116045868592114, "DJIA": -2.079379052991333, "GBPUSD": 0.3765966533369586, "Gold": 0.5430646835005283}
