{"FTSE100": 0.12133091929741308, "DJIA": 0.6567554437059103, "GBPUSD": 0.05657022789719758, "Gold": 0.0}
