{"FTSE100": 0.933595983447529, "DJIA": -0.6557947896994122, "GBPUSD": -0.08601667975616024, "Gold": 0.0}
