{"FTSE100": 0.31097278600053246, "DJIA": -0.43582148161290346, "GBPUSD": -0.47965464865297025, "Gold": 0.0}
