{"FTSE100": 0.18663780409915168, "DJIA": 0.32945334552794114, "GBPUSD": -0.17176509079011865, "Gold": -0.3127606338615513}
