{"FTSE100": 0.24361375079340727, "DJIA": -0.3729195547664761, "GBPUSD": -0.02575517863056569, "Gold": -0.12095554883580284}
