{"FTSE100": 0.30244157759508716, "DJIA": -0.32585965313005105, "GBPUSD": -0.11250401800063049, "Gold": 0.09096881791074718}
