{"FTSE100": -0.5578595014407595, "DJIA": -0.5612474209002473, "GBPUSD": -0.12697938452345645, "Gold": 0.013953163879897078}
