{"FTSE100": -0.2096933030541093, "DJIA": -0.10304102666993162, "GBPUSD": -0.1743606775157747, "Gold": -0.4530567685589495}
