{"FTSE100": -0.13061233123181587, "DJIA": 1.1621354477690533, "GBPUSD": -0.16426783479349114, "Gold": -0.08275148694077626}
