{"FTSE100": 0.5058644298012057, "DJIA": 0.3905813679294008, "GBPUSD": 0.1753826530612406, "Gold": 1.1526750761200522}
