{"FTSE100": 0.11759153655562125, "DJIA": 0.03104622192506316, "GBPUSD": 0.2817128139085688, "Gold": -0.13228186212159293}
