{"FTSE100": -0.19795838216131095, "DJIA": 0.2629352017932404, "GBPUSD": -0.25598219254312393, "Gold": 0.09636169492407787}
