{"FTSE100": 0.4907138903137083, "DJIA": 0.07042965149571144, "GBPUSD": -0.1081530782029831, "Gold": 0.5085023784788646}
