{"FTSE100": -0.41791367295122134, "DJIA": 0.1572909870091696, "GBPUSD": 0.06297462493054398, "Gold": 0.06119237717815458}
