{"FTSE100": 0.1556485961461946, "DJIA": -0.5468671780450398, "GBPUSD": -0.052258305337806864, "Gold": 0.23102496196541028}
