{"FTSE100": 0.1633135975002411, "DJIA": 0.7955544708420131, "GBPUSD": -0.0395694840139241, "Gold": 0.576170615298604}
