{"FTSE100": -0.04625019612747825, "DJIA": -0.08562044902757175, "GBPUSD": -0.06728468899520791, "Gold": -0.8405507697308803}
