{"FTSE100": -0.04515950984012165, "DJIA": -0.5064832108151335, "GBPUSD": 0.12583562721195798, "Gold": -0.753390256152687}
