{"FTSE100": 0.27604766330508534, "DJIA": 0.12120043233245743, "GBPUSD": -0.1081440811912552, "Gold": 0.0}
