{"FTSE100": 0.10480882922217677, "DJIA": -0.45437114098747566, "GBPUSD": 0.6184586108468149, "Gold": 0.5656690321917104}
