{"FTSE100": -0.03162285278160872, "DJIA": 0.6492837852966189, "GBPUSD": 0.008171269815328402, "Gold": 0.8523658616544715}
