{"FTSE100": 0.19633079334419692, "DJIA": 0.6688806763233635, "GBPUSD": 0.31772137704183356, "Gold": 0.01380103507763919}
