{"FTSE100": 0.2455676263767403, "DJIA": 1.137228315939286, "GBPUSD": 0.02996928148647306, "Gold": 1.505093977192612}
