{"FTSE100": -0.10927214428958995, "DJIA": -0.02347478196479723, "GBPUSD": 0.007888923950772245, "Gold": 0.13228077661616852}
