{"FTSE100": -0.15369590796743943, "DJIA": -0.5937798212891447, "GBPUSD": -0.09577132753792963, "Gold": -0.08494547048829695}
