{"FTSE100": -1.260425929091201, "DJIA": -1.373586844595544, "GBPUSD": -0.037430753106748385, "Gold": 0.7521765739442947}
