{"FTSE100": -0.24584527496199807, "DJIA": -0.7956158518677133, "GBPUSD": 0.16942626107046435, "Gold": -0.13220226947230596}
