{"FTSE100": 0.3599623532055965, "DJIA": -1.2995112806410898, "GBPUSD": -0.12741804702883736, "Gold": 0.45906912843882375}
