{"FTSE100": -1.2796921168021325, "DJIA": -0.2212937402074206, "GBPUSD": -0.07446632467318574, "Gold": -0.273224043715847}
