{"FTSE100": -0.028608599408410883, "DJIA": 0.14589770908197316, "GBPUSD": -0.3829920275129065, "Gold": -0.3551886339637175}
