{"FTSE100": -0.41095942201033225, "DJIA": -1.0023795171968468, "GBPUSD": 0.0, "Gold": 0.5351614329942463}
