{"FTSE100": 0.027365705457338064, "DJIA": 0.6420607733242925, "GBPUSD": -0.05508341202393334, "Gold": 0.2284125328963657}
