{"FTSE100": 0.029487597244037357, "DJIA": -0.4716527227349482, "GBPUSD": 0.07105637138797749, "Gold": 0.3115022194533136}
