{"FTSE100": 0.0004044363976546105, "DJIA": 0.10140534776691236, "GBPUSD": -0.07292763957539104, "Gold": 0.0}
