{"FTSE100": -0.5374608476647449, "DJIA": 0.5830496679569971, "GBPUSD": 0.3119001919385808, "Gold": 0.546088891136166}
