{"FTSE100": 0.7534104414570049, "DJIA": 0.3922659363767518, "GBPUSD": 0.5604743725123796, "Gold": -0.00508414255935274}
