{"FTSE100": -0.001621244791749632, "DJIA": -0.11808764193646888, "GBPUSD": 0.13841393909786964, "Gold": 0.010248526774278528}
