{"FTSE100": 0.40308532597090424, "DJIA": 1.0764981873624615, "GBPUSD": -0.4619118452986781, "Gold": -0.9035266686097461}
