{"FTSE100": 0.2805292323412319, "DJIA": -0.305081231250134, "GBPUSD": -0.052202545877992, "Gold": 0.08664885551303671}
