{"FTSE100": -0.035743246775515505, "DJIA": 0.03998756396987386, "GBPUSD": 0.11093502377179619, "Gold": 0.03911342894394137}
