{"FTSE100": -0.18690857269325745, "DJIA": 0.1664131657039827, "GBPUSD": -0.46345231319619795, "Gold": -0.24913565182022018}
