{"FTSE100": -0.024386761400182852, "DJIA": 0.19651595316745127, "GBPUSD": 0.04806921967634642, "Gold": 0.34186315419033503}
