{"FTSE100": 0.1789487919590571, "DJIA": -1.0836312961629802, "GBPUSD": -0.21430272243828277, "Gold": 0.0}
