{"FTSE100": 0.19326164874552387, "DJIA": 0.940872817102252, "GBPUSD": 0.4354348860185241, "Gold": -0.03299835008249315}
