{"FTSE100": -0.9153837377396155, "DJIA": 0.6647929449402427, "GBPUSD": -0.18987341772151564, "Gold": 1.524816497728071}
