{"FTSE100": 0.14181195854987313, "DJIA": 0.6486379955549604, "GBPUSD": 0.06552322220081075, "Gold": -0.09843596193808808}
