{"FTSE100": 0.7032415940272735, "DJIA": 0.11284699343941602, "GBPUSD": -0.11079104808331906, "Gold": 0.964169659654512}
