{"FTSE100": -0.035920397534958536, "DJIA": -0.17471854999570863, "GBPUSD": -0.406272544329268, "Gold": -0.7500297630858404}
