{"FTSE100": -0.4379776814677041, "DJIA": 0.4697663719506376, "GBPUSD": 0.10337302346951908, "Gold": 0.2832540222071153}
