{"FTSE100": 0.3415721999749951, "DJIA": 0.33350699889492147, "GBPUSD": 0.12710517953605208, "Gold": 0.005158893933136043}
