{"FTSE100": -0.5996385633993134, "DJIA": -0.9875838506853186, "GBPUSD": -0.9426489226869297, "Gold": 0.07387343018960847}
