{"FTSE100": -0.5489098600715923, "DJIA": -0.24956904248889447, "GBPUSD": -0.07092198581561251, "Gold": -0.2974925626859414}
