{"FTSE100": -0.45165881120847645, "DJIA": 0.21744609405791324, "GBPUSD": -0.07876673793181016, "Gold": -0.36317026276437087}
