{"FTSE100": 0.13182683711556314, "DJIA": -0.5315240899354325, "GBPUSD": 0.1014627547137793, "Gold": -0.13231159380341204}
