{"FTSE100": 0.44588087537157534, "DJIA": 0.7444247098379699, "GBPUSD": 0.131182961648278, "Gold": -0.025539056514276993}
