{"FTSE100": 1.411054861242592, "DJIA": -0.021369635721748322, "GBPUSD": 0.2350265352539881, "Gold": 0.36507738392410816}
