{"FTSE100": 0.19542316894394415, "DJIA": -0.9417440188201537, "GBPUSD": -0.11397477848449872, "Gold": -0.24608366844728025}
