{"FTSE100": -0.1316802262617429, "DJIA": 0.5258353021775473, "GBPUSD": -0.2570311044887281, "Gold": 0.0}
