{"FTSE100": -0.6835262838361182, "DJIA": -0.31661186361566174, "GBPUSD": -0.2418662713583602, "Gold": -0.22977941176470587}
