{"FTSE100": 0.36986890772225467, "DJIA": 0.03104622192506316, "GBPUSD": -0.06439150032195042, "Gold": 0.0}
