{"FTSE100": -0.014598523496216985, "DJIA": 0.023032329668518616, "GBPUSD": 0.03567888999009407, "Gold": 0.09892209032608937}
