{"FTSE100": 0.6146031076781747, "DJIA": -0.16974148573942893, "GBPUSD": -0.19982238010656636, "Gold": 0.8111855789230498}
