{"FTSE100": -1.0228940912866222, "DJIA": -1.4241856529584942, "GBPUSD": 0.6907920558913508, "Gold": 1.5359342915811125}
