{"FTSE100": 0.12004895156878805, "DJIA": 0.4306109662530158, "GBPUSD": 0.2816483842276924, "Gold": -0.02326122354036351}
