{"FTSE100": -1.1160606680468659, "DJIA": -0.4449719318835238, "GBPUSD": -0.303826572507804, "Gold": 1.8151557705310288}
