{"FTSE100": -1.0421998718001886, "DJIA": -0.27556613968992016, "GBPUSD": -0.5260832898277044, "Gold": -0.24700942164508274}
