{"FTSE100": 0.251912092872565, "DJIA": 1.77044512602412e-14, "GBPUSD": 0.03809814081072424, "Gold": 0.4888541259288228}
