{"FTSE100": 0.056816978308617, "DJIA": 0.10751297283731569, "GBPUSD": -0.14165420634294498, "Gold": 0.15111593304402088}
