{"FTSE100": -0.0651228319072198, "DJIA": -0.5777173623608186, "GBPUSD": -0.007328691828507804, "Gold": -0.807845343836677}
