{"FTSE100": 0.17087489239413495, "DJIA": 0.03842628049536677, "GBPUSD": -0.28138189776458084, "Gold": -0.2735912450801487}
