{"FTSE100": -1.1553306164084693, "DJIA": -0.16809445488531832, "GBPUSD": 0.35001489425083027, "Gold": 2.5934966437102256}
