{"FTSE100": -0.1579386039351747, "DJIA": -0.14650504062332986, "GBPUSD": -0.654421060459576, "Gold": -0.19827978885882186}
