{"FTSE100": 0.9718745780667365, "DJIA": 1.2615409321614017, "GBPUSD": 0.39770919503658075, "Gold": -1.7578125}
