{"FTSE100": -0.11520444440281244, "DJIA": 0.10779661931209204, "GBPUSD": -0.09435445824815929, "Gold": 0.0}
