{"FTSE100": -0.8116900403582253, "DJIA": 1.0496807521419425, "GBPUSD": -0.058081646199794466, "Gold": 0.06045616927728147}
