{"FTSE100": -1.179595623615103, "DJIA": 0.03631263072368768, "GBPUSD": 0.371925614877028, "Gold": 0.48993133245890813}
