{"FTSE100": 0.7636424618480641, "DJIA": 1.4689919001806955, "GBPUSD": 0.3406750118840097, "Gold": 0.4710269368529468}
