{"FTSE100": 1.6113610939718237, "DJIA": 0.6882956093258313, "GBPUSD": -0.4752564876282417, "Gold": 1.0127991096271565}
