{"FTSE100": -5.732478541225418, "DJIA": -5.502574487747598, "GBPUSD": 0.08533747090767096, "Gold": 0.0}
