{"FTSE100": 0.3795401065901314, "DJIA": -0.1732493907080102, "GBPUSD": -0.39723073430938427, "Gold": -0.2092698806386642}
