{"FTSE100": -1.1949738688692255, "DJIA": 1.1420242096903337, "GBPUSD": -0.10082990770185983, "Gold": -0.07889411038315719}
