{"FTSE100": -0.3593047678516988, "DJIA": 1.097111547448909, "GBPUSD": -0.04004805766921641, "Gold": -0.24140012070005806}
