{"FTSE100": -0.796681479478907, "DJIA": -0.17106430021820557, "GBPUSD": 0.25823858161495195, "Gold": -0.09843596193808808}
