{"FTSE100": 0.33118658492627, "DJIA": 0.3479731173809618, "GBPUSD": 0.08689469942334314, "Gold": 0.20795167599148612}
