{"FTSE100": 0.5367309718404153, "DJIA": 0.07634675873089147, "GBPUSD": 0.24003097173827956, "Gold": 0.24186601285533518}
