{"FTSE100": 0.1381588427108176, "DJIA": 0.2765969764780759, "GBPUSD": 0.3222085206253319, "Gold": 1.0452828749093994}
