{"FTSE100": 0.3228862758570765, "DJIA": -0.030124164077094923, "GBPUSD": 0.0902378999179556, "Gold": 0.11560057249806831}
