{"FTSE100": -0.3740003094439075, "DJIA": -1.0456165539326052, "GBPUSD": -0.331043614996276, "Gold": -1.2886172146043333}
