{"FTSE100": 0.1278300409926985, "DJIA": 1.011049412844147, "GBPUSD": 0.2855210759636356, "Gold": -1.0635198135198178}
