{"FTSE100": 0.22674076833468607, "DJIA": -0.34004394023717777, "GBPUSD": -0.0782910189016885, "Gold": 0.0}
