{"FTSE100": -0.22649366864548306, "DJIA": 0.6264540652720553, "GBPUSD": 0.38633436860844667, "Gold": 0.0}
