{"FTSE100": 0.4817140521972568, "DJIA": -0.4821998217510103, "GBPUSD": -0.12194671298177667, "Gold": -0.42540344714019096}
