{"FTSE100": -0.46118648294707143, "DJIA": -0.25230411749914206, "GBPUSD": 0.48343636075447727, "Gold": -0.15060240963855423}
