{"FTSE100": 0.07540696876031687, "DJIA": -0.22434998507272352, "GBPUSD": -0.21566090263890758, "Gold": -0.724266588631216}
