{"FTSE100": -0.5373371062023072, "DJIA": -0.31818228450353336, "GBPUSD": -0.23125206475058932, "Gold": 0.20664281034221604}
