{"FTSE100": 0.5871443232368759, "DJIA": 1.91845135182438, "GBPUSD": 0.5950401005285058, "Gold": 1.919200230386312}
