{"FTSE100": -0.20818512784031298, "DJIA": -0.21259868492086223, "GBPUSD": -0.36819957920047375, "Gold": -2.1170879239576554}
