{"FTSE100": 0.1895583003201259, "DJIA": 0.009881405693902695, "GBPUSD": 0.21125107581567534, "Gold": -0.1583409949943884}
