{"FTSE100": 0.1222000357776634, "DJIA": 0.07998046772165185, "GBPUSD": 0.6447156343541302, "Gold": -0.0995500338470115}
