{"FTSE100": 0.7256421480412666, "DJIA": 0.019582396598036466, "GBPUSD": -0.07327796775768612, "Gold": -0.3074558032282859}
