{"FTSE100": -0.1610083842956971, "DJIA": -0.08006768253712887, "GBPUSD": 0.48669695003244684, "Gold": 0.30508299291587415}
