{"FTSE100": 0.625983577986011, "DJIA": 0.5024905479079652, "GBPUSD": -0.5462833892174945, "Gold": 0.0}
