{"FTSE100": -0.3223558111169096, "DJIA": -0.1601575579645757, "GBPUSD": 0.10297029702970922, "Gold": 0.0}
