{"FTSE100": -0.4935789432439253, "DJIA": 1.388447106746172, "GBPUSD": -0.015759199432667084, "Gold": 0.8993934323363313}
