{"FTSE100": 0.9469735650729487, "DJIA": -0.873352531767609, "GBPUSD": 0.04144218814752962, "Gold": -0.5138586110246076}
