{"FTSE100": 0.5704276657417866, "DJIA": 0.29258762146241046, "GBPUSD": 0.05634256278172448, "Gold": 0.5536711891460449}
