{"FTSE100": -0.4367795225560515, "DJIA": -0.29801232063427296, "GBPUSD": -0.39831302717899736, "Gold": -0.6392227051904884}
