{"FTSE100": -0.028855585209503366, "DJIA": 0.3769688105201904, "GBPUSD": 0.0363798051659373, "Gold": 0.05833304738701637}
