{"FTSE100": 0.012447143264289017, "DJIA": -0.94575707267771, "GBPUSD": 0.6431714747809123, "Gold": 3.340077915018268}
