{"FTSE100": 0.4127613772418784, "DJIA": -0.6952911068033695, "GBPUSD": 0.21765235664966412, "Gold": 0.018802647412755714}
