{"FTSE100": 1.3649447817792875, "DJIA": 0.6203762202702477, "GBPUSD": 0.11108466238197794, "Gold": 0.0}
