{"FTSE100": 0.032336614356480886, "DJIA": 0.12950275135830516, "GBPUSD": -0.12651221633589355, "Gold": 0.13318439594433595}
