{"FTSE100": 0.030834412752807704, "DJIA": -1.008917915594655, "GBPUSD": -0.40849018822587935, "Gold": 0.0}
