{"FTSE100": 1.6294705515235908, "DJIA": 0.40260439965532213, "GBPUSD": 0.1824962310561129, "Gold": -0.052140361854111264}
