{"FTSE100": 0.4951586329748201, "DJIA": -0.12079694235055477, "GBPUSD": 0.20086774867426854, "Gold": 0.10119323691865059}
