{"FTSE100": 0.19891835046586917, "DJIA": -0.6991176859152085, "GBPUSD": 0.0, "Gold": 1.1458861129516345}
