{"FTSE100": -0.480579806316487, "DJIA": -1.2671628247783644, "GBPUSD": 0.25322465775105574, "Gold": -0.07372818874416319}
