{"FTSE100": -0.28887995026876623, "DJIA": 0.1971851188784664, "GBPUSD": -0.23248090335437857, "Gold": -0.4530567685589495}
