{"FTSE100": 0.19310567607176285, "DJIA": 0.3366242464768863, "GBPUSD": 0.0, "Gold": 0.14924135643810252}
