{"FTSE100": -0.24702942579267673, "DJIA": -1.2671628247783644, "GBPUSD": -0.07913270554719394, "Gold": 0.0638977635782837}
