{"FTSE100": 0.17332383447402605, "DJIA": 0.5062228344885726, "GBPUSD": 0.0369904564622451, "Gold": -0.0746224106023521}
