{"FTSE100": 0.17961578682365875, "DJIA": 0.9714077959259579, "GBPUSD": 0.2713271087702376, "Gold": -1.8746079191113962}
