{"FTSE100": 1.4188030926964057, "DJIA": 0.6203762202702477, "GBPUSD": 0.055542331190997773, "Gold": 0.0}
