{"FTSE100": -0.5842729154958207, "DJIA": -0.1045580090866439, "GBPUSD": 0.08539075552256963, "Gold": -1.39241253171278}
