{"FTSE100": 0.2489295051669014, "DJIA": -0.20163508038452232, "GBPUSD": 0.17033251869954594, "Gold": 0.736966347122662}
