{"FTSE100": -0.014598523496216985, "DJIA": 0.023032329668518616, "GBPUSD": 0.059408293397760575, "Gold": 0.16373311502250398}
