{"FTSE100": -0.03564822139791459, "DJIA": -0.16809445488531832, "GBPUSD": 0.0037362226788795454, "Gold": 0.03487054310869702}
