{"FTSE100": 1.510385493857813, "DJIA": -0.2213974377498522, "GBPUSD": -0.7056870070568845, "Gold": 0.0}
