{"FTSE100": -1.5535843726186247, "DJIA": -3.0412321327582554, "GBPUSD": 0.7573136508668676, "Gold": -1.3025892544348574}
