{"FTSE100": 0.16984165000875118, "DJIA": 0.3219571845942602, "GBPUSD": 0.5801687763712943, "Gold": 1.5430546825895777}
