{"FTSE100": -0.5909915000824011, "DJIA": 0.12265418299825698, "GBPUSD": -0.32859607327692464, "Gold": 3.236505643823891}
