{"FTSE100": 0.5439878535544713, "DJIA": 0.0565462484187504, "GBPUSD": 0.14149538278224702, "Gold": 0.0}
