{"FTSE100": 0.6694847764204699, "DJIA": -0.107157370322774, "GBPUSD": 0.25090167790496076, "Gold": 0.06338139755980658}
