{"FTSE100": 0.2583519124448632, "DJIA": 0.5691257684465376, "GBPUSD": -0.0036693208087097548, "Gold": 0.0}
