{"FTSE100": 0.7518347382514449, "DJIA": -0.121022831736172, "GBPUSD": -0.3404381290704513, "Gold": -0.7345369671174655}
