{"FTSE100": -1.4870220991394558, "DJIA": 0.5605149421433138, "GBPUSD": 1.4569638257794195, "Gold": -1.1560877734959625}
