{"FTSE100": 0.7731712895651234, "DJIA": 0.3769688105201904, "GBPUSD": 0.008086689309395842, "Gold": 0.003431355728645268}
