{"FTSE100": -0.36850925739517576, "DJIA": 0.5776207837138753, "GBPUSD": -0.3481012658227816, "Gold": -0.28222013170273286}
