{"FTSE100": -0.4815066932985343, "DJIA": -0.7728038585927587, "GBPUSD": -0.7387033398821102, "Gold": -0.3859871989055486}
