{"FTSE100": 0.88559449941305, "DJIA": 1.4689919001806955, "GBPUSD": 0.26937093962922437, "Gold": 0.45140081448408054}
