{"FTSE100": 0.38523964496226193, "DJIA": -0.2713870743382349, "GBPUSD": -0.2587423553395076, "Gold": -0.026408915649923412}
