{"FTSE100": 0.006245745747336777, "DJIA": 0.09312923497167463, "GBPUSD": -0.05564830272676894, "Gold": -0.19909502262442969}
