{"FTSE100": 0.23839543208266042, "DJIA": -0.06196914063355932, "GBPUSD": -0.2740798747063302, "Gold": 1.249258600237241}
