{"FTSE100": 0.7224916114248302, "DJIA": -0.3781941237930203, "GBPUSD": -0.8672175407019687, "Gold": -1.675103063194705}
