{"FTSE100": -0.0651228319072198, "DJIA": -0.5777173623608186, "GBPUSD": -0.02198607548552341, "Gold": -0.807845343836677}
