{"FTSE100": -0.008028317192800083, "DJIA": 0.02419950087924013, "GBPUSD": -0.19609321969982166, "Gold": 1.8023358205638465e-14}
