{"FTSE100": 0.09486550266955325, "DJIA": -0.3072119869571446, "GBPUSD": 0.1049911161363333, "Gold": 0.12943308309603935}
