{"FTSE100": 0.19390035922455087, "DJIA": 0.5935955494101389, "GBPUSD": -0.20225593154414123, "Gold": 0.06109046479661039}
