{"FTSE100": 0.03864532404167928, "DJIA": 0.7441922192053786, "GBPUSD": 0.3684783518968226, "Gold": 0.20725388601037262}
