{"FTSE100": -0.27231537175414194, "DJIA": 0.11978371943661138, "GBPUSD": -0.4178822045257321, "Gold": -0.802900802900799}
