{"FTSE100": -0.28887995026876623, "DJIA": -0.5475851329199114, "GBPUSD": -0.40684158087015326, "Gold": -0.4530567685589495}
