{"FTSE100": 0.09084057021137527, "DJIA": 0.4049701256653451, "GBPUSD": 0.007920792079224637, "Gold": -0.35377358490566263}
