{"FTSE100": -0.26342812583442055, "DJIA": -0.2613344519060054, "GBPUSD": 0.031439125992311405, "Gold": -0.08937881722031653}
