{"FTSE100": -0.12476927157480275, "DJIA": -1.0231216312168163, "GBPUSD": 0.401479965362521, "Gold": 0.0}
