{"FTSE100": -0.19847676876198547, "DJIA": -0.19576191043155447, "GBPUSD": -0.24132170038980905, "Gold": -1.0892199263174838}
