{"FTSE100": -0.30593081722906057, "DJIA": -0.20408175406198337, "GBPUSD": 0.5027196307895165, "Gold": 0.08545639053569988}
