{"FTSE100": 0.260212456410624, "DJIA": -0.7586032435702313, "GBPUSD": -0.5704325780383357, "Gold": 0.9335257508794}
