{"FTSE100": 0.6009668273854822, "DJIA": -0.3536010011361371, "GBPUSD": -1.4626129827444565, "Gold": -1.0409924487594366}
