{"FTSE100": -0.6103332240338013, "DJIA": -0.5027473228842229, "GBPUSD": 0.40765617113795855, "Gold": 0.7021791767554543}
