{"FTSE100": -1.2986147131886854, "DJIA": -0.5715539245774949, "GBPUSD": 0.13999835296053798, "Gold": 0.7010770168664882}
