{"FTSE100": 0.019628845823868393, "DJIA": 0.5004432764820844, "GBPUSD": -0.015564202334628635, "Gold": -0.40297898388084524}
