{"FTSE100": -0.3118552159927078, "DJIA": 0.1042566928628082, "GBPUSD": 0.17591438833100914, "Gold": 0.9212998121427788}
