{"FTSE100": 0.5694991903490126, "DJIA": -0.10313620729345407, "GBPUSD": -0.29960053262317304, "Gold": 0.300075018754696}
