{"FTSE100": 0.046791904287997156, "DJIA": -0.035721793968993464, "GBPUSD": 0.04724781478856083, "Gold": 0.04145593234391841}
