{"FTSE100": -0.45165881120847645, "DJIA": 0.21744609405791324, "GBPUSD": 0.030009753169793534, "Gold": 0.06883619359585169}
