{"FTSE100": -0.007523810799859041, "DJIA": 0.5905560514390811, "GBPUSD": -0.052978127601598646, "Gold": 0.21019442984761336}
