{"FTSE100": -0.2852888600147571, "DJIA": 0.06183888680731908, "GBPUSD": -0.045850527281058685, "Gold": -0.6887403703892658}
