{"FTSE100": -0.40664406657571706, "DJIA": -1.6325782065657888, "GBPUSD": -0.4958313438865856, "Gold": 1.570587713330767}
