{"FTSE100": -0.23719013544594553, "DJIA": -0.11328302823798174, "GBPUSD": -0.04749841671943745, "Gold": 0.3112494441974188}
