{"FTSE100": 0.46363201428381184, "DJIA": -0.0861115803609354, "GBPUSD": 0.13038781060240215, "Gold": 0.0}
