{"FTSE100": 1.1441623818830955, "DJIA": 0.7434133897744631, "GBPUSD": -0.04111995813241004, "Gold": 1.1913242121293999}
