{"FTSE100": -0.1668005437056126, "DJIA": 0.5485590776866105, "GBPUSD": -0.3828667145249992, "Gold": -0.41514530085530843}
