{"FTSE100": -0.2652127119113452, "DJIA": -0.015629512992758544, "GBPUSD": -0.0038510417067727097, "Gold": -0.06194883754829359}
