{"FTSE100": 0.3415721999749951, "DJIA": 0.2094642835028255, "GBPUSD": -0.6391541071569475, "Gold": 0.015478278815393381}
