{"FTSE100": -1.0143036312711065, "DJIA": -0.4227633168444312, "GBPUSD": 0.08858109196328723, "Gold": 1.1172899341870242}
