{"FTSE100": 0.8305299215371881, "DJIA": 0.1973034591722607, "GBPUSD": 0.5102040816326492, "Gold": 0.788732394366209}
