{"FTSE100": 0.30425382905513915, "DJIA": 0.7143581283232681, "GBPUSD": 0.5170792854904546, "Gold": 0.26803118908381696}
