{"FTSE100": 0.19734903892047434, "DJIA": -0.8024158270873926, "GBPUSD": 0.802310654685495, "Gold": 1.0276522861539898}
