{"FTSE100": 0.13531499556344445, "DJIA": 0.9247514478540337, "GBPUSD": 0.2550091074681407, "Gold": 0.4777242951757018}
