{"FTSE100": 0.5230879747395247, "DJIA": -0.2900661837830461, "GBPUSD": -0.7924054605366389, "Gold": 0.0}
