{"FTSE100": 0.19595806428707896, "DJIA": -0.43107519378210224, "GBPUSD": 0.007891414141413271, "Gold": -0.8910823222976214}
