{"FTSE100": 0.08785377676773969, "DJIA": 0.1664131657039827, "GBPUSD": -0.3252296934710142, "Gold": -0.24913565182022018}
