{"FTSE100": 0.06594000254225937, "DJIA": -0.254550442705645, "GBPUSD": -0.17316974319296077, "Gold": 0.3372429641567352}
