{"FTSE100": -0.4763202620597114, "DJIA": -0.16537795202167066, "GBPUSD": -0.007925814377426408, "Gold": 0.014805310171245843}
