{"FTSE100": 0.5555858036011244, "DJIA": 1.1009398096181156, "GBPUSD": 0.4948963810702104, "Gold": 0.23376189681081982}
