{"FTSE100": 0.3516003411797052, "DJIA": 0.17159212255597128, "GBPUSD": 0.320924261874198, "Gold": 0.044680534180601875}
