{"FTSE100": -0.22384823636499254, "DJIA": 0.19660393016077043, "GBPUSD": 0.2278262235839345, "Gold": 0.18602055527135747}
