{"FTSE100": -0.8237363638664627, "DJIA": 0.06181098219331175, "GBPUSD": -0.22404779686332457, "Gold": 0.03757582264211957}
