{"FTSE100": 0.1068594967415629, "DJIA": -0.102828798696231, "GBPUSD": -0.18617813523979346, "Gold": 0.12697100336619993}
