{"FTSE100": 0.3708885018656819, "DJIA": 0.0056257929777244154, "GBPUSD": -0.503449561812421, "Gold": -0.717126672291195}
