{"FTSE100": -0.14327615151574855, "DJIA": 0.993441695519574, "GBPUSD": 0.10342084327765147, "Gold": 0.9018648731274804}
