{"FTSE100": 0.12032149393883282, "DJIA": -0.6310034892637809, "GBPUSD": 0.1641423561889114, "Gold": 2.4372142019200664}
