{"FTSE100": 0.12945293572218716, "DJIA": 0.08524701629661285, "GBPUSD": -0.26057633353769527, "Gold": 0.5638058738990944}
