{"FTSE100": -0.024386761400182852, "DJIA": 0.19651595316745127, "GBPUSD": 0.43034105534105255, "Gold": 0.292500882545764}
