{"FTSE100": -0.40504637468187676, "DJIA": 1.0496807521419425, "GBPUSD": -0.058081646199794466, "Gold": -0.1483924154987534}
