{"FTSE100": 0.5529397713057144, "DJIA": -0.012467266092820409, "GBPUSD": -1.3064913722267892, "Gold": -1.057173678532897}
