{"FTSE100": -0.895183199164811, "DJIA": -0.9269251514606763, "GBPUSD": -0.8019334285400428, "Gold": -0.2900399061998676}
