{"FTSE100": 0.025109962225879384, "DJIA": -0.14332423786225135, "GBPUSD": -0.1491909261313566, "Gold": -0.1343054489639294}
