{"FTSE100": 0.35087947501407313, "DJIA": -0.4821998217510103, "GBPUSD": -0.10716529322641079, "Gold": -0.45010429245801103}
