{"FTSE100": 0.42893867938660274, "DJIA": 1.0448409911363583, "GBPUSD": -0.04169351476329837, "Gold": 0.9716113554578242}
