{"FTSE100": -0.4529647165603309, "DJIA": 0.17266205352600647, "GBPUSD": 0.023422860712052383, "Gold": -0.28469750889678574}
