{"FTSE100": 0.03159211725352089, "DJIA": -0.3698159508653571, "GBPUSD": -0.20990930333874935, "Gold": 0.9155222638368579}
