{"FTSE100": 0.4357607987399894, "DJIA": 0.5370553617606709, "GBPUSD": -0.3378909319503356, "Gold": 0.09903570497785202}
