{"FTSE100": 0.14367613249482128, "DJIA": 0.039977216290619726, "GBPUSD": 0.3405893676884301, "Gold": 0.008246062505146288}
