{"FTSE100": 0.052054409742935785, "DJIA": 0.21255155833340317, "GBPUSD": -0.16121231662098998, "Gold": 0.0}
