{"FTSE100": 0.04993787888525364, "DJIA": 0.5362199791749414, "GBPUSD": -0.05812505189737979, "Gold": 0.49804141018467213}
