{"FTSE100": 1.5621599755415934, "DJIA": 2.1208611690249506, "GBPUSD": -0.16066838046272505, "Gold": -0.32780167998361454}
