{"FTSE100": 1.171617550136535, "DJIA": -0.2386402058404856, "GBPUSD": 0.033851130251631355, "Gold": 1.461661583064056}
