{"FTSE100": 0.4952491194961733, "DJIA": 1.0381709436142517, "GBPUSD": 0.14849034812735534, "Gold": 0.5228758169934686}
