{"FTSE100": -1.1534927677001037, "DJIA": 0.39742837121175256, "GBPUSD": 0.21301775147928398, "Gold": 0.1149185123276246}
