{"FTSE100": -0.3077349007581551, "DJIA": -0.20163272791955902, "GBPUSD": -0.3324889170360973, "Gold": -0.17291635788745613}
