{"FTSE100": 0.5864933416218711, "DJIA": 0.17820730791171693, "GBPUSD": -0.007898270278808071, "Gold": 0.7279881947860395}
