{"FTSE100": 0.9315964754756058, "DJIA": 0.7590352114147928, "GBPUSD": 0.20757654385055496, "Gold": 0.0}
