{"FTSE100": 0.47218711741242714, "DJIA": 1.6957526960512054e-14, "GBPUSD": -0.05185273822343085, "Gold": -0.0459365310262917}
