{"FTSE100": 0.5338884692617962, "DJIA": 0.2024596357222299, "GBPUSD": -0.11021018657008941, "Gold": -0.025947067981314176}
