{"FTSE100": 0.12004895156878805, "DJIA": 0.24131902415604137, "GBPUSD": 0.23717758671806194, "Gold": -0.058153058850895556}
