{"FTSE100": -0.10514042042841613, "DJIA": 0.5830496679569971, "GBPUSD": 0.3611267153519116, "Gold": -0.23718207509083797}
