{"FTSE100": -0.02508650966476664, "DJIA": -0.05452120254254874, "GBPUSD": -0.05501847048651442, "Gold": 0.5479053529868203}
