{"FTSE100": 0.07630560460084744, "DJIA": -1.037809090216601, "GBPUSD": 0.023616468550733447, "Gold": -0.1640496836184673}
