{"FTSE100": 0.6136339128835198, "DJIA": -0.6879602185646203, "GBPUSD": -0.4977876106194668, "Gold": -1.1409457478005907}
