{"FTSE100": 1.834392490511528, "DJIA": 0.2510403830314156, "GBPUSD": 0.19251501617127437, "Gold": 0.2504856354156063}
