{"FTSE100": -1.1429127164798276, "DJIA": -0.2192256596579448, "GBPUSD": 0.13173247017201553, "Gold": 0.13910355486863848}
