{"FTSE100": 0.2686918286590886, "DJIA": -1.2269394762670514, "GBPUSD": 0.12706480304955786, "Gold": -3.131455399061024}
