{"FTSE100": -0.7048758802617319, "DJIA": -0.6377643076457189, "GBPUSD": -0.21967676133688324, "Gold": 1.035185862916294}
