{"FTSE100": 0.6013282503758255, "DJIA": -0.1756852516642826, "GBPUSD": -0.3476611883691498, "Gold": -0.12829912023461243}
