{"FTSE100": -0.4386243527191379, "DJIA": 0.08574954147668495, "GBPUSD": -0.21284682630177984, "Gold": 0.33900858821756813}
