{"FTSE100": 0.688453094717405, "DJIA": 0.052829239675221074, "GBPUSD": -0.37243947858472204, "Gold": -0.19538495783147652}
