{"FTSE100": -0.18378558013302368, "DJIA": 1.0462668361610967, "GBPUSD": 0.6197135918264677, "Gold": 0.20725388601037262}
