{"FTSE100": 0.012087151261511803, "DJIA": 1.0537205422430127, "GBPUSD": 0.12440541529455065, "Gold": 6.089778258518118}
