{"FTSE100": 0.40698713582499924, "DJIA": -0.3470569860364145, "GBPUSD": -0.21926389976506766, "Gold": 0.21871293001184888}
