{"FTSE100": 0.23988685466919932, "DJIA": -0.048869371143631865, "GBPUSD": -0.2928257686676466, "Gold": 0.0}
