{"FTSE100": 0.14542536920492688, "DJIA": 0.5252983774205987, "GBPUSD": -0.16981689308918846, "Gold": -0.5933661662611998}
