{"FTSE100": 0.41309503510919715, "DJIA": 0.30231185096499363, "GBPUSD": 0.4280752766335581, "Gold": 0.6435071137700444}
