{"FTSE100": -1.0094295852072552, "DJIA": -0.40707833905014884, "GBPUSD": 0.0964862909061743, "Gold": 0.14766535974337242}
