{"FTSE100": 0.3582632944730669, "DJIA": 0.993441695519574, "GBPUSD": 0.2713271087702376, "Gold": -2.5646702830362744}
