{"FTSE100": -0.11448402123331948, "DJIA": 0.24411357638170253, "GBPUSD": -0.7078406969508484, "Gold": 0.16072532454152447}
