{"FTSE100": 0.31230926644911905, "DJIA": 0.663491492534046, "GBPUSD": 0.0562429696287902, "Gold": 0.4427204115191634}
