{"FTSE100": -0.9771265120974677, "DJIA": -0.8367720635315004, "GBPUSD": -0.2903099254609505, "Gold": 0.40337561700546193}
