{"FTSE100": 0.3058578036067642, "DJIA": 0.47072185994381716, "GBPUSD": 0.1264034500706398, "Gold": -1.605071094181625}
