{"FTSE100": 1.016623396346971, "DJIA": -1.2671628247783644, "GBPUSD": 0.0, "Gold": -0.39737048665619645}
