{"FTSE100": 0.08618658223332466, "DJIA": 0.36800301822922377, "GBPUSD": 0.17464475668809873, "Gold": 0.0}
