{"FTSE100": -0.3014950997172074, "DJIA": -0.14109263645690004, "GBPUSD": 0.03168065895770283, "Gold": 0.10873325754953878}
