{"FTSE100": 0.40803075654748544, "DJIA": 0.9771546597528314, "GBPUSD": -0.598708051047743, "Gold": -0.5471154315861484}
