{"FTSE100": 0.13821737645803506, "DJIA": 0.5272313633274254, "GBPUSD": 0.08426451731087793, "Gold": -0.16807178291631159}
