{"FTSE100": 0.3518726626259604, "DJIA": 0.4896193646091157, "GBPUSD": -0.1574431236715738, "Gold": 0.23784812316208268}
