{"FTSE100": 0.5385704132522795, "DJIA": 1.5083119312081201, "GBPUSD": 0.031399638904149145, "Gold": -0.017219854492233455}
