{"FTSE100": -0.6664879011758408, "DJIA": -0.9149874557577672, "GBPUSD": -0.03794202458642775, "Gold": 0.019939384271831822}
