{"FTSE100": 0.15362876061846015, "DJIA": 0.7756100194817952, "GBPUSD": -0.571984909334307, "Gold": -0.630397551288131}
