{"FTSE100": -1.0094295852072552, "DJIA": -0.4070178114553254, "GBPUSD": 0.1852896157254466, "Gold": 0.34729315628192964}
