{"FTSE100": -0.6343721795108805, "DJIA": -0.37692279813402757, "GBPUSD": 0.07857311228096879, "Gold": -0.6381519962027391}
