{"FTSE100": 0.209190609988211, "DJIA": -0.30817887794355414, "GBPUSD": -0.24843250916832402, "Gold": 0.17046100231069358}
