{"FTSE100": 0.3371136598561956, "DJIA": 0.13121594697451466, "GBPUSD": 0.5535943517330013, "Gold": 0.1824437030859049}
