{"FTSE100": -0.14795218892851209, "DJIA": 0.06285684975106935, "GBPUSD": -0.047203209818279905, "Gold": 0.3491219842634592}
