{"FTSE100": -0.3837873138788817, "DJIA": 1.1738124087788122, "GBPUSD": -0.3239202657807137, "Gold": 0.33014017427072234}
