{"FTSE100": 0.40522405502433945, "DJIA": 0.34937839824878414, "GBPUSD": -0.3008709422011105, "Gold": -0.790727370954282}
