{"FTSE100": -0.2260717475439027, "DJIA": 0.04614329363346929, "GBPUSD": -0.12604380022058026, "Gold": -0.33457054733650954}
