{"FTSE100": -0.7372395799189793, "DJIA": -0.11814053205006708, "GBPUSD": -0.363959883532851, "Gold": 0.0}
