{"FTSE100": 0.03898762584376817, "DJIA": -0.4948898040914321, "GBPUSD": -0.04116581590648501, "Gold": 0.9956927896179423}
