{"FTSE100": 0.4824390582234728, "DJIA": 1.6034830108244549, "GBPUSD": 0.45518497061986574, "Gold": 0.08811057877635932}
