{"FTSE100": 0.15172056328049338, "DJIA": 0.06170357208616762, "GBPUSD": 0.1636533665835404, "Gold": -0.10712646023568516}
