{"FTSE100": -0.029992177298084666, "DJIA": 0.29450618141554724, "GBPUSD": -0.14379777491862492, "Gold": -1.5757318425211753}
