{"FTSE100": -0.45730776773804793, "DJIA": 0.28269037535719965, "GBPUSD": -0.11684973124562256, "Gold": -0.786602385181426}
