{"FTSE100": 1.5621599755415934, "DJIA": 1.9219292973685105, "GBPUSD": -0.5508982035928245, "Gold": -1.3043478260869543}
