{"FTSE100": 0.5439878535544713, "DJIA": 0.17665574821006988, "GBPUSD": 0.10425975573429162, "Gold": 0.19266819412622607}
