{"FTSE100": 0.30425382905513915, "DJIA": 0.963208333153348, "GBPUSD": 0.8147916013788927, "Gold": 0.17868745938921746}
