{"FTSE100": 0.44588087537157534, "DJIA": 0.8020059647056637, "GBPUSD": 0.09259973763408363, "Gold": -0.025539056514276993}
