{"FTSE100": -1.0421998718001886, "DJIA": 0.02244938001547211, "GBPUSD": -0.008071025020176674, "Gold": 0.8106666666666731}
