{"FTSE100": 0.039471906038128765, "DJIA": 0.10779661931209204, "GBPUSD": -0.15725743041358717, "Gold": 0.0}
