{"FTSE100": 0.40897067709590607, "DJIA": -0.051148578398403866, "GBPUSD": 0.05607177186800264, "Gold": 0.0}
