{"FTSE100": -0.09136222083590427, "DJIA": -0.3256629419526956, "GBPUSD": -0.3616491199871372, "Gold": -0.5678421996413673}
