{"FTSE100": 0.2868511753981341, "DJIA": 0.7826274777117369, "GBPUSD": 0.06332119677061199, "Gold": -0.03955891806359995}
