{"FTSE100": 0.07864009260657305, "DJIA": -0.2799456752963129, "GBPUSD": 0.2884219200659298, "Gold": 0.11339705167665148}
