{"FTSE100": 0.8006231093883155, "DJIA": 1.3863842059128055, "GBPUSD": 0.21010038129327868, "Gold": 0.016305898658843545}
