{"FTSE100": 0.14907983007792633, "DJIA": 1.724302765769174e-14, "GBPUSD": -1.100391920410005, "Gold": -0.1926636696762632}
