{"FTSE100": -0.2059122918981229, "DJIA": -0.14992069262634208, "GBPUSD": -0.5956579669253116, "Gold": 1.1607686288148775}
