{"FTSE100": -0.16163722870363648, "DJIA": 0.05445281566958504, "GBPUSD": 0.1500078951523599, "Gold": 0.9243697478991597}
