{"FTSE100": 0.42197484681192665, "DJIA": -0.0025957097828106066, "GBPUSD": -0.3837638376383669, "Gold": -0.18606884547283312}
