{"FTSE100": -0.37166802819883366, "DJIA": 0.18156113539098861, "GBPUSD": -0.21087160262417406, "Gold": -0.911957726071748}
