{"FTSE100": -0.5499466578181588, "DJIA": -0.4267107831152267, "GBPUSD": -0.19610919359900914, "Gold": -0.28356362136522995}
