{"FTSE100": -0.5942508413450533, "DJIA": 0.03857636442923924, "GBPUSD": 0.024634586960089255, "Gold": 0.7437457741717353}
