{"FTSE100": 0.6057456707069105, "DJIA": -0.02809406082031541, "GBPUSD": 0.015481074386560722, "Gold": -0.04809387925230049}
