{"FTSE100": -0.35375662142862646, "DJIA": 0.039524397600362256, "GBPUSD": 0.407339876634207, "Gold": 1.3075573504584725}
