{"FTSE100": 0.3553185896314653, "DJIA": 0.19212177751043893, "GBPUSD": -0.1393779342723014, "Gold": 0.0}
