{"FTSE100": 0.5294262352003659, "DJIA": -0.19923501477549774, "GBPUSD": -0.011570949203523159, "Gold": -0.05103603143819536}
