{"FTSE100": 1.5626058304879438, "DJIA": 0.6420607733242925, "GBPUSD": 0.2832861189801562, "Gold": 0.27269572115622986}
