{"FTSE100": -0.3446569992721036, "DJIA": 0.1898632993151312, "GBPUSD": 0.24014482580263605, "Gold": 0.2248740705205085}
