{"FTSE100": -0.38310577915251737, "DJIA": 0.2435207930434464, "GBPUSD": -0.15465511908444182, "Gold": 0.434782608695656}
