{"FTSE100": 0.15540291594293765, "DJIA": 0.11640997004562277, "GBPUSD": 0.1482579688658285, "Gold": -0.8872055618968511}
