{"FTSE100": -0.4689241601226541, "DJIA": -0.7678719963641301, "GBPUSD": 0.26981985556702404, "Gold": 0.71822436402391}
