{"FTSE100": 0.3155358906210013, "DJIA": 0.2199170427937952, "GBPUSD": -0.19068147902505309, "Gold": 0.0}
