{"FTSE100": -0.4791261733467069, "DJIA": 0.7844244525698305, "GBPUSD": 0.8514165159734678, "Gold": 1.8541797611565054}
