{"FTSE100": 0.3066068677994735, "DJIA": 0.3636407946585871, "GBPUSD": 0.03917574238033119, "Gold": 0.2709094818318719}
