{"FTSE100": 0.056816978308617, "DJIA": 0.3848695702077248, "GBPUSD": -0.27848597764267047, "Gold": -0.5884615384615279}
