{"FTSE100": 0.26607417160413516, "DJIA": -0.7736004263888471, "GBPUSD": 0.06689957630267604, "Gold": -0.24920876218007823}
