{"FTSE100": -3.0653447775388845, "DJIA": -3.9772108299001627, "GBPUSD": -0.6908133277355659, "Gold": -0.7878592185986321}
