{"FTSE100": 0.04617606123415259, "DJIA": 0.34919893722060835, "GBPUSD": -0.11026226667717318, "Gold": 0.23135614078267513}
