{"FTSE100": -0.11561617367364366, "DJIA": 1.7163406475245196e-14, "GBPUSD": 0.14538405621517034, "Gold": 0.0752190755575614}
