{"FTSE100": 0.8809808138124876, "DJIA": 0.27880478699151034, "GBPUSD": -0.24981867999033786, "Gold": 1.600809123565727}
