{"FTSE100": 0.018435270927581498, "DJIA": -0.32585965313005105, "GBPUSD": 0.07232401157185173, "Gold": 0.09096881791074718}
