{"FTSE100": -0.1365185317765316, "DJIA": 0.21457867555418325, "GBPUSD": -0.2387600663671876, "Gold": 0.16333938294010888}
