{"FTSE100": 0.5180944420163732, "DJIA": -0.12079694235055477, "GBPUSD": 0.1928330387272985, "Gold": 0.10119323691865059}
