{"FTSE100": -0.7452417086719846, "DJIA": -0.1614469344348213, "GBPUSD": 0.4937813254130512, "Gold": -0.167291362259908}
