{"FTSE100": -0.7413885881859336, "DJIA": -0.30435624701080455, "GBPUSD": 0.09119548996848605, "Gold": 0.7154650522839846}
