{"FTSE100": 0.275124291577544, "DJIA": -0.3729195547664761, "GBPUSD": -0.05518966849406, "Gold": -0.5563955246446821}
