{"FTSE100": -0.10154057170349522, "DJIA": 1.3853165449377096, "GBPUSD": 0.0696864111498181, "Gold": -0.40421443244318706}
