{"FTSE100": 0.9793576181464547, "DJIA": 0.7606334038441698, "GBPUSD": 0.15761683347781555, "Gold": 0.20509815411661678}
