{"FTSE100": -0.6597954994495652, "DJIA": 0.3269463908926365, "GBPUSD": 0.11964405892468583, "Gold": -0.34413644442763336}
