{"FTSE100": -0.1610083842956971, "DJIA": -0.09183623861531799, "GBPUSD": 0.5597014925373057, "Gold": 0.30508299291587415}
