{"FTSE100": 0.2360345323552148, "DJIA": 0.2663916680684145, "GBPUSD": 0.4699071463478883, "Gold": -0.005917159763308228}
