{"FTSE100": -1.1659198734844525, "DJIA": -0.030654910072988713, "GBPUSD": 0.24711696869852667, "Gold": 0.5267733851582853}
