{"FTSE100": 0.6486696351065441, "DJIA": 0.8126116761805969, "GBPUSD": -0.2403754435499076, "Gold": -0.4588910133843212}
