{"FTSE100": -0.5243652583282065, "DJIA": -0.6533137620495773, "GBPUSD": -0.2539587690468963, "Gold": -0.15634115039084864}
