{"FTSE100": 1.1810602554632519, "DJIA": 0.9427860076876619, "GBPUSD": -0.3655699567962786, "Gold": 0.9961910342806872}
