{"FTSE100": 0.8651396157700642, "DJIA": 2.127325533372524, "GBPUSD": 0.43830631822693367, "Gold": 0.7134427636519662}
