{"FTSE100": 0.42294439398127454, "DJIA": 0.0, "GBPUSD": -0.27477997690254896, "Gold": 0.3244274809160305}
