{"FTSE100": 0.192899955851753, "DJIA": 0.4752378317991603, "GBPUSD": -0.2467956372900152, "Gold": 0.1466275659823978}
