{"FTSE100": -1.054866104942572, "DJIA": 0.0, "GBPUSD": -0.01647039446596393, "Gold": 0.6807559439138432}
