{"FTSE100": -0.4253515780387581, "DJIA": 0.2280663085971516, "GBPUSD": 0.33578010307669787, "Gold": 1.709916589434666}
