{"FTSE100": 0.8796744911483355, "DJIA": 0.30623296387359294, "GBPUSD": 0.04215690031809684, "Gold": 1.8113094514716168e-14}
