{"FTSE100": 0.612780415295247, "DJIA": 0.71200223359167, "GBPUSD": 0.18830882647542566, "Gold": 0.3434619563312719}
