{"FTSE100": 0.49007487516327214, "DJIA": -0.014608386547185733, "GBPUSD": -0.1763809829231123, "Gold": 0.2607561929595828}
