{"FTSE100": -0.010050108811763455, "DJIA": 0.6092074879444653, "GBPUSD": -0.3385458649040771, "Gold": 0.0}
