{"FTSE100": -0.12491709754480888, "DJIA": 0.08444918483118927, "GBPUSD": 0.09679761232556988, "Gold": -0.24359904633565074}
