{"FTSE100": -0.41480751772228397, "DJIA": -1.2115235026794196, "GBPUSD": -0.023549729178111857, "Gold": 1.0965092402464178}
