{"FTSE100": 0.23565853129494618, "DJIA": 0.16485852314223115, "GBPUSD": 0.36768802228412334, "Gold": 0.0}
