{"FTSE100": 0.528737342892775, "DJIA": -0.5866340333144477, "GBPUSD": -0.2459016393442534, "Gold": 0.3270904774465864}
