{"FTSE100": -0.41777266367666255, "DJIA": 0.18200335506061946, "GBPUSD": 0.15147596704474875, "Gold": 0.005995203836938635}
