{"FTSE100": 0.09278258542242994, "DJIA": 0.2911987298550846, "GBPUSD": 0.13768836533314815, "Gold": 0.3549858252187869}
