{"FTSE100": -0.27338574280134836, "DJIA": -0.02695126824661071, "GBPUSD": -0.26991594046424283, "Gold": -0.08223684210526316}
