{"FTSE100": 0.40803075654748544, "DJIA": 0.8660636819998347, "GBPUSD": -0.5435638884512469, "Gold": -0.5520003907967346}
