{"FTSE100": 0.08501267933008877, "DJIA": 0.714870977089899, "GBPUSD": 0.19120458891013775, "Gold": 0.0}
