{"FTSE100": 0.018616152497902997, "DJIA": -1.2995112806410898, "GBPUSD": -0.057917294104021654, "Gold": 0.17424521663371034}
