{"FTSE100": 0.029615291067906776, "DJIA": 0.14730570964079967, "GBPUSD": 0.4770613023773559, "Gold": 1.4241486068111575}
