{"FTSE100": 0.3144865607125284, "DJIA": 0.2971982623153109, "GBPUSD": 0.2747696783578527, "Gold": 0.22063985558118998}
