{"FTSE100": -0.4641011715765772, "DJIA": -0.1708569827795076, "GBPUSD": -0.4861162259703867, "Gold": -0.5976916735366778}
