{"FTSE100": 0.5031439899899145, "DJIA": 0.011178078314094493, "GBPUSD": -0.24457593688363727, "Gold": 0.5788926822027631}
