{"FTSE100": 0.8265196734517891, "DJIA": 0.9688723730980743, "GBPUSD": 0.6054071985403952, "Gold": -0.6602963281082339}
