{"FTSE100": -0.4163211426830774, "DJIA": 0.1825998166335992, "GBPUSD": -0.10272619517977707, "Gold": 0.008496898631991592}
