{"FTSE100": -0.590642725079125, "DJIA": -0.2550589971080233, "GBPUSD": 0.1577548987047503, "Gold": 0.0}
