{"FTSE100": 0.19543240327366732, "DJIA": -0.30817887794355414, "GBPUSD": -0.14590480697187644, "Gold": -0.3181938709799648}
