{"FTSE100": -0.03519120114922095, "DJIA": -0.7096213059205019, "GBPUSD": -0.7600950118764886, "Gold": -0.5942733657482508}
