{"FTSE100": 0.5493784901730813, "DJIA": -0.060016817025189594, "GBPUSD": -0.14216886501856282, "Gold": 0.6738809640924764}
