{"FTSE100": -0.3992922916080256, "DJIA": -0.1601575579645757, "GBPUSD": -0.12673267326731277, "Gold": 0.0}
