{"FTSE100": 0.15179501477291052, "DJIA": 0.0, "GBPUSD": -0.39551214787312344, "Gold": 0.0}
