{"FTSE100": -0.2176814731683389, "DJIA": -0.15218440909905012, "GBPUSD": -0.6535433070866121, "Gold": -2.2839208112023157}
