{"FTSE100": 0.28397894651545813, "DJIA": -0.016300563117276824, "GBPUSD": 0.09413979759942478, "Gold": 0.21468086863181476}
