{"FTSE100": 0.04017982521776105, "DJIA": -0.010161236143761562, "GBPUSD": -0.31832651205091406, "Gold": 0.0}
