{"FTSE100": 0.516031880118995, "DJIA": -0.3557943102279252, "GBPUSD": 0.007834534628642196, "Gold": 1.5459890629497293}
