{"FTSE100": 1.2059202462169285, "DJIA": -0.28001073244478997, "GBPUSD": -0.1125944989544851, "Gold": 0.26260504201680673}
