{"FTSE100": 0.8264451830773364, "DJIA": -0.44721173462843405, "GBPUSD": 0.054919190334233876, "Gold": 0.22348110805051474}
