{"FTSE100": 0.15807981770976295, "DJIA": -0.14012881890648238, "GBPUSD": 0.04516371847949988, "Gold": 0.0}
