{"FTSE100": 0.09182103819889814, "DJIA": 0.21453067261953956, "GBPUSD": 0.04783104602818642, "Gold": 0.03023888720895071}
