{"FTSE100": -0.730916278296602, "DJIA": -0.8056286536255535, "GBPUSD": -0.44012748520261247, "Gold": -0.9531025681926797}
