{"FTSE100": -0.4473676137326113, "DJIA": -1.1005801171786118, "GBPUSD": 0.1997835678015448, "Gold": -0.01658558160107153}
