{"FTSE100": -0.2785029071094097, "DJIA": 0.7727769393462457, "GBPUSD": 0.18700513269407346, "Gold": 0.21190061177758204}
