{"FTSE100": 0.36213641117006945, "DJIA": 1.0518210125357466, "GBPUSD": 0.5266937993775388, "Gold": -2.5646702830362744}
