{"FTSE100": 0.12979005351710934, "DJIA": -0.9417440188201537, "GBPUSD": 0.07720872090885661, "Gold": -0.24608366844728025}
