{"FTSE100": -0.4386243527191379, "DJIA": 0.17276165288921988, "GBPUSD": -0.1558520545862231, "Gold": 0.38420973331323705}
