{"FTSE100": 0.1771158506965519, "DJIA": 0.5210389894994409, "GBPUSD": 0.13248129675810744, "Gold": 0.0}
