{"FTSE100": 0.1484168216229201, "DJIA": 1.2633361362158366, "GBPUSD": -0.3811222834901011, "Gold": -0.7364144235652615}
