{"FTSE100": 0.2360345323552148, "DJIA": 0.20325654803007884, "GBPUSD": 0.4548701176647578, "Gold": -0.06209527188858065}
