{"FTSE100": -0.6077013939028667, "DJIA": -0.16809445488531832, "GBPUSD": 0.20925192437036944, "Gold": 1.5996861651120136}
