{"FTSE100": 0.6488657092836767, "DJIA": 0.12941582381601738, "GBPUSD": -0.007837604827963711, "Gold": 0.29192878582296633}
