{"FTSE100": -0.44427637620872973, "DJIA": -0.16543316032862043, "GBPUSD": 0.1815150953880395, "Gold": 0.6165409118933677}
