{"FTSE100": 0.5931669410891514, "DJIA": 0.33070802881740863, "GBPUSD": -0.2988126130376681, "Gold": 0.33470648815654747}
