{"FTSE100": 0.0979608896590308, "DJIA": -0.20163508038452232, "GBPUSD": 0.26660742057320946, "Gold": 0.8521173388605783}
