{"FTSE100": 0.021430900166215083, "DJIA": -0.5085868085858289, "GBPUSD": 0.5869678282190369, "Gold": 2.4628295174678465}
