{"FTSE100": -0.24838621516968692, "DJIA": -0.24439307165936588, "GBPUSD": 0.03468609087756284, "Gold": 0.0548466123075798}
