{"FTSE100": -0.24838621516968692, "DJIA": -0.613484191855639, "GBPUSD": -0.061733158422711, "Gold": -0.1751249589550778}
