{"FTSE100": 0.13289878758664006, "DJIA": -1.6099292133409195, "GBPUSD": -0.2695014223686216, "Gold": 0.8035062089116107}
