{"FTSE100": 0.36661415571263195, "DJIA": 0.17665574821006988, "GBPUSD": 0.15990480086274936, "Gold": 0.6326806915226042}
