{"FTSE100": -0.04891371788831879, "DJIA": -0.1959734135626649, "GBPUSD": 0.11887779362815476, "Gold": 0.08659638554217552}
