{"FTSE100": 0.022955084551215248, "DJIA": 0.6689065183223952, "GBPUSD": -0.4763512246352408, "Gold": -2.759455370650524}
