{"FTSE100": 0.3454870254746392, "DJIA": 0.33356398459741393, "GBPUSD": 0.031496062992122514, "Gold": -0.28127313101405466}
