{"FTSE100": 0.7731712895651234, "DJIA": 0.3252572037360531, "GBPUSD": -0.3706986864372761, "Gold": 1.6077843267185123}
