{"FTSE100": 0.07864009260657305, "DJIA": -0.7135154454850504, "GBPUSD": 0.263700041203139, "Gold": 0.11339705167665148}
