{"FTSE100": -4.953072306643027, "DJIA": -5.502574487747598, "GBPUSD": -0.08533747090768819, "Gold": -0.7536520584329289}
