{"FTSE100": -0.23772819051474525, "DJIA": 0.15976816467024268, "GBPUSD": 0.12619291742251326, "Gold": -0.353183557343277}
