{"FTSE100": 0.42294439398127454, "DJIA": 9.238508969523571e-05, "GBPUSD": -0.25088606586754697, "Gold": 0.30152671755725535}
