{"FTSE100": 0.4932924448476593, "DJIA": 1.344757089127148, "GBPUSD": 0.07472166180976701, "Gold": 1.9731198169859705}
