{"FTSE100": 0.13105315172086654, "DJIA": -0.7654102166605894, "GBPUSD": 0.01114785775334209, "Gold": 0.18376904380816342}
