{"FTSE100": 0.5964618746128895, "DJIA": -0.37475113929139436, "GBPUSD": 0.21596663687817433, "Gold": 0.31929650082442024}
