{"FTSE100": 0.07699969145993038, "DJIA": -1.0231216312168163, "GBPUSD": 0.28339762260883633, "Gold": 0.0}
