{"FTSE100": 0.998015717605294, "DJIA": 0.4980339089505486, "GBPUSD": 0.06456820016141339, "Gold": 0.0}
