{"FTSE100": 0.2828570335931999, "DJIA": 0.09276047738062146, "GBPUSD": -0.33739302172481833, "Gold": -0.3425347572033022}
