{"FTSE100": 1.6113610939718237, "DJIA": 0.07377126126716468, "GBPUSD": -0.5959565479782754, "Gold": -0.37560760053026954}
