{"FTSE100": -0.12759120242329075, "DJIA": -0.13539847915705555, "GBPUSD": 0.04451699065142706, "Gold": 0.21527162213498796}
