{"FTSE100": 0.3276632184970888, "DJIA": 1.0547228733598666, "GBPUSD": -0.023622047244091886, "Gold": 0.0}
