{"FTSE100": 1.4050402121391412, "DJIA": 0.6203762202702477, "GBPUSD": -0.1507577560898209, "Gold": -0.052140361854111264}
