{"FTSE100": 0.33343708134295474, "DJIA": -0.31818228450353336, "GBPUSD": -0.09910802775025518, "Gold": 0.0}
