{"FTSE100": 0.12916779522523408, "DJIA": 0.5062228344885726, "GBPUSD": 0.1405637345565018, "Gold": 0.31341412452987877}
