{"FTSE100": 0.639110838340949, "DJIA": 1.237817360522537, "GBPUSD": -0.29633189171872787, "Gold": 0.0}
