{"FTSE100": 0.5273560024013673, "DJIA": -0.030124164077094923, "GBPUSD": 0.5359498680738745, "Gold": -0.10998075336816057}
