{"FTSE100": 0.0, "DJIA": 0.993441695519574, "GBPUSD": -0.17501988862368797, "Gold": 0.9018648731274804}
