{"FTSE100": 0.20163176642715686, "DJIA": 0.7785608692629229, "GBPUSD": -0.7348138471587294, "Gold": -0.15179881596923542}
