{"FTSE100": 0.19397301092543792, "DJIA": -0.06674616616787857, "GBPUSD": 0.19134806588378603, "Gold": -0.18281969704164058}
