{"FTSE100": 0.7904669790097918, "DJIA": 0.0, "GBPUSD": -0.5593193634788172, "Gold": -0.35660202237311095}
