{"FTSE100": 0.3611183002652636, "DJIA": 0.12243434666179782, "GBPUSD": 0.17265971023196222, "Gold": 0.07252185197908664}
