{"FTSE100": 0.26919519297733974, "DJIA": 0.0, "GBPUSD": -0.19993602047344425, "Gold": 0.393054595715269}
