{"FTSE100": -0.6760643380273589, "DJIA": 0.015069876638528398, "GBPUSD": 0.31152647975077824, "Gold": 0.0}
