{"FTSE100": 0.19604049004074553, "DJIA": 0.581346661974599, "GBPUSD": 0.6604623236265491, "Gold": 0.09401323706377857}
