{"FTSE100": 0.052054409742935785, "DJIA": 0.2335533960678362, "GBPUSD": -0.17733354828308717, "Gold": 0.0}
