{"FTSE100": 0.46363201428381184, "DJIA": -0.2728492992456575, "GBPUSD": 0.09313415043029434, "Gold": 0.18805524933531803}
