{"FTSE100": -1.7255038355264407, "DJIA": -0.6941836620043264, "GBPUSD": -0.16921837228041825, "Gold": 0.0861894139119877}
