{"FTSE100": 0.2386680292749212, "DJIA": 0.5274864210499062, "GBPUSD": -0.4905508644953755, "Gold": 0.734584225328464}
