{"FTSE100": 0.3062434833588357, "DJIA": 0.3224715003418129, "GBPUSD": -0.154131921116065, "Gold": 0.28321123782191676}
