{"FTSE100": -0.22043049963407965, "DJIA": -1.1871048617719053, "GBPUSD": 0.1673306772908359, "Gold": 0.8897831433042741}
