{"FTSE100": 3.044086318344477, "DJIA": -2.498962654324392, "GBPUSD": 1.182162225430143, "Gold": 0.34229208924948423}
