{"FTSE100": 0.13105315172086654, "DJIA": -0.5085714461030847, "GBPUSD": -0.2662328057979624, "Gold": -0.026671408250358315}
