{"FTSE100": -0.6059800923595484, "DJIA": -0.6648465929686019, "GBPUSD": -0.18545707441464784, "Gold": -2.1575984990619173}
