{"FTSE100": 0.5268797241101482, "DJIA": 0.8692653948230122, "GBPUSD": 0.11429442243218964, "Gold": 0.7078607743449497}
