{"FTSE100": 0.28962956182904587, "DJIA": -0.024509001882573527, "GBPUSD": 0.11453060922894596, "Gold": 0.1589110098344845}
