{"FTSE100": -0.16872016328389366, "DJIA": -0.14190121399148084, "GBPUSD": -0.03099573808600976, "Gold": -0.0914913083257015}
