{"FTSE100": -0.30481308194746504, "DJIA": 0.5605149421433138, "GBPUSD": 0.0, "Gold": 0.3566992579381596}
