{"FTSE100": 1.154394661731637, "DJIA": 1.0537205422430127, "GBPUSD": -0.007319572536963035, "Gold": 1.4667387777176892}
