{"FTSE100": 0.7247355648152329, "DJIA": 1.1171820764084373, "GBPUSD": -0.17844786773005875, "Gold": -1.850685383484802}
