{"FTSE100": -0.47350479259828954, "DJIA": 0.12950275135830516, "GBPUSD": -0.023721040562994303, "Gold": -0.0300738958583871}
