{"FTSE100": 0.25675212188842295, "DJIA": -0.0030283970988041298, "GBPUSD": -0.0861393891934126, "Gold": 1.3419335705812505}
