{"FTSE100": -0.5988551184956241, "DJIA": 0.02711714794929295, "GBPUSD": 0.023661172016717955, "Gold": 0.10772168633402623}
