{"FTSE100": -0.08622465354455179, "DJIA": -0.10024614838401721, "GBPUSD": -0.49811320754716526, "Gold": 0.0}
