{"FTSE100": -0.40551191945368775, "DJIA": -0.31301195247437186, "GBPUSD": -0.2823307975845069, "Gold": 1.3791050699474132}
