{"FTSE100": -0.5014987618923441, "DJIA": -0.5915571342052401, "GBPUSD": -0.08000640051203214, "Gold": -0.00989021857383273}
