{"FTSE100": 0.3595862508421117, "DJIA": 0.8861302392856122, "GBPUSD": 0.557750406692995, "Gold": -0.6418219461697723}
