{"FTSE100": -0.011349202899606753, "DJIA": 0.6597941187181974, "GBPUSD": -0.2552478189645124, "Gold": -0.6774302811335666}
