{"FTSE100": -0.6542616234204968, "DJIA": 0.6914002799336821, "GBPUSD": -0.5322662108085024, "Gold": -0.21829044117648103}
