{"FTSE100": -0.10318235003993156, "DJIA": 0.6679126218229057, "GBPUSD": -0.08306902280621348, "Gold": -0.25689042542974694}
