{"FTSE100": 0.7536855750475535, "DJIA": 0.691345975644746, "GBPUSD": 0.2475630512146133, "Gold": -0.12415102607171878}
