{"FTSE100": 0.37028589485970803, "DJIA": 0.5237686443917242, "GBPUSD": 0.1124859392575804, "Gold": 0.5354808786945995}
