{"FTSE100": 0.32100393738967986, "DJIA": -1.732940358136548, "GBPUSD": -0.16992032624701608, "Gold": -0.0060121445319627495}
