{"FTSE100": -1.030233769274961, "DJIA": 0.0, "GBPUSD": 0.13122837714241473, "Gold": -1.4868196472596176}
