{"FTSE100": 0.6025499117694813, "DJIA": 1.1411733828527122, "GBPUSD": -0.17302948864262802, "Gold": 0.0}
