{"FTSE100": 0.2096871864860313, "DJIA": 0.6092074879444653, "GBPUSD": -0.056424310817358124, "Gold": -0.6284772305790256}
