{"FTSE100": 0.021430900166215083, "DJIA": 0.0023893975098740958, "GBPUSD": 0.6018277732372387, "Gold": 2.7395177718994166}
