{"FTSE100": -0.05719077421855031, "DJIA": -0.862774881793168, "GBPUSD": -0.08236909197881902, "Gold": 0.45384615384616084}
