{"FTSE100": -0.8558011175897265, "DJIA": -1.7176652155964895, "GBPUSD": -0.8206711627528867, "Gold": 1.2445040614054732}
