{"FTSE100": -0.0341651469332063, "DJIA": 0.009816050040251186, "GBPUSD": -0.30129789864029777, "Gold": 0.009921619208245762}
