{"FTSE100": -0.03659365892880565, "DJIA": 0.1375768309590416, "GBPUSD": -0.10088555094720042, "Gold": 0.0}
