{"FTSE100": 0.4116975042659058, "DJIA": 0.6130424062744332, "GBPUSD": 0.8022731071368921, "Gold": 0.8370930042941833}
