{"FTSE100": -0.14822191899529902, "DJIA": -0.7351438174634187, "GBPUSD": -0.6318859364873646, "Gold": -1.1101973684210595}
