{"FTSE100": -0.8108173425491851, "DJIA": -1.732940358136548, "GBPUSD": -0.041536079749260164, "Gold": -0.3036132988637156}
