{"FTSE100": 0.40841039746384095, "DJIA": 0.0707638589719701, "GBPUSD": 0.08705286483065058, "Gold": 0.1676914477361498}
