{"FTSE100": 0.05956088800342185, "DJIA": 0.4807010922671143, "GBPUSD": 0.2516514627241343, "Gold": -0.798080689385035}
