{"FTSE100": -0.047049173791436597, "DJIA": 1.780109015993295, "GBPUSD": 0.014807137040051675, "Gold": -0.033342426722450476}
