{"FTSE100": 1.5621599755415934, "DJIA": 2.0228016999797775, "GBPUSD": -0.5429141716566976, "Gold": -1.3245702730030242}
