{"FTSE100": -0.15337360077510565, "DJIA": 0.39148366026754317, "GBPUSD": 0.5751910996745668, "Gold": 0.22691444131275973}
