{"FTSE100": 0.22530844509489967, "DJIA": 1.6298268140291872e-14, "GBPUSD": 0.29037827656569115, "Gold": 0.6556507238687078}
