{"FTSE100": 3.044086318344477, "DJIA": -2.498962654324392, "GBPUSD": 0.007711884013263591, "Gold": 0.8525608519269805}
