{"FTSE100": -0.7748498180552796, "DJIA": -0.31818228450353336, "GBPUSD": -0.2477700693756288, "Gold": 0.15624212489289394}
