{"FTSE100": 0.850529703114256, "DJIA": -0.24775165612416652, "GBPUSD": 0.2421857261787703, "Gold": -0.18282957949197776}
