{"FTSE100": 0.0077356329037000775, "DJIA": -1.4853557629860334, "GBPUSD": -0.08006405124100174, "Gold": -0.14401675831370261}
