{"FTSE100": 0.6253169238845753, "DJIA": 0.0701740845379362, "GBPUSD": -0.09583133684713846, "Gold": 0.31731057844861243}
