{"FTSE100": 0.44983164641176154, "DJIA": -0.7065868955328439, "GBPUSD": 0.3910149750416097, "Gold": 0.27885614303679307}
