{"FTSE100": 0.02483586346216863, "DJIA": 0.28441796402708264, "GBPUSD": -0.10788289126148219, "Gold": -0.48004800480048004}
