{"FTSE100": -0.2810597901037441, "DJIA": -0.23545227521265788, "GBPUSD": -0.025014591845240304, "Gold": -0.9663409337676414}
