{"FTSE100": -0.2471549342827832, "DJIA": -0.6526720275650322, "GBPUSD": 0.09113001215067512, "Gold": -0.5626773656913592}
