{"FTSE100": 0.046791904287997156, "DJIA": -0.038246567370585766, "GBPUSD": 0.031498543192373885, "Gold": 0.04145593234391841}
