{"FTSE100": -0.43055580513576774, "DJIA": 0.26233227966530015, "GBPUSD": 0.6225196482763992, "Gold": 1.8425665484489127}
