{"FTSE100": 0.7113517825284458, "DJIA": 0.7968650026319785, "GBPUSD": 0.1744370440849968, "Gold": -0.4504504504504457}
