{"FTSE100": 0.018616152497902997, "DJIA": -1.5775703230858327, "GBPUSD": -0.13499440737454532, "Gold": 1.5106665305705702}
