{"FTSE100": -0.8116900403582253, "DJIA": -0.8372465443336686, "GBPUSD": -0.20743445071357008, "Gold": 0.15388843088761647}
