{"FTSE100": -0.1364015493157094, "DJIA": 0.3229696398544452, "GBPUSD": -0.2144793816518813, "Gold": 0.16333938294010888}
