{"FTSE100": -0.28151201824849, "DJIA": -0.046564643665067046, "GBPUSD": -0.7859781498074361, "Gold": 0.16970519782777346}
