{"FTSE100": 0.40804865787768335, "DJIA": -0.0025957097828106066, "GBPUSD": -0.45756457564575526, "Gold": -0.18606884547283312}
