{"FTSE100": -0.06279430851747327, "DJIA": 0.09017762751450273, "GBPUSD": 0.9928385416666656, "Gold": 0.0}
