{"FTSE100": 0.6404375810397994, "DJIA": -0.06931504474708237, "GBPUSD": 0.07589374875176581, "Gold": 0.14453065571275395}
