{"FTSE100": 0.47873917036360186, "DJIA": 0.0, "GBPUSD": 0.21154900885372926, "Gold": 0.7095248333691679}
