{"FTSE100": 0.6898354911194534, "DJIA": -0.13114792119699958, "GBPUSD": -0.030328303889601633, "Gold": -0.999677523379555}
