{"FTSE100": 0.3300382322723269, "DJIA": 0.14637127657105956, "GBPUSD": -0.24376818432020936, "Gold": 0.3089598352214134}
