{"FTSE100": 1.5222728216260686, "DJIA": 0.71200223359167, "GBPUSD": -0.9475072962059662, "Gold": -0.4666388076333782}
