{"FTSE100": 0.19714967889111826, "DJIA": 1.5856254333772046, "GBPUSD": 1.6126404951946602, "Gold": 1.0434335646363497}
