{"FTSE100": 0.25395517150343966, "DJIA": -0.7681128539340597, "GBPUSD": 0.10524611398964369, "Gold": 0.07800717666025274}
