{"FTSE100": -0.7735010803389157, "DJIA": -0.31818228450353336, "GBPUSD": -0.19821605550049204, "Gold": 0.20664281034221604}
