{"FTSE100": -0.04520112860543046, "DJIA": -0.7428935919073757, "GBPUSD": -0.08707173954192575, "Gold": -0.03947528240010269}
