{"FTSE100": -1.4057265406978767, "DJIA": -0.7943042339573546, "GBPUSD": 0.3154574132492116, "Gold": -0.8164974353606268}
