{"FTSE100": -0.4117167964952369, "DJIA": -0.1967405129894603, "GBPUSD": 0.024740227610091287, "Gold": 0.0}
