{"FTSE100": 0.1851415337225382, "DJIA": -0.0032250019349976847, "GBPUSD": 0.4918399284596422, "Gold": 0.947665765574213}
