{"FTSE100": -1.7117632144437442, "DJIA": -1.0732178718770156, "GBPUSD": -0.11260415884693767, "Gold": -0.6914263137099961}
