{"FTSE100": 0.6890498799915157, "DJIA": -0.107157370322774, "GBPUSD": 0.07840677434529479, "Gold": 0.06338139755980658}
