{"FTSE100": 0.32356440042232365, "DJIA": -0.6454269895877198, "GBPUSD": 0.08318775476248978, "Gold": -0.6446991404011486}
