{"FTSE100": 0.06680295856526243, "DJIA": 0.28269037535719965, "GBPUSD": -0.007789982083040351, "Gold": -0.2588175589951743}
