{"FTSE100": 0.16670364600450244, "DJIA": 0.582889324085508, "GBPUSD": 0.5243088655862678, "Gold": 0.11047845670093945}
