{"FTSE100": -0.22070253306871218, "DJIA": 1.798505510333801, "GBPUSD": 0.0, "Gold": 1.5436047711420235}
