{"FTSE100": 0.09654581924844624, "DJIA": -0.15838179662856075, "GBPUSD": -0.4511399339402279, "Gold": -0.6542802916791484}
