{"FTSE100": 0.31097278600053246, "DJIA": -0.26815164798281244, "GBPUSD": -0.49564313694140083, "Gold": 0.0}
