{"FTSE100": 0.7546856858517086, "DJIA": 0.4039825866858529, "GBPUSD": -0.07206341580591903, "Gold": 0.7414112677270494}
