{"FTSE100": -0.03641613234663586, "DJIA": 0.17726880133777612, "GBPUSD": 0.03700140605344239, "Gold": 0.8902077151335238}
