{"FTSE100": -0.023939625658624317, "DJIA": -0.6358626836531823, "GBPUSD": 0.963873709775344, "Gold": 0.9751552795031084}
