{"FTSE100": -0.4304225908218866, "DJIA": 0.20008700902402662, "GBPUSD": -0.13305157705251897, "Gold": 0.4173751739063295}
