{"FTSE100": 0.25162169025140346, "DJIA": 0.009816050040251186, "GBPUSD": -0.42490729295425206, "Gold": 0.23481165459536027}
