{"FTSE100": -0.10572205136523875, "DJIA": 0.2893555343444019, "GBPUSD": 0.334396142779374, "Gold": 0.40519480519481466}
