{"FTSE100": -0.6297667567894708, "DJIA": -0.957668666764239, "GBPUSD": 0.7008951190677227, "Gold": 0.15998234677553322}
