{"FTSE100": 0.43799970693300105, "DJIA": -0.9733856435851889, "GBPUSD": -0.11153601019758347, "Gold": 0.23790338053028728}
