{"FTSE100": 0.0, "DJIA": 1.011049412844147, "GBPUSD": 0.0, "Gold": -1.0635198135198178}
