{"FTSE100": -0.6037117675382629, "DJIA": -0.31661186361566174, "GBPUSD": -0.11703206678630387, "Gold": -0.22977941176470587}
