{"FTSE100": 0.31053904776916025, "DJIA": 0.4080157021882116, "GBPUSD": -0.17207665232694405, "Gold": 0.19965167155177235}
