{"FTSE100": -0.010668434146258662, "DJIA": -0.254550442705645, "GBPUSD": -0.1952765189197186, "Gold": 0.20294266869608518}
