{"FTSE100": 0.13596210671342038, "DJIA": 0.14228611672029637, "GBPUSD": -0.10212097407698968, "Gold": -0.554510825015671}
