{"FTSE100": -0.15262139019599122, "DJIA": -0.7279834318694499, "GBPUSD": 0.3453960279456754, "Gold": 1.0159714150415389}
