{"FTSE100": 0.010847175852118836, "DJIA": 1.1852721985788268, "GBPUSD": 0.8244297386225159, "Gold": -2.1908399206560674}
