{"FTSE100": -0.9488994322159017, "DJIA": 0.17796855021226818, "GBPUSD": 0.06284367635505984, "Gold": -0.33366555444816365}
