{"FTSE100": -0.03519120114922095, "DJIA": -0.5799854195199283, "GBPUSD": -0.7442596991290636, "Gold": -0.5942733657482508}
