{"FTSE100": 2.1365664763980705, "DJIA": 0.47494933815702856, "GBPUSD": 0.7033639143730961, "Gold": -0.6889702687604826}
