{"FTSE100": 1.7053713123364191, "DJIA": 0.3326027796748271, "GBPUSD": 0.07355344883950007, "Gold": 0.22708840227088647}
