{"FTSE100": -0.9449613595293888, "DJIA": -1.63451099157624, "GBPUSD": 0.07920045257401435, "Gold": -1.8957442892492835}
