{"FTSE100": 0.4844131105242977, "DJIA": -0.6084267850908542, "GBPUSD": 0.047427080863167645, "Gold": 0.04794281729427776}
