{"FTSE100": 0.933595983447529, "DJIA": -0.7124813051707788, "GBPUSD": -0.10845581360559117, "Gold": 0.0}
