{"FTSE100": -0.5880264169460098, "DJIA": -0.02695126824661071, "GBPUSD": -0.2776278244775064, "Gold": -0.08223684210526316}
