{"FTSE100": 0.07507786936239438, "DJIA": 0.3408941523870965, "GBPUSD": -0.2163371876165537, "Gold": -4.851950927036263}
