{"FTSE100": -0.4190547582236219, "DJIA": 0.42358247106740404, "GBPUSD": 0.2518693427784409, "Gold": -0.16778523489933334}
