{"FTSE100": -1.18622431840476, "DJIA": -0.3772102594914932, "GBPUSD": 0.031486146095731894, "Gold": 0.0}
