{"FTSE100": 0.3595862508421117, "DJIA": 1.2016979530233025, "GBPUSD": 0.5500038732667041, "Gold": -0.6418219461697723}
