{"FTSE100": 1.2531822647863489, "DJIA": 0.21566307451274686, "GBPUSD": -0.06368919671999936, "Gold": 0.11629910406617303}
