{"FTSE100": 0.09057047322065918, "DJIA": 0.33350699889492147, "GBPUSD": -0.5942476824340258, "Gold": -0.2783792143519997}
