{"FTSE100": -0.12548399841959545, "DJIA": 0.5128147804844863, "GBPUSD": -0.43033090963051096, "Gold": 1.5099979385693647}
