{"FTSE100": 0.2607167255506467, "DJIA": -1.0836312961629802, "GBPUSD": -0.11111993015319215, "Gold": 0.0}
