{"FTSE100": -0.729718319968958, "DJIA": -0.2166786438583101, "GBPUSD": -0.08871745419477434, "Gold": -0.03586157432311279}
