{"FTSE100": 1.0691786084110022, "DJIA": 0.9981709717002313, "GBPUSD": -0.24311183144245477, "Gold": 0.0}
