{"FTSE100": -0.06347737602979418, "DJIA": -0.107157370322774, "GBPUSD": 0.0, "Gold": 0.07922674694977024}
