{"FTSE100": 0.021309003243009755, "DJIA": -0.7678719963641301, "GBPUSD": 0.0, "Gold": 0.3753301515221892}
