{"FTSE100": 0.42975356527399466, "DJIA": 1.6034830108244549, "GBPUSD": 0.1324174459984957, "Gold": -0.027534555867613855}
