{"FTSE100": 1.171617550136535, "DJIA": 0.22223066633137567, "GBPUSD": 0.17331022530329052, "Gold": 2.40106438936848}
