{"FTSE100": 0.28656239296723784, "DJIA": -1.5518193040996278, "GBPUSD": 0.13287478505549746, "Gold": 0.18215562276600655}
