{"FTSE100": -0.028608599408410883, "DJIA": 0.14228611672027702, "GBPUSD": -0.4767859934344219, "Gold": -0.8111740424306465}
