{"FTSE100": -0.06434186635164889, "DJIA": 0.0030642979843432355, "GBPUSD": -0.12864838787489313, "Gold": 0.0}
