{"FTSE100": -0.28072853776469964, "DJIA": 0.03159185761286059, "GBPUSD": -0.07866582756451478, "Gold": 0.1457043242961937}
