{"FTSE100": 0.4799710424710504, "DJIA": 1.1355156783693054, "GBPUSD": 0.0075705958059059004, "Gold": 1.1040818793569145}
