{"FTSE100": 0.5058644298012057, "DJIA": 1.1772720209408987, "GBPUSD": 0.055803571428582985, "Gold": 0.08699434536755112}
