{"FTSE100": 0.5717387509413341, "DJIA": -0.12079694235055477, "GBPUSD": 0.20086774867426854, "Gold": 0.10119323691865059}
