{"FTSE100": 0.06466749424943236, "DJIA": 0.20377457676007976, "GBPUSD": 0.6325255296448692, "Gold": 1.762791607111153e-14}
