{"FTSE100": 0.8868902459734632, "DJIA": 0.19983607083374036, "GBPUSD": 0.40091638029783394, "Gold": 0.7554589671944483}
