{"FTSE100": 0.06081228818191922, "DJIA": -1.9139007114799262, "GBPUSD": 0.23518871094187374, "Gold": 0.9480840167057862}
