{"FTSE100": 0.612780415295247, "DJIA": 0.71200223359167, "GBPUSD": -0.17191060648461792, "Gold": -0.16018944142639516}
