{"FTSE100": 1.6289009576974902, "DJIA": 0.6952186631923145, "GBPUSD": 0.2983738624496497, "Gold": 1.7342823250296646}
