{"FTSE100": 0.06173515884108797, "DJIA": 0.2355340610092236, "GBPUSD": 0.574483363919243, "Gold": 0.09541026413578843}
