{"FTSE100": -0.5353217729067979, "DJIA": -0.6459536137669861, "GBPUSD": -0.03146880654550829, "Gold": 0.41823504809703055}
