{"FTSE100": -0.9449613595293888, "DJIA": -1.63451099157624, "GBPUSD": -0.6102354835086579, "Gold": -3.5852829434113214}
