{"FTSE100": 1.244547104977509, "DJIA": 0.6707738238767136, "GBPUSD": 0.09876543209875455, "Gold": 0.520517485344651}
