{"FTSE100": -1.2758075397650364, "DJIA": 0.36926183629500536, "GBPUSD": -0.19638327469110203, "Gold": -0.23419203747072137}
