{"FTSE100": 0.7917187852915254, "DJIA": 1.09908086916845, "GBPUSD": 0.32464897329762227, "Gold": 0.27276002264422594}
