{"FTSE100": 0.7756519350835893, "DJIA": -0.9282916865650261, "GBPUSD": 0.10836752070594224, "Gold": 0.2755165936130206}
