{"FTSE100": 0.47234986830276793, "DJIA": -0.5785104814506336, "GBPUSD": -1.3640098603122388, "Gold": -1.0409924487594366}
