{"FTSE100": -1.857018429864998, "DJIA": -0.8428946203931843, "GBPUSD": 0.34466551778162163, "Gold": 1.9707586578628216}
