{"FTSE100": -1.215774295171942, "DJIA": 0.07434512235907852, "GBPUSD": 0.27602523659306455, "Gold": -0.8164974353606268}
