{"FTSE100": 0.05047566207018516, "DJIA": 0.6223204046828232, "GBPUSD": -0.13158976889545387, "Gold": 0.0}
