{"FTSE100": 0.4153915722833965, "DJIA": 2.1208611690249506, "GBPUSD": -0.2892030848329087, "Gold": -0.5070682237246512}
