{"FTSE100": -0.014598523496216985, "DJIA": -0.16722010107286198, "GBPUSD": -0.20990930333874935, "Gold": 1.8310445276737315}
