{"FTSE100": -0.8200663140044063, "DJIA": 0.0, "GBPUSD": -0.033192266201971285, "Gold": 0.47774974502120837}
