{"FTSE100": 0.47690646329680414, "DJIA": 0.0, "GBPUSD": 0.39576770858574645, "Gold": 0.6435071137700444}
