{"FTSE100": 1.834392490511528, "DJIA": 0.2510403830314156, "GBPUSD": 0.16941321423070843, "Gold": 0.0}
