{"FTSE100": 0.1484168216229201, "DJIA": 1.1063625432643656, "GBPUSD": -0.37955261245255, "Gold": -0.45952633439378554}
