{"FTSE100": -0.004156119431283228, "DJIA": 2.127325533372524, "GBPUSD": 0.5788951372808382, "Gold": 0.7670850767085052}
