{"FTSE100": 0.6125770104179306, "DJIA": -0.1558911315197585, "GBPUSD": 0.015158405335773839, "Gold": -0.3311424414229159}
