{"FTSE100": -0.011777819841409357, "DJIA": 0.4190824450013743, "GBPUSD": -0.27809094325441835, "Gold": 0.8336923193877832}
