{"FTSE100": 0.018616152497902997, "DJIA": -1.2995112806410898, "GBPUSD": -0.08880651762616196, "Gold": 0.4423147806855818}
