{"FTSE100": 0.022345112909722704, "DJIA": 0.10779661931209204, "GBPUSD": -0.17298317345494416, "Gold": 0.0}
