{"FTSE100": 0.1718976832758351, "DJIA": 0.5445080013857034, "GBPUSD": 0.09469696969695926, "Gold": 0.6990911814640967}
