{"FTSE100": -0.0005816422086244906, "DJIA": -0.7255664462091711, "GBPUSD": 0.6807838417271601, "Gold": 1.8451967505209406}
