{"FTSE100": 0.18819509145105, "DJIA": 0.8603362734405032, "GBPUSD": -0.13855083317730066, "Gold": -0.17621984616482833}
