{"FTSE100": -0.322650878633434, "DJIA": 0.4318131995762822, "GBPUSD": 0.9168409200579118, "Gold": 1.353785967982702}
