{"FTSE100": 0.6113375535762694, "DJIA": 1.3908810231385735, "GBPUSD": -0.2182453077258687, "Gold": -1.2243340732519485}
