{"FTSE100": 2.1365664763980705, "DJIA": 0.24616595101400837, "GBPUSD": 0.7415902140672814, "Gold": -0.6889702687604826}
