{"FTSE100": -0.10955751827008553, "DJIA": -0.13278319758090912, "GBPUSD": 0.15957249415520067, "Gold": 0.8862180946311048}
