{"FTSE100": 0.7954916824091137, "DJIA": -0.1951606833342298, "GBPUSD": -0.1961399654793619, "Gold": -0.5249207421651751}
