{"FTSE100": -0.1268123375961507, "DJIA": 0.33894405381612924, "GBPUSD": 0.07970667941972659, "Gold": -0.8857528899564652}
