{"FTSE100": -0.3077349007581551, "DJIA": -0.1970752758501403, "GBPUSD": -0.30873970867637857, "Gold": -0.4495825305073927}
