{"FTSE100": -1.2119457409229017, "DJIA": -1.141041489359408, "GBPUSD": -0.21234701362881975, "Gold": -0.030897044182776303}
