{"FTSE100": 0.2880080123121164, "DJIA": 0.5035738719358316, "GBPUSD": 0.23472341757296875, "Gold": 0.2604964756359132}
