{"FTSE100": 0.0819537349460929, "DJIA": -0.7180168678864504, "GBPUSD": -0.06558989915552282, "Gold": -0.634272199526981}
