{"FTSE100": -0.7004244836682155, "DJIA": 0.0, "GBPUSD": 0.07338551859098995, "Gold": 0.0}
