{"FTSE100": 0.7440360222801333, "DJIA": 1.0031848348753987, "GBPUSD": 0.20254395203760583, "Gold": 0.02571619606027876}
