{"FTSE100": 0.18715887765373815, "DJIA": 0.3293076217979727, "GBPUSD": -0.30799966702739, "Gold": 0.0}
