{"FTSE100": 0.23549978035115815, "DJIA": 0.24580372744246395, "GBPUSD": -0.06667654467329404, "Gold": 0.4848083350898825}
