{"FTSE100": 0.25675212188842295, "DJIA": 0.10669449778666915, "GBPUSD": -0.22709475332810516, "Gold": 1.256672597864755}
