{"FTSE100": -0.6218622380238538, "DJIA": -0.5139200357818361, "GBPUSD": 0.11500862564692908, "Gold": 0.43866688065050113}
