{"FTSE100": -0.47868872072503477, "DJIA": -0.7956158518677133, "GBPUSD": -0.5288166768853393, "Gold": 0.21373033128200342}
