{"FTSE100": -0.4574139431208302, "DJIA": 0.5270381416418123, "GBPUSD": -0.1696745333950316, "Gold": 0.788311527508354}
