{"FTSE100": 0.23051285989538306, "DJIA": 0.7606334038441698, "GBPUSD": -0.6889532607844783, "Gold": -0.3747345630178623}
