{"FTSE100": 0.5797934033414041, "DJIA": 1.6383344263575952, "GBPUSD": -0.20198881292729626, "Gold": 0.2815126050420283}
