{"FTSE100": 0.5060995458279647, "DJIA": 0.18293053284470986, "GBPUSD": 0.40384460059769933, "Gold": 0.7239455029912957}
