{"FTSE100": -0.5014987618923441, "DJIA": -0.762801273170703, "GBPUSD": 0.7009910563209999, "Gold": 1.8146075911084227}
