{"FTSE100": 0.0, "DJIA": -1.6946282708172697, "GBPUSD": -0.011875074219203773, "Gold": 0.08169934640521637}
