{"FTSE100": 0.6436040817616061, "DJIA": 1.5635078949508472, "GBPUSD": -0.007645259938837078, "Gold": -0.20793246849979122}
