{"FTSE100": 0.2736738882203838, "DJIA": -0.4428444926804411, "GBPUSD": 0.20156774916014533, "Gold": 0.7804135910294774}
