{"FTSE100": 0.7424378029869353, "DJIA": 0.17055040712032443, "GBPUSD": 0.4630005685971926, "Gold": 0.3406375514769457}
