{"FTSE100": -0.051391918394285335, "DJIA": 0.2961486821397024, "GBPUSD": 0.03126465530717179, "Gold": -0.39358740520302476}
