{"FTSE100": -0.3065101612415323, "DJIA": -0.6005681194735855, "GBPUSD": -0.2854730408909929, "Gold": 0.4726890756302521}
