{"FTSE100": -0.16685311237937248, "DJIA": -0.7338358320316399, "GBPUSD": 0.0, "Gold": -0.2143392991104919}
