{"FTSE100": -0.28685737600871913, "DJIA": 0.7735517288974445, "GBPUSD": 0.1427996045549499, "Gold": -0.27914515548085544}
