{"FTSE100": 0.206151725043497, "DJIA": -0.09662680560635777, "GBPUSD": -0.34683787174377734, "Gold": 0.0}
