{"FTSE100": -0.5578595014407595, "DJIA": -0.47881067698533314, "GBPUSD": -0.28383627128772226, "Gold": -0.5950297514875744}
