{"FTSE100": -0.2700932955409789, "DJIA": -0.4771664163219315, "GBPUSD": 0.5547581177018264, "Gold": 1.4432784931642857}
