{"FTSE100": 0.06680295856526243, "DJIA": 0.28269037535719965, "GBPUSD": -0.015579964166080701, "Gold": -0.26389241309311434}
