{"FTSE100": -0.1516506458753314, "DJIA": 0.7735517288974445, "GBPUSD": -0.25637269264575424, "Gold": -0.6603433785568494}
