{"FTSE100": 0.23693775208183124, "DJIA": 0.7835881889646812, "GBPUSD": 0.4006089255668709, "Gold": 1.447113232880795}
