{"FTSE100": 0.021085925144969944, "DJIA": 0.1440814014874075, "GBPUSD": 0.0798275724435132, "Gold": 0.0}
