{"FTSE100": 0.4612596106013372, "DJIA": 0.0, "GBPUSD": -0.10379241516966696, "Gold": 0.04782816644201526}
