{"FTSE100": 0.29510584646251387, "DJIA": -0.3698159508653571, "GBPUSD": 0.055621771950746524, "Gold": 0.3779997225689983}
