{"FTSE100": 0.2568507390695968, "DJIA": 0.28441796402708264, "GBPUSD": -0.3310888731817896, "Gold": -0.6750675067506751}
