{"FTSE100": -2.7456120577619294, "DJIA": -1.3759391208793936, "GBPUSD": -0.7346086437707525, "Gold": -3.5414777878513144}
