{"FTSE100": -0.8947378069902012, "DJIA": -1.1260166059014514, "GBPUSD": 0.03694945314810575, "Gold": 0.0}
