{"FTSE100": -0.1892952995276024, "DJIA": 0.08422809394311846, "GBPUSD": 0.35690385902298594, "Gold": 0.5878685312193737}
