{"FTSE100": -0.5479745023139304, "DJIA": -0.5664486159678535, "GBPUSD": 0.031478712520654435, "Gold": -1.8953627616963327}
