{"FTSE100": 0.45598131058730396, "DJIA": -0.6615305745402872, "GBPUSD": 0.14389639459589285, "Gold": 0.0}
