{"FTSE100": 0.8675462922345576, "DJIA": 0.7838949668673242, "GBPUSD": 0.4235176880916693, "Gold": 0.45413260672116257}
