{"FTSE100": 0.6597205585879746, "DJIA": 1.092818710795105, "GBPUSD": 0.07785130400935086, "Gold": 0.20234381586711603}
