{"FTSE100": 0.10748994473861553, "DJIA": 0.6679126218229057, "GBPUSD": -0.27945619335347704, "Gold": 0.5329876116393145}
