{"FTSE100": -0.5054258592423234, "DJIA": -0.14190121399148084, "GBPUSD": -0.20922123208058307, "Gold": -0.0914913083257015}
