{"FTSE100": 0.30410060484591067, "DJIA": 0.010727604266796503, "GBPUSD": -0.16297503518779016, "Gold": 0.035756853396909205}
