{"FTSE100": 0.8447501956796077, "DJIA": -1.352230485666809, "GBPUSD": -0.21447295257765878, "Gold": -0.14551658387275282}
