{"FTSE100": -3.9660213764670034, "DJIA": -2.9804717760820854, "GBPUSD": -0.6984466241746322, "Gold": -0.8718114304165321}
