{"FTSE100": -0.1892952995276024, "DJIA": 0.5811856946341916, "GBPUSD": 0.5576622797234041, "Gold": 0.2048632760309859}
