{"FTSE100": 0.5596128422245505, "DJIA": -0.1707605734446902, "GBPUSD": 0.12642225031605925, "Gold": -0.11343441600181493}
