{"FTSE100": 0.2248558678018229, "DJIA": 0.07492422732759449, "GBPUSD": 0.1334903808402069, "Gold": 0.0}
