{"FTSE100": 0.03763259610031177, "DJIA": 0.01750522268031231, "GBPUSD": 0.22613471167825358, "Gold": 0.12943308309603935}
