{"FTSE100": -0.27231537175414194, "DJIA": 0.06371420039189411, "GBPUSD": -0.48095876369943974, "Gold": -0.802900802900799}
