{"FTSE100": 0.04493479674174871, "DJIA": 0.3762949087976161, "GBPUSD": -0.04937458854509002, "Gold": 0.0}
