{"FTSE100": -0.7578410090022746, "DJIA": 0.21540667578709868, "GBPUSD": 0.03228670594882201, "Gold": 0.3170972604876091}
