{"FTSE100": -0.4253515780387581, "DJIA": -0.17699822254187136, "GBPUSD": -0.007777864198490237, "Gold": 0.11016248967227077}
