{"FTSE100": 0.260971326803656, "DJIA": 0.7381280011129575, "GBPUSD": 0.8583690987124416, "Gold": -0.30872137895550433}
