{"FTSE100": -0.5842729154958207, "DJIA": -0.1045580090866439, "GBPUSD": 0.19677000185634033, "Gold": -1.2478612307510821}
