{"FTSE100": 0.5350634241438873, "DJIA": 0.5878335099737888, "GBPUSD": -0.25969937829543405, "Gold": 0.48385504097955734}
