{"FTSE100": -0.005365891518933545, "DJIA": 0.35525464431851494, "GBPUSD": 0.06800664953907533, "Gold": 0.13313863597319656}
