{"FTSE100": 0.7825143435670526, "DJIA": 1.189775893738806, "GBPUSD": 0.31410516980156583, "Gold": -0.19486222417390392}
