{"FTSE100": 0.11939876358640458, "DJIA": 0.6819818744632582, "GBPUSD": -0.09137287748419005, "Gold": 0.0}
