{"FTSE100": -0.6276511676491767, "DJIA": -0.5047579644187093, "GBPUSD": 0.35761642624664, "Gold": 0.29563423856996784}
