{"FTSE100": 0.2781659079348043, "DJIA": -0.28871554837706703, "GBPUSD": -0.18552875695732585, "Gold": -0.32652638125841993}
