{"FTSE100": 0.0885163918488806, "DJIA": -0.761685837208147, "GBPUSD": 0.08246742536697095, "Gold": 0.0}
