{"FTSE100": -0.3478361654314497, "DJIA": 0.08444918483118927, "GBPUSD": -0.16132935387593786, "Gold": -0.3939048408831714}
