{"FTSE100": 1.9281860113319451, "DJIA": 0.9021050979730465, "GBPUSD": -0.3584229390680971, "Gold": -0.27283751010508606}
