{"FTSE100": -0.5928423738757361, "DJIA": -0.5784810709515997, "GBPUSD": -0.22637028240620455, "Gold": -0.7708883425900662}
