{"FTSE100": -0.026443331806380903, "DJIA": -0.2535668695780367, "GBPUSD": -0.02364625206906195, "Gold": 0.0}
