{"FTSE100": 0.1943288737520414, "DJIA": -0.5578233070289119, "GBPUSD": 0.3859451636246794, "Gold": 0.361525535923413}
