{"FTSE100": 0.5156212853247296, "DJIA": 0.42625615973051006, "GBPUSD": -0.03143171460002797, "Gold": 0.44213390341074277}
