{"FTSE100": 0.7689402408079936, "DJIA": 0.7954979746370453, "GBPUSD": 0.42339540634719586, "Gold": 0.0}
