{"FTSE100": 0.17262388302193554, "DJIA": 0.45449259257524577, "GBPUSD": 0.4105270874569349, "Gold": 2.1502351191672355}
