{"FTSE100": -0.37863655867117585, "DJIA": 0.22115950520776653, "GBPUSD": 0.03060209624358931, "Gold": 0.0}
