{"FTSE100": -0.21402972091528574, "DJIA": 0.8832868205381679, "GBPUSD": 0.10197678067146664, "Gold": -0.3866776654980408}
