{"FTSE100": -0.024364179349312814, "DJIA": 1.724302765769174e-14, "GBPUSD": -1.0777811275248703, "Gold": -0.26821804994145904}
