{"FTSE100": 0.7247355648152329, "DJIA": 0.9966847090039459, "GBPUSD": -0.1130108271663403, "Gold": -0.13745914408772947}
