{"FTSE100": 0.4521738329018961, "DJIA": 0.0, "GBPUSD": -0.1731901627987425, "Gold": 1.2433333333333394}
