{"FTSE100": -0.5400281198074273, "DJIA": -1.104256677838132, "GBPUSD": -0.09928843289757486, "Gold": 0.049180327868857426}
