{"FTSE100": 0.4277963819270541, "DJIA": 0.4386597502325108, "GBPUSD": 0.34338038916445407, "Gold": 0.0}
