{"FTSE100": 0.2300404025528998, "DJIA": 0.3366242464768863, "GBPUSD": 0.031498543192373885, "Gold": 0.14924135643810252}
