{"FTSE100": -0.6551542749182507, "DJIA": -0.13424903271818125, "GBPUSD": 0.06258311820387498, "Gold": 0.2796491674081761}
