{"FTSE100": 0.32100393738967986, "DJIA": -1.732940358136548, "GBPUSD": -0.22278442774608512, "Gold": -0.0060121445319627495}
