{"FTSE100": -0.5766540581277096, "DJIA": -0.9550170076149177, "GBPUSD": -0.4659760465205753, "Gold": -1.093214780263829}
