{"FTSE100": -0.2710099037434571, "DJIA": -0.7338358320316399, "GBPUSD": -0.05774624649398984, "Gold": -0.2143392991104919}
