{"FTSE100": 0.5489828456521669, "DJIA": 1.0382648478631822, "GBPUSD": -0.15555728396982202, "Gold": 0.05270199051363064}
