{"FTSE100": 0.9407109090500861, "DJIA": 0.940220634128543, "GBPUSD": 0.08927846765685422, "Gold": 0.27276002264422594}
