{"FTSE100": -0.0032867893734798382, "DJIA": 0.7735517288974445, "GBPUSD": -0.010986194016193248, "Gold": 0.02701404730458747}
