{"FTSE100": 0.27541898917480667, "DJIA": 0.0, "GBPUSD": 0.5459724639974781, "Gold": 0.31501755835570694}
