{"FTSE100": -0.0358042754638495, "DJIA": 0.6679126218229057, "GBPUSD": -0.04531037607611644, "Gold": -0.20407183328531645}
