{"FTSE100": 1.5028568495287322, "DJIA": -0.2928059439116554, "GBPUSD": 0.05555555555556706, "Gold": 0.2697167973627623}
