{"FTSE100": -0.036274764377146045, "DJIA": 0.4536772067654726, "GBPUSD": -0.2567094515752688, "Gold": 0.06109046479661039}
