{"FTSE100": -0.036199854675948585, "DJIA": 0.27325301549328884, "GBPUSD": 0.23323146211998572, "Gold": 0.15957173006640946}
