{"FTSE100": -0.09770019735701649, "DJIA": 0.34919893722060835, "GBPUSD": -0.1575175238245256, "Gold": 0.2855033226679883}
