{"FTSE100": -0.7578410090022746, "DJIA": 0.01750522268031231, "GBPUSD": -0.016152479405586978, "Gold": 0.0}
