{"FTSE100": -0.46036838598379126, "DJIA": -0.0999297047757146, "GBPUSD": 0.3461584371145566, "Gold": -1.1176048395365465}
