{"FTSE100": -0.287193365636743, "DJIA": 0.26138029874514673, "GBPUSD": 0.08892182289737606, "Gold": 0.565526922691281}
