{"FTSE100": -1.3782131792681878, "DJIA": -0.6941836620043264, "GBPUSD": 0.12087026591458959, "Gold": 0.0861894139119877}
