{"FTSE100": 0.563185985937745, "DJIA": 0.36872033616248506, "GBPUSD": 0.19679922765586436, "Gold": 0.231257288557702}
