{"FTSE100": 0.7546856858517086, "DJIA": 0.578929679828172, "GBPUSD": -0.23175897067051263, "Gold": 0.13305863164219714}
