{"FTSE100": 1.0408036635541282, "DJIA": 0.377089524600167, "GBPUSD": -0.05636524679925299, "Gold": 0.11689691817216372}
