{"FTSE100": 1.8762164970571442, "DJIA": 0.7899852526300322, "GBPUSD": -0.9464956195244055, "Gold": 2.0946290374901437}
