{"FTSE100": -0.6821647552995302, "DJIA": -0.6243731483607998, "GBPUSD": -0.24956233471151074, "Gold": 0.894412823789058}
