{"FTSE100": -0.11995809393458488, "DJIA": -0.7150329221274481, "GBPUSD": -0.25860042316431775, "Gold": 0.01549987083441911}
