{"FTSE100": -0.85870824992097, "DJIA": -0.3470569860364145, "GBPUSD": 0.03915426781520493, "Gold": 0.6561387900355804}
