{"FTSE100": 0.11546864015361642, "DJIA": 0.629594313616355, "GBPUSD": 0.4516511180216196, "Gold": 0.5840924426450703}
