{"FTSE100": 1.1721332215249718, "DJIA": 1.0567853185221285, "GBPUSD": 0.13160059220266868, "Gold": -0.13115098100933795}
