{"FTSE100": 0.5434532425617234, "DJIA": -0.13331051084196055, "GBPUSD": 0.24146812620734978, "Gold": -0.2509620210808097}
