{"FTSE100": -0.11501169836909804, "DJIA": -1.1193900405829271, "GBPUSD": 0.5988023952095877, "Gold": -0.5369057547956606}
