{"FTSE100": -0.0359020018956257, "DJIA": -0.17699822254187136, "GBPUSD": -0.10889009877888059, "Gold": 0.06426145230882635}
