{"FTSE100": 0.12824974789873625, "DJIA": 0.32945334552794114, "GBPUSD": -0.26991657124162277, "Gold": -0.3127606338615513}
