{"FTSE100": 0.683780059298317, "DJIA": 0.8484399095769031, "GBPUSD": 0.06388755789811004, "Gold": 0.31731057844861243}
