{"FTSE100": -0.2260717475439027, "DJIA": 0.0743451223590785, "GBPUSD": 0.18138801261829407, "Gold": -0.3245053909766589}
