{"FTSE100": 0.7815568730383056, "DJIA": 0.8505066446738598, "GBPUSD": 0.19152501795546703, "Gold": -0.18267223382047112}
