{"FTSE100": 0.1768343720048888, "DJIA": 0.0, "GBPUSD": -0.6210261718172382, "Gold": -0.35708617679733373}
