{"FTSE100": -0.022088038129806538, "DJIA": 0.2383618323740032, "GBPUSD": 0.2866470260371087, "Gold": -0.26594434868258376}
