{"FTSE100": -0.1950681316681412, "DJIA": 0.08337352620218463, "GBPUSD": -0.23793590601530742, "Gold": -0.16329681422760606}
