{"FTSE100": 1.822484483768923, "DJIA": 0.54061354952476, "GBPUSD": -0.7046764894298638, "Gold": -0.20428474150123568}
