{"FTSE100": 0.07305656020851609, "DJIA": 0.6092074879444653, "GBPUSD": -0.2579397065935911, "Gold": 0.0}
