{"FTSE100": 1.1780248094908587, "DJIA": 0.6215823241720881, "GBPUSD": 0.4448068796797394, "Gold": 0.0}
