{"FTSE100": -0.7198513514227901, "DJIA": 0.6378061143093198, "GBPUSD": 0.12230919765164992, "Gold": 0.0}
