{"FTSE100": -0.32842674131057703, "DJIA": -0.22419281713781608, "GBPUSD": 0.0, "Gold": -0.49019607843138036}
