{"FTSE100": 1.1721332215249718, "DJIA": 0.5179586877583785, "GBPUSD": -0.12314259912977873, "Gold": -0.3086258304127145}
