{"FTSE100": 0.6421088635181716, "DJIA": 0.7838949668673458, "GBPUSD": 0.3570835409400407, "Gold": 0.45413260672116257}
