{"FTSE100": 0.47263937772985554, "DJIA": 0.5179188248561842, "GBPUSD": -0.0612276136537511, "Gold": -0.08654425045154206}
