{"FTSE100": -0.21792585306890816, "DJIA": 0.1728644889888068, "GBPUSD": 0.2605400284225374, "Gold": 0.9243697478991597}
