{"FTSE100": 1.1489555182050009, "DJIA": 0.8583106583407775, "GBPUSD": -0.030362835888851823, "Gold": -0.019456199231484554}
