{"FTSE100": 0.37554112950372226, "DJIA": 1.092818710795105, "GBPUSD": 0.17127286882055118, "Gold": 0.27400725065340187}
