{"FTSE100": -0.11501169836909804, "DJIA": -1.1420705304931666, "GBPUSD": -0.17903645833333168, "Gold": 0.0}
