{"FTSE100": -1.0421998718001886, "DJIA": -0.27556613968992016, "GBPUSD": -0.06425702811246055, "Gold": 0.49066666666667313}
