{"FTSE100": 0.13821737645803506, "DJIA": 0.5691257684465376, "GBPUSD": 0.01467889908256719, "Gold": 0.0}
