{"FTSE100": -0.19169303501967352, "DJIA": -0.20730538840387827, "GBPUSD": 0.09596928982726247, "Gold": 1.0517267532992847}
