{"FTSE100": 0.5294262352003659, "DJIA": -0.0823005936262313, "GBPUSD": 0.09652136983127858, "Gold": 0.8307871880256882}
