{"FTSE100": 0.3658695617730955, "DJIA": 0.14637127657105953, "GBPUSD": -0.11795234725171477, "Gold": 0.133024373498108}
