{"FTSE100": -0.026443331806380903, "DJIA": -0.2535668695780367, "GBPUSD": -0.015764168046047133, "Gold": 0.13367660164371808}
