{"FTSE100": -0.36972738530450855, "DJIA": -0.09677257692693851, "GBPUSD": -0.15790304752881743, "Gold": 0.029411764705893816}
