{"FTSE100": 0.43852007515955665, "DJIA": 0.6288946278938743, "GBPUSD": -0.22752235995605702, "Gold": 0.0}
