{"FTSE100": 0.3795401065901314, "DJIA": -0.14050234875336168, "GBPUSD": -0.39723073430938427, "Gold": -0.2092698806386642}
