{"FTSE100": 0.6145881517159281, "DJIA": 0.43329442530001805, "GBPUSD": -0.07169600892217978, "Gold": 0.5156723963599619}
