{"FTSE100": -0.1211109884318451, "DJIA": -0.052882417641194335, "GBPUSD": -0.8038409777033996, "Gold": 0.31168519795007316}
