{"FTSE100": 0.586571281619679, "DJIA": 2.813908960571047, "GBPUSD": 0.015183723048889914, "Gold": 0.3105590062111801}
