{"FTSE100": 0.6898354911194534, "DJIA": 0.23444957248380888, "GBPUSD": 0.3487754947304693, "Gold": -0.1846761724789633}
