{"FTSE100": 0.03612862309658357, "DJIA": -0.04913866970017493, "GBPUSD": -0.06304673339113671, "Gold": 0.0}
