{"FTSE100": 0.2627854283475501, "DJIA": -0.8586024389241369, "GBPUSD": -0.1413982717989021, "Gold": -0.19633787186819365}
