{"FTSE100": 0.11077921531957247, "DJIA": 0.27819063659767435, "GBPUSD": 0.23971971233634337, "Gold": -0.6254631688157672}
