{"FTSE100": 0.2828570335931999, "DJIA": 0.22318788050779492, "GBPUSD": -0.2962475312705766, "Gold": 0.03526093088857775}
