{"FTSE100": 1.3514876174954868, "DJIA": 0.6203762202702477, "GBPUSD": -0.1745616123145267, "Gold": -0.052140361854111264}
