{"FTSE100": -0.368947358466611, "DJIA": -0.5761716627504442, "GBPUSD": 0.19595035924232182, "Gold": 0.0}
