{"FTSE100": 0.42294439398127454, "DJIA": 0.06644797576185728, "GBPUSD": -0.27477997690254896, "Gold": 0.6793893129771061}
