{"FTSE100": 0.5320646975133888, "DJIA": 0.6976952684690051, "GBPUSD": 0.24515618821669458, "Gold": 0.5741668105681308}
