{"FTSE100": -0.2021276998170353, "DJIA": -0.2550589971080233, "GBPUSD": -0.008302889405512203, "Gold": -0.32205240174671745}
