{"FTSE100": 0.10146130017916724, "DJIA": 0.0, "GBPUSD": 0.0365333874568753, "Gold": -0.682902153490392}
