{"FTSE100": -0.07318348144276056, "DJIA": 0.2615650260220642, "GBPUSD": 0.46732673267326863, "Gold": 1.5359379660005896}
