{"FTSE100": -0.6756471148821045, "DJIA": 0.0909617133879212, "GBPUSD": 0.1449436949492785, "Gold": 1.050232391848409}
