{"FTSE100": 0.22870614567790004, "DJIA": 0.335230512172378, "GBPUSD": -0.09228156952491613, "Gold": 0.0}
