{"FTSE100": 0.8845123704821132, "DJIA": 1.1411733828527122, "GBPUSD": -0.3350145418399906, "Gold": 0.0}
