{"FTSE100": -4.9021847354059105, "DJIA": -5.502574487747598, "GBPUSD": -0.6439100077579498, "Gold": 0.2689243027888567}
