{"FTSE100": -0.05031599493065589, "DJIA": 0.6388958385275406, "GBPUSD": 0.0687337711929052, "Gold": 0.0}
