{"FTSE100": 0.04694101079644552, "DJIA": 0.6589621149668392, "GBPUSD": -0.007370826269624013, "Gold": -0.3544041450777089}
