{"FTSE100": 0.23123050463965433, "DJIA": 0.17439229551133675, "GBPUSD": -0.13214146910220076, "Gold": -0.2489457907839298}
