{"FTSE100": -0.06986940172948226, "DJIA": 3.571726318202797, "GBPUSD": -1.2268057046465277, "Gold": -2.8573513848848733}
