{"FTSE100": 0.7314786712225438, "DJIA": -0.0606378799878433, "GBPUSD": 0.10989010989011522, "Gold": -0.00423764725823837}
