{"FTSE100": 0.41253146705679467, "DJIA": 0.2993449373863987, "GBPUSD": -0.2752005032237819, "Gold": -0.15662524798997599}
