{"FTSE100": 0.497350897237431, "DJIA": 0.40468767167978803, "GBPUSD": 0.0332532791428089, "Gold": -0.20644335892067656}
