{"FTSE100": -0.2207564981138328, "DJIA": -0.14190121399149883, "GBPUSD": 0.10073614877954892, "Gold": -0.0914913083257015}
