{"FTSE100": -0.15449811234847394, "DJIA": 0.08197335347193321, "GBPUSD": 0.3194633016532229, "Gold": -0.8321716723693774}
