{"FTSE100": 0.7518347382514449, "DJIA": -0.10589755711338716, "GBPUSD": -0.3256364712847809, "Gold": -0.2219628841445234}
