{"FTSE100": 0.4799710424710504, "DJIA": 0.8580352410226021, "GBPUSD": 0.9779951100244609, "Gold": 0.8108435193029129}
