{"FTSE100": 0.042058021952993366, "DJIA": 0.2890111448421349, "GBPUSD": -0.054949368082261, "Gold": -0.5145320539563301}
