{"FTSE100": 0.28200541528596335, "DJIA": -0.6125483595503677, "GBPUSD": 0.16592706926491194, "Gold": 0.01461934870800176}
