{"FTSE100": -0.14203842015458756, "DJIA": -1.0820706383085734, "GBPUSD": -0.6868182319021536, "Gold": 1.7894643438137774}
