{"FTSE100": 0.34235689652620077, "DJIA": -0.8126044851677371, "GBPUSD": -0.32942310782578904, "Gold": -0.41201716738197425}
