{"FTSE100": -0.27479803641560524, "DJIA": -0.2358130563592224, "GBPUSD": -0.7436602959767985, "Gold": -0.19827978885882186}
