{"FTSE100": 0.029615291067906776, "DJIA": 0.10405859142043052, "GBPUSD": 0.4134531287270488, "Gold": 0.9730207872622734}
