{"FTSE100": 1.7189870051637424, "DJIA": 1.5380639237936131, "GBPUSD": -0.903045726951802, "Gold": 0.15970042403216536}
