{"FTSE100": 0.853170946499983, "DJIA": 0.0, "GBPUSD": -0.3571034127305378, "Gold": -0.7984443593294352}
