{"FTSE100": 0.18396724757532604, "DJIA": -0.761685837208147, "GBPUSD": -0.024740227610091287, "Gold": 0.0}
