{"FTSE100": 0.011927209180458915, "DJIA": 1.0547228733598666, "GBPUSD": 0.015748031496061257, "Gold": -0.28127313101405466}
