{"FTSE100": -0.5319801386354914, "DJIA": -1.1746142281071725, "GBPUSD": -0.5480371323118195, "Gold": -0.9269652049386643}
