{"FTSE100": -0.6803792730383141, "DJIA": 0.41929983780426444, "GBPUSD": 0.20639834881320437, "Gold": 0.14745637748832638}
