{"FTSE100": 0.7420489757410074, "DJIA": 0.7838949668673242, "GBPUSD": 0.3653878093339943, "Gold": 0.45413260672116257}
