{"FTSE100": 0.5360184989714625, "DJIA": 0.7700973537339086, "GBPUSD": -0.4054908671552364, "Gold": -0.28964831506818917}
