{"FTSE100": 0.5163248959564463, "DJIA": 0.5634871532521518, "GBPUSD": -0.06332650400445486, "Gold": 0.0}
