{"FTSE100": 0.16984165000875118, "DJIA": 0.22550834913072343, "GBPUSD": 0.6178420735382749, "Gold": 1.5430546825895777}
