{"FTSE100": 0.42294439398127454, "DJIA": 0.27885925240549947, "GBPUSD": 0.24330900243310752, "Gold": -0.10718523906137051}
