{"FTSE100": 0.8879142523694372, "DJIA": 1.6383344263575952, "GBPUSD": -0.5049720323182062, "Gold": 0.2815126050420283}
