{"FTSE100": 0.16984165000875118, "DJIA": 0.3219571845942602, "GBPUSD": 0.13097331886391053, "Gold": -0.5698535104834491}
