{"FTSE100": 0.11168406936854054, "DJIA": 1.2139763189649497, "GBPUSD": -0.052125995978846, "Gold": 0.0}
