{"FTSE100": 0.1782269697940721, "DJIA": -0.4189773243668167, "GBPUSD": -0.3779046393824818, "Gold": 0.0}
