{"FTSE100": -0.3364308269868085, "DJIA": 1.4403263526156063, "GBPUSD": -0.12339966065091962, "Gold": 0.7924388129926871}
