{"FTSE100": -0.37155046455755464, "DJIA": -1.5270081147355825, "GBPUSD": -0.055131133338577845, "Gold": -0.19361899149759695}
