{"FTSE100": -0.022819142000253763, "DJIA": 0.8120616239471145, "GBPUSD": 0.08386703263189073, "Gold": 0.09448937939375614}
