{"FTSE100": 0.1484168216229201, "DJIA": 1.2633361362158366, "GBPUSD": -0.42800613744648797, "Gold": -0.530222693531283}
