{"FTSE100": 0.047710855134711225, "DJIA": -1.5357917969891828, "GBPUSD": -0.9637701113252721, "Gold": -1.8680986235062809}
