{"FTSE100": 3.044086318344477, "DJIA": -2.0407082762331417, "GBPUSD": 1.3616323982677374, "Gold": 3.0623261900867123}
