{"FTSE100": -0.18275529802823598, "DJIA": -0.2226392059964714, "GBPUSD": -0.37265068049255984, "Gold": -1.1101973684210595}
