{"FTSE100": 0.12214483438171606, "DJIA": -0.44076182779233686, "GBPUSD": -0.5293494882954973, "Gold": -1.697271197600413}
