{"FTSE100": 0.6540813811027487, "DJIA": 0.6914002799336821, "GBPUSD": -0.25253506352227945, "Gold": 0.3484987745098004}
