{"FTSE100": -0.14337508043208785, "DJIA": 0.5516625720786568, "GBPUSD": 0.09904761904762506, "Gold": -0.8373348148736024}
