{"FTSE100": 0.13182683711556314, "DJIA": -0.6795315137418846, "GBPUSD": 0.05073137735688965, "Gold": -0.13231159380341204}
