{"FTSE100": -0.5964769240671847, "DJIA": -0.02128859136879993, "GBPUSD": 0.1523540559622539, "Gold": 0.0681723872191648}
