{"FTSE100": 0.436761883552, "DJIA": -1.0210169772739706, "GBPUSD": 0.03359650596337611, "Gold": 0.11990407673859918}
