{"FTSE100": 0.747502273616627, "DJIA": 1.3015784248812858, "GBPUSD": 0.20324452163630538, "Gold": -0.31013283565704747}
