{"FTSE100": 0.1718976832758351, "DJIA": 0.1497584839214369, "GBPUSD": 0.1736111111111095, "Gold": 0.6990911814640967}
