{"FTSE100": 0.04993787888525364, "DJIA": 0.534221643848813, "GBPUSD": 0.06633499170813714, "Gold": 0.6125062642686118}
