{"FTSE100": -0.1918275025092517, "DJIA": -0.7670736591718823, "GBPUSD": -0.8475918884664078, "Gold": 0.07387343018960847}
