{"FTSE100": 0.32331177039971404, "DJIA": 0.127595015725482, "GBPUSD": 0.15116556607526555, "Gold": -0.07134848639281742}
