{"FTSE100": 0.24932533967003118, "DJIA": -0.6683535979045157, "GBPUSD": -0.08598452278590642, "Gold": 0.07195353857224089}
