{"FTSE100": -0.01665734029123987, "DJIA": -0.24781650419012533, "GBPUSD": -0.19711424741779915, "Gold": -0.23594180102241222}
