{"FTSE100": -0.3077349007581551, "DJIA": -0.3721919190021997, "GBPUSD": -0.28499050031665984, "Gold": -0.4495825305073927}
