{"FTSE100": -3.832077840963411, "DJIA": -1.6473127375184284, "GBPUSD": -0.9705543674946564, "Gold": 0.9757632987094815}
