{"FTSE100": 0.10937749492461217, "DJIA": 0.297456218640662, "GBPUSD": 0.586119083228908, "Gold": -0.18872456507566138}
