{"FTSE100": -0.6639208896139811, "DJIA": -0.9814742131348325, "GBPUSD": 0.014948800358769561, "Gold": 0.0}
