{"FTSE100": -0.16036763623362146, "DJIA": -0.5222118125101671, "GBPUSD": -0.13528748590755535, "Gold": 1.1732508932417753}
