{"FTSE100": 0.689151258836653, "DJIA": 1.6951873984299717, "GBPUSD": -0.40181369115640914, "Gold": -1.9502913545011404}
