{"FTSE100": 0.32100393738967986, "DJIA": -0.4678346927936726, "GBPUSD": -0.03401232001814455, "Gold": 3.08820331189611}
