{"FTSE100": 0.023022932795850666, "DJIA": -0.018303618037186237, "GBPUSD": 0.26654820079964814, "Gold": 0.15221963910107383}
