{"FTSE100": 0.0037524105887753985, "DJIA": -0.6459536137669861, "GBPUSD": -0.03146880654550829, "Gold": 0.19279870772758298}
