{"FTSE100": 0.18135356696248142, "DJIA": -0.4091173785115344, "GBPUSD": 0.07903353279893248, "Gold": -0.5136280133468233}
