{"FTSE100": 0.14388842680816014, "DJIA": 1.2370817306818847, "GBPUSD": -0.03642102707295046, "Gold": 0.16333938294010888}
