{"FTSE100": -0.15496418629654946, "DJIA": 0.02326781680191176, "GBPUSD": 0.01482469794679416, "Gold": 0.19919116315566815}
