{"FTSE100": -0.5828247248546314, "DJIA": 0.6217023551237342, "GBPUSD": -0.18472906403942269, "Gold": -0.6006628003314002}
