{"FTSE100": 0.33343708134295474, "DJIA": -0.16444698440439115, "GBPUSD": -0.3700962250185006, "Gold": 0.36962025316456615}
