{"FTSE100": 1.396435638215245, "DJIA": 1.200804218695769, "GBPUSD": -0.25252525252524277, "Gold": -0.27283751010508606}
