{"FTSE100": 0.6419007344073131, "DJIA": 0.25314441633029483, "GBPUSD": 0.2622950819672206, "Gold": 1.340015826958591}
