{"FTSE100": 0.14205440147521423, "DJIA": 1.0547228733598666, "GBPUSD": 0.16535433070866068, "Gold": -0.28127313101405466}
