{"FTSE100": 0.4035720735496216, "DJIA": 0.03298383868255811, "GBPUSD": 0.3676758194477156, "Gold": 0.7160713529087789}
