{"FTSE100": 0.0, "DJIA": 0.09292343123922793, "GBPUSD": 0.019017914875802473, "Gold": 0.47513589691967717}
