{"FTSE100": -0.3288235698097603, "DJIA": -0.11134281737126027, "GBPUSD": 0.6436420722134996, "Gold": 1.037355267983442}
