{"FTSE100": -0.4615085266633511, "DJIA": 0.16953487781378876, "GBPUSD": 0.037372000896923906, "Gold": -2.5633802816901365}
