{"FTSE100": 0.7966326247385376, "DJIA": 0.49099745223167707, "GBPUSD": -0.43733413075168476, "Gold": 0.8925432600289014}
