{"FTSE100": 1.6113610939718237, "DJIA": 0.1095941606459989, "GBPUSD": -0.05309063329540561, "Gold": 0.0}
