{"FTSE100": 0.004719421158370062, "DJIA": 0.3417798135287222, "GBPUSD": -0.14012832804779207, "Gold": -0.7315668202764872}
