{"FTSE100": -0.6399459434361959, "DJIA": 0.9900529185224659, "GBPUSD": -0.03703429375601399, "Gold": -0.7183972156530235}
