{"FTSE100": 0.68780946838933, "DJIA": 0.2333292902240386, "GBPUSD": 0.05533596837944054, "Gold": 0.0}
