{"FTSE100": 0.008783314324668957, "DJIA": 0.03104622192506316, "GBPUSD": -0.12073406310365703, "Gold": -0.3307046553039939}
