{"FTSE100": 0.018088383223874682, "DJIA": 1.1832258371956732, "GBPUSD": 0.23698554388183218, "Gold": 0.3317324355102265}
