{"FTSE100": -0.8116900403582253, "DJIA": -0.7620225882579632, "GBPUSD": 0.09956853634252322, "Gold": 0.15388843088761647}
