{"FTSE100": 0.6730643397162146, "DJIA": 0.40166954131721544, "GBPUSD": 0.073130364497133, "Gold": 0.34405385190726523}
