{"FTSE100": 0.3582632944730669, "DJIA": 0.993441695519574, "GBPUSD": 0.01591469722288358, "Gold": 0.9018648731274804}
