{"FTSE100": -0.7887010986533813, "DJIA": 0.33350699889492147, "GBPUSD": -0.2456223754060598, "Gold": -0.2783792143519997}
