{"FTSE100": -0.862577192635021, "DJIA": -0.15233953584817567, "GBPUSD": 0.014903129657226375, "Gold": -0.018130722509289245}
