{"FTSE100": 0.4927995612390139, "DJIA": -0.48245583865285674, "GBPUSD": 0.2603961177305972, "Gold": 0.6088123000722296}
