{"FTSE100": 0.29767538493502704, "DJIA": -0.29863222776636406, "GBPUSD": -0.3862793572311413, "Gold": -0.13890266891557604}
