{"FTSE100": -0.4431959375506503, "DJIA": 0.324012006674884, "GBPUSD": 0.011113169105396888, "Gold": 0.16147500073397725}
