{"FTSE100": -0.25883054542610856, "DJIA": 0.5270381416418123, "GBPUSD": 0.023137436372064554, "Gold": 0.6644929629782454}
