{"FTSE100": 0.1136540229309846, "DJIA": 0.3459584676963842, "GBPUSD": 0.5439261579034069, "Gold": -0.38455375741067377}
