{"FTSE100": 0.8305299215371881, "DJIA": -0.09087056634996377, "GBPUSD": -0.03907471084713542, "Gold": 0.5795095792068542}
