{"FTSE100": 0.2907969235839536, "DJIA": -0.015330628021655988, "GBPUSD": 0.32089552238805746, "Gold": 1.2049149939092207}
