{"FTSE100": 0.3133309349481596, "DJIA": 0.663916265407546, "GBPUSD": -0.10404280618312037, "Gold": 1.9145188206934787}
