{"FTSE100": -0.04492528409719528, "DJIA": -0.14992069262634208, "GBPUSD": -0.11039268254217362, "Gold": -0.19301707128763831}
