{"FTSE100": 0.5334332175193441, "DJIA": 0.3214166545651917, "GBPUSD": 0.21760154738877535, "Gold": 0.17889087656529518}
