{"FTSE100": 0.22073358097428805, "DJIA": -0.21207662095522664, "GBPUSD": 0.18849430747191032, "Gold": -0.2168856478280031}
