{"FTSE100": 0.38661458414065614, "DJIA": 0.3023118509650154, "GBPUSD": 0.41999838462160516, "Gold": 0.6435071137700444}
