{"FTSE100": 0.586571281619679, "DJIA": 2.6007178774565975, "GBPUSD": -0.9395670475045066, "Gold": -3.013131858247886}
