{"FTSE100": 0.1420084872352876, "DJIA": -0.20583182580650172, "GBPUSD": -0.1751871317088692, "Gold": 0.492273447198322}
