{"FTSE100": -0.03193334639697429, "DJIA": -0.39152212473909603, "GBPUSD": -0.1463799121720449, "Gold": 0.1426296146623244}
