{"FTSE100": -0.4375192203616977, "DJIA": 0.44504756039466364, "GBPUSD": 0.9999180395049577, "Gold": 0.17123287671232187}
