{"FTSE100": 0.5628287274912435, "DJIA": 0.4120198409917458, "GBPUSD": 0.19625480415405655, "Gold": 0.0}
