{"FTSE100": 0.6845226633804379, "DJIA": 0.45959573423764094, "GBPUSD": -0.17282010997643202, "Gold": 1.149546509175277}
