{"FTSE100": 0.09444788971338602, "DJIA": 0.28441796402708264, "GBPUSD": -0.42037126594992247, "Gold": -0.7590759075907509}
