{"FTSE100": 0.6113375535762694, "DJIA": -0.025023416089454572, "GBPUSD": -0.23411769374229485, "Gold": -1.3283851276359662}
