{"FTSE100": -0.19008023074325084, "DJIA": 0.7727769393462457, "GBPUSD": 0.16313213703100363, "Gold": 0.495574011415291}
