{"FTSE100": -0.5479745023139304, "DJIA": -0.08777871937870725, "GBPUSD": 0.2203509876445985, "Gold": -0.9414873848949159}
