{"FTSE100": -0.8615028991371605, "DJIA": -1.0586608038636016, "GBPUSD": -0.06295742504132634, "Gold": -0.35024773620366784}
