{"FTSE100": 0.5352314214422269, "DJIA": 0.3210630280199732, "GBPUSD": 0.0, "Gold": 0.1954618849324343}
