{"FTSE100": 0.14008330782147413, "DJIA": -0.583162993264426, "GBPUSD": -0.8485863236805049, "Gold": -0.1299902507311906}
