{"FTSE100": -0.03763111629100893, "DJIA": 0.483009517089941, "GBPUSD": 0.5298902903201644, "Gold": 1.9486448566910897}
