{"FTSE100": 0.2805292323412319, "DJIA": -0.2978572073573484, "GBPUSD": -0.024111879119110027, "Gold": -0.2855284082694843}
