{"FTSE100": -0.895183199164811, "DJIA": -1.197099874144723, "GBPUSD": 0.2624089884318248, "Gold": -0.2139301435800499}
