{"FTSE100": 0.30794938287082924, "DJIA": 0.3058802269914348, "GBPUSD": -0.35364089374698277, "Gold": -0.2855284082694843}
