{"FTSE100": -0.3733834952143292, "DJIA": -0.5355589637356623, "GBPUSD": -0.38293216630196186, "Gold": 0.0}
