{"FTSE100": -0.03077894301180947, "DJIA": 0.5147807248757074, "GBPUSD": 0.03937627972908686, "Gold": 0.0}
