{"FTSE100": 0.5478011552793167, "DJIA": 0.5823202104488486, "GBPUSD": 0.3167490729295421, "Gold": 0.14808292643879842}
