{"FTSE100": 1.2572250687801294, "DJIA": -0.006318004675324216, "GBPUSD": -0.32669322709163284, "Gold": 1.8048241888907761}
