{"FTSE100": 0.06081228818191922, "DJIA": -0.726148176405021, "GBPUSD": 0.3695822600515183, "Gold": 0.9602780233515227}
