{"FTSE100": -1.2236021557649626, "DJIA": -0.543312247294319, "GBPUSD": -1.006255099265707, "Gold": -0.5438112745098144}
