{"FTSE100": 0.14545177813264912, "DJIA": -0.6794648790746848, "GBPUSD": -0.3582517315500317, "Gold": -2.255478809584723}
