{"FTSE100": 0.07668352607555592, "DJIA": -0.3256629419526956, "GBPUSD": -0.49023547376034676, "Gold": -0.9065550906555113}
