{"FTSE100": 0.15614991818173565, "DJIA": 0.3210630280199732, "GBPUSD": 0.03177629488401302, "Gold": 0.44300562276367744}
