{"FTSE100": 0.5582854101757184, "DJIA": 0.35523180132981225, "GBPUSD": 0.3876908165737935, "Gold": 0.7239455029912957}
