{"FTSE100": 0.7026427960396608, "DJIA": -0.31033208775128, "GBPUSD": 0.13343799058085046, "Gold": 0.12134344528711515}
