{"FTSE100": 0.3492277400088661, "DJIA": 1.2617376505069284, "GBPUSD": 0.08606525311009318, "Gold": 0.1838798651547609}
