{"FTSE100": 0.26447573309573286, "DJIA": -0.07631359503334861, "GBPUSD": 0.12589794860401649, "Gold": 0.15907794819460716}
