{"FTSE100": -0.25526663002164257, "DJIA": -0.05338367227112925, "GBPUSD": 0.12733128604599167, "Gold": 0.7051328810756924}
