{"FTSE100": 0.5294262352003659, "DJIA": -0.19923501477549774, "GBPUSD": 0.15057333693680694, "Gold": 0.7380960554773593}
