{"FTSE100": 0.4799710424710504, "DJIA": 0.13972043284432922, "GBPUSD": -0.18169429934135498, "Gold": 0.3470560076591598}
