{"FTSE100": -1.8392304660673835, "DJIA": -3.9772108299001627, "GBPUSD": -0.9274455173466573, "Gold": -0.29706167258636806}
