{"FTSE100": 1.6501139183231663, "DJIA": 0.5898960655036961, "GBPUSD": 0.08989865969271828, "Gold": 0.32981886996486276}
