{"FTSE100": 0.3267876060114686, "DJIA": 0.8054507853900521, "GBPUSD": 0.20006402048655142, "Gold": 0.7002074688796799}
