{"FTSE100": 0.11077921531957247, "DJIA": -0.254550442705645, "GBPUSD": 0.084823898211321, "Gold": 0.04476676515355}
