{"FTSE100": 0.8215178944932564, "DJIA": 0.7838949668673242, "GBPUSD": 0.3570835409400407, "Gold": 0.45413260672116257}
