{"FTSE100": -0.5150382323999602, "DJIA": 0.5292316735653623, "GBPUSD": -0.09723988331212932, "Gold": -0.7269742627660118}
