{"FTSE100": -0.05090075483933871, "DJIA": 0.5758306421718188, "GBPUSD": -0.14513788098692987, "Gold": 0.0}
