{"FTSE100": 0.3131765446033916, "DJIA": -0.7519028174464846, "GBPUSD": -1.1299435028248597, "Gold": -0.8355555555555556}
