{"FTSE100": -0.24838621516968692, "DJIA": -0.5087982449764399, "GBPUSD": -0.07322619185262315, "Gold": 0.274233061537899}
