{"FTSE100": 0.06749726942864336, "DJIA": 0.7945404097604193, "GBPUSD": 0.08746123876918986, "Gold": 0.23023389670869465}
