{"FTSE100": 0.1314368688703747, "DJIA": 0.32945334552794114, "GBPUSD": -0.36806805169312695, "Gold": -0.3127606338615513}
