{"FTSE100": -0.5659371037250291, "DJIA": -0.47625111228194983, "GBPUSD": 0.07810059356451983, "Gold": 0.2165421195652135}
