{"FTSE100": -0.0075133967684771685, "DJIA": -0.682834275202848, "GBPUSD": -0.1443811662789784, "Gold": 0.5032965926820675}
