{"FTSE100": -0.1005927008778359, "DJIA": -0.4382588895956184, "GBPUSD": 0.06476437197609353, "Gold": -0.04139851718039832}
