{"FTSE100": -0.8230953693532754, "DJIA": -0.8367720635315004, "GBPUSD": -0.19615535504118845, "Gold": 0.40337561700546193}
