{"FTSE100": 0.017264577234879012, "DJIA": -1.3481846005376474, "GBPUSD": 0.029987255416444706, "Gold": -1.0006686495584731}
