{"FTSE100": 0.13182683711556314, "DJIA": -0.5480200849391494, "GBPUSD": 0.033820918237926434, "Gold": -0.13231159380341204}
