{"FTSE100": -0.46392844390919846, "DJIA": -0.6053642616180105, "GBPUSD": 0.24050782636123463, "Gold": -0.4752206381534249}
