{"FTSE100": 0.09289391301037522, "DJIA": 0.06410032573939124, "GBPUSD": -0.18736416098328312, "Gold": -1.7947178871548537}
