{"FTSE100": 0.029615291067906776, "DJIA": 0.10704555295040391, "GBPUSD": 0.4293551721396256, "Gold": 0.9730207872622734}
