{"FTSE100": 1.5199090532680513, "DJIA": -0.6243731483607998, "GBPUSD": -0.7188885164077876, "Gold": 0.4762457892902776}
