{"FTSE100": -1.0143036312711065, "DJIA": -0.1716431069402792, "GBPUSD": -0.09663391850538475, "Gold": 1.05606856793021}
