{"FTSE100": 0.06443879511998317, "DJIA": -0.19851353923847012, "GBPUSD": -0.14654045704779653, "Gold": 1.5085310029130252}
