{"FTSE100": 1.7465480789715262, "DJIA": -0.105775577303869, "GBPUSD": 0.11821262510834854, "Gold": 0.1925411242727539}
