{"FTSE100": 0.5423412104789638, "DJIA": 0.3612942024034004, "GBPUSD": -0.07970667941974428, "Gold": 0.0}
