{"FTSE100": -0.32056748076653796, "DJIA": -0.13413800719488517, "GBPUSD": 0.23057412958266957, "Gold": -0.003716090672609032}
