{"FTSE100": -0.16508301916687335, "DJIA": -0.27556613968992016, "GBPUSD": -0.2770973053290995, "Gold": -0.5998800239952009}
