{"FTSE100": -0.24838621516968692, "DJIA": -0.5905221931375558, "GBPUSD": -0.042394111072574896, "Gold": 0.274233061537899}
