{"FTSE100": -1.0234037596763643, "DJIA": -2.5846549704372133, "GBPUSD": 0.2584801367956573, "Gold": -1.4830267399962036}
