{"FTSE100": -0.4661016391240928, "DJIA": -0.31301195247437186, "GBPUSD": -0.785854616895875, "Gold": -0.3859871989055486}
