{"FTSE100": 1.1268409017417856e-14, "DJIA": -0.47165272273494824, "GBPUSD": 0.15790304752881745, "Gold": 0.3115022194533136}
