{"FTSE100": -0.3065101612415323, "DJIA": -0.9927453141093638, "GBPUSD": -0.237224076233347, "Gold": 0.4341736694677903}
