{"FTSE100": 0.2501645176610862, "DJIA": 0.3006370750608393, "GBPUSD": -0.12591094662138422, "Gold": -0.03059273422561098}
