{"FTSE100": 0.30084524995826817, "DJIA": 0.3293076217979727, "GBPUSD": 0.09989178390078164, "Gold": 0.0}
