{"FTSE100": -1.2393003302175174, "DJIA": -1.0782721567498783, "GBPUSD": -0.24007682458385815, "Gold": 1.6386003831803972}
