{"FTSE100": -0.8615028991371605, "DJIA": -0.9707136102721947, "GBPUSD": -0.3683385579937246, "Gold": 0.1910665760869565}
