{"FTSE100": -0.5205863877369801, "DJIA": -0.038200877995528945, "GBPUSD": 0.4027049616290618, "Gold": 0.41726787037397406}
