{"FTSE100": -0.2260717475439027, "DJIA": -0.03452243958573155, "GBPUSD": -0.007877737513785173, "Gold": -0.07841497203199331}
