{"FTSE100": 0.13182683711556314, "DJIA": -0.17670802027971874, "GBPUSD": 0.02533355852051739, "Gold": 0.0}
