{"FTSE100": 0.3328494325773567, "DJIA": -0.004343930714308754, "GBPUSD": 0.17599700430631524, "Gold": 0.1666944490748458}
