{"FTSE100": -4.953072306643027, "DJIA": -5.502574487747598, "GBPUSD": -0.06982156710629348, "Gold": -1.1288180610889775}
