{"FTSE100": 0.21450757207946514, "DJIA": 0.12120043233245743, "GBPUSD": -0.08318775476250825, "Gold": -0.37880837707668163}
