{"FTSE100": 0.2601494524273627, "DJIA": -0.6080214447008778, "GBPUSD": 0.23196089802004088, "Gold": 0.058591669329919514}
