{"FTSE100": 0.0635370466291905, "DJIA": -0.06674616616787857, "GBPUSD": 0.123813454395389, "Gold": -0.18281969704164058}
