{"FTSE100": 1.0259769748947516, "DJIA": 0.007675601026439038, "GBPUSD": -0.3222428099573031, "Gold": -1.1034345643421664}
