{"FTSE100": 0.323478731605702, "DJIA": -2.4827916038508784, "GBPUSD": -0.04858904877593268, "Gold": 1.5559861429158592}
