{"FTSE100": -0.8661054288988841, "DJIA": -0.6633017805733565, "GBPUSD": -1.1997489755989426, "Gold": 0.0112695103397783}
