{"FTSE100": -1.1439046433088464, "DJIA": 0.43889378071186647, "GBPUSD": -0.5368433610370869, "Gold": -1.6878437322207471}
