{"FTSE100": 0.31063117289960285, "DJIA": -0.006318004675324216, "GBPUSD": -0.2709163346613601, "Gold": 1.7283845761848062}
