{"FTSE100": -0.40903784080763333, "DJIA": -1.068517153202919, "GBPUSD": -0.015698587127156827, "Gold": 0.24624089694556742}
