{"FTSE100": 0.5568913524522681, "DJIA": 1.237817360522537, "GBPUSD": -0.3764215921832571, "Gold": 0.0}
