{"FTSE100": 0.026872013637544306, "DJIA": 0.0, "GBPUSD": 0.3621191844446319, "Gold": -0.033913633280582216}
