{"FTSE100": 0.1882890887478197, "DJIA": 1.0547228733598666, "GBPUSD": -0.09448818897636754, "Gold": -0.28127313101405466}
