{"FTSE100": -0.0858388280699507, "DJIA": -0.2741482035236602, "GBPUSD": -0.20886889460155506, "Gold": 0.30731407498463426}
