{"FTSE100": 0.12877979020690067, "DJIA": 0.0, "GBPUSD": 0.41831280501974194, "Gold": -0.9813664596273216}
