{"FTSE100": 1.0600029225735523, "DJIA": -0.15654777689155996, "GBPUSD": -0.04488330341112612, "Gold": 0.09984442844870045}
