{"FTSE100": 0.5385704132522795, "DJIA": 1.5083119312081201, "GBPUSD": 0.05105046141763514, "Gold": -0.7170600537795118}
