{"FTSE100": -0.5371901767036885, "DJIA": -0.03721891122023979, "GBPUSD": 0.10432190760060117, "Gold": -0.43815912730788986}
