{"FTSE100": 1.6580210142011955, "DJIA": 1.0599285535638696, "GBPUSD": -0.5907626208378118, "Gold": -0.010115314586285933}
