{"FTSE100": -0.15797402385896253, "DJIA": -0.2386402058404856, "GBPUSD": 0.45510964004965665, "Gold": 1.83311690272702}
