{"FTSE100": 0.6347814322505118, "DJIA": 0.5515321384034098, "GBPUSD": -0.04161464835620841, "Gold": 0.05425515423965629}
