{"FTSE100": 0.4956021814729822, "DJIA": -0.28651098025517535, "GBPUSD": 0.4566210045662113, "Gold": -0.007368110816379977}
