{"FTSE100": 0.4322724669839979, "DJIA": -0.08302624814887702, "GBPUSD": -0.2000148159122842, "Gold": 0.035756853396909205}
