{"FTSE100": -0.14672226839450078, "DJIA": -0.3628891306567838, "GBPUSD": -0.31345565749235416, "Gold": 0.027862914460845364}
