{"FTSE100": 0.06375505693519547, "DJIA": 0.0, "GBPUSD": 0.41207702670576857, "Gold": -0.06875552499753775}
