{"FTSE100": -0.5578711753498377, "DJIA": 0.2719461458807685, "GBPUSD": 0.23721040562978504, "Gold": -0.07733287506443234}
