{"FTSE100": 0.028603494680781345, "DJIA": 0.6028189107077279, "GBPUSD": -0.23844319667716948, "Gold": -0.11531745247273564}
