{"FTSE100": 0.46689061541358995, "DJIA": 0.0, "GBPUSD": 0.11783189316573721, "Gold": 0.4524307482180165}
