{"FTSE100": -0.7798113200180646, "DJIA": -0.15227960089318862, "GBPUSD": -0.2287955548292134, "Gold": 0.0}
