{"FTSE100": 0.6734922140581856, "DJIA": 1.229352249857853, "GBPUSD": -0.07015989069827602, "Gold": 0.5634564673533322}
