{"FTSE100": 0.05517038231746642, "DJIA": -0.10596595932206847, "GBPUSD": -0.003818688662304462, "Gold": -1.5782778086984104}
