{"FTSE100": 0.42211250437397235, "DJIA": 0.4938730461348482, "GBPUSD": 0.13579476639631, "Gold": 2.008652029977448}
