{"FTSE100": 0.000491582268135559, "DJIA": 0.06644797576185729, "GBPUSD": 0.09978844848920077, "Gold": -0.03789601333939669}
