{"FTSE100": 0.021430900166215083, "DJIA": 0.08377085725195982, "GBPUSD": -0.0073849789528091705, "Gold": 0.5488637037916098}
