{"FTSE100": 0.9372493524672799, "DJIA": 0.8119888224640356, "GBPUSD": -0.42507970244419524, "Gold": 0.688263047813614}
