{"FTSE100": 1.4495337052545119, "DJIA": 0.310698710591723, "GBPUSD": 0.38665655799849163, "Gold": 0.36507738392410816}
