{"FTSE100": 0.0778308859117035, "DJIA": -0.5139200357818361, "GBPUSD": 0.1807278403023067, "Gold": 0.43866688065050113}
