{"FTSE100": 0.8939828970430925, "DJIA": 0.6386246022945836, "GBPUSD": -0.06557377049179605, "Gold": 0.14771828013717658}
