{"FTSE100": -0.5792579769944233, "DJIA": -0.3401645590043481, "GBPUSD": 0.5157962604771084, "Gold": 0.085255767301908}
