{"FTSE100": 0.8233630090151056, "DJIA": 0.11332995823084009, "GBPUSD": 0.28283836619248376, "Gold": 0.0}
