{"FTSE100": -1.2393003302175174, "DJIA": -1.0511369476413601, "GBPUSD": -0.1600512163892447, "Gold": 1.6386003831803972}
