{"FTSE100": 0.07502633135668141, "DJIA": -0.8194812343855135, "GBPUSD": -0.3357628367865033, "Gold": -0.6000208702911405}
