{"FTSE100": -0.8558011175897265, "DJIA": -1.6342130446203906, "GBPUSD": -0.8369220768668039, "Gold": 1.2445040614054732}
