{"FTSE100": 0.1983378636735995, "DJIA": 0.14308455936887354, "GBPUSD": 0.029601124842757197, "Gold": 1.0211992407838055}
