{"FTSE100": 0.28397894651545813, "DJIA": 0.12941582381601738, "GBPUSD": 0.1489144917313279, "Gold": 0.041116730397598784}
