{"FTSE100": 0.3489694394474841, "DJIA": 0.22100150562554405, "GBPUSD": -0.7574001082000178, "Gold": 0.0}
