{"FTSE100": 0.6043094487217797, "DJIA": -0.5111785743916419, "GBPUSD": -0.014973422175636592, "Gold": 0.0}
