{"FTSE100": 0.3637462420538052, "DJIA": -0.42086777752016297, "GBPUSD": -0.15306533472971987, "Gold": 0.03496154230346846}
