{"FTSE100": -0.02874177447850224, "DJIA": 0.8120616239471143, "GBPUSD": -0.19823116803903137, "Gold": 0.12850555597551178}
