{"FTSE100": -0.0036529891064117515, "DJIA": -1.3355971700710638, "GBPUSD": -0.15781553932542108, "Gold": 0.9058228567946757}
