{"FTSE100": -0.0637028437718782, "DJIA": -0.042186130163856805, "GBPUSD": 0.28844020412691473, "Gold": 0.14446083004784444}
