{"FTSE100": 0.16109445091575286, "DJIA": 0.3491989372206274, "GBPUSD": -0.11026226667717318, "Gold": 0.36426285995570223}
