{"FTSE100": -0.2945993751583535, "DJIA": 0.8552295089589758, "GBPUSD": -0.21304490331040293, "Gold": -1.052242938896068}
