{"FTSE100": -0.07023076153864732, "DJIA": -2.079379052991333, "GBPUSD": 0.3377722560857302, "Gold": 0.5430646835005283}
