{"FTSE100": -1.5491451967972818, "DJIA": -0.6283636398607898, "GBPUSD": 0.0, "Gold": 0.3766117707136435}
