{"FTSE100": 0.20163176642715686, "DJIA": 0.79034114525535, "GBPUSD": -0.7266492488569668, "Gold": -0.15179881596923542}
