{"FTSE100": 0.12657895703558916, "DJIA": 1.2022138359941146, "GBPUSD": 0.1835844871108529, "Gold": 0.208501974636348}
