{"FTSE100": 0.6128727378830505, "DJIA": -0.10939794180040574, "GBPUSD": -0.3081542351453867, "Gold": 0.0}
